tenure,preferred_login_device,city_tier,warehouse_to_home,preferred_payment_mode,gender,hour_spend_on_app,number_of_device_registered,preferred_order_cat,satisfaction_score,marital_status,number_of_address,complain,order_amount_hike_from_last_year,coupon_used,order_count,day_since_last_order,cashback_amount,cashback_per_order,app_engagement,complaint_friction,recency_ratio,coupon_intensity,churn
9.0,Computer,3,16.0,Credit Card,Male,2.0,3,Fashion,1,Single,2,0,14.0,8.0,9.0,7.0,199.8,19.98,6.0,0.0,0.7,0.8,0
6.0,Computer,3,13.0,Debit Card,Female,1.0,3,Laptop & Accessory,4,Married,1,0,17.0,0.0,1.0,2.0,143.02,71.51,3.0,0.0,0.2857,0.0,0
8.0,Mobile Phone,1,15.0,Debit Card,Male,3.0,4,Laptop & Accessory,4,Single,10,0,19.0,0.0,1.0,0.0,165.4,82.7,12.0,0.0,0.0,0.0,0
15.0,Mobile Phone,3,11.0,Debit Card,Male,3.0,3,Fashion,4,Single,10,1,19.0,7.0,7.0,7.0,184.46,23.0575,9.0,2.0,0.4375,0.875,1
12.0,Computer,1,13.0,Debit Card,Male,4.0,5,Laptop & Accessory,3,Married,4,0,12.0,3.0,8.0,8.0,178.21,19.8011,20.0,0.0,0.6154,0.3333,0
24.0,Mobile Phone,1,9.0,Cash on Delivery,Female,2.0,3,Fashion,3,Married,3,0,11.0,2.0,2.0,3.0,231.16000000000005,77.0533,6.0,0.0,0.12,0.6667,0
1.0,Mobile Phone,1,23.0,Credit Card,Male,3.0,3,Laptop & Accessory,5,Married,2,0,12.0,0.0,1.0,8.0,145.58,72.79,9.0,0.0,4.0,0.0,0
9.0,Mobile Phone,3,7.0,Credit Card,Female,4.0,4,Laptop & Accessory,3,Single,3,0,17.0,1.0,2.0,4.0,173.59,57.8633,16.0,0.0,0.4,0.3333,0
15.0,Computer,2,8.0,Credit Card,Male,3.0,1,Laptop & Accessory,5,Divorced,8,0,16.0,0.0,1.0,3.0,162.72,81.36,3.0,0.0,0.1875,0.0,0
11.0,Mobile Phone,1,8.0,Debit Card,Male,2.0,3,Mobile Phone,1,Single,6,1,11.0,0.0,1.0,2.0,139.44,69.72,6.0,5.0,0.1667,0.0,0
25.0,Mobile Phone,3,21.0,Debit Card,Female,3.0,4,Laptop & Accessory,2,Divorced,6,0,12.0,1.0,2.0,8.0,174.36,58.12,12.0,0.0,0.3077,0.3333,0
1.0,Computer,1,17.0,Debit Card,Female,3.0,5,Mobile Phone,3,Single,3,0,21.0,2.0,3.0,3.0,151.25,37.8125,15.0,0.0,1.5,0.5,1
28.0,Mobile Phone,1,12.0,Credit Card,Male,3.0,4,Others,5,Divorced,6,0,15.0,2.0,2.0,3.0,319.06,106.3533,12.0,0.0,0.1034,0.6667,0
9.0,Computer,3,6.0,Debit Card,Male,4.0,4,Fashion,5,Married,3,0,23.0,1.0,2.0,3.0,215.69,71.8967,16.0,0.0,0.3,0.3333,0
2.0,Mobile Phone,3,9.0,Credit Card,Female,3.0,3,Laptop & Accessory,3,Married,2,0,14.0,0.0,1.0,2.0,155.61,77.805,9.0,0.0,0.6667,0.0,0
2.0,Mobile Phone,1,34.0,Credit Card,Female,3.0,4,Mobile Phone,5,Single,2,0,14.0,0.0,1.0,4.0,137.85,68.925,12.0,0.0,1.3333,0.0,0
20.0,Mobile Phone,1,29.0,Credit Card,Female,3.0,3,Fashion,1,Married,2,0,12.0,7.0,15.0,6.0,203.12,12.695,9.0,0.0,0.2857,0.4375,1
13.0,Mobile Phone,3,10.0,E wallet,Male,3.0,4,Fashion,1,Married,8,0,11.0,1.0,2.0,11.0,208.55,69.5167,12.0,0.0,0.7857,0.3333,0
19.0,Mobile Phone,2,11.0,Debit Card,Female,3.0,6,Fashion,3,Married,6,0,22.0,2.0,2.0,3.0,222.56,74.1867,18.0,0.0,0.15,0.6667,0
1.0,Mobile Phone,3,10.0,UPI,Male,4.0,4,Laptop & Accessory,5,Divorced,3,1,19.0,2.0,2.0,4.0,166.94,55.6467,16.0,1.0,2.0,0.6667,0
8.0,Mobile Phone,1,10.0,Debit Card,Female,4.0,4,Laptop & Accessory,4,Married,3,0,13.0,8.0,8.0,10.0,179.33,19.9256,16.0,0.0,1.1111,0.8889,0
23.0,Mobile Phone,3,14.0,E wallet,Male,2.0,3,Mobile Phone,4,Married,8,0,15.0,0.0,2.0,2.0,138.75,46.25,6.0,0.0,0.0833,0.0,0
1.0,Computer,3,36.0,Credit Card,Male,4.0,6,Laptop & Accessory,5,Single,10,0,19.0,2.0,3.0,3.0,174.69,43.6725,24.0,0.0,1.5,0.5,1
7.0,Mobile Phone,3,7.0,Credit Card,Male,3.0,2,Laptop & Accessory,5,Married,3,0,23.0,1.0,2.0,9.0,165.37,55.1233,6.0,0.0,1.125,0.3333,0
1.0,Mobile Phone,3,16.0,Credit Card,Male,3.0,3,Mobile Phone,4,Married,2,0,22.0,0.0,1.0,0.0,110.52,55.26,9.0,0.0,0.0,0.0,0
23.0,Mobile Phone,1,23.0,Debit Card,Female,2.0,4,Fashion,5,Married,6,0,15.0,1.0,2.0,11.0,232.69,77.5633,8.0,0.0,0.4583,0.3333,0
8.0,Mobile Phone,1,7.0,Debit Card,Female,3.0,5,Mobile Phone,4,Divorced,7,0,18.0,2.0,2.0,3.0,157.94,52.6467,15.0,0.0,0.3333,0.6667,0
1.0,Mobile Phone,2,14.0,Credit Card,Male,3.0,4,Mobile Phone,1,Married,2,0,13.0,1.0,1.0,4.0,149.36,74.68,12.0,0.0,2.0,0.5,0
2.0,Mobile Phone,3,33.0,Debit Card,Male,3.0,5,Laptop & Accessory,5,Divorced,3,0,12.0,2.0,2.0,5.0,172.24,57.4133,15.0,0.0,1.6667,0.6667,0
7.0,Mobile Phone,3,14.0,Cash on Delivery,Female,2.0,3,Mobile Phone,3,Married,2,1,18.0,1.0,1.0,6.0,125.79,62.895,6.0,3.0,0.75,0.5,0
7.0,Mobile Phone,2,9.0,UPI,Male,2.0,3,Mobile Phone,2,Divorced,1,0,19.0,1.0,1.0,2.0,137.37,68.685,6.0,0.0,0.25,0.5,0
0.0,Computer,1,6.0,Debit Card,Female,3.0,5,Mobile Phone,2,Married,4,0,14.0,2.0,2.0,0.0,143.64,47.88,15.0,0.0,0.0,0.6667,0
1.0,Mobile Phone,3,22.0,Credit Card,Male,3.0,6,Laptop & Accessory,1,Married,8,1,15.0,1.0,3.0,3.0,179.4,44.85,18.0,5.0,1.5,0.25,1
8.0,Mobile Phone,3,8.0,E wallet,Female,3.0,5,Others,4,Single,3,1,16.0,1.0,1.0,11.0,288.24,144.12,15.0,2.0,1.2222,0.5,1
18.0,Mobile Phone,1,35.0,Cash on Delivery,Male,2.0,3,Fashion,1,Divorced,5,1,18.0,1.0,1.0,2.0,193.8,96.9,6.0,5.0,0.1053,0.5,0
0.0,Mobile Phone,3,11.0,UPI,Female,3.0,4,Mobile Phone,3,Single,1,0,18.0,0.0,1.0,0.0,129.66,64.83,12.0,0.0,0.0,0.0,0
20.0,Mobile Phone,1,25.0,Credit Card,Female,3.0,4,Laptop & Accessory,3,Married,4,0,15.0,2.0,2.0,9.0,173.1,57.7,12.0,0.0,0.4286,0.6667,0
24.0,Mobile Phone,1,35.0,Credit Card,Male,4.0,3,Mobile Phone,3,Divorced,3,1,12.0,4.0,4.0,9.0,157.21,31.442,12.0,3.0,0.36,0.8,0
2.0,Mobile Phone,3,26.0,E wallet,Male,2.0,3,Laptop & Accessory,2,Married,3,0,14.0,1.0,1.0,2.0,169.31,84.655,6.0,0.0,0.6667,0.5,0
1.0,Mobile Phone,1,31.0,Credit Card,Male,3.0,4,Mobile Phone,4,Married,3,1,18.0,1.0,2.0,1.0,149.08,49.6933,12.0,2.0,0.5,0.3333,1
7.0,Mobile Phone,1,35.0,Credit Card,Male,2.0,3,Laptop & Accessory,3,Married,5,0,13.0,5.0,7.0,7.0,154.29,19.2862,6.0,0.0,0.875,0.625,0
9.0,Mobile Phone,2,30.0,Credit Card,Male,2.0,3,Mobile Phone,4,Single,2,0,16.0,0.0,1.0,4.0,121.77,60.885,6.0,0.0,0.4,0.0,0
6.0,Computer,1,6.0,UPI,Female,2.0,1,Laptop & Accessory,4,Married,2,1,13.0,1.0,1.0,2.0,154.88,77.44,2.0,2.0,0.2857,0.5,0
1.0,Computer,1,15.0,Credit Card,Male,4.0,4,Mobile Phone,3,Single,3,0,13.0,1.0,2.0,1.0,144.04,48.0133,16.0,0.0,0.5,0.3333,1
9.0,Mobile Phone,2,33.0,Debit Card,Female,3.0,4,Fashion,1,Single,3,1,17.0,2.0,2.0,3.0,213.37,71.1233,12.0,5.0,0.3,0.6667,0
8.0,Computer,1,14.0,Debit Card,Female,2.0,3,Laptop & Accessory,3,Married,2,0,12.0,0.0,2.0,9.0,141.48,47.16,6.0,0.0,1.0,0.0,0
19.0,Mobile Phone,1,27.0,Credit Card,Male,4.0,6,Fashion,5,Married,4,1,19.0,2.0,2.0,8.0,233.51,77.8367,24.0,1.0,0.4,0.6667,0
16.0,Mobile Phone,3,12.0,Debit Card,Male,4.0,4,Fashion,4,Single,11,1,20.0,8.0,8.0,3.0,209.46,23.2733,16.0,2.0,0.1765,0.8889,1
22.0,Mobile Phone,1,9.0,Credit Card,Female,2.0,4,Laptop & Accessory,5,Divorced,5,0,25.0,1.0,1.0,2.0,147.89,73.945,8.0,0.0,0.087,0.5,0
12.0,Mobile Phone,1,7.0,Debit Card,Female,3.0,4,Mobile Phone,5,Single,5,0,18.0,2.0,2.0,1.0,151.19,50.3967,12.0,0.0,0.0769,0.6667,0
8.0,Mobile Phone,3,35.0,E wallet,Female,4.0,5,Laptop & Accessory,3,Married,3,0,22.0,2.0,2.0,8.0,192.12,64.04,20.0,0.0,0.8889,0.6667,0
8.0,Mobile Phone,2,32.0,Debit Card,Female,2.0,3,Fashion,1,Single,2,1,16.0,1.0,1.0,7.0,188.37,94.185,6.0,5.0,0.7778,0.5,0
5.0,Mobile Phone,3,36.0,E wallet,Female,4.0,5,Laptop & Accessory,1,Married,3,0,15.0,3.0,6.0,8.0,179.68,25.6686,20.0,0.0,1.3333,0.4286,0
0.0,Mobile Phone,1,14.0,UPI,Female,2.0,4,Mobile Phone,4,Married,2,0,19.0,2.0,4.0,3.0,123.68,24.736,8.0,0.0,3.0,0.4,0
9.0,Computer,1,14.0,Debit Card,Female,3.0,2,Fashion,5,Divorced,10,0,14.0,0.0,1.0,3.0,217.13,108.565,6.0,0.0,0.3,0.0,0
8.0,Mobile Phone,1,27.0,Debit Card,Female,2.0,3,Laptop & Accessory,2,Divorced,2,1,25.0,0.0,1.0,7.0,140.14,70.07,6.0,4.0,0.7778,0.0,0
0.0,Mobile Phone,1,14.0,Credit Card,Male,3.0,4,Mobile Phone,3,Single,2,1,11.0,1.0,1.0,2.0,139.89,69.945,12.0,3.0,2.0,0.5,1
5.0,Computer,3,32.0,E wallet,Male,3.0,3,Laptop & Accessory,2,Divorced,1,0,18.0,1.0,2.0,2.0,144.65,48.2167,9.0,0.0,0.3333,0.3333,0
5.0,Mobile Phone,3,14.0,Debit Card,Male,3.0,5,Mobile Phone,3,Married,5,0,16.0,3.0,6.0,3.0,148.29,21.1843,15.0,0.0,0.5,0.4286,0
3.0,Mobile Phone,3,10.0,Credit Card,Female,3.0,4,Laptop & Accessory,3,Divorced,6,1,19.0,2.0,2.0,1.0,177.38,59.1267,12.0,3.0,0.25,0.6667,1
10.0,Mobile Phone,3,9.0,Debit Card,Female,3.0,4,Laptop & Accessory,1,Single,5,0,16.0,7.0,7.0,8.0,170.02,21.2525,12.0,0.0,0.7273,0.875,0
0.0,Mobile Phone,1,14.0,UPI,Male,3.0,3,Mobile Phone,1,Single,2,0,13.0,1.0,1.0,4.0,126.47,63.235,9.0,0.0,4.0,0.5,0
5.0,Mobile Phone,1,14.0,Credit Card,Female,3.0,4,Fashion,2,Single,3,1,15.0,3.0,5.0,11.0,196.43,32.7383,12.0,4.0,1.8333,0.5,0
2.0,Mobile Phone,1,19.0,UPI,Male,2.0,4,Laptop & Accessory,4,Married,5,1,13.0,0.0,1.0,3.0,140.25,70.125,8.0,2.0,1.0,0.0,0
1.0,Mobile Phone,1,11.0,Debit Card,Male,3.0,4,Mobile Phone,1,Single,3,1,21.0,3.0,3.0,3.0,153.75,38.4375,12.0,5.0,1.5,0.75,0
9.0,Mobile Phone,1,15.0,Credit Card,Male,3.0,3,Mobile Phone,1,Married,2,0,23.0,1.0,1.0,4.0,120.7,60.35,9.0,0.0,0.4,0.5,0
2.0,Mobile Phone,3,12.0,Credit Card,Male,4.0,4,Laptop & Accessory,1,Single,3,0,15.0,1.0,2.0,3.0,174.08,58.0267,16.0,0.0,1.0,0.3333,0
7.0,Mobile Phone,1,6.0,Debit Card,Male,3.0,3,Mobile Phone,1,Married,2,0,12.0,1.0,8.0,8.0,126.91,14.1011,9.0,0.0,1.0,0.1111,0
8.0,Mobile Phone,3,6.0,E wallet,Male,2.0,3,Laptop & Accessory,3,Divorced,10,0,11.0,3.0,6.0,9.0,147.17,21.0243,6.0,0.0,1.0,0.4286,0
23.0,Mobile Phone,1,25.0,Debit Card,Male,3.0,5,Others,3,Married,3,1,15.0,1.0,2.0,10.0,320.02,106.6733,15.0,3.0,0.4167,0.3333,0
15.0,Mobile Phone,1,14.0,Debit Card,Male,2.0,3,Mobile Phone,3,Single,5,0,13.0,1.0,1.0,0.0,139.68,69.84,6.0,0.0,0.0,0.5,0
61.0,Mobile Phone,3,28.0,Debit Card,Female,4.0,4,Grocery,1,Married,6,1,15.0,1.0,2.0,1.0,303.75,101.25,16.0,5.0,0.0161,0.3333,0
29.0,Mobile Phone,1,10.0,Cash on Delivery,Female,3.0,3,Others,5,Married,5,0,15.0,4.0,4.0,2.0,299.43,59.886,9.0,0.0,0.0667,0.8,0
10.0,Computer,1,13.0,Debit Card,Male,4.0,2,Laptop & Accessory,5,Married,5,1,14.0,2.0,2.0,3.0,180.62,60.2067,8.0,1.0,0.2727,0.6667,0
9.0,Computer,1,24.0,Debit Card,Male,3.0,3,Laptop & Accessory,2,Single,3,0,20.0,1.0,1.0,9.0,177.79,88.895,9.0,0.0,0.9,0.5,0
26.0,Mobile Phone,1,19.0,Credit Card,Female,2.0,2,Laptop & Accessory,5,Married,2,0,11.0,1.0,1.0,3.0,144.5,72.25,4.0,0.0,0.1111,0.5,0
10.0,Computer,1,13.0,Debit Card,Male,4.0,2,Laptop & Accessory,5,Married,5,1,14.0,1.0,2.0,3.0,180.62,60.2067,8.0,1.0,0.2727,0.3333,0
8.0,Mobile Phone,2,7.0,Credit Card,Male,4.0,5,Fashion,5,Divorced,11,0,15.0,3.0,4.0,3.0,229.82,45.964,20.0,0.0,0.3333,0.6,1
9.0,Mobile Phone,1,18.0,Credit Card,Male,3.0,4,Mobile Phone,3,Married,9,1,12.0,1.0,3.0,3.0,151.6,37.9,12.0,3.0,0.3,0.25,0
6.0,Computer,3,17.0,E wallet,Male,4.0,4,Laptop & Accessory,1,Single,10,0,14.0,2.0,2.0,1.0,171.48,57.16,16.0,0.0,0.1429,0.6667,0
1.0,Mobile Phone,1,30.0,Debit Card,Female,3.0,4,Mobile Phone,2,Married,3,0,23.0,2.0,2.0,3.0,153.86,51.2867,12.0,0.0,1.5,0.6667,0
1.0,Computer,3,31.0,Cash on Delivery,Male,3.0,2,Mobile Phone,5,Single,3,0,18.0,2.0,2.0,1.0,135.91,45.3033,6.0,0.0,0.5,0.6667,1
3.0,Mobile Phone,1,8.0,Debit Card,Male,4.0,4,Laptop & Accessory,1,Married,2,0,19.0,3.0,10.0,8.0,141.52,12.8655,16.0,0.0,2.0,0.2727,0
31.0,Mobile Phone,1,12.0,Cash on Delivery,Female,3.0,5,Fashion,4,Married,4,1,14.0,2.0,2.0,3.0,230.52,76.84,15.0,2.0,0.0938,0.6667,0
6.0,Mobile Phone,2,8.0,UPI,Male,2.0,3,Mobile Phone,3,Divorced,2,0,13.0,0.0,1.0,4.0,136.0,68.0,6.0,0.0,0.5714,0.0,0
31.0,Mobile Phone,3,36.0,E wallet,Male,3.0,5,Grocery,2,Married,5,0,13.0,1.0,2.0,1.0,266.18,88.7267,15.0,0.0,0.0312,0.3333,0
8.0,Mobile Phone,1,12.0,Credit Card,Male,3.0,5,Laptop & Accessory,1,Married,3,0,15.0,1.0,5.0,14.0,164.86,27.4767,15.0,0.0,1.5556,0.1667,0
1.0,Computer,3,33.0,E wallet,Male,4.0,4,Laptop & Accessory,1,Married,3,1,12.0,1.0,2.0,9.0,181.17,60.39,16.0,5.0,4.5,0.3333,1
1.0,Mobile Phone,3,26.0,E wallet,Male,3.0,5,Mobile Phone,4,Divorced,3,1,19.0,1.0,2.0,1.0,149.13,49.71,15.0,2.0,0.5,0.3333,1
26.0,Mobile Phone,1,13.0,Credit Card,Female,2.0,3,Others,3,Married,4,0,18.0,1.0,4.0,7.0,286.06,57.212,6.0,0.0,0.2593,0.2,0
13.0,Computer,1,15.0,Debit Card,Female,3.0,4,Mobile Phone,3,Married,3,0,12.0,2.0,2.0,8.0,162.55,54.1833,12.0,0.0,0.5714,0.6667,0
29.0,Mobile Phone,1,9.0,Cash on Delivery,Male,4.0,5,Mobile Phone,1,Married,10,0,21.0,1.0,2.0,5.0,151.62,50.54,20.0,0.0,0.1667,0.3333,0
28.0,Mobile Phone,2,26.0,Credit Card,Male,3.0,4,Fashion,4,Married,4,0,16.0,3.0,2.0,2.0,232.25,77.4167,12.0,0.0,0.069,1.0,0
9.0,Mobile Phone,1,6.0,Debit Card,Male,3.0,4,Mobile Phone,5,Married,2,0,12.0,3.0,3.0,2.0,122.18,30.545,12.0,0.0,0.2,0.75,0
0.0,Mobile Phone,3,14.0,Debit Card,Male,2.0,2,Laptop & Accessory,4,Divorced,1,0,22.0,0.0,1.0,2.0,148.51,74.255,4.0,0.0,2.0,0.0,0
1.0,Mobile Phone,1,24.0,Credit Card,Male,4.0,6,Mobile Phone,3,Married,3,0,16.0,2.0,2.0,3.0,148.05,49.35,24.0,0.0,1.5,0.6667,0
7.0,Computer,1,6.0,UPI,Male,3.0,3,Mobile Phone,5,Married,6,0,14.0,1.0,1.0,3.0,129.96,64.98,9.0,0.0,0.375,0.5,0
9.0,Mobile Phone,3,23.0,E wallet,Male,4.0,4,Fashion,4,Divorced,2,0,16.0,4.0,7.0,10.0,205.2,25.65,16.0,0.0,1.0,0.5,0
12.0,Mobile Phone,1,19.0,Credit Card,Female,3.0,4,Grocery,4,Married,7,1,13.0,1.0,15.0,2.0,271.23,16.9519,12.0,2.0,0.1538,0.0625,0
29.0,Mobile Phone,1,10.0,Cash on Delivery,Female,3.0,3,Others,5,Married,5,0,15.0,0.0,4.0,2.0,299.43,59.886,9.0,0.0,0.0667,0.0,0
1.0,Mobile Phone,1,9.0,Credit Card,Male,3.0,2,Laptop & Accessory,2,Divorced,3,0,13.0,2.0,2.0,4.0,179.72,59.9067,6.0,0.0,2.0,0.6667,0
1.0,Mobile Phone,1,13.0,Debit Card,Male,3.0,5,Mobile Phone,3,Divorced,3,0,14.0,3.0,3.0,3.0,150.39,37.5975,15.0,0.0,1.5,0.75,0
1.0,Mobile Phone,1,10.0,Credit Card,Male,3.0,2,Mobile Phone,1,Married,3,0,23.0,2.0,2.0,8.0,169.2,56.4,6.0,0.0,4.0,0.6667,0
8.0,Computer,1,8.0,Debit Card,Female,3.0,3,Laptop & Accessory,5,Married,3,0,11.0,1.0,1.0,0.0,150.93,75.465,9.0,0.0,0.0,0.5,0
12.0,Computer,1,28.0,Credit Card,Female,2.0,3,Fashion,5,Single,2,1,13.0,1.0,2.0,8.0,208.8,69.6,6.0,1.0,0.6154,0.3333,0
1.0,Computer,3,6.0,Debit Card,Male,2.0,4,Laptop & Accessory,1,Married,2,1,12.0,0.0,1.0,7.0,168.34,84.17,8.0,5.0,3.5,0.0,0
19.0,Mobile Phone,1,8.0,Debit Card,Male,2.0,3,Fashion,1,Married,4,0,14.0,1.0,4.0,7.0,185.78,37.156,6.0,0.0,0.35,0.2,0
2.0,Computer,1,6.0,Cash on Delivery,Male,2.0,3,Laptop & Accessory,3,Married,2,0,13.0,0.0,1.0,9.0,143.19,71.595,6.0,0.0,3.0,0.0,0
4.0,Computer,1,6.0,Debit Card,Male,2.0,5,Laptop & Accessory,5,Married,2,0,21.0,1.0,8.0,7.0,150.03,16.67,10.0,0.0,1.4,0.1111,0
14.0,Mobile Phone,1,7.0,Debit Card,Male,3.0,4,Mobile Phone,4,Divorced,5,0,23.0,2.0,2.0,4.0,148.87,49.6233,12.0,0.0,0.2667,0.6667,0
2.0,Mobile Phone,2,23.0,UPI,Male,2.0,4,Fashion,5,Single,2,0,13.0,0.0,1.0,9.0,179.88,89.94,8.0,0.0,3.0,0.0,0
13.0,Computer,1,11.0,Credit Card,Female,3.0,4,Laptop & Accessory,3,Single,2,0,14.0,4.0,4.0,9.0,175.42,35.084,12.0,0.0,0.6429,0.8,0
0.0,Mobile Phone,3,14.0,Cash on Delivery,Male,2.0,4,Laptop & Accessory,5,Single,7,0,17.0,1.0,1.0,2.0,153.26,76.63,8.0,0.0,2.0,0.5,1
0.0,Mobile Phone,3,26.0,Debit Card,Female,3.0,5,Laptop & Accessory,3,Divorced,4,1,11.0,1.0,2.0,2.0,145.59,48.53,15.0,3.0,2.0,0.3333,1
4.0,Mobile Phone,1,13.0,Credit Card,Female,2.0,3,Fashion,1,Single,2,1,14.0,4.0,4.0,10.0,171.43,34.286,6.0,5.0,2.0,0.8,0
0.0,Computer,1,26.0,Debit Card,Male,3.0,3,Fashion,3,Married,4,0,12.0,1.0,1.0,0.0,198.24,99.12,9.0,0.0,0.0,0.5,1
18.0,Computer,3,15.0,Debit Card,Female,3.0,4,Laptop & Accessory,3,Married,2,0,13.0,4.0,4.0,12.0,155.93,31.186,12.0,0.0,0.6316,0.8,0
20.0,Mobile Phone,3,8.0,E wallet,Female,2.0,3,Laptop & Accessory,1,Married,1,1,22.0,3.0,7.0,7.0,145.37,18.1712,6.0,5.0,0.3333,0.375,0
7.0,Computer,1,7.0,UPI,Female,3.0,2,Laptop & Accessory,4,Married,3,1,14.0,2.0,2.0,3.0,179.88,59.96,6.0,2.0,0.375,0.6667,0
16.0,Mobile Phone,1,14.0,Debit Card,Female,2.0,3,Laptop & Accessory,4,Married,5,0,21.0,1.0,1.0,0.0,147.65,73.825,6.0,0.0,0.0,0.5,0
19.0,Mobile Phone,1,27.0,Credit Card,Male,4.0,4,Grocery,2,Divorced,2,1,15.0,1.0,2.0,11.0,259.96,86.6533,16.0,4.0,0.55,0.3333,0
7.0,Mobile Phone,1,35.0,Debit Card,Male,4.0,4,Laptop & Accessory,3,Married,3,1,13.0,5.0,6.0,8.0,177.07,25.2957,16.0,3.0,1.0,0.7143,0
9.0,Mobile Phone,1,25.0,Debit Card,Male,3.0,2,Laptop & Accessory,5,Married,3,0,12.0,1.0,2.0,11.0,177.08,59.0267,6.0,0.0,1.1,0.3333,0
3.0,Computer,3,28.0,UPI,Female,3.0,3,Fashion,5,Divorced,1,0,11.0,2.0,7.0,8.0,184.12,23.015,9.0,0.0,2.0,0.25,0
23.0,Mobile Phone,1,6.0,Credit Card,Male,2.0,4,Mobile Phone,3,Married,3,0,15.0,1.0,1.0,2.0,136.9,68.45,8.0,0.0,0.0833,0.5,0
9.0,Computer,1,24.0,Credit Card,Female,3.0,3,Mobile Phone,1,Single,2,0,13.0,0.0,1.0,7.0,121.53,60.765,9.0,0.0,0.7,0.0,0
5.0,Mobile Phone,3,8.0,E wallet,Male,2.0,3,Laptop & Accessory,4,Married,1,1,13.0,1.0,1.0,2.0,140.78,70.39,6.0,2.0,0.3333,0.5,0
9.0,Mobile Phone,2,9.0,UPI,Male,2.0,3,Mobile Phone,4,Married,4,1,11.0,0.0,1.0,3.0,122.77,61.385,6.0,2.0,0.3,0.0,0
3.0,Mobile Phone,1,6.0,Debit Card,Male,2.0,5,Mobile Phone,3,Divorced,4,0,21.0,1.0,1.0,2.0,138.33,69.165,10.0,0.0,0.5,0.5,0
0.0,Mobile Phone,3,16.0,Credit Card,Male,2.0,3,Laptop & Accessory,1,Single,2,0,13.0,0.0,1.0,2.0,146.84,73.42,6.0,0.0,2.0,0.0,0
12.0,Computer,1,10.0,UPI,Male,3.0,4,Mobile Phone,3,Married,5,0,17.0,3.0,3.0,3.0,153.21,38.3025,12.0,0.0,0.2308,0.75,0
0.0,Computer,1,8.0,Debit Card,Male,3.0,1,Laptop & Accessory,3,Married,2,0,17.0,0.0,1.0,7.0,152.06,76.03,3.0,0.0,7.0,0.0,0
10.0,Mobile Phone,1,14.0,UPI,Male,4.0,4,Mobile Phone,1,Single,4,0,19.0,2.0,2.0,2.0,171.78,57.26,16.0,0.0,0.1818,0.6667,0
5.0,Mobile Phone,1,14.0,Credit Card,Female,3.0,4,Laptop & Accessory,5,Divorced,3,0,13.0,4.0,4.0,13.0,168.06,33.612,12.0,0.0,2.1667,0.8,0
9.0,Mobile Phone,1,8.0,Debit Card,Male,3.0,3,Mobile Phone,4,Single,2,0,12.0,0.0,1.0,0.0,113.93,56.965,9.0,0.0,0.0,0.0,1
5.0,Mobile Phone,1,19.0,Credit Card,Female,3.0,4,Laptop & Accessory,1,Married,2,1,12.0,7.0,9.0,6.0,183.55,18.355,12.0,5.0,1.0,0.7,0
11.0,Mobile Phone,1,14.0,Credit Card,Male,4.0,4,Laptop & Accessory,5,Married,7,1,23.0,1.0,2.0,5.0,167.84,55.9467,16.0,1.0,0.4167,0.3333,0
7.0,Computer,1,8.0,Credit Card,Male,3.0,5,Mobile Phone,3,Married,3,0,13.0,1.0,2.0,1.0,145.08,48.36,15.0,0.0,0.125,0.3333,0
0.0,Computer,1,21.0,Debit Card,Female,3.0,4,Mobile Phone,5,Married,1,0,19.0,0.0,7.0,3.0,147.74,18.4675,12.0,0.0,3.0,0.0,0
6.0,Mobile Phone,3,14.0,Debit Card,Male,2.0,3,Laptop & Accessory,5,Married,3,0,13.0,2.0,2.0,2.0,163.92,54.64,6.0,0.0,0.2857,0.6667,0
5.0,Mobile Phone,3,25.0,Debit Card,Male,3.0,5,Fashion,3,Married,4,0,13.0,0.0,1.0,2.0,196.1,98.05,15.0,0.0,0.3333,0.0,0
29.0,Mobile Phone,1,8.0,Credit Card,Male,3.0,2,Grocery,1,Married,4,0,14.0,1.0,2.0,1.0,272.32,90.7733,6.0,0.0,0.0333,0.3333,0
1.0,Mobile Phone,1,7.0,Cash on Delivery,Female,4.0,5,Mobile Phone,4,Single,3,1,12.0,1.0,3.0,3.0,145.7,36.425,20.0,2.0,1.5,0.25,0
30.0,Mobile Phone,1,24.0,Credit Card,Male,3.0,3,Fashion,1,Single,7,0,12.0,3.0,5.0,4.0,205.12,34.1867,9.0,0.0,0.129,0.5,0
10.0,Mobile Phone,1,11.0,Debit Card,Male,3.0,5,Laptop & Accessory,2,Single,3,0,17.0,2.0,2.0,9.0,183.1,61.0333,15.0,0.0,0.8182,0.6667,0
9.0,Computer,1,22.0,Cash on Delivery,Male,2.0,5,Mobile Phone,5,Married,2,1,23.0,3.0,3.0,0.0,123.07,30.7675,10.0,1.0,0.0,0.75,1
28.0,Mobile Phone,1,8.0,Cash on Delivery,Male,3.0,4,Mobile Phone,1,Married,9,0,20.0,1.0,1.0,4.0,126.62,63.31,12.0,0.0,0.1379,0.5,0
11.0,Mobile Phone,1,6.0,Debit Card,Male,3.0,4,Fashion,3,Single,10,1,13.0,0.0,1.0,0.0,153.81,76.905,12.0,3.0,0.0,0.0,1
1.0,Mobile Phone,1,23.0,Credit Card,Male,3.0,4,Mobile Phone,4,Married,4,1,14.0,2.0,2.0,3.0,148.73,49.5767,12.0,2.0,1.5,0.6667,1
0.0,Mobile Phone,1,25.0,Credit Card,Male,3.0,3,Mobile Phone,2,Divorced,4,0,11.0,1.0,1.0,2.0,136.69,68.345,9.0,0.0,2.0,0.5,0
2.0,Computer,1,6.0,Debit Card,Male,3.0,1,Laptop & Accessory,3,Single,9,1,12.0,0.0,1.0,2.0,162.94,81.47,3.0,3.0,0.6667,0.0,0
14.0,Mobile Phone,1,9.0,Credit Card,Female,4.0,5,Laptop & Accessory,3,Married,8,0,23.0,2.0,2.0,1.0,159.48,53.16,20.0,0.0,0.0667,0.6667,0
3.0,Computer,1,14.0,Debit Card,Male,3.0,5,Mobile Phone,3,Married,2,0,25.0,0.0,1.0,9.0,126.13,63.065,15.0,0.0,2.25,0.0,0
11.0,Mobile Phone,1,7.0,Debit Card,Female,3.0,4,Mobile Phone,2,Single,3,0,13.0,2.0,6.0,8.0,146.15,20.8786,12.0,0.0,0.6667,0.2857,0
0.0,Computer,1,14.0,Credit Card,Female,2.0,3,Mobile Phone,4,Single,1,0,17.0,0.0,1.0,2.0,124.22,62.11,6.0,0.0,2.0,0.0,1
1.0,Mobile Phone,3,19.0,Debit Card,Female,3.0,2,Mobile Phone,4,Single,3,0,16.0,1.0,2.0,1.0,152.16,50.72,6.0,0.0,0.5,0.3333,1
5.0,Computer,1,17.0,Credit Card,Female,3.0,4,Fashion,3,Married,6,0,21.0,4.0,2.0,9.0,235.31,78.4367,12.0,0.0,1.5,1.3333,0
21.0,Mobile Phone,1,6.0,Debit Card,Male,3.0,4,Others,2,Single,7,0,12.0,1.0,1.0,0.0,282.65,141.325,12.0,0.0,0.0,0.5,0
8.0,Computer,1,9.0,Debit Card,Male,4.0,4,Laptop & Accessory,3,Single,4,0,12.0,2.0,2.0,3.0,165.33,55.11,16.0,0.0,0.3333,0.6667,0
20.0,Mobile Phone,3,9.0,Cash on Delivery,Female,4.0,6,Grocery,4,Married,5,1,15.0,7.0,8.0,8.0,293.72,32.6356,24.0,2.0,0.381,0.7778,0
31.0,Mobile Phone,1,12.0,Cash on Delivery,Female,3.0,5,Fashion,4,Married,4,1,14.0,2.0,2.0,3.0,230.52,76.84,15.0,2.0,0.0938,0.6667,0
0.0,Mobile Phone,3,24.0,Debit Card,Male,3.0,1,Laptop & Accessory,3,Divorced,3,0,11.0,0.0,1.0,2.0,162.32,81.16,3.0,0.0,2.0,0.0,0
4.0,Mobile Phone,3,16.0,Credit Card,Female,2.0,3,Laptop & Accessory,1,Married,3,1,11.0,0.0,1.0,4.0,165.83,82.915,6.0,5.0,0.8,0.0,0
9.0,Mobile Phone,1,6.0,UPI,Female,2.0,3,Laptop & Accessory,4,Married,1,0,15.0,1.0,1.0,5.0,152.28,76.14,6.0,0.0,0.5,0.5,0
6.0,Mobile Phone,1,17.0,Credit Card,Male,1.0,4,Fashion,1,Single,4,0,26.0,1.0,2.0,1.0,237.44,79.1467,4.0,0.0,0.1429,0.3333,0
6.0,Mobile Phone,3,16.0,E wallet,Male,2.0,1,Fashion,3,Married,1,1,14.0,0.0,1.0,8.0,183.8,91.9,2.0,3.0,1.1429,0.0,0
0.0,Mobile Phone,3,15.0,Debit Card,Male,3.0,4,Mobile Phone,5,Divorced,4,0,12.0,1.0,2.0,2.0,144.0,48.0,12.0,0.0,2.0,0.3333,1
11.0,Mobile Phone,1,7.0,Debit Card,Male,3.0,5,Laptop & Accessory,3,Married,3,0,19.0,1.0,2.0,8.0,184.93,61.6433,15.0,0.0,0.6667,0.3333,0
6.0,Mobile Phone,1,6.0,Credit Card,Female,3.0,2,Grocery,3,Married,5,0,19.0,1.0,1.0,5.0,261.84,130.92,6.0,0.0,0.7143,0.5,0
2.0,Mobile Phone,3,11.0,Credit Card,Male,2.0,4,Laptop & Accessory,4,Married,2,1,13.0,0.0,1.0,9.0,141.87,70.935,8.0,2.0,3.0,0.0,0
16.0,Computer,1,9.0,Debit Card,Male,3.0,4,Grocery,3,Married,2,1,15.0,1.0,3.0,11.0,303.61,75.9025,12.0,3.0,0.6471,0.25,0
30.0,Computer,1,21.0,Debit Card,Male,2.0,3,Grocery,3,Married,3,1,14.0,1.0,2.0,2.0,257.87,85.9567,6.0,3.0,0.0645,0.3333,0
12.0,Mobile Phone,3,10.0,Debit Card,Male,3.0,4,Laptop & Accessory,1,Single,10,1,13.0,2.0,2.0,1.0,193.61,64.5367,12.0,5.0,0.0769,0.6667,0
15.0,Mobile Phone,1,35.0,Debit Card,Female,3.0,5,Grocery,4,Married,2,0,24.0,2.0,2.0,11.0,260.7,86.9,15.0,0.0,0.6875,0.6667,0
29.0,Mobile Phone,1,9.0,Debit Card,Female,4.0,4,Grocery,1,Single,4,1,14.0,1.0,2.0,3.0,291.59,97.1967,16.0,5.0,0.1,0.3333,0
1.0,Mobile Phone,3,20.0,E wallet,Male,4.0,5,Laptop & Accessory,5,Married,7,1,14.0,3.0,3.0,3.0,186.34,46.585,20.0,1.0,1.5,0.75,1
1.0,Mobile Phone,1,11.0,Debit Card,Male,3.0,4,Mobile Phone,2,Single,3,1,21.0,1.0,3.0,3.0,153.75,38.4375,12.0,4.0,1.5,0.25,0
12.0,Computer,3,9.0,Debit Card,Male,3.0,5,Laptop & Accessory,1,Married,5,0,19.0,2.0,8.0,6.0,177.49,19.7211,15.0,0.0,0.4615,0.2222,0
16.0,Mobile Phone,1,9.0,Credit Card,Male,4.0,5,Mobile Phone,4,Married,6,0,15.0,1.0,2.0,1.0,173.41,57.8033,20.0,0.0,0.0588,0.3333,0
28.0,Mobile Phone,1,24.0,Cash on Delivery,Female,3.0,4,Fashion,3,Married,10,0,12.0,1.0,2.0,9.0,232.39,77.4633,12.0,0.0,0.3103,0.3333,0
11.0,Mobile Phone,1,29.0,Debit Card,Male,2.0,3,Laptop & Accessory,1,Married,10,0,14.0,0.0,1.0,2.0,157.45,78.725,6.0,0.0,0.1667,0.0,0
9.0,Mobile Phone,3,25.0,Credit Card,Male,4.0,4,Laptop & Accessory,5,Married,2,0,17.0,1.0,2.0,5.0,25.0,8.3333,16.0,0.0,0.5,0.3333,0
2.0,Mobile Phone,1,29.0,Debit Card,Male,3.0,1,Mobile Phone,3,Divorced,2,0,24.0,1.0,1.0,7.0,127.0,63.5,3.0,0.0,2.3333,0.5,0
9.0,Computer,3,6.0,Cash on Delivery,Female,3.0,4,Mobile Phone,4,Single,2,1,11.0,1.0,1.0,2.0,121.74,60.87,12.0,2.0,0.2,0.5,1
19.0,Computer,1,14.0,Debit Card,Male,4.0,2,Laptop & Accessory,3,Married,6,0,18.0,2.0,2.0,3.0,189.34,63.1133,8.0,0.0,0.15,0.6667,0
15.0,Computer,3,17.0,Credit Card,Male,3.0,6,Laptop & Accessory,4,Single,3,0,14.0,4.0,12.0,10.0,186.51,14.3469,18.0,0.0,0.625,0.3077,0
15.0,Computer,3,7.0,E wallet,Female,4.0,4,Laptop & Accessory,5,Married,2,0,18.0,1.0,2.0,8.0,166.03,55.3433,16.0,0.0,0.5,0.3333,0
15.0,Mobile Phone,3,16.0,Debit Card,Male,4.0,4,Fashion,3,Married,5,1,14.0,1.0,2.0,8.0,206.89,68.9633,16.0,3.0,0.5,0.3333,0
0.0,Mobile Phone,1,13.0,Credit Card,Female,2.0,4,Laptop & Accessory,5,Single,9,0,19.0,1.0,1.0,7.0,168.11,84.055,8.0,0.0,7.0,0.5,0
1.0,Mobile Phone,1,10.0,Debit Card,Female,3.0,4,Laptop & Accessory,3,Married,2,1,20.0,2.0,2.0,3.0,166.71,55.57,12.0,3.0,1.5,0.6667,1
25.0,Mobile Phone,1,12.0,Cash on Delivery,Male,3.0,3,Laptop & Accessory,5,Married,4,1,12.0,2.0,6.0,9.0,155.77,22.2529,9.0,1.0,0.3462,0.2857,0
1.0,Mobile Phone,3,8.0,Debit Card,Male,4.0,5,Laptop & Accessory,5,Married,3,0,12.0,2.0,7.0,3.0,222.14,27.7675,20.0,0.0,1.5,0.25,1
12.0,Mobile Phone,3,8.0,Debit Card,Male,3.0,5,Mobile Phone,5,Single,6,0,15.0,2.0,2.0,1.0,153.58,51.1933,15.0,0.0,0.0769,0.6667,0
12.0,Computer,3,27.0,Debit Card,Female,2.0,5,Laptop & Accessory,3,Married,7,0,19.0,0.0,1.0,2.0,157.36,78.68,10.0,0.0,0.1538,0.0,0
14.0,Mobile Phone,2,16.0,UPI,Male,3.0,4,Others,2,Married,4,0,15.0,1.0,12.0,6.0,291.41,22.4162,12.0,0.0,0.4,0.0769,0
1.0,Mobile Phone,1,16.0,Credit Card,Female,5.0,4,Mobile Phone,4,Single,3,0,17.0,1.0,2.0,4.0,147.79,49.2633,20.0,0.0,2.0,0.3333,0
1.0,Mobile Phone,1,21.0,Credit Card,Male,3.0,4,Mobile Phone,2,Divorced,7,1,14.0,1.0,2.0,5.0,149.36,49.7867,12.0,4.0,2.5,0.3333,1
4.0,Mobile Phone,1,17.0,Credit Card,Male,3.0,3,Laptop & Accessory,5,Divorced,2,1,12.0,0.0,1.0,1.0,168.33,84.165,9.0,1.0,0.2,0.0,0
30.0,Computer,3,13.0,Debit Card,Female,3.0,2,Grocery,5,Married,11,0,12.0,7.0,2.0,8.0,257.12,85.7067,6.0,0.0,0.2581,2.3333,0
3.0,Mobile Phone,1,10.0,Credit Card,Male,4.0,5,Fashion,3,Divorced,3,0,19.0,2.0,2.0,8.0,244.35,81.45,20.0,0.0,2.0,0.6667,0
10.0,Mobile Phone,1,11.0,Debit Card,Male,3.0,5,Laptop & Accessory,1,Single,3,0,17.0,1.0,2.0,9.0,183.1,61.0333,15.0,0.0,0.8182,0.3333,0
8.0,Mobile Phone,1,6.0,Credit Card,Female,2.0,4,Laptop & Accessory,2,Divorced,1,0,12.0,1.0,1.0,0.0,153.63,76.815,8.0,0.0,0.0,0.5,0
8.0,Mobile Phone,3,17.0,Debit Card,Female,3.0,4,Mobile Phone,3,Divorced,3,1,20.0,1.0,2.0,1.0,147.2,49.0667,12.0,3.0,0.1111,0.3333,0
12.0,Mobile Phone,1,25.0,UPI,Male,2.0,3,Laptop & Accessory,1,Married,9,0,14.0,0.0,2.0,2.0,139.02,46.34,6.0,0.0,0.1538,0.0,0
28.0,Computer,1,8.0,Debit Card,Male,3.0,3,Fashion,4,Divorced,4,0,18.0,1.0,1.0,3.0,209.76,104.88,9.0,0.0,0.1034,0.5,0
11.0,Mobile Phone,1,6.0,Debit Card,Female,2.0,3,Fashion,3,Single,5,1,14.0,0.0,1.0,0.0,178.61,89.305,6.0,3.0,0.0,0.0,0
3.0,Computer,3,31.0,Cash on Delivery,Female,2.0,3,Laptop & Accessory,3,Divorced,8,1,12.0,1.0,2.0,2.0,147.36,49.12,6.0,3.0,0.5,0.3333,0
15.0,Computer,1,8.0,Debit Card,Male,2.0,3,Fashion,1,Married,3,1,14.0,4.0,13.0,9.0,201.24,14.3743,6.0,5.0,0.5625,0.2857,0
24.0,Mobile Phone,1,35.0,Debit Card,Female,3.0,4,Grocery,5,Married,6,1,15.0,1.0,2.0,3.0,293.8,97.9333,12.0,1.0,0.12,0.3333,0
0.0,Mobile Phone,1,9.0,Credit Card,Male,3.0,4,Mobile Phone,3,Single,2,0,17.0,1.0,1.0,0.0,132.3,66.15,12.0,0.0,0.0,0.5,0
12.0,Mobile Phone,3,17.0,E wallet,Female,2.0,3,Fashion,1,Married,2,0,18.0,0.0,7.0,7.0,176.54,22.0675,6.0,0.0,0.5385,0.0,1
0.0,Mobile Phone,1,6.0,Cash on Delivery,Male,2.0,3,Mobile Phone,2,Divorced,5,0,11.0,1.0,1.0,2.0,132.29,66.145,6.0,0.0,2.0,0.5,0
8.0,Computer,1,8.0,Credit Card,Male,4.0,5,Laptop & Accessory,5,Single,2,0,21.0,1.0,5.0,10.0,178.43,29.7383,20.0,0.0,1.1111,0.1667,0
1.0,Mobile Phone,1,9.0,Cash on Delivery,Male,3.0,4,Mobile Phone,4,Married,3,0,12.0,2.0,2.0,3.0,147.26,49.0867,12.0,0.0,1.5,0.6667,0
30.0,Mobile Phone,1,6.0,Credit Card,Female,3.0,3,Others,5,Divorced,4,1,15.0,1.0,1.0,5.0,297.01,148.505,9.0,1.0,0.1613,0.5,0
5.0,Mobile Phone,1,27.0,Debit Card,Male,3.0,4,Laptop & Accessory,3,Married,3,0,12.0,1.0,2.0,3.0,166.97,55.6567,12.0,0.0,0.5,0.3333,0
20.0,Mobile Phone,1,8.0,Credit Card,Female,2.0,3,Grocery,3,Married,4,0,19.0,1.0,5.0,6.0,271.69,45.2817,6.0,0.0,0.2857,0.1667,0
8.0,Computer,1,8.0,Credit Card,Female,2.0,3,Laptop & Accessory,4,Single,6,0,11.0,1.0,1.0,2.0,144.25,72.125,6.0,0.0,0.2222,0.5,0
26.0,Mobile Phone,1,18.0,Debit Card,Female,3.0,4,Laptop & Accessory,3,Married,10,0,21.0,2.0,2.0,5.0,156.49,52.1633,12.0,0.0,0.1852,0.6667,0
30.0,Mobile Phone,1,11.0,Cash on Delivery,Female,4.0,4,Others,5,Married,6,0,14.0,1.0,5.0,3.0,324.43,54.0717,16.0,0.0,0.0968,0.1667,0
9.0,Mobile Phone,1,6.0,Debit Card,Female,2.0,3,Mobile Phone,1,Single,2,0,12.0,1.0,5.0,7.0,121.15,20.1917,6.0,0.0,0.7,0.1667,0
23.0,Mobile Phone,1,29.0,UPI,Female,4.0,4,Grocery,4,Married,5,0,17.0,1.0,2.0,3.0,289.13,96.3767,16.0,0.0,0.125,0.3333,0
11.0,Mobile Phone,1,6.0,Cash on Delivery,Female,3.0,3,Fashion,5,Married,2,0,13.0,4.0,2.0,11.0,235.82,78.6067,9.0,0.0,0.9167,1.3333,0
15.0,Mobile Phone,1,14.0,Credit Card,Male,2.0,4,Laptop & Accessory,4,Married,3,0,15.0,7.0,7.0,7.0,149.41,18.6762,8.0,0.0,0.4375,0.875,1
10.0,Mobile Phone,3,8.0,Debit Card,Female,4.0,4,Laptop & Accessory,3,Single,8,0,14.0,2.0,2.0,1.0,193.15,64.3833,16.0,0.0,0.0909,0.6667,0
2.0,Computer,3,8.0,Debit Card,Male,3.0,3,Laptop & Accessory,3,Married,2,0,14.0,1.0,1.0,2.0,146.49,73.245,9.0,0.0,0.6667,0.5,0
12.0,Mobile Phone,3,9.0,Debit Card,Female,3.0,4,Laptop & Accessory,5,Married,5,0,16.0,1.0,2.0,8.0,193.93,64.6433,12.0,0.0,0.6154,0.3333,0
3.0,Mobile Phone,1,30.0,Debit Card,Male,3.0,3,Mobile Phone,3,Married,2,0,22.0,1.0,1.0,0.0,126.93,63.465,9.0,0.0,0.0,0.5,0
8.0,Mobile Phone,3,6.0,E wallet,Male,2.0,4,Laptop & Accessory,5,Single,1,0,14.0,1.0,2.0,8.0,143.12,47.7067,8.0,0.0,0.8889,0.3333,0
8.0,Mobile Phone,1,17.0,Debit Card,Male,4.0,4,Mobile Phone,3,Single,3,1,12.0,2.0,2.0,3.0,154.36,51.4533,16.0,3.0,0.3333,0.6667,1
23.0,Mobile Phone,1,12.0,Cash on Delivery,Male,4.0,4,Laptop & Accessory,3,Divorced,4,0,15.0,1.0,2.0,3.0,191.51,63.8367,16.0,0.0,0.125,0.3333,0
9.0,Mobile Phone,1,12.0,Debit Card,Male,2.0,3,Mobile Phone,2,Divorced,1,0,11.0,4.0,10.0,11.0,132.1,12.0091,6.0,0.0,1.1,0.3636,0
0.0,Mobile Phone,1,14.0,Debit Card,Female,2.0,3,Mobile Phone,3,Single,2,1,13.0,3.0,7.0,7.0,123.94,15.4925,6.0,3.0,7.0,0.375,1
31.0,Mobile Phone,1,30.0,Debit Card,Male,3.0,4,Mobile Phone,3,Married,3,0,13.0,2.0,3.0,3.0,148.72,37.18,12.0,0.0,0.0938,0.5,0
19.0,Computer,1,14.0,Debit Card,Male,4.0,3,Laptop & Accessory,3,Divorced,6,0,18.0,1.0,2.0,3.0,189.34,63.1133,12.0,0.0,0.15,0.3333,0
16.0,Mobile Phone,3,31.0,Credit Card,Male,3.0,4,Fashion,1,Married,6,0,13.0,1.0,1.0,0.0,207.98,103.99,12.0,0.0,0.0,0.5,0
0.0,Computer,3,14.0,Credit Card,Male,2.0,3,Mobile Phone,2,Divorced,1,0,13.0,0.0,2.0,1.0,124.0,41.3333,6.0,0.0,1.0,0.0,0
18.0,Mobile Phone,1,8.0,Credit Card,Male,3.0,3,Others,5,Married,6,1,15.0,1.0,1.0,4.0,298.59,149.295,9.0,1.0,0.2105,0.5,1
14.0,Computer,1,15.0,Credit Card,Male,3.0,3,Others,3,Married,3,0,15.0,0.0,1.0,11.0,294.19,147.095,9.0,0.0,0.7333,0.0,0
1.0,Computer,3,20.0,Debit Card,Female,4.0,4,Mobile Phone,4,Divorced,3,0,14.0,1.0,2.0,1.0,145.33,48.4433,16.0,0.0,0.5,0.3333,0
26.0,Mobile Phone,1,13.0,Cash on Delivery,Male,4.0,4,Laptop & Accessory,5,Married,5,1,13.0,3.0,7.0,10.0,180.77,22.5962,16.0,1.0,0.3704,0.375,0
9.0,Mobile Phone,1,16.0,Cash on Delivery,Female,3.0,3,Fashion,3,Divorced,4,0,12.0,0.0,1.0,7.0,170.94,85.47,9.0,0.0,0.7,0.0,0
12.0,Mobile Phone,3,9.0,E wallet,Female,4.0,6,Laptop & Accessory,1,Married,4,1,21.0,1.0,2.0,4.0,179.05,59.6833,24.0,5.0,0.3077,0.3333,0
1.0,Mobile Phone,1,11.0,Credit Card,Male,3.0,3,Mobile Phone,5,Divorced,4,0,17.0,1.0,2.0,3.0,153.19,51.0633,9.0,0.0,1.5,0.3333,0
9.0,Mobile Phone,1,9.0,Debit Card,Male,2.0,3,Mobile Phone,3,Single,2,0,13.0,1.0,1.0,0.0,114.2,57.1,6.0,0.0,0.0,0.5,1
0.0,Mobile Phone,3,14.0,Credit Card,Female,3.0,1,Mobile Phone,2,Divorced,9,0,14.0,1.0,1.0,0.0,125.34,62.67,3.0,0.0,0.0,0.5,0
0.0,Mobile Phone,3,29.0,E wallet,Female,2.0,4,Laptop & Accessory,1,Married,8,1,19.0,0.0,1.0,0.0,141.57,70.785,8.0,5.0,0.0,0.0,0
4.0,Mobile Phone,1,13.0,Cash on Delivery,Female,3.0,5,Laptop & Accessory,1,Married,2,0,13.0,6.0,7.0,8.0,171.27,21.4088,15.0,0.0,1.6,0.75,0
0.0,Mobile Phone,1,28.0,Credit Card,Male,3.0,3,Laptop & Accessory,3,Married,2,1,15.0,5.0,6.0,7.0,161.79,23.1129,9.0,3.0,7.0,0.7143,1
7.0,Mobile Phone,3,15.0,Debit Card,Female,3.0,3,Laptop & Accessory,3,Divorced,2,0,20.0,1.0,1.0,3.0,157.14,78.57,9.0,0.0,0.375,0.5,0
0.0,Mobile Phone,3,15.0,E wallet,Female,3.0,5,Mobile Phone,4,Single,2,0,13.0,2.0,2.0,2.0,127.6,42.5333,15.0,0.0,2.0,0.6667,1
1.0,Mobile Phone,1,9.0,Credit Card,Male,3.0,5,Mobile Phone,2,Single,2,0,13.0,1.0,2.0,2.0,164.04,54.68,15.0,0.0,1.0,0.3333,0
14.0,Computer,3,8.0,Debit Card,Male,4.0,4,Laptop & Accessory,3,Married,9,0,13.0,2.0,2.0,2.0,192.28,64.0933,16.0,0.0,0.1333,0.6667,1
4.0,Mobile Phone,3,14.0,Debit Card,Male,2.0,4,Mobile Phone,3,Married,4,0,15.0,2.0,5.0,2.0,123.29,20.5483,8.0,0.0,0.4,0.3333,0
0.0,Mobile Phone,1,10.0,Cash on Delivery,Male,2.0,3,Mobile Phone,1,Married,2,1,15.0,4.0,5.0,6.0,136.91,22.8183,6.0,5.0,6.0,0.6667,1
22.0,Mobile Phone,1,13.0,Debit Card,Male,4.0,5,Laptop & Accessory,3,Single,4,0,14.0,1.0,3.0,3.0,167.4,41.85,20.0,0.0,0.1304,0.25,0
18.0,Mobile Phone,1,14.0,Debit Card,Male,2.0,3,Laptop & Accessory,4,Married,9,0,18.0,1.0,1.0,15.0,123.48,61.74,6.0,0.0,0.7895,0.5,0
8.0,Computer,1,8.0,Credit Card,Male,3.0,4,Mobile Phone,1,Single,1,1,14.0,1.0,1.0,4.0,149.3,74.65,12.0,5.0,0.4444,0.5,0
17.0,Mobile Phone,2,9.0,Debit Card,Male,4.0,4,Mobile Phone,1,Single,2,0,14.0,2.0,2.0,9.0,160.39,53.4633,16.0,0.0,0.5,0.6667,0
7.0,Mobile Phone,1,32.0,Debit Card,Male,3.0,5,Laptop & Accessory,4,Single,3,0,14.0,2.0,2.0,3.0,168.2,56.0667,15.0,0.0,0.375,0.6667,0
15.0,Computer,3,17.0,Debit Card,Male,3.0,4,Laptop & Accessory,1,Single,9,0,15.0,1.0,2.0,11.0,187.3,62.4333,12.0,0.0,0.6875,0.3333,0
29.0,Computer,3,12.0,Debit Card,Female,2.0,1,Grocery,5,Married,10,0,11.0,6.0,2.0,7.0,232.12,77.3733,2.0,0.0,0.2333,2.0,0
27.0,Mobile Phone,1,15.0,Debit Card,Female,3.0,3,Laptop & Accessory,3,Married,4,0,11.0,0.0,2.0,3.0,128.97,42.99,9.0,0.0,0.1071,0.0,0
0.0,Computer,1,35.0,Credit Card,Male,3.0,4,Mobile Phone,4,Single,1,0,11.0,1.0,1.0,4.0,134.79,67.395,12.0,0.0,4.0,0.5,1
0.0,Mobile Phone,3,10.0,E wallet,Male,2.0,4,Laptop & Accessory,5,Divorced,2,0,12.0,1.0,1.0,3.0,142.56,71.28,8.0,0.0,3.0,0.5,0
3.0,Mobile Phone,3,17.0,Debit Card,Male,4.0,4,Mobile Phone,3,Single,3,0,12.0,2.0,2.0,1.0,151.42,50.4733,16.0,0.0,0.25,0.6667,0
6.0,Mobile Phone,3,9.0,E wallet,Male,3.0,4,Laptop & Accessory,4,Divorced,2,1,14.0,1.0,2.0,3.0,165.78,55.26,12.0,2.0,0.4286,0.3333,0
8.0,Mobile Phone,1,13.0,UPI,Male,2.0,3,Fashion,3,Single,4,0,21.0,0.0,1.0,6.0,202.21,101.105,6.0,0.0,0.6667,0.0,0
13.0,Mobile Phone,1,18.0,Debit Card,Female,2.0,3,Laptop & Accessory,5,Married,3,0,12.0,1.0,7.0,7.0,144.48,18.06,6.0,0.0,0.5,0.125,0
11.0,Computer,1,16.0,Credit Card,Male,3.0,3,Mobile Phone,3,Married,1,0,17.0,0.0,1.0,2.0,126.84,63.42,9.0,0.0,0.1667,0.0,0
17.0,Mobile Phone,3,32.0,Credit Card,Male,4.0,5,Fashion,1,Married,7,0,14.0,2.0,2.0,1.0,232.98,77.66,20.0,0.0,0.0556,0.6667,0
1.0,Mobile Phone,3,7.0,Cash on Delivery,Female,4.0,4,Mobile Phone,4,Single,3,1,17.0,2.0,2.0,5.0,157.02,52.34,16.0,2.0,2.5,0.6667,1
29.0,Computer,1,15.0,Credit Card,Female,3.0,3,Mobile Phone,3,Divorced,3,0,19.0,0.0,1.0,3.0,129.42,64.71,9.0,0.0,0.1,0.0,0
21.0,Mobile Phone,3,9.0,Debit Card,Female,4.0,5,Mobile Phone,1,Single,3,1,19.0,1.0,2.0,3.0,157.94,52.6467,20.0,5.0,0.1364,0.3333,0
3.0,Mobile Phone,1,10.0,Credit Card,Male,4.0,5,Fashion,3,Married,3,0,19.0,1.0,2.0,8.0,244.35,81.45,20.0,0.0,2.0,0.3333,0
26.0,Mobile Phone,1,14.0,Debit Card,Male,2.0,3,Laptop & Accessory,1,Single,3,0,17.0,2.0,2.0,2.0,124.5,41.5,6.0,0.0,0.0741,0.6667,0
0.0,Mobile Phone,3,12.0,Debit Card,Male,3.0,5,Laptop & Accessory,3,Divorced,5,1,18.0,6.0,7.0,7.0,161.72,20.215,15.0,3.0,7.0,0.75,1
5.0,Computer,1,10.0,Credit Card,Male,4.0,4,Fashion,3,Married,11,0,13.0,1.0,3.0,3.0,261.75,65.4375,16.0,0.0,0.5,0.25,0
1.0,Computer,1,15.0,Debit Card,Male,3.0,6,Mobile Phone,3,Divorced,3,0,20.0,2.0,2.0,3.0,171.21,57.07,18.0,0.0,1.5,0.6667,0
26.0,Mobile Phone,1,6.0,Debit Card,Male,3.0,4,Fashion,4,Single,9,0,20.0,3.0,5.0,3.0,229.45,38.2417,12.0,0.0,0.1111,0.5,0
19.0,Mobile Phone,3,9.0,UPI,Male,4.0,4,Laptop & Accessory,4,Married,2,0,20.0,4.0,4.0,8.0,173.05,34.61,16.0,0.0,0.4,0.8,0
10.0,Mobile Phone,1,19.0,Credit Card,Male,2.0,3,Laptop & Accessory,1,Married,2,0,17.0,2.0,3.0,7.0,142.85,35.7125,6.0,0.0,0.6364,0.5,0
10.0,Computer,3,27.0,Credit Card,Female,3.0,3,Mobile Phone,2,Divorced,6,0,15.0,1.0,1.0,0.0,129.73,64.865,9.0,0.0,0.0,0.5,0
4.0,Mobile Phone,3,13.0,E wallet,Male,3.0,3,Laptop & Accessory,1,Married,5,0,12.0,0.0,1.0,7.0,175.47,87.735,9.0,0.0,1.4,0.0,0
25.0,Computer,1,34.0,Credit Card,Female,2.0,1,Grocery,3,Married,3,1,11.0,1.0,2.0,2.0,232.47000000000003,77.49,2.0,3.0,0.0769,0.3333,0
3.0,Mobile Phone,3,13.0,E wallet,Female,3.0,3,Laptop & Accessory,5,Married,8,0,14.0,1.0,1.0,2.0,147.79,73.895,9.0,0.0,0.5,0.5,0
10.0,Mobile Phone,1,16.0,Debit Card,Male,2.0,3,Laptop & Accessory,4,Single,3,1,12.0,0.0,1.0,1.0,141.97,70.985,6.0,2.0,0.0909,0.0,0
30.0,Mobile Phone,3,35.0,E wallet,Male,2.0,4,Grocery,2,Married,4,0,12.0,0.0,2.0,0.0,241.18,80.3933,8.0,0.0,0.0,0.0,0
5.0,Computer,3,11.0,E wallet,Male,3.0,4,Laptop & Accessory,4,Single,3,0,19.0,5.0,8.0,3.0,218.55,24.2833,12.0,0.0,0.5,0.5556,1
11.0,Mobile Phone,2,15.0,UPI,Male,3.0,4,Laptop & Accessory,4,Married,4,0,14.0,5.0,5.0,8.0,165.71,27.6183,12.0,0.0,0.6667,0.8333,0
1.0,Mobile Phone,1,23.0,Credit Card,Male,3.0,4,Mobile Phone,4,Married,4,1,14.0,2.0,2.0,3.0,148.73,49.5767,12.0,2.0,1.5,0.6667,1
23.0,Mobile Phone,3,5.0,E wallet,Male,2.0,3,Others,3,Married,5,1,15.0,0.0,1.0,0.0,293.31,146.655,6.0,3.0,0.0,0.0,0
3.0,Mobile Phone,1,34.0,Credit Card,Female,3.0,3,Laptop & Accessory,2,Divorced,2,0,13.0,0.0,1.0,9.0,157.75,78.875,9.0,0.0,2.25,0.0,0
13.0,Mobile Phone,1,13.0,Debit Card,Female,3.0,4,Fashion,4,Single,6,0,19.0,3.0,3.0,3.0,208.76,52.19,12.0,0.0,0.2143,0.75,0
0.0,Mobile Phone,3,10.0,Credit Card,Male,2.0,5,Fashion,1,Married,2,0,11.0,6.0,9.0,8.0,204.0,20.4,10.0,0.0,8.0,0.6,1
3.0,Computer,3,27.0,Cash on Delivery,Female,3.0,4,Mobile Phone,2,Divorced,3,0,16.0,1.0,2.0,3.0,146.57,48.8567,12.0,0.0,0.75,0.3333,0
5.0,Mobile Phone,3,25.0,Debit Card,Male,3.0,5,Fashion,3,Married,4,0,13.0,1.0,1.0,2.0,196.1,98.05,15.0,0.0,0.3333,0.5,0
9.0,Computer,1,23.0,Debit Card,Male,3.0,5,Mobile Phone,3,Single,3,0,13.0,1.0,1.0,0.0,122.9,61.45,15.0,0.0,0.0,0.5,0
21.0,Mobile Phone,3,21.0,E wallet,Male,3.0,4,Laptop & Accessory,5,Single,4,0,13.0,1.0,2.0,8.0,174.6,58.2,12.0,0.0,0.3636,0.3333,0
1.0,Computer,1,9.0,Debit Card,Male,4.0,4,Mobile Phone,1,Married,8,1,14.0,1.0,3.0,3.0,162.22,40.555,16.0,5.0,1.5,0.25,1
5.0,Mobile Phone,1,31.0,Credit Card,Female,4.0,5,Laptop & Accessory,5,Single,3,0,20.0,1.0,2.0,9.0,193.12,64.3733,20.0,0.0,1.5,0.3333,0
24.0,Mobile Phone,3,16.0,E wallet,Male,3.0,4,Others,3,Married,6,1,15.0,1.0,2.0,1.0,318.31,106.1033,12.0,3.0,0.04,0.3333,0
9.0,Computer,1,20.0,Credit Card,Female,2.0,3,Mobile Phone,3,Single,2,0,16.0,1.0,1.0,0.0,115.14,57.57,6.0,0.0,0.0,0.5,0
19.0,Mobile Phone,1,9.0,Debit Card,Female,4.0,5,Mobile Phone,3,Single,3,0,15.0,2.0,2.0,1.0,147.74,49.2467,20.0,0.0,0.05,0.6667,0
12.0,Mobile Phone,1,7.0,Debit Card,Male,4.0,5,Fashion,3,Single,11,1,14.0,1.0,2.0,1.0,178.81,59.6033,20.0,3.0,0.0769,0.3333,1
24.0,Mobile Phone,1,9.0,Credit Card,Female,3.0,3,Grocery,4,Single,4,0,18.0,0.0,2.0,0.0,237.34,79.1133,9.0,0.0,0.0,0.0,0
7.0,Mobile Phone,1,35.0,Credit Card,Male,2.0,3,Laptop & Accessory,3,Divorced,5,0,13.0,0.0,7.0,7.0,154.29,19.2862,6.0,0.0,0.875,0.0,0
9.0,Computer,1,10.0,Debit Card,Male,3.0,5,Mobile Phone,3,Married,3,0,19.0,2.0,2.0,1.0,137.81,45.9367,15.0,0.0,0.1,0.6667,0
7.0,Mobile Phone,3,10.0,Debit Card,Male,3.0,3,Fashion,1,Married,3,1,13.0,0.0,1.0,0.0,197.13,98.565,9.0,5.0,0.0,0.0,0
5.0,Mobile Phone,1,16.0,Credit Card,Male,3.0,3,Fashion,1,Single,3,0,25.0,0.0,1.0,3.0,212.44,106.22,9.0,0.0,0.5,0.0,0
20.0,Mobile Phone,1,31.0,Credit Card,Male,2.0,3,Fashion,3,Single,3,0,23.0,9.0,12.0,11.0,186.33,14.3331,6.0,0.0,0.5238,0.6923,0
19.0,Mobile Phone,2,31.0,Credit Card,Male,3.0,4,Mobile Phone,4,Single,3,0,17.0,1.0,2.0,5.0,146.77,48.9233,12.0,0.0,0.25,0.3333,0
18.0,Computer,1,8.0,Credit Card,Male,3.0,4,Grocery,1,Married,10,0,23.0,1.0,11.0,8.0,267.92,22.3267,12.0,0.0,0.4211,0.0833,0
2.0,Mobile Phone,1,27.0,Debit Card,Female,2.0,1,Fashion,5,Married,2,0,11.0,6.0,8.0,8.0,199.8,22.2,2.0,0.0,2.6667,0.6667,0
10.0,Computer,1,25.0,Credit Card,Female,4.0,4,Mobile Phone,1,Single,3,0,14.0,1.0,2.0,8.0,146.53,48.8433,16.0,0.0,0.7273,0.3333,0
16.0,Mobile Phone,1,9.0,Credit Card,Male,4.0,5,Mobile Phone,4,Married,6,0,15.0,2.0,2.0,1.0,173.41,57.8033,20.0,0.0,0.0588,0.6667,0
7.0,Mobile Phone,1,8.0,Credit Card,Female,2.0,4,Mobile Phone,5,Single,2,0,11.0,1.0,1.0,3.0,143.81,71.905,8.0,0.0,0.375,0.5,0
9.0,Mobile Phone,1,23.0,Debit Card,Female,3.0,3,Mobile Phone,4,Divorced,2,0,13.0,0.0,1.0,0.0,122.1,61.05,9.0,0.0,0.0,0.0,1
10.0,Computer,3,15.0,Credit Card,Male,3.0,3,Fashion,4,Married,2,0,13.0,1.0,7.0,7.0,188.34,23.5425,9.0,0.0,0.6364,0.125,0
15.0,Mobile Phone,1,8.0,UPI,Male,3.0,4,Laptop & Accessory,2,Single,4,0,23.0,0.0,1.0,0.0,167.81,83.905,12.0,0.0,0.0,0.0,0
7.0,Computer,2,17.0,Debit Card,Male,2.0,4,Laptop & Accessory,4,Married,5,0,11.0,0.0,1.0,8.0,144.9,72.45,8.0,0.0,1.0,0.0,0
11.0,Mobile Phone,1,6.0,Cash on Delivery,Female,3.0,3,Fashion,5,Divorced,2,0,13.0,3.0,2.0,11.0,235.82,78.6067,9.0,0.0,0.9167,1.0,0
1.0,Mobile Phone,3,15.0,Debit Card,Male,3.0,2,Laptop & Accessory,4,Married,2,0,23.0,2.0,2.0,3.0,173.51,57.8367,6.0,0.0,1.5,0.6667,0
14.0,Computer,3,6.0,E wallet,Female,3.0,3,Laptop & Accessory,5,Married,1,0,17.0,0.0,1.0,7.0,141.03,70.515,9.0,0.0,0.4667,0.0,0
9.0,Mobile Phone,1,6.0,Credit Card,Male,2.0,4,Mobile Phone,3,Divorced,7,0,12.0,1.0,1.0,7.0,122.58,61.29,8.0,0.0,0.7,0.5,0
24.0,Computer,3,15.0,Debit Card,Male,2.0,3,Others,4,Married,5,1,15.0,2.0,11.0,10.0,298.47,24.8725,6.0,2.0,0.4,0.1667,0
17.0,Mobile Phone,3,32.0,Credit Card,Male,4.0,5,Fashion,2,Married,7,0,14.0,2.0,2.0,1.0,259.0,86.3333,20.0,0.0,0.0556,0.6667,0
7.0,Mobile Phone,1,12.0,Debit Card,Male,3.0,5,Fashion,2,Married,6,0,16.0,1.0,2.0,3.0,196.19,65.3967,15.0,0.0,0.375,0.3333,0
9.0,Mobile Phone,1,15.0,Credit Card,Male,2.0,4,Mobile Phone,3,Single,2,0,13.0,0.0,1.0,8.0,122.06,61.03,8.0,0.0,0.8,0.0,0
12.0,Mobile Phone,3,23.0,Debit Card,Female,3.0,4,Laptop & Accessory,4,Single,4,0,13.0,2.0,2.0,3.0,166.98,55.66,12.0,0.0,0.2308,0.6667,0
19.0,Mobile Phone,3,6.0,E wallet,Female,3.0,3,Fashion,5,Married,2,0,25.0,4.0,15.0,7.0,204.53,12.7831,9.0,0.0,0.35,0.25,0
1.0,Mobile Phone,1,22.0,UPI,Male,3.0,4,Laptop & Accessory,3,Married,9,0,15.0,1.0,2.0,1.0,173.34,57.78,12.0,0.0,0.5,0.3333,1
25.0,Mobile Phone,1,8.0,Debit Card,Female,2.0,4,Mobile Phone,1,Single,8,0,15.0,2.0,2.0,2.0,132.12,44.04,8.0,0.0,0.0769,0.6667,0
6.0,Mobile Phone,3,13.0,Credit Card,Male,3.0,4,Laptop & Accessory,3,Single,3,0,17.0,6.0,6.0,8.0,175.1,25.0143,12.0,0.0,1.1429,0.8571,0
1.0,Mobile Phone,1,24.0,UPI,Male,4.0,5,Mobile Phone,4,Divorced,3,0,22.0,2.0,2.0,1.0,146.27,48.7567,20.0,0.0,0.5,0.6667,0
1.0,Computer,1,14.0,Debit Card,Female,3.0,4,Mobile Phone,3,Divorced,3,1,17.0,1.0,2.0,3.0,153.86,51.2867,12.0,3.0,1.5,0.3333,1
1.0,Mobile Phone,1,23.0,Debit Card,Male,3.0,2,Laptop & Accessory,3,Married,5,0,17.0,2.0,2.0,8.0,177.94,59.3133,6.0,0.0,4.0,0.6667,0
0.0,Mobile Phone,3,19.0,E wallet,Male,3.0,4,Laptop & Accessory,5,Married,6,1,13.0,2.0,2.0,2.0,161.34,53.78,12.0,1.0,2.0,0.6667,1
21.0,Mobile Phone,1,9.0,Credit Card,Female,3.0,4,Grocery,3,Married,5,0,15.0,3.0,6.0,7.0,296.69,42.3843,12.0,0.0,0.3182,0.4286,0
28.0,Mobile Phone,1,10.0,Debit Card,Male,3.0,4,Grocery,1,Married,5,0,15.0,1.0,2.0,10.0,302.79,100.93,12.0,0.0,0.3448,0.3333,0
3.0,Mobile Phone,1,16.0,Debit Card,Male,4.0,2,Mobile Phone,3,Married,8,0,19.0,1.0,2.0,1.0,149.51,49.8367,8.0,0.0,0.25,0.3333,0
8.0,Mobile Phone,1,36.0,Credit Card,Male,3.0,4,Laptop & Accessory,3,Divorced,6,0,14.0,1.0,8.0,8.0,179.29,19.9211,12.0,0.0,0.8889,0.1111,0
1.0,Computer,3,25.0,E wallet,Female,4.0,4,Laptop & Accessory,3,Married,2,1,19.0,1.0,4.0,3.0,171.14,34.228,16.0,3.0,1.5,0.2,1
1.0,Computer,1,12.0,Debit Card,Female,3.0,4,Mobile Phone,1,Single,2,1,15.0,2.0,2.0,3.0,148.79,49.5967,12.0,5.0,1.5,0.6667,0
1.0,Mobile Phone,1,10.0,Debit Card,Female,3.0,4,Laptop & Accessory,3,Divorced,2,1,20.0,2.0,2.0,3.0,166.71,55.57,12.0,3.0,1.5,0.6667,1
5.0,Computer,1,21.0,Credit Card,Female,2.0,3,Laptop & Accessory,1,Married,6,0,18.0,0.0,1.0,2.0,166.67,83.335,6.0,0.0,0.3333,0.0,0
3.0,Mobile Phone,3,11.0,Debit Card,Female,2.0,3,Fashion,1,Married,3,0,12.0,1.0,7.0,4.0,194.19,24.2738,6.0,0.0,1.0,0.125,0
9.0,Mobile Phone,1,34.0,Credit Card,Female,3.0,5,Mobile Phone,5,Single,3,0,12.0,1.0,2.0,2.0,150.59,50.1967,15.0,0.0,0.2,0.3333,0
6.0,Mobile Phone,1,34.0,Debit Card,Male,3.0,3,Laptop & Accessory,3,Married,2,1,12.0,1.0,5.0,7.0,152.07,25.345,9.0,3.0,1.0,0.1667,0
2.0,Mobile Phone,3,11.0,Credit Card,Male,2.0,4,Laptop & Accessory,4,Married,2,1,13.0,0.0,1.0,9.0,141.87,70.935,8.0,2.0,3.0,0.0,0
27.0,Mobile Phone,3,14.0,E wallet,Female,4.0,5,Fashion,1,Married,9,1,19.0,1.0,2.0,5.0,234.34,78.1133,20.0,5.0,0.1786,0.3333,0
17.0,Mobile Phone,1,10.0,Debit Card,Male,4.0,6,Others,2,Divorced,5,0,15.0,2.0,2.0,8.0,322.4,107.4667,24.0,0.0,0.4444,0.6667,0
9.0,Mobile Phone,3,7.0,E wallet,Male,4.0,4,Fashion,4,Married,3,0,14.0,1.0,2.0,7.0,197.95,65.9833,16.0,0.0,0.7,0.3333,0
21.0,Computer,1,6.0,Credit Card,Male,2.0,1,Grocery,2,Single,3,0,22.0,1.0,2.0,1.0,268.85,89.6167,2.0,0.0,0.0455,0.3333,0
28.0,Mobile Phone,1,26.0,Cash on Delivery,Male,2.0,3,Laptop & Accessory,1,Married,4,1,19.0,0.0,1.0,8.0,154.15,77.075,6.0,5.0,0.2759,0.0,0
17.0,Mobile Phone,1,14.0,Debit Card,Male,3.0,1,Mobile Phone,2,Divorced,3,1,24.0,1.0,1.0,2.0,128.18,64.09,3.0,4.0,0.1111,0.5,0
7.0,Computer,3,32.0,Credit Card,Female,3.0,4,Laptop & Accessory,3,Married,3,0,13.0,1.0,2.0,2.0,170.39,56.7967,12.0,0.0,0.25,0.3333,0
21.0,Mobile Phone,1,12.0,Debit Card,Male,3.0,4,Others,3,Divorced,6,0,15.0,1.0,2.0,2.0,308.0,102.6667,12.0,0.0,0.0909,0.3333,0
3.0,Mobile Phone,1,34.0,Credit Card,Female,3.0,3,Laptop & Accessory,1,Married,2,0,13.0,1.0,1.0,9.0,157.75,78.875,9.0,0.0,2.25,0.5,0
3.0,Mobile Phone,1,14.0,Debit Card,Male,3.0,4,Mobile Phone,5,Single,5,0,15.0,1.0,2.0,3.0,145.62,48.54,12.0,0.0,0.75,0.3333,0
9.0,Mobile Phone,1,33.0,Credit Card,Male,3.0,3,Laptop & Accessory,3,Married,7,0,13.0,0.0,7.0,7.0,152.37,19.0462,9.0,0.0,0.7,0.0,0
12.0,Mobile Phone,1,7.0,Debit Card,Female,3.0,2,Laptop & Accessory,1,Single,2,0,14.0,1.0,2.0,9.0,201.25,67.0833,6.0,0.0,0.6923,0.3333,0
1.0,Mobile Phone,1,7.0,Credit Card,Male,4.0,4,Mobile Phone,1,Married,4,1,17.0,1.0,3.0,1.0,147.93,36.9825,16.0,5.0,0.5,0.25,1
15.0,Computer,3,8.0,E wallet,Female,4.0,4,Laptop & Accessory,5,Married,2,0,18.0,1.0,2.0,8.0,166.03,55.3433,16.0,0.0,0.5,0.3333,0
29.0,Mobile Phone,1,11.0,Debit Card,Male,2.0,4,Laptop & Accessory,3,Divorced,2,1,17.0,1.0,2.0,3.0,165.35,55.1167,8.0,3.0,0.1,0.3333,0
2.0,Mobile Phone,1,14.0,UPI,Female,2.0,5,Laptop & Accessory,5,Married,4,0,13.0,0.0,1.0,7.0,197.15,98.575,10.0,0.0,2.3333,0.0,0
7.0,Mobile Phone,1,8.0,Debit Card,Male,3.0,4,Mobile Phone,3,Married,4,0,12.0,3.0,5.0,7.0,127.68,21.28,12.0,0.0,0.875,0.5,0
8.0,Mobile Phone,1,11.0,Cash on Delivery,Male,3.0,3,Fashion,4,Single,1,0,13.0,0.0,1.0,13.0,180.95,90.475,9.0,0.0,1.4444,0.0,0
24.0,Mobile Phone,1,7.0,Credit Card,Male,4.0,4,Grocery,1,Married,11,0,15.0,1.0,2.0,4.0,298.99,99.6633,16.0,0.0,0.16,0.3333,0
28.0,Mobile Phone,1,16.0,Debit Card,Female,4.0,4,Laptop & Accessory,3,Married,5,0,12.0,2.0,3.0,4.0,153.97,38.4925,16.0,0.0,0.1379,0.5,0
5.0,Computer,3,9.0,Debit Card,Female,3.0,4,Fashion,3,Married,3,1,20.0,9.0,10.0,3.0,223.52,20.32,12.0,3.0,0.5,0.8182,0
20.0,Mobile Phone,2,7.0,Debit Card,Female,3.0,4,Mobile Phone,5,Single,8,0,13.0,4.0,6.0,8.0,159.23,22.7471,12.0,0.0,0.381,0.5714,0
18.0,Mobile Phone,1,27.0,Debit Card,Male,3.0,4,Mobile Phone,4,Single,3,0,14.0,2.0,2.0,4.0,159.2,53.0667,12.0,0.0,0.2105,0.6667,0
0.0,Computer,1,35.0,Credit Card,Male,3.0,4,Mobile Phone,4,Single,1,0,11.0,0.0,1.0,4.0,134.79,67.395,12.0,0.0,4.0,0.0,1
7.0,Mobile Phone,1,35.0,Debit Card,Male,4.0,4,Laptop & Accessory,3,Married,3,1,13.0,2.0,6.0,8.0,177.07,25.2957,16.0,3.0,1.0,0.2857,0
14.0,Mobile Phone,3,16.0,Credit Card,Male,3.0,4,Laptop & Accessory,5,Married,2,0,13.0,8.0,8.0,2.0,179.73,19.97,12.0,0.0,0.1333,0.8889,0
15.0,Mobile Phone,3,30.0,Debit Card,Male,4.0,4,Fashion,3,Single,5,1,17.0,1.0,2.0,3.0,195.82,65.2733,16.0,3.0,0.1875,0.3333,0
17.0,Mobile Phone,1,10.0,Debit Card,Male,4.0,6,Others,1,Married,5,0,15.0,2.0,2.0,8.0,322.4,107.4667,24.0,0.0,0.4444,0.6667,0
31.0,Mobile Phone,1,8.0,Credit Card,Female,4.0,4,Others,5,Married,5,1,15.0,2.0,2.0,6.0,322.01,107.3367,16.0,1.0,0.1875,0.6667,0
5.0,Computer,3,9.0,UPI,Male,3.0,4,Laptop & Accessory,5,Single,9,0,14.0,2.0,2.0,4.0,178.32,59.44,12.0,0.0,0.6667,0.6667,0
18.0,Computer,1,12.0,Debit Card,Male,3.0,5,Mobile Phone,3,Single,5,0,15.0,1.0,2.0,4.0,156.62,52.2067,15.0,0.0,0.2105,0.3333,0
16.0,Computer,1,14.0,Debit Card,Female,2.0,3,Mobile Phone,2,Single,1,0,19.0,0.0,1.0,7.0,124.55,62.275,6.0,0.0,0.4118,0.0,0
25.0,Computer,3,16.0,Debit Card,Male,3.0,4,Others,4,Married,6,1,25.0,7.0,12.0,11.0,323.47,24.8823,12.0,2.0,0.4231,0.5385,0
12.0,Mobile Phone,1,12.0,Credit Card,Male,2.0,4,Fashion,5,Married,5,0,15.0,1.0,1.0,7.0,199.91,99.955,8.0,0.0,0.5385,0.5,0
4.0,Mobile Phone,1,30.0,Credit Card,Female,3.0,4,Laptop & Accessory,5,Single,2,0,19.0,1.0,1.0,8.0,168.12,84.06,12.0,0.0,1.6,0.5,0
14.0,Mobile Phone,1,12.0,Credit Card,Male,3.0,4,Laptop & Accessory,4,Single,7,1,15.0,1.0,1.0,2.0,160.32,80.16,12.0,2.0,0.1333,0.5,0
12.0,Mobile Phone,3,27.0,Debit Card,Male,2.0,4,Laptop & Accessory,2,Divorced,4,1,12.0,0.0,1.0,4.0,161.2,80.6,8.0,4.0,0.3077,0.0,0
8.0,Computer,1,14.0,UPI,Male,2.0,4,Mobile Phone,2,Divorced,2,0,13.0,2.0,2.0,2.0,123.76,41.2533,8.0,0.0,0.2222,0.6667,0
14.0,Mobile Phone,1,22.0,Debit Card,Female,4.0,5,Fashion,3,Married,3,0,14.0,2.0,15.0,3.0,229.35,14.3344,20.0,0.0,0.2,0.125,0
0.0,Computer,1,14.0,Credit Card,Male,3.0,3,Mobile Phone,3,Divorced,2,0,12.0,2.0,2.0,2.0,126.1,42.0333,9.0,0.0,2.0,0.6667,1
5.0,Mobile Phone,1,7.0,Debit Card,Male,4.0,5,Mobile Phone,5,Divorced,3,0,13.0,1.0,4.0,3.0,147.18,29.436,20.0,0.0,0.5,0.2,0
8.0,Mobile Phone,3,11.0,Debit Card,Male,4.0,4,Fashion,1,Married,4,1,14.0,1.0,2.0,3.0,222.13,74.0433,16.0,5.0,0.3333,0.3333,0
22.0,Computer,1,11.0,Credit Card,Male,3.0,5,Grocery,1,Married,4,0,26.0,1.0,3.0,3.0,277.02,69.255,15.0,0.0,0.1304,0.25,0
18.0,Mobile Phone,1,31.0,Debit Card,Female,3.0,4,Laptop & Accessory,1,Married,1,0,13.0,0.0,3.0,8.0,159.06,39.765,12.0,0.0,0.4211,0.0,0
12.0,Mobile Phone,1,12.0,Debit Card,Female,2.0,3,Fashion,4,Single,5,0,18.0,0.0,2.0,2.0,183.76,61.2533,6.0,0.0,0.1538,0.0,0
1.0,Computer,1,17.0,Debit Card,Male,3.0,4,Fashion,5,Married,3,0,22.0,1.0,2.0,3.0,212.93,70.9767,12.0,0.0,1.5,0.3333,0
6.0,Mobile Phone,3,6.0,Credit Card,Male,2.0,1,Laptop & Accessory,5,Married,2,0,22.0,0.0,1.0,8.0,140.37,70.185,2.0,0.0,1.1429,0.0,0
15.0,Mobile Phone,3,30.0,Debit Card,Male,4.0,4,Fashion,3,Single,5,1,17.0,1.0,2.0,3.0,195.82,65.2733,16.0,3.0,0.1875,0.3333,0
29.0,Mobile Phone,1,29.0,Debit Card,Male,3.0,3,Grocery,4,Divorced,5,1,12.0,11.0,2.0,9.0,234.02,78.0067,9.0,2.0,0.3,3.6667,0
9.0,Computer,3,9.0,Credit Card,Female,3.0,3,Mobile Phone,1,Single,2,1,12.0,1.0,1.0,0.0,115.69,57.845,9.0,5.0,0.0,0.5,1
0.0,Mobile Phone,1,14.0,Credit Card,Female,3.0,3,Mobile Phone,5,Married,2,1,17.0,0.0,1.0,0.0,123.98,61.99,9.0,1.0,0.0,0.0,1
27.0,Mobile Phone,1,31.0,Credit Card,Male,3.0,2,Fashion,1,Married,5,0,16.0,1.0,2.0,3.0,195.05,65.0167,6.0,0.0,0.1071,0.3333,0
17.0,Mobile Phone,3,11.0,E wallet,Male,2.0,3,Others,4,Married,8,0,11.0,1.0,3.0,10.0,282.13,70.5325,6.0,0.0,0.5556,0.25,0
13.0,Mobile Phone,2,10.0,UPI,Female,3.0,2,Laptop & Accessory,4,Married,11,0,16.0,1.0,4.0,7.0,188.89,37.778,6.0,0.0,0.5,0.2,0
11.0,Mobile Phone,1,9.0,Cash on Delivery,Female,2.0,3,Laptop & Accessory,3,Single,4,1,20.0,2.0,2.0,2.0,143.17,47.7233,6.0,3.0,0.1667,0.6667,0
19.0,Mobile Phone,1,15.0,UPI,Male,4.0,4,Laptop & Accessory,1,Married,11,0,15.0,9.0,10.0,9.0,161.97,14.7245,16.0,0.0,0.45,0.8182,0
1.0,Mobile Phone,1,14.0,Debit Card,Male,4.0,4,Mobile Phone,4,Single,3,1,24.0,2.0,2.0,1.0,149.72,49.9067,16.0,2.0,0.5,0.6667,1
6.0,Mobile Phone,1,6.0,UPI,Male,3.0,4,Mobile Phone,5,Single,4,1,11.0,1.0,1.0,2.0,127.99,63.995,12.0,1.0,0.2857,0.5,0
1.0,Mobile Phone,1,14.0,Debit Card,Male,4.0,4,Laptop & Accessory,3,Divorced,3,0,19.0,2.0,2.0,2.0,173.83,57.9433,16.0,0.0,1.0,0.6667,1
1.0,Mobile Phone,1,10.0,Credit Card,Male,3.0,5,Mobile Phone,2,Single,2,0,14.0,1.0,2.0,2.0,145.45,48.4833,15.0,0.0,1.0,0.3333,0
0.0,Computer,1,14.0,Credit Card,Male,3.0,3,Mobile Phone,1,Single,2,0,20.0,5.0,5.0,7.0,125.7,20.95,9.0,0.0,7.0,0.8333,0
12.0,Computer,1,19.0,Debit Card,Male,3.0,5,Laptop & Accessory,5,Married,4,0,16.0,2.0,2.0,3.0,187.88,62.6267,15.0,0.0,0.2308,0.6667,0
1.0,Mobile Phone,1,24.0,Debit Card,Female,3.0,4,Mobile Phone,3,Single,3,1,14.0,5.0,8.0,8.0,148.94,16.5489,12.0,3.0,4.0,0.5556,1
15.0,Mobile Phone,1,14.0,Debit Card,Male,2.0,3,Mobile Phone,3,Single,5,0,13.0,1.0,1.0,0.0,139.68,69.84,6.0,0.0,0.0,0.5,0
14.0,Mobile Phone,1,26.0,Credit Card,Male,2.0,4,Laptop & Accessory,1,Married,10,1,16.0,4.0,4.0,8.0,152.41,30.482,8.0,5.0,0.5333,0.8,0
13.0,Computer,3,34.0,UPI,Male,2.0,5,Fashion,5,Married,4,0,15.0,1.0,1.0,3.0,209.32,104.66,10.0,0.0,0.2143,0.5,0
10.0,Mobile Phone,3,16.0,Credit Card,Male,4.0,5,Fashion,2,Single,3,0,17.0,1.0,5.0,3.0,221.19,36.865,20.0,0.0,0.2727,0.1667,1
1.0,Mobile Phone,1,11.0,Debit Card,Male,3.0,2,Laptop & Accessory,4,Married,3,1,21.0,1.0,2.0,4.0,186.42,62.14,6.0,2.0,2.0,0.3333,0
28.0,Mobile Phone,1,29.0,Credit Card,Female,4.0,4,Grocery,3,Married,5,0,15.0,4.0,5.0,8.0,299.26,49.8767,16.0,0.0,0.2759,0.6667,0
20.0,Mobile Phone,1,14.0,Cash on Delivery,Male,4.0,4,Mobile Phone,3,Married,10,0,12.0,7.0,10.0,9.0,148.39,13.49,16.0,0.0,0.4286,0.6364,1
1.0,Computer,1,17.0,Debit Card,Male,3.0,4,Fashion,5,Married,3,0,22.0,2.0,2.0,3.0,212.93,70.9767,12.0,0.0,1.5,0.6667,0
11.0,Mobile Phone,1,21.0,Debit Card,Female,4.0,4,Mobile Phone,5,Married,3,0,13.0,4.0,13.0,18.0,155.34,11.0957,16.0,0.0,1.5,0.2857,0
3.0,Mobile Phone,1,30.0,Credit Card,Male,4.0,4,Mobile Phone,5,Single,2,0,14.0,1.0,2.0,4.0,164.04,54.68,16.0,0.0,1.0,0.3333,1
8.0,Mobile Phone,1,17.0,Debit Card,Male,3.0,4,Mobile Phone,4,Married,3,0,15.0,2.0,2.0,1.0,145.08,48.36,12.0,0.0,0.1111,0.6667,0
1.0,Computer,1,27.0,Debit Card,Male,4.0,4,Fashion,3,Divorced,5,0,13.0,2.0,2.0,3.0,223.24,74.4133,16.0,0.0,1.5,0.6667,1
3.0,Mobile Phone,1,34.0,Credit Card,Female,4.0,4,Laptop & Accessory,3,Married,6,0,13.0,1.0,2.0,2.0,168.35,56.1167,16.0,0.0,0.5,0.3333,0
14.0,Mobile Phone,1,12.0,Credit Card,Male,3.0,4,Laptop & Accessory,4,Single,7,1,15.0,1.0,1.0,2.0,160.32,80.16,12.0,2.0,0.1333,0.5,0
1.0,Mobile Phone,3,9.0,Credit Card,Female,3.0,5,Mobile Phone,3,Single,3,0,14.0,2.0,2.0,3.0,145.44,48.48,15.0,0.0,1.5,0.6667,1
6.0,Mobile Phone,1,36.0,Debit Card,Female,3.0,5,Mobile Phone,4,Single,3,0,14.0,1.0,5.0,2.0,153.37,25.5617,15.0,0.0,0.2857,0.1667,0
10.0,Mobile Phone,1,6.0,Credit Card,Female,2.0,4,Mobile Phone,5,Married,3,0,14.0,0.0,1.0,2.0,139.2,69.6,8.0,0.0,0.1818,0.0,0
0.0,Computer,3,14.0,E wallet,Female,2.0,5,Mobile Phone,3,Married,1,0,16.0,0.0,1.0,0.0,123.51,61.755,10.0,0.0,0.0,0.0,1
10.0,Mobile Phone,1,9.0,Debit Card,Female,3.0,4,Laptop & Accessory,4,Single,11,1,12.0,5.0,6.0,13.0,179.1,25.5857,12.0,2.0,1.1818,0.7143,0
24.0,Mobile Phone,1,31.0,Debit Card,Male,4.0,4,Grocery,3,Divorced,5,1,19.0,1.0,2.0,6.0,264.73,88.2433,16.0,3.0,0.24,0.3333,0
23.0,Mobile Phone,1,14.0,UPI,Male,3.0,5,Fashion,3,Single,10,0,25.0,2.0,2.0,1.0,234.65,78.2167,15.0,0.0,0.0417,0.6667,0
9.0,Computer,1,15.0,Debit Card,Male,3.0,1,Mobile Phone,4,Married,2,0,22.0,1.0,1.0,2.0,128.1,64.05,3.0,0.0,0.2,0.5,0
9.0,Mobile Phone,1,23.0,UPI,Female,3.0,5,Laptop & Accessory,4,Married,2,1,12.0,1.0,2.0,3.0,172.88,57.6267,15.0,2.0,0.3,0.3333,0
11.0,Mobile Phone,1,17.0,Debit Card,Female,3.0,4,Mobile Phone,5,Married,2,1,14.0,5.0,5.0,4.0,152.82,25.47,12.0,1.0,0.3333,0.8333,0
4.0,Mobile Phone,3,29.0,E wallet,Male,4.0,5,Laptop & Accessory,3,Divorced,4,1,13.0,2.0,2.0,1.0,188.8,62.9333,20.0,3.0,0.2,0.6667,1
9.0,Mobile Phone,1,11.0,Credit Card,Male,2.0,1,Mobile Phone,3,Divorced,3,1,12.0,1.0,1.0,3.0,121.27,60.635,2.0,3.0,0.3,0.5,0
4.0,Mobile Phone,1,15.0,Debit Card,Female,4.0,2,Fashion,5,Divorced,2,1,13.0,1.0,2.0,8.0,239.16000000000005,79.72,8.0,1.0,1.6,0.3333,0
19.0,Mobile Phone,1,7.0,UPI,Male,4.0,3,Others,2,Divorced,2,0,15.0,2.0,2.0,8.0,317.02,105.6733,12.0,0.0,0.4,0.6667,0
25.0,Mobile Phone,1,15.0,Debit Card,Male,3.0,5,Fashion,4,Married,7,0,17.0,3.0,2.0,8.0,249.9,83.3,15.0,0.0,0.3077,1.0,0
6.0,Mobile Phone,3,17.0,E wallet,Male,3.0,4,Laptop & Accessory,1,Single,3,0,13.0,2.0,2.0,9.0,178.96,59.6533,12.0,0.0,1.2857,0.6667,0
0.0,Mobile Phone,1,22.0,Debit Card,Male,2.0,1,Laptop & Accessory,3,Married,4,0,16.0,1.0,1.0,7.0,152.94,76.47,2.0,0.0,7.0,0.5,0
9.0,Computer,1,31.0,Debit Card,Female,3.0,3,Mobile Phone,4,Married,2,1,19.0,6.0,7.0,8.0,120.22,15.0275,9.0,2.0,0.8,0.75,1
25.0,Mobile Phone,1,17.0,Debit Card,Female,3.0,3,Laptop & Accessory,3,Divorced,9,0,20.0,1.0,1.0,4.0,131.49,65.745,9.0,0.0,0.1538,0.5,0
0.0,Mobile Phone,3,6.0,Debit Card,Male,2.0,3,Laptop & Accessory,3,Married,2,0,17.0,0.0,7.0,7.0,152.96,19.12,6.0,0.0,7.0,0.0,0
2.0,Mobile Phone,3,9.0,E wallet,Female,3.0,4,Laptop & Accessory,4,Married,3,1,21.0,7.0,8.0,6.0,172.79,19.1989,12.0,2.0,2.0,0.7778,0
1.0,Mobile Phone,3,17.0,Debit Card,Male,3.0,4,Laptop & Accessory,2,Single,2,0,15.0,1.0,2.0,2.0,174.5,58.1667,12.0,0.0,1.0,0.3333,0
4.0,Mobile Phone,1,15.0,Debit Card,Male,2.0,3,Fashion,4,Married,2,0,25.0,0.0,1.0,8.0,206.48,103.24,6.0,0.0,1.6,0.0,0
11.0,Mobile Phone,3,16.0,E wallet,Male,3.0,4,Fashion,3,Married,1,1,14.0,2.0,2.0,7.0,187.4,62.4667,12.0,3.0,0.5833,0.6667,0
14.0,Mobile Phone,1,7.0,Debit Card,Male,4.0,4,Grocery,5,Married,4,0,15.0,10.0,12.0,17.0,293.23,22.5562,16.0,0.0,1.1333,0.7692,0
30.0,Mobile Phone,1,16.0,Credit Card,Male,3.0,4,Grocery,1,Married,9,0,12.0,1.0,2.0,2.0,236.03,78.6767,12.0,0.0,0.0645,0.3333,0
30.0,Mobile Phone,3,6.0,Cash on Delivery,Male,3.0,3,Fashion,1,Married,4,1,14.0,1.0,1.0,3.0,219.04,109.52,9.0,5.0,0.0968,0.5,0
15.0,Mobile Phone,1,14.0,Debit Card,Female,3.0,3,Mobile Phone,5,Married,4,0,16.0,0.0,1.0,2.0,125.76,62.88,9.0,0.0,0.125,0.0,0
19.0,Mobile Phone,3,20.0,E wallet,Male,3.0,2,Grocery,3,Single,8,1,18.0,1.0,4.0,9.0,261.95,52.39,6.0,3.0,0.45,0.2,1
15.0,Computer,1,15.0,Debit Card,Male,3.0,6,Fashion,1,Single,4,0,16.0,2.0,2.0,4.0,231.5,77.1667,18.0,0.0,0.25,0.6667,1
0.0,Mobile Phone,1,7.0,Debit Card,Male,3.0,3,Mobile Phone,3,Single,1,0,12.0,1.0,1.0,2.0,133.75,66.875,9.0,0.0,2.0,0.5,0
0.0,Computer,1,14.0,Debit Card,Male,2.0,5,Mobile Phone,3,Married,2,0,19.0,1.0,1.0,2.0,146.21,73.105,10.0,0.0,2.0,0.5,0
11.0,Mobile Phone,3,13.0,E wallet,Female,2.0,4,Laptop & Accessory,2,Single,1,0,20.0,1.0,1.0,5.0,140.28,70.14,8.0,0.0,0.4167,0.5,0
19.0,Mobile Phone,1,36.0,Credit Card,Male,3.0,4,Mobile Phone,1,Single,7,0,14.0,2.0,2.0,4.0,159.52,53.1733,12.0,0.0,0.2,0.6667,0
1.0,Mobile Phone,1,23.0,Cash on Delivery,Female,3.0,4,Mobile Phone,4,Divorced,11,0,15.0,3.0,3.0,3.0,153.11,38.2775,12.0,0.0,1.5,0.75,0
25.0,Mobile Phone,1,6.0,Debit Card,Male,3.0,3,Grocery,2,Divorced,3,0,15.0,1.0,7.0,8.0,270.99,33.8738,9.0,0.0,0.3077,0.125,0
10.0,Mobile Phone,1,16.0,Credit Card,Female,3.0,3,Mobile Phone,5,Divorced,7,0,20.0,1.0,1.0,3.0,134.52,67.26,9.0,0.0,0.2727,0.5,0
21.0,Mobile Phone,3,21.0,E wallet,Male,3.0,4,Laptop & Accessory,5,Single,4,0,13.0,2.0,2.0,8.0,174.6,58.2,12.0,0.0,0.3636,0.6667,0
17.0,Mobile Phone,1,8.0,Debit Card,Female,3.0,1,Fashion,1,Married,2,1,19.0,1.0,6.0,7.0,178.79,25.5414,3.0,5.0,0.3889,0.1429,0
9.0,Mobile Phone,1,15.0,Debit Card,Female,3.0,3,Mobile Phone,2,Single,2,0,12.0,1.0,2.0,1.0,122.88,40.96,9.0,0.0,0.1,0.3333,0
2.0,Mobile Phone,1,19.0,UPI,Male,2.0,4,Laptop & Accessory,4,Married,5,1,13.0,1.0,1.0,3.0,140.25,70.125,8.0,2.0,1.0,0.5,0
14.0,Computer,1,15.0,Credit Card,Male,3.0,5,Fashion,4,Married,4,0,12.0,1.0,5.0,9.0,262.57,43.7617,15.0,0.0,0.6,0.1667,0
1.0,Mobile Phone,2,14.0,Credit Card,Male,3.0,4,Mobile Phone,2,Married,2,0,13.0,0.0,1.0,4.0,149.36,74.68,12.0,0.0,2.0,0.0,0
10.0,Mobile Phone,3,15.0,E wallet,Male,2.0,4,Laptop & Accessory,4,Married,2,0,14.0,1.0,1.0,3.0,141.89,70.945,8.0,0.0,0.2727,0.5,0
0.0,Mobile Phone,1,8.0,Debit Card,Female,2.0,3,Laptop & Accessory,1,Married,1,0,18.0,2.0,2.0,2.0,142.27,47.4233,6.0,0.0,2.0,0.6667,0
13.0,Mobile Phone,2,12.0,Credit Card,Male,2.0,3,Grocery,1,Single,2,1,21.0,1.0,7.0,7.0,264.37,33.0462,6.0,5.0,0.5,0.125,0
11.0,Mobile Phone,1,18.0,Credit Card,Female,4.0,4,Mobile Phone,3,Single,6,0,19.0,2.0,2.0,3.0,161.29,53.7633,16.0,0.0,0.25,0.6667,0
18.0,Mobile Phone,1,12.0,UPI,Male,2.0,3,Fashion,5,Married,5,1,14.0,1.0,2.0,0.0,232.45,77.4833,6.0,1.0,0.0,0.3333,0
0.0,Computer,1,8.0,Debit Card,Male,3.0,3,Mobile Phone,1,Married,7,1,13.0,0.0,2.0,2.0,137.22,45.74,9.0,5.0,2.0,0.0,1
10.0,Mobile Phone,1,14.0,Debit Card,Male,4.0,4,Mobile Phone,4,Single,4,0,12.0,1.0,2.0,4.0,145.13,48.3767,16.0,0.0,0.3636,0.3333,0
1.0,Mobile Phone,3,18.0,Credit Card,Female,4.0,2,Mobile Phone,1,Married,10,0,15.0,1.0,2.0,1.0,150.34,50.1133,8.0,0.0,0.5,0.3333,0
22.0,Mobile Phone,1,7.0,Debit Card,Female,3.0,5,Grocery,5,Married,9,0,12.0,1.0,2.0,3.0,279.02,93.0067,15.0,0.0,0.1304,0.3333,0
18.0,Mobile Phone,1,14.0,UPI,Male,3.0,3,Laptop & Accessory,2,Divorced,10,0,14.0,7.0,9.0,8.0,136.97,13.697,9.0,0.0,0.4211,0.7,0
13.0,Mobile Phone,2,12.0,Credit Card,Male,2.0,3,Grocery,1,Single,2,1,21.0,1.0,7.0,7.0,264.37,33.0462,6.0,5.0,0.5,0.125,0
19.0,Mobile Phone,1,14.0,Debit Card,Male,3.0,3,Mobile Phone,1,Single,2,0,16.0,0.0,1.0,0.0,125.87,62.935,9.0,0.0,0.0,0.0,1
21.0,Computer,3,10.0,Credit Card,Female,3.0,4,Grocery,3,Married,11,1,13.0,1.0,12.0,14.0,262.7,20.2077,12.0,3.0,0.6364,0.0769,0
19.0,Mobile Phone,3,6.0,E wallet,Female,3.0,3,Fashion,5,Married,2,0,25.0,8.0,15.0,7.0,204.53,12.7831,9.0,0.0,0.35,0.5,0
19.0,Computer,3,13.0,Credit Card,Female,3.0,5,Fashion,1,Single,8,0,13.0,6.0,13.0,3.0,213.65,15.2607,15.0,0.0,0.15,0.4286,0
25.0,Mobile Phone,1,9.0,Credit Card,Male,2.0,4,Fashion,3,Divorced,3,1,14.0,0.0,1.0,4.0,179.69,89.845,8.0,3.0,0.1538,0.0,0
16.0,Mobile Phone,3,19.0,E wallet,Male,4.0,4,Laptop & Accessory,1,Married,5,1,13.0,2.0,2.0,1.0,175.87,58.6233,16.0,5.0,0.0588,0.6667,0
9.0,Computer,1,14.0,Debit Card,Female,3.0,1,Fashion,5,Married,10,0,14.0,0.0,1.0,3.0,217.13,108.565,3.0,0.0,0.3,0.0,0
28.0,Mobile Phone,1,20.0,Credit Card,Male,3.0,2,Others,4,Single,9,0,11.0,1.0,2.0,15.0,287.22,95.74,6.0,0.0,0.5172,0.3333,0
23.0,Mobile Phone,1,30.0,Debit Card,Male,3.0,3,Grocery,3,Divorced,4,1,18.0,0.0,2.0,5.0,239.73,79.91,9.0,3.0,0.2083,0.0,0
17.0,Computer,3,9.0,Debit Card,Male,4.0,4,Laptop & Accessory,1,Married,3,0,21.0,8.0,8.0,8.0,181.75,20.1944,16.0,0.0,0.4444,0.8889,0
30.0,Mobile Phone,1,30.0,Debit Card,Male,4.0,4,Grocery,4,Married,6,1,13.0,14.0,2.0,10.0,259.02,86.34,16.0,2.0,0.3226,4.6667,0
0.0,Mobile Phone,3,10.0,Debit Card,Female,2.0,4,Laptop & Accessory,2,Single,2,1,11.0,0.0,1.0,3.0,144.87,72.435,8.0,4.0,3.0,0.0,0
6.0,Mobile Phone,1,14.0,Credit Card,Male,3.0,3,Mobile Phone,1,Single,5,0,11.0,0.0,1.0,0.0,124.96,62.48,9.0,0.0,0.0,0.0,0
1.0,Mobile Phone,3,20.0,Credit Card,Male,3.0,4,Mobile Phone,3,Divorced,3,0,12.0,2.0,2.0,7.0,145.96,48.6533,12.0,0.0,3.5,0.6667,0
1.0,Mobile Phone,3,12.0,UPI,Female,2.0,5,Mobile Phone,3,Single,2,0,19.0,1.0,2.0,1.0,154.66,51.5533,10.0,0.0,0.5,0.3333,0
15.0,Mobile Phone,1,35.0,Debit Card,Male,3.0,3,Laptop & Accessory,4,Divorced,2,0,13.0,2.0,7.0,8.0,144.34,18.0425,9.0,0.0,0.5,0.25,0
21.0,Computer,3,9.0,E wallet,Male,3.0,4,Laptop & Accessory,4,Married,9,0,12.0,1.0,2.0,1.0,174.78,58.26,12.0,0.0,0.0455,0.3333,0
18.0,Mobile Phone,1,9.0,Debit Card,Female,4.0,2,Fashion,1,Married,3,1,20.0,7.0,7.0,8.0,203.79,25.4738,8.0,5.0,0.4211,0.875,0
1.0,Mobile Phone,1,32.0,Debit Card,Male,3.0,4,Mobile Phone,2,Single,3,1,25.0,2.0,2.0,2.0,152.95,50.9833,12.0,4.0,1.0,0.6667,1
8.0,Mobile Phone,3,9.0,Debit Card,Male,3.0,3,Fashion,1,Married,7,0,13.0,0.0,1.0,8.0,178.23,89.115,9.0,0.0,0.8889,0.0,0
27.0,Computer,1,17.0,Credit Card,Female,2.0,3,Grocery,1,Married,4,0,20.0,0.0,2.0,12.0,260.32,86.7733,6.0,0.0,0.4286,0.0,0
1.0,Computer,3,10.0,Credit Card,Female,4.0,2,Laptop & Accessory,1,Married,3,1,21.0,2.0,2.0,5.0,171.47,57.1567,8.0,5.0,2.5,0.6667,0
0.0,Mobile Phone,1,6.0,Credit Card,Male,2.0,3,Mobile Phone,4,Married,2,0,11.0,0.0,1.0,4.0,138.16,69.08,6.0,0.0,4.0,0.0,0
28.0,Computer,1,18.0,Credit Card,Female,3.0,4,Grocery,1,Married,5,0,21.0,1.0,2.0,13.0,285.32,95.1067,12.0,0.0,0.4483,0.3333,0
7.0,Mobile Phone,3,27.0,Debit Card,Male,3.0,1,Laptop & Accessory,1,Single,2,0,12.0,0.0,5.0,7.0,153.37,25.5617,3.0,0.0,0.875,0.0,0
6.0,Mobile Phone,3,15.0,Cash on Delivery,Female,4.0,5,Laptop & Accessory,4,Divorced,3,1,12.0,7.0,12.0,10.0,177.28,13.6369,20.0,2.0,1.4286,0.5385,0
1.0,Mobile Phone,1,8.0,Debit Card,Male,3.0,5,Laptop & Accessory,3,Single,3,0,13.0,2.0,2.0,3.0,171.17,57.0567,15.0,0.0,1.5,0.6667,0
1.0,Computer,3,16.0,E wallet,Male,3.0,4,Mobile Phone,5,Married,3,0,20.0,2.0,2.0,1.0,142.9,47.6333,12.0,0.0,0.5,0.6667,1
28.0,Mobile Phone,1,10.0,Debit Card,Male,3.0,4,Grocery,2,Divorced,5,0,15.0,2.0,2.0,10.0,302.79,100.93,12.0,0.0,0.3448,0.6667,0
20.0,Mobile Phone,1,9.0,Debit Card,Male,3.0,4,Grocery,3,Married,8,0,15.0,2.0,2.0,2.0,303.61,101.2033,12.0,0.0,0.0952,0.6667,0
15.0,Mobile Phone,3,13.0,Debit Card,Female,4.0,4,Fashion,1,Single,5,1,19.0,1.0,2.0,1.0,260.91,86.97,16.0,5.0,0.0625,0.3333,0
1.0,Mobile Phone,1,12.0,Cash on Delivery,Male,3.0,4,Mobile Phone,3,Single,3,1,14.0,1.0,3.0,3.0,159.41,39.8525,12.0,3.0,1.5,0.25,1
30.0,Mobile Phone,1,14.0,Debit Card,Male,3.0,6,Fashion,1,Single,6,0,12.0,1.0,2.0,3.0,197.6,65.8667,18.0,0.0,0.0968,0.3333,0
9.0,Mobile Phone,1,16.0,Debit Card,Male,2.0,3,Fashion,5,Married,8,1,13.0,2.0,5.0,7.0,183.21,30.535,6.0,1.0,0.7,0.3333,0
6.0,Mobile Phone,1,7.0,Debit Card,Male,4.0,4,Laptop & Accessory,4,Married,3,0,18.0,2.0,2.0,10.0,187.2,62.4,16.0,0.0,1.4286,0.6667,0
0.0,Computer,1,7.0,Debit Card,Female,3.0,1,Fashion,4,Single,2,0,11.0,1.0,4.0,7.0,174.46,34.892,3.0,0.0,7.0,0.2,1
1.0,Computer,3,10.0,Credit Card,Female,4.0,3,Laptop & Accessory,2,Married,3,1,21.0,2.0,2.0,5.0,171.47,57.1567,12.0,4.0,2.5,0.6667,0
10.0,Mobile Phone,1,19.0,Credit Card,Male,2.0,3,Laptop & Accessory,1,Married,2,0,17.0,0.0,3.0,7.0,142.85,35.7125,6.0,0.0,0.6364,0.0,0
9.0,Mobile Phone,3,35.0,Debit Card,Female,4.0,5,Mobile Phone,3,Married,2,0,24.0,3.0,5.0,3.0,149.3,24.8833,20.0,0.0,0.3,0.5,0
24.0,Mobile Phone,1,7.0,Credit Card,Male,3.0,5,Mobile Phone,3,Married,4,0,16.0,2.0,2.0,3.0,161.9,53.9667,15.0,0.0,0.12,0.6667,0
14.0,Mobile Phone,1,8.0,Debit Card,Female,3.0,4,Laptop & Accessory,1,Married,6,0,18.0,1.0,2.0,4.0,190.13,63.3767,12.0,0.0,0.2667,0.3333,0
17.0,Mobile Phone,3,9.0,Credit Card,Male,4.0,4,Laptop & Accessory,1,Married,3,1,18.0,1.0,9.0,9.0,203.47,20.347,16.0,5.0,0.5,0.1,0
9.0,Mobile Phone,1,14.0,Debit Card,Male,4.0,5,Mobile Phone,1,Married,3,0,19.0,2.0,2.0,2.0,151.9,50.6333,20.0,0.0,0.2,0.6667,0
29.0,Computer,1,9.0,Debit Card,Male,4.0,4,Fashion,4,Divorced,5,0,19.0,2.0,2.0,3.0,234.76,78.2533,16.0,0.0,0.1,0.6667,0
15.0,Mobile Phone,1,14.0,Cash on Delivery,Female,3.0,2,Mobile Phone,3,Married,3,0,14.0,1.0,2.0,9.0,158.76,52.92,6.0,0.0,0.5625,0.3333,0
5.0,Mobile Phone,1,8.0,Credit Card,Female,3.0,2,Laptop & Accessory,2,Single,8,0,16.0,1.0,1.0,7.0,150.55,75.275,6.0,0.0,1.1667,0.5,0
24.0,Mobile Phone,1,9.0,Credit Card,Male,4.0,4,Grocery,3,Divorced,7,0,15.0,1.0,2.0,4.0,301.39,100.4633,16.0,0.0,0.16,0.3333,0
12.0,Mobile Phone,3,17.0,E wallet,Female,2.0,3,Fashion,2,Divorced,2,0,18.0,0.0,7.0,7.0,176.54,22.0675,6.0,0.0,0.5385,0.0,1
31.0,Mobile Phone,3,7.0,Cash on Delivery,Male,4.0,4,Fashion,1,Married,5,1,15.0,2.0,2.0,5.0,244.04,81.3467,16.0,5.0,0.1562,0.6667,0
15.0,Mobile Phone,1,23.0,Debit Card,Female,2.0,2,Laptop & Accessory,5,Single,4,1,13.0,0.0,1.0,2.0,165.45,82.725,4.0,1.0,0.125,0.0,0
2.0,Mobile Phone,3,12.0,Credit Card,Male,3.0,4,Laptop & Accessory,5,Single,2,0,19.0,2.0,2.0,3.0,209.63,69.8767,12.0,0.0,1.0,0.6667,0
1.0,Mobile Phone,3,7.0,Debit Card,Male,3.0,4,Laptop & Accessory,3,Divorced,3,0,18.0,3.0,8.0,8.0,177.96,19.7733,12.0,0.0,4.0,0.3333,0
19.0,Mobile Phone,1,14.0,Credit Card,Female,3.0,4,Mobile Phone,3,Married,6,1,20.0,1.0,2.0,3.0,169.77,56.59,12.0,3.0,0.15,0.3333,0
18.0,Mobile Phone,1,15.0,Debit Card,Male,4.0,2,Mobile Phone,1,Married,4,1,25.0,2.0,2.0,3.0,153.18,51.06,8.0,5.0,0.1579,0.6667,0
23.0,Mobile Phone,3,18.0,E wallet,Female,4.0,4,Laptop & Accessory,1,Single,5,0,13.0,1.0,2.0,5.0,170.07,56.69,16.0,0.0,0.2083,0.3333,0
9.0,Computer,3,15.0,E wallet,Male,2.0,3,Mobile Phone,5,Married,2,0,19.0,1.0,1.0,0.0,117.9,58.95,6.0,0.0,0.0,0.5,1
1.0,Mobile Phone,3,20.0,Credit Card,Male,3.0,4,Laptop & Accessory,5,Married,4,0,18.0,1.0,2.0,3.0,167.33,55.7767,12.0,0.0,1.5,0.3333,1
1.0,Mobile Phone,1,14.0,Debit Card,Male,4.0,4,Mobile Phone,4,Single,3,1,24.0,2.0,2.0,1.0,149.72,49.9067,16.0,2.0,0.5,0.6667,1
9.0,Computer,3,7.0,E wallet,Female,4.0,4,Fashion,3,Single,3,0,15.0,2.0,2.0,3.0,212.89,70.9633,16.0,0.0,0.3,0.6667,0
9.0,Mobile Phone,1,32.0,Debit Card,Male,3.0,3,Laptop & Accessory,3,Married,7,0,14.0,1.0,1.0,2.0,153.47,76.735,9.0,0.0,0.2,0.5,0
30.0,Mobile Phone,1,30.0,Debit Card,Male,2.0,2,Fashion,2,Married,4,1,16.0,1.0,1.0,4.0,194.39,97.195,4.0,4.0,0.129,0.5,0
8.0,Mobile Phone,1,9.0,Debit Card,Male,3.0,5,Laptop & Accessory,5,Divorced,8,0,14.0,1.0,6.0,10.0,184.57,26.3671,15.0,0.0,1.1111,0.1429,0
8.0,Mobile Phone,1,7.0,Credit Card,Female,2.0,4,Laptop & Accessory,1,Married,1,0,12.0,0.0,1.0,0.0,153.63,76.815,8.0,0.0,0.0,0.0,0
23.0,Mobile Phone,1,10.0,Credit Card,Female,3.0,5,Laptop & Accessory,5,Divorced,6,0,26.0,2.0,2.0,3.0,172.89,57.63,15.0,0.0,0.125,0.6667,0
9.0,Mobile Phone,3,16.0,Cash on Delivery,Female,3.0,4,Laptop & Accessory,3,Married,2,1,13.0,0.0,1.0,7.0,156.73,78.365,12.0,3.0,0.7,0.0,0
14.0,Computer,3,12.0,Debit Card,Male,3.0,5,Fashion,5,Divorced,7,1,22.0,1.0,2.0,3.0,229.75,76.5833,15.0,1.0,0.2,0.3333,0
3.0,Mobile Phone,1,30.0,Debit Card,Male,3.0,4,Mobile Phone,2,Single,11,0,17.0,2.0,2.0,3.0,147.01,49.0033,12.0,0.0,0.75,0.6667,0
6.0,Mobile Phone,3,14.0,Debit Card,Male,4.0,5,Laptop & Accessory,3,Divorced,3,0,15.0,2.0,5.0,9.0,179.84,29.9733,20.0,0.0,1.2857,0.3333,0
1.0,Computer,1,22.0,Debit Card,Female,4.0,5,Mobile Phone,5,Married,2,0,20.0,8.0,8.0,4.0,172.74,19.1933,20.0,0.0,2.0,0.8889,0
12.0,Computer,2,17.0,UPI,Male,4.0,4,Laptop & Accessory,3,Married,5,0,12.0,1.0,2.0,3.0,185.77,61.9233,16.0,0.0,0.2308,0.3333,0
10.0,Computer,1,25.0,Debit Card,Male,3.0,2,Mobile Phone,1,Married,6,0,19.0,2.0,2.0,1.0,161.88,53.96,6.0,0.0,0.0909,0.6667,0
0.0,Mobile Phone,1,21.0,Credit Card,Female,3.0,3,Mobile Phone,1,Single,2,0,15.0,1.0,1.0,0.0,128.71,64.355,9.0,0.0,0.0,0.5,0
1.0,Mobile Phone,1,18.0,Credit Card,Female,4.0,6,Laptop & Accessory,4,Divorced,7,0,16.0,2.0,2.0,1.0,172.77,57.59,24.0,0.0,0.5,0.6667,1
28.0,Mobile Phone,1,10.0,Debit Card,Male,1.0,3,Laptop & Accessory,3,Married,1,1,16.0,1.0,1.0,2.0,140.35,70.175,3.0,3.0,0.069,0.5,0
18.0,Computer,3,7.0,E wallet,Female,4.0,4,Laptop & Accessory,3,Divorced,9,0,13.0,2.0,2.0,1.0,172.68,57.56,16.0,0.0,0.0526,0.6667,0
4.0,Computer,3,13.0,E wallet,Female,3.0,3,Fashion,5,Married,3,0,14.0,2.0,2.0,2.0,196.37,65.4567,9.0,0.0,0.4,0.6667,0
1.0,Mobile Phone,3,10.0,Debit Card,Female,4.0,4,Laptop & Accessory,3,Single,11,0,15.0,2.0,3.0,1.0,170.77,42.6925,16.0,0.0,0.5,0.5,1
9.0,Mobile Phone,3,7.0,Debit Card,Female,4.0,5,Mobile Phone,3,Married,2,0,24.0,3.0,5.0,3.0,149.3,24.8833,20.0,0.0,0.3,0.5,0
10.0,Mobile Phone,1,16.0,Credit Card,Male,3.0,5,Laptop & Accessory,4,Married,4,1,12.0,1.0,2.0,3.0,213.47,71.1567,15.0,2.0,0.2727,0.3333,0
14.0,Mobile Phone,1,9.0,Credit Card,Male,3.0,4,Others,3,Married,2,0,15.0,4.0,4.0,10.0,319.36,63.872,12.0,0.0,0.6667,0.8,0
16.0,Mobile Phone,2,17.0,UPI,Female,3.0,4,Grocery,5,Divorced,2,0,15.0,1.0,2.0,10.0,292.99,97.6633,12.0,0.0,0.5882,0.3333,0
1.0,Mobile Phone,1,13.0,Credit Card,Male,3.0,4,Mobile Phone,5,Single,4,0,12.0,2.0,2.0,4.0,154.6,51.5333,12.0,0.0,2.0,0.6667,1
1.0,Mobile Phone,3,9.0,E wallet,Male,3.0,5,Laptop & Accessory,4,Single,9,1,13.0,3.0,3.0,3.0,224.07,56.0175,15.0,2.0,1.5,0.75,1
9.0,Mobile Phone,1,15.0,Debit Card,Male,3.0,3,Mobile Phone,5,Married,3,0,21.0,0.0,1.0,4.0,122.38,61.19,9.0,0.0,0.4,0.0,0
12.0,Mobile Phone,1,9.0,Credit Card,Male,3.0,4,Laptop & Accessory,3,Married,1,0,15.0,0.0,1.0,7.0,130.69,65.345,12.0,0.0,0.5385,0.0,0
11.0,Computer,3,28.0,Credit Card,Female,3.0,4,Mobile Phone,2,Divorced,7,0,16.0,2.0,2.0,1.0,154.73,51.5767,12.0,0.0,0.0833,0.6667,0
13.0,Computer,1,15.0,Debit Card,Male,3.0,4,Laptop & Accessory,1,Married,10,0,14.0,0.0,1.0,2.0,148.76,74.38,12.0,0.0,0.1429,0.0,0
1.0,Mobile Phone,1,23.0,Cash on Delivery,Female,3.0,4,Mobile Phone,4,Married,11,0,15.0,3.0,3.0,3.0,153.11,38.2775,12.0,0.0,1.5,0.75,0
23.0,Mobile Phone,1,16.0,Cash on Delivery,Male,3.0,4,Fashion,1,Single,7,0,15.0,1.0,1.0,3.0,204.96,102.48,12.0,0.0,0.125,0.5,0
10.0,Mobile Phone,3,12.0,Credit Card,Male,3.0,3,Laptop & Accessory,2,Divorced,5,0,14.0,0.0,1.0,1.0,165.02,82.51,9.0,0.0,0.0909,0.0,0
0.0,Mobile Phone,1,6.0,Debit Card,Female,3.0,4,Mobile Phone,4,Single,2,0,13.0,1.0,1.0,0.0,128.36,64.18,12.0,0.0,0.0,0.5,0
19.0,Mobile Phone,1,24.0,Credit Card,Female,2.0,3,Laptop & Accessory,3,Married,3,0,14.0,0.0,1.0,8.0,148.1,74.05,6.0,0.0,0.4,0.0,0
5.0,Mobile Phone,3,7.0,E wallet,Female,2.0,3,Fashion,1,Married,2,0,19.0,0.0,5.0,7.0,204.22,34.0367,6.0,0.0,1.1667,0.0,0
7.0,Mobile Phone,1,20.0,Debit Card,Female,3.0,4,Mobile Phone,2,Single,5,0,19.0,2.0,2.0,3.0,159.52,53.1733,12.0,0.0,0.375,0.6667,0
2.0,Computer,3,14.0,Debit Card,Male,3.0,4,Laptop & Accessory,5,Single,2,0,15.0,2.0,2.0,4.0,173.98,57.9933,12.0,0.0,1.3333,0.6667,0
1.0,Mobile Phone,3,20.0,E wallet,Female,3.0,4,Laptop & Accessory,3,Single,5,1,12.0,1.0,3.0,3.0,223.54,55.885,12.0,3.0,1.5,0.25,1
19.0,Computer,3,32.0,Debit Card,Male,3.0,4,Laptop & Accessory,4,Single,9,0,15.0,1.0,2.0,2.0,179.91,59.97,12.0,0.0,0.1,0.3333,0
12.0,Mobile Phone,3,14.0,Credit Card,Female,3.0,2,Laptop & Accessory,5,Married,3,1,25.0,5.0,8.0,8.0,181.05,20.1167,6.0,1.0,0.6154,0.5556,0
5.0,Mobile Phone,1,15.0,Debit Card,Female,3.0,3,Laptop & Accessory,2,Divorced,2,1,12.0,1.0,1.0,5.0,163.22,81.61,9.0,4.0,0.8333,0.5,0
9.0,Computer,1,8.0,Debit Card,Male,2.0,3,Mobile Phone,5,Divorced,7,1,14.0,1.0,1.0,2.0,120.42,60.21,6.0,1.0,0.2,0.5,1
10.0,Mobile Phone,1,8.0,Cash on Delivery,Female,4.0,6,Fashion,5,Married,4,1,22.0,8.0,8.0,3.0,227.52,25.28,24.0,1.0,0.2727,0.8889,0
12.0,Mobile Phone,1,7.0,Cash on Delivery,Female,4.0,4,Fashion,5,Married,3,0,14.0,5.0,6.0,12.0,260.82,37.26,16.0,0.0,0.9231,0.7143,0
23.0,Mobile Phone,1,10.0,Credit Card,Female,3.0,5,Laptop & Accessory,5,Married,6,0,26.0,1.0,2.0,3.0,172.89,57.63,15.0,0.0,0.125,0.3333,0
10.0,Computer,3,15.0,Cash on Delivery,Male,3.0,4,Laptop & Accessory,1,Married,6,0,14.0,2.0,2.0,8.0,175.79,58.5967,12.0,0.0,0.7273,0.6667,0
30.0,Mobile Phone,1,8.0,Debit Card,Female,3.0,4,Grocery,1,Single,4,1,13.0,4.0,2.0,3.0,237.26,79.0867,12.0,5.0,0.0968,1.3333,0
7.0,Mobile Phone,1,14.0,Debit Card,Male,2.0,3,Mobile Phone,5,Married,5,0,12.0,1.0,1.0,2.0,123.62,61.81,6.0,0.0,0.25,0.5,1
9.0,Mobile Phone,3,8.0,Debit Card,Female,2.0,3,Laptop & Accessory,1,Single,4,0,15.0,3.0,6.0,7.0,145.02,20.7171,6.0,0.0,0.7,0.4286,0
18.0,Mobile Phone,3,35.0,Credit Card,Female,3.0,2,Grocery,1,Married,5,1,19.0,5.0,2.0,12.0,258.2,86.0667,6.0,5.0,0.6316,1.6667,0
19.0,Mobile Phone,1,7.0,Cash on Delivery,Male,4.0,4,Fashion,4,Married,3,0,13.0,7.0,8.0,8.0,199.41,22.1567,16.0,0.0,0.4,0.7778,0
1.0,Mobile Phone,1,10.0,Credit Card,Male,4.0,5,Mobile Phone,3,Single,3,0,18.0,2.0,2.0,1.0,157.3,52.4333,20.0,0.0,0.5,0.6667,0
9.0,Computer,1,17.0,Debit Card,Male,3.0,4,Laptop & Accessory,4,Single,2,0,13.0,1.0,1.0,3.0,164.99,82.495,12.0,0.0,0.3,0.5,0
28.0,Computer,1,27.0,Debit Card,Female,3.0,4,Laptop & Accessory,3,Single,5,0,13.0,2.0,2.0,4.0,173.69,57.8967,12.0,0.0,0.1379,0.6667,0
5.0,Mobile Phone,3,14.0,E wallet,Male,4.0,4,Laptop & Accessory,2,Married,6,0,13.0,1.0,2.0,8.0,200.47,66.8233,16.0,0.0,1.3333,0.3333,0
0.0,Mobile Phone,1,14.0,Debit Card,Female,3.0,4,Mobile Phone,5,Single,7,1,20.0,1.0,1.0,0.0,124.04,62.02,12.0,1.0,0.0,0.5,1
3.0,Mobile Phone,3,10.0,Credit Card,Female,3.0,4,Laptop & Accessory,4,Married,2,1,12.0,2.0,2.0,7.0,152.09,50.6967,12.0,2.0,1.75,0.6667,0
27.0,Mobile Phone,1,10.0,Credit Card,Male,3.0,4,Grocery,3,Married,5,1,15.0,2.0,2.0,4.0,300.84,100.28,12.0,3.0,0.1429,0.6667,0
5.0,Computer,3,32.0,E wallet,Male,3.0,3,Laptop & Accessory,1,Married,1,0,18.0,2.0,2.0,2.0,144.65,48.2167,9.0,0.0,0.3333,0.6667,0
11.0,Computer,1,6.0,Debit Card,Male,2.0,3,Laptop & Accessory,1,Married,8,0,15.0,2.0,2.0,9.0,147.35,49.1167,6.0,0.0,0.75,0.6667,0
5.0,Computer,1,11.0,Cash on Delivery,Male,3.0,3,Mobile Phone,4,Single,3,0,14.0,1.0,1.0,7.0,127.18,63.59,9.0,0.0,1.1667,0.5,0
1.0,Mobile Phone,3,15.0,E wallet,Female,3.0,4,Laptop & Accessory,4,Divorced,3,0,19.0,1.0,2.0,8.0,187.14,62.38,12.0,0.0,4.0,0.3333,0
14.0,Mobile Phone,3,12.0,Debit Card,Female,3.0,3,Fashion,1,Single,4,1,18.0,0.0,2.0,0.0,235.91000000000005,78.6367,9.0,5.0,0.0,0.0,0
0.0,Mobile Phone,1,22.0,Cash on Delivery,Female,3.0,3,Mobile Phone,4,Divorced,10,0,14.0,2.0,2.0,2.0,128.11,42.7033,9.0,0.0,2.0,0.6667,0
12.0,Mobile Phone,1,15.0,Credit Card,Male,2.0,3,Laptop & Accessory,5,Married,2,0,25.0,4.0,7.0,9.0,151.51,18.9388,6.0,0.0,0.6923,0.5,0
22.0,Mobile Phone,1,12.0,Debit Card,Female,2.0,4,Grocery,3,Married,3,1,19.0,2.0,2.0,12.0,239.66000000000005,79.8867,8.0,3.0,0.5217,0.6667,0
5.0,Mobile Phone,2,9.0,UPI,Male,4.0,5,Laptop & Accessory,5,Married,5,0,13.0,1.0,2.0,1.0,189.1,63.0333,20.0,0.0,0.1667,0.3333,0
20.0,Mobile Phone,3,8.0,Debit Card,Female,2.0,1,Grocery,4,Married,7,0,14.0,0.0,2.0,2.0,259.72,86.5733,2.0,0.0,0.0952,0.0,0
12.0,Computer,2,9.0,UPI,Male,4.0,4,Mobile Phone,4,Married,7,0,14.0,4.0,4.0,9.0,150.92,30.184,16.0,0.0,0.6923,0.8,0
8.0,Mobile Phone,1,12.0,Debit Card,Male,3.0,3,Mobile Phone,3,Married,1,1,14.0,1.0,2.0,2.0,135.06,45.02,9.0,3.0,0.2222,0.3333,0
14.0,Mobile Phone,1,13.0,Debit Card,Female,4.0,4,Grocery,3,Single,9,0,16.0,5.0,2.0,14.0,257.37,85.79,16.0,0.0,0.9333,1.6667,0
1.0,Computer,1,17.0,Debit Card,Female,3.0,5,Mobile Phone,3,Single,3,0,21.0,3.0,3.0,3.0,151.25,37.8125,15.0,0.0,1.5,0.75,1
0.0,Computer,1,21.0,Debit Card,Female,3.0,4,Mobile Phone,5,Married,1,0,19.0,7.0,7.0,3.0,147.74,18.4675,12.0,0.0,3.0,0.875,0
25.0,Mobile Phone,1,15.0,Debit Card,Male,3.0,5,Fashion,4,Divorced,7,0,17.0,2.0,2.0,8.0,249.9,83.3,15.0,0.0,0.3077,0.6667,0
8.0,Mobile Phone,1,31.0,Cash on Delivery,Male,3.0,4,Fashion,4,Married,4,0,16.0,2.0,4.0,8.0,209.03,41.806,12.0,0.0,0.8889,0.4,0
7.0,Computer,1,7.0,Credit Card,Male,3.0,4,Laptop & Accessory,5,Single,1,0,20.0,0.0,4.0,9.0,153.43,30.686,12.0,0.0,1.125,0.0,0
0.0,Computer,1,14.0,Debit Card,Male,3.0,4,Mobile Phone,1,Single,2,1,24.0,1.0,1.0,0.0,124.39,62.195,12.0,5.0,0.0,0.5,1
7.0,Computer,1,16.0,Debit Card,Male,2.0,1,Laptop & Accessory,1,Married,2,0,13.0,3.0,7.0,2.0,147.24,18.405,2.0,0.0,0.25,0.375,0
10.0,Computer,3,33.0,Debit Card,Female,3.0,1,Laptop & Accessory,3,Single,5,1,12.0,0.0,1.0,3.0,163.97,81.985,3.0,3.0,0.2727,0.0,1
26.0,Computer,3,8.0,E wallet,Female,2.0,4,Fashion,4,Married,3,0,12.0,5.0,6.0,12.0,175.25,25.0357,8.0,0.0,0.4444,0.7143,0
0.0,Computer,1,9.0,Debit Card,Female,2.0,3,Mobile Phone,3,Single,2,0,12.0,2.0,7.0,7.0,140.84,17.605,6.0,0.0,7.0,0.25,1
9.0,Mobile Phone,1,13.0,Debit Card,Male,3.0,3,Mobile Phone,4,Single,3,0,11.0,0.0,1.0,3.0,120.13,60.065,9.0,0.0,0.3,0.0,0
0.0,Mobile Phone,1,21.0,Credit Card,Male,2.0,3,Fashion,3,Married,8,1,12.0,3.0,2.0,7.0,236.1,78.7,6.0,3.0,7.0,1.0,1
7.0,Computer,3,17.0,E wallet,Male,3.0,5,Laptop & Accessory,2,Single,5,0,15.0,2.0,2.0,2.0,171.82,57.2733,15.0,0.0,0.25,0.6667,0
4.0,Mobile Phone,1,17.0,Credit Card,Female,4.0,4,Fashion,3,Single,11,0,15.0,1.0,2.0,3.0,221.67,73.89,16.0,0.0,0.6,0.3333,0
30.0,Mobile Phone,3,22.0,E wallet,Male,2.0,3,Laptop & Accessory,5,Single,9,0,14.0,2.0,2.0,2.0,154.05,51.35,6.0,0.0,0.0645,0.6667,0
30.0,Mobile Phone,1,11.0,Cash on Delivery,Female,2.0,4,Fashion,4,Married,3,1,13.0,1.0,1.0,4.0,205.52,102.76,8.0,2.0,0.129,0.5,0
9.0,Mobile Phone,3,28.0,E wallet,Male,2.0,3,Mobile Phone,3,Single,2,1,19.0,0.0,1.0,0.0,116.75,58.375,6.0,3.0,0.0,0.0,1
7.0,Mobile Phone,1,6.0,Debit Card,Male,2.0,4,Mobile Phone,1,Married,2,1,13.0,1.0,1.0,3.0,136.22,68.11,8.0,5.0,0.375,0.5,0
9.0,Mobile Phone,1,12.0,Credit Card,Male,2.0,3,Laptop & Accessory,4,Married,7,0,20.0,0.0,1.0,1.0,149.41,74.705,6.0,0.0,0.1,0.0,0
11.0,Mobile Phone,1,28.0,Debit Card,Male,4.0,3,Mobile Phone,5,Divorced,3,1,13.0,1.0,2.0,8.0,160.64,53.5467,12.0,1.0,0.6667,0.3333,0
29.0,Mobile Phone,1,15.0,Credit Card,Male,2.0,3,Grocery,1,Married,8,0,11.0,0.0,1.0,3.0,211.03,105.515,6.0,0.0,0.1,0.0,0
9.0,Mobile Phone,1,23.0,Debit Card,Female,4.0,5,Fashion,4,Single,3,0,20.0,4.0,4.0,3.0,211.06,42.212,20.0,0.0,0.3,0.8,0
16.0,Mobile Phone,3,11.0,E wallet,Male,3.0,4,Laptop & Accessory,5,Single,9,0,14.0,2.0,2.0,6.0,176.55,58.85,12.0,0.0,0.3529,0.6667,0
1.0,Mobile Phone,1,27.0,Debit Card,Male,4.0,4,Laptop & Accessory,3,Single,2,0,15.0,2.0,2.0,3.0,147.72,49.24,16.0,0.0,1.5,0.6667,0
1.0,Mobile Phone,3,20.0,Credit Card,Male,3.0,4,Laptop & Accessory,5,Married,4,0,18.0,1.0,2.0,3.0,167.33,55.7767,12.0,0.0,1.5,0.3333,1
21.0,Computer,1,9.0,Debit Card,Male,3.0,5,Mobile Phone,2,Married,11,1,15.0,1.0,2.0,1.0,148.8,49.6,15.0,4.0,0.0455,0.3333,1
9.0,Mobile Phone,1,14.0,Debit Card,Female,3.0,3,Mobile Phone,3,Divorced,5,0,13.0,1.0,2.0,2.0,125.43,41.81,9.0,0.0,0.2,0.3333,0
0.0,Mobile Phone,1,14.0,Cash on Delivery,Male,2.0,4,Mobile Phone,1,Married,6,0,12.0,0.0,1.0,3.0,123.67,61.835,8.0,0.0,3.0,0.0,1
4.0,Mobile Phone,1,9.0,Credit Card,Female,3.0,5,Laptop & Accessory,1,Single,7,1,25.0,2.0,2.0,1.0,193.77,64.59,15.0,5.0,0.2,0.6667,0
11.0,Computer,1,12.0,Cash on Delivery,Male,3.0,2,Mobile Phone,3,Single,2,0,15.0,1.0,2.0,4.0,160.0,53.3333,6.0,0.0,0.3333,0.3333,0
1.0,Mobile Phone,3,23.0,E wallet,Male,4.0,4,Fashion,3,Married,4,0,14.0,1.0,2.0,1.0,206.61,68.87,16.0,0.0,0.5,0.3333,1
1.0,Mobile Phone,3,7.0,Debit Card,Male,3.0,5,Fashion,3,Divorced,7,0,12.0,2.0,12.0,3.0,231.09,17.7762,15.0,0.0,1.5,0.1538,1
9.0,Mobile Phone,1,8.0,Credit Card,Female,3.0,3,Mobile Phone,3,Married,3,0,14.0,1.0,1.0,2.0,120.01,60.005,9.0,0.0,0.2,0.5,0
2.0,Mobile Phone,3,16.0,Credit Card,Male,2.0,4,Laptop & Accessory,3,Single,10,0,11.0,1.0,1.0,4.0,158.69,79.345,8.0,0.0,1.3333,0.5,0
15.0,Computer,1,16.0,Credit Card,Male,4.0,4,Others,3,Married,4,0,15.0,2.0,2.0,12.0,319.19,106.3967,16.0,0.0,0.75,0.6667,0
13.0,Mobile Phone,3,9.0,E wallet,Male,3.0,4,Mobile Phone,3,Divorced,2,1,14.0,0.0,1.0,2.0,126.83,63.415,12.0,3.0,0.1429,0.0,1
11.0,Computer,2,6.0,UPI,Male,3.0,3,Mobile Phone,4,Married,1,1,11.0,1.0,1.0,2.0,129.91,64.955,9.0,2.0,0.1667,0.5,0
0.0,Mobile Phone,1,14.0,UPI,Male,3.0,3,Mobile Phone,1,Single,2,0,13.0,1.0,1.0,4.0,126.47,63.235,9.0,0.0,4.0,0.5,0
9.0,Mobile Phone,1,23.0,Credit Card,Male,3.0,5,Mobile Phone,3,Married,2,0,15.0,1.0,1.0,2.0,123.05,61.525,15.0,0.0,0.2,0.5,0
17.0,Mobile Phone,2,7.0,Debit Card,Female,2.0,3,Mobile Phone,1,Married,5,1,18.0,2.0,2.0,2.0,131.95,43.9833,6.0,5.0,0.1111,0.6667,0
10.0,Computer,3,22.0,E wallet,Male,3.0,6,Laptop & Accessory,1,Married,3,0,25.0,5.0,12.0,12.0,179.06,13.7738,18.0,0.0,1.0909,0.3846,0
9.0,Computer,1,6.0,Credit Card,Male,3.0,3,Mobile Phone,5,Married,5,0,13.0,0.0,1.0,2.0,121.94,60.97,9.0,0.0,0.2,0.0,0
14.0,Computer,3,12.0,Debit Card,Male,3.0,5,Fashion,5,Married,7,1,22.0,1.0,2.0,3.0,229.75,76.5833,15.0,1.0,0.2,0.3333,0
4.0,Mobile Phone,3,8.0,Debit Card,Male,3.0,3,Mobile Phone,3,Married,1,0,19.0,0.0,1.0,2.0,130.67,65.335,9.0,0.0,0.4,0.0,0
14.0,Computer,1,14.0,Debit Card,Male,2.0,5,Fashion,2,Single,3,0,15.0,0.0,1.0,3.0,206.5,103.25,10.0,0.0,0.2,0.0,1
3.0,Computer,1,14.0,Credit Card,Female,2.0,3,Mobile Phone,2,Single,1,0,14.0,5.0,6.0,7.0,125.64,17.9486,6.0,0.0,1.75,0.7143,0
3.0,Mobile Phone,1,16.0,UPI,Male,2.0,5,Mobile Phone,2,Single,2,0,18.0,3.0,3.0,3.0,164.83,41.2075,10.0,0.0,0.75,0.75,0
10.0,Mobile Phone,1,13.0,Debit Card,Male,3.0,6,Mobile Phone,3,Married,3,0,15.0,1.0,2.0,8.0,152.41,50.8033,18.0,0.0,0.7273,0.3333,0
6.0,Mobile Phone,3,14.0,Debit Card,Male,4.0,5,Laptop & Accessory,3,Married,3,0,15.0,4.0,5.0,9.0,179.84,29.9733,20.0,0.0,1.2857,0.6667,0
11.0,Computer,1,9.0,UPI,Male,3.0,3,Mobile Phone,3,Married,4,0,16.0,2.0,2.0,2.0,128.21,42.7367,9.0,0.0,0.1667,0.6667,0
1.0,Mobile Phone,1,30.0,Credit Card,Male,3.0,2,Mobile Phone,1,Married,3,1,12.0,1.0,2.0,5.0,152.25,50.75,6.0,5.0,2.5,0.3333,0
1.0,Mobile Phone,1,12.0,Cash on Delivery,Male,3.0,4,Mobile Phone,3,Single,3,1,14.0,3.0,3.0,3.0,159.41,39.8525,12.0,3.0,1.5,0.75,1
1.0,Mobile Phone,3,10.0,Debit Card,Male,3.0,5,Fashion,1,Married,3,1,12.0,4.0,4.0,3.0,228.25,45.65,15.0,5.0,1.5,0.8,1
11.0,Computer,3,11.0,E wallet,Male,3.0,4,Mobile Phone,2,Married,6,0,18.0,2.0,6.0,9.0,25.0,3.5714,12.0,0.0,0.75,0.2857,0
4.0,Mobile Phone,3,14.0,E wallet,Male,3.0,4,Mobile Phone,4,Single,2,0,15.0,2.0,2.0,3.0,154.83,51.61,12.0,0.0,0.6,0.6667,0
23.0,Mobile Phone,1,23.0,Credit Card,Female,4.0,4,Mobile Phone,5,Married,6,1,17.0,1.0,3.0,3.0,150.87,37.7175,16.0,1.0,0.125,0.25,0
17.0,Mobile Phone,1,15.0,Debit Card,Female,3.0,4,Laptop & Accessory,4,Married,6,0,22.0,2.0,2.0,1.0,172.65,57.55,12.0,0.0,0.0556,0.6667,0
10.0,Computer,1,25.0,Debit Card,Male,3.0,3,Mobile Phone,2,Divorced,6,0,19.0,1.0,2.0,1.0,161.88,53.96,9.0,0.0,0.0909,0.3333,0
15.0,Mobile Phone,1,26.0,Debit Card,Male,3.0,4,Laptop & Accessory,5,Married,4,0,17.0,1.0,2.0,1.0,155.72,51.9067,12.0,0.0,0.0625,0.3333,0
1.0,Mobile Phone,1,9.0,Credit Card,Male,3.0,6,Mobile Phone,2,Divorced,7,1,14.0,3.0,3.0,3.0,159.64,39.91,18.0,4.0,1.5,0.75,1
3.0,Mobile Phone,1,14.0,Debit Card,Female,3.0,1,Fashion,5,Married,1,1,12.0,0.0,1.0,3.0,214.16000000000005,107.08,3.0,1.0,0.75,0.0,0
5.0,Mobile Phone,1,9.0,Debit Card,Female,3.0,6,Mobile Phone,1,Married,6,1,14.0,1.0,2.0,1.0,152.78,50.9267,18.0,5.0,0.1667,0.3333,1
21.0,Mobile Phone,1,14.0,Cash on Delivery,Male,3.0,1,Mobile Phone,4,Single,6,0,11.0,0.0,1.0,0.0,125.59,62.795,3.0,0.0,0.0,0.0,0
19.0,Mobile Phone,1,36.0,Cash on Delivery,Male,3.0,4,Fashion,1,Divorced,6,1,19.0,2.0,2.0,3.0,218.8,72.9333,12.0,5.0,0.15,0.6667,0
6.0,Computer,3,23.0,Debit Card,Male,2.0,3,Grocery,3,Single,2,0,11.0,1.0,6.0,0.0,274.44,39.2057,6.0,0.0,0.0,0.1429,0
16.0,Mobile Phone,1,18.0,Debit Card,Male,2.0,4,Grocery,4,Married,2,0,11.0,0.0,2.0,9.0,243.36,81.12,8.0,0.0,0.5294,0.0,0
1.0,Mobile Phone,1,9.0,Credit Card,Male,3.0,5,Mobile Phone,1,Single,2,0,13.0,2.0,2.0,2.0,164.04,54.68,15.0,0.0,1.0,0.6667,0
0.0,Mobile Phone,1,31.0,Debit Card,Female,3.0,1,Mobile Phone,1,Single,2,1,12.0,0.0,1.0,1.0,129.94,64.97,3.0,5.0,1.0,0.0,0
6.0,Mobile Phone,1,21.0,Credit Card,Female,3.0,3,Laptop & Accessory,1,Married,1,1,13.0,6.0,8.0,1.0,148.78,16.5311,9.0,5.0,0.1429,0.6667,0
4.0,Mobile Phone,3,11.0,Credit Card,Female,4.0,5,Laptop & Accessory,4,Married,3,1,13.0,3.0,3.0,8.0,177.09,44.2725,20.0,2.0,1.6,0.75,0
13.0,Mobile Phone,1,20.0,Credit Card,Female,4.0,5,Grocery,4,Married,8,1,15.0,11.0,16.0,3.0,296.23,17.4253,20.0,2.0,0.2143,0.6471,0
14.0,Mobile Phone,1,9.0,Credit Card,Female,3.0,5,Mobile Phone,1,Single,2,1,21.0,1.0,3.0,4.0,148.42,37.105,15.0,5.0,0.2667,0.25,0
14.0,Computer,3,9.0,Credit Card,Male,4.0,4,Laptop & Accessory,4,Married,7,0,13.0,2.0,2.0,1.0,168.27,56.09,16.0,0.0,0.0667,0.6667,0
1.0,Computer,3,16.0,E wallet,Female,3.0,4,Mobile Phone,1,Single,3,1,15.0,2.0,2.0,3.0,148.23,49.41,12.0,5.0,1.5,0.6667,1
4.0,Mobile Phone,3,34.0,E wallet,Male,4.0,4,Laptop & Accessory,1,Married,9,0,24.0,3.0,8.0,8.0,178.04,19.7822,16.0,0.0,1.6,0.3333,0
1.0,Computer,3,25.0,E wallet,Female,4.0,4,Laptop & Accessory,3,Divorced,2,1,19.0,4.0,4.0,3.0,171.14,34.228,16.0,3.0,1.5,0.8,1
18.0,Mobile Phone,1,14.0,Credit Card,Female,3.0,4,Others,1,Married,2,1,15.0,1.0,2.0,11.0,315.49,105.1633,12.0,5.0,0.5789,0.3333,0
3.0,Computer,1,14.0,Credit Card,Female,2.0,3,Mobile Phone,1,Single,1,0,14.0,1.0,6.0,7.0,125.64,17.9486,6.0,0.0,1.75,0.1429,0
7.0,Mobile Phone,1,12.0,Debit Card,Female,4.0,5,Mobile Phone,1,Married,3,0,14.0,1.0,2.0,3.0,154.11,51.37,20.0,0.0,0.375,0.3333,0
7.0,Computer,1,14.0,Debit Card,Female,3.0,4,Mobile Phone,2,Single,2,0,16.0,1.0,1.0,3.0,125.53,62.765,12.0,0.0,0.375,0.5,0
11.0,Mobile Phone,3,16.0,E wallet,Male,3.0,5,Laptop & Accessory,4,Married,3,0,15.0,1.0,2.0,4.0,166.89,55.63,15.0,0.0,0.3333,0.3333,0
19.0,Mobile Phone,1,8.0,Credit Card,Male,2.0,3,Others,1,Married,8,1,15.0,1.0,2.0,2.0,293.28,97.76,6.0,5.0,0.1,0.3333,0
8.0,Mobile Phone,1,12.0,Debit Card,Male,2.0,5,Laptop & Accessory,2,Single,2,0,13.0,11.0,11.0,8.0,166.46,13.8717,10.0,0.0,0.8889,0.9167,0
3.0,Mobile Phone,1,20.0,UPI,Male,3.0,5,Laptop & Accessory,4,Married,6,1,14.0,2.0,2.0,4.0,165.25,55.0833,15.0,2.0,1.0,0.6667,0
21.0,Mobile Phone,1,12.0,Debit Card,Male,3.0,4,Laptop & Accessory,3,Single,3,0,13.0,0.0,2.0,2.0,142.4,47.4667,12.0,0.0,0.0909,0.0,0
1.0,Mobile Phone,1,13.0,UPI,Female,3.0,5,Mobile Phone,4,Married,3,0,20.0,3.0,5.0,4.0,148.68,24.78,15.0,0.0,2.0,0.5,0
3.0,Mobile Phone,1,13.0,Debit Card,Male,2.0,3,Laptop & Accessory,3,Married,2,0,13.0,4.0,8.0,9.0,134.91,14.99,6.0,0.0,2.25,0.4444,0
18.0,Mobile Phone,1,35.0,Credit Card,Male,2.0,3,Mobile Phone,1,Single,6,0,13.0,1.0,1.0,3.0,134.52,67.26,6.0,0.0,0.1579,0.5,0
12.0,Computer,1,15.0,Debit Card,Male,3.0,3,Laptop & Accessory,4,Single,21,0,15.0,1.0,1.0,3.0,167.82,83.91,9.0,0.0,0.2308,0.5,0
9.0,Mobile Phone,1,9.0,Debit Card,Female,3.0,3,Mobile Phone,1,Married,6,0,22.0,0.0,1.0,0.0,128.35,64.175,9.0,0.0,0.0,0.0,0
11.0,Mobile Phone,1,6.0,Debit Card,Male,3.0,4,Fashion,3,Single,10,1,13.0,0.0,1.0,0.0,153.81,76.905,12.0,3.0,0.0,0.0,1
21.0,Computer,1,8.0,Credit Card,Female,4.0,4,Fashion,4,Married,2,0,19.0,1.0,2.0,13.0,244.57,81.5233,16.0,0.0,0.5909,0.3333,0
8.0,Computer,1,24.0,Debit Card,Male,3.0,3,Laptop & Accessory,3,Married,2,1,14.0,1.0,1.0,2.0,156.89,78.445,9.0,3.0,0.2222,0.5,0
3.0,Mobile Phone,1,23.0,Credit Card,Female,3.0,3,Fashion,5,Married,2,1,23.0,1.0,1.0,3.0,219.16000000000005,109.58,9.0,1.0,0.75,0.5,0
16.0,Computer,1,35.0,Cash on Delivery,Female,3.0,5,Laptop & Accessory,1,Married,2,0,12.0,1.0,2.0,5.0,170.23,56.7433,15.0,0.0,0.2941,0.3333,0
17.0,Mobile Phone,1,16.0,UPI,Male,2.0,3,Laptop & Accessory,1,Married,3,1,13.0,0.0,1.0,3.0,164.65,82.325,6.0,5.0,0.1667,0.0,0
1.0,Mobile Phone,3,33.0,Credit Card,Female,3.0,4,Laptop & Accessory,1,Single,3,0,24.0,1.0,2.0,5.0,186.8,62.2667,12.0,0.0,2.5,0.3333,0
0.0,Mobile Phone,1,20.0,UPI,Male,2.0,4,Mobile Phone,4,Married,2,1,24.0,1.0,1.0,2.0,137.43,68.715,8.0,2.0,2.0,0.5,1
14.0,Computer,1,23.0,Debit Card,Male,4.0,4,Mobile Phone,3,Married,11,0,17.0,2.0,2.0,1.0,160.44,53.48,16.0,0.0,0.0667,0.6667,0
1.0,Mobile Phone,3,17.0,E wallet,Female,4.0,5,Laptop & Accessory,2,Divorced,3,1,12.0,3.0,5.0,5.0,182.69,30.4483,20.0,4.0,2.5,0.5,0
6.0,Computer,3,33.0,E wallet,Male,4.0,4,Laptop & Accessory,2,Divorced,2,0,19.0,2.0,3.0,3.0,169.65,42.4125,16.0,0.0,0.4286,0.5,0
20.0,Computer,1,7.0,Credit Card,Male,3.0,5,Fashion,5,Married,4,1,14.0,5.0,2.0,6.0,231.73,77.2433,15.0,1.0,0.2857,1.6667,0
14.0,Computer,1,9.0,Credit Card,Female,3.0,2,Laptop & Accessory,4,Married,3,0,25.0,1.0,4.0,8.0,167.44,33.488,6.0,0.0,0.5333,0.2,0
22.0,Mobile Phone,1,11.0,Debit Card,Male,3.0,4,Fashion,2,Single,3,0,12.0,2.0,2.0,9.0,203.98,67.9933,12.0,0.0,0.3913,0.6667,0
13.0,Computer,3,27.0,Debit Card,Male,3.0,4,Laptop & Accessory,1,Married,4,0,19.0,2.0,3.0,3.0,166.27,41.5675,12.0,0.0,0.2143,0.5,0
3.0,Mobile Phone,1,14.0,Debit Card,Male,3.0,4,Mobile Phone,5,Single,5,0,15.0,1.0,2.0,3.0,145.62,48.54,12.0,0.0,0.75,0.3333,0
0.0,Mobile Phone,3,29.0,Credit Card,Female,2.0,4,Laptop & Accessory,3,Married,2,0,21.0,4.0,5.0,8.0,135.4,22.5667,8.0,0.0,8.0,0.6667,0
8.0,Mobile Phone,3,14.0,Debit Card,Female,3.0,3,Mobile Phone,1,Married,2,0,16.0,1.0,1.0,2.0,125.72,62.86,9.0,0.0,0.2222,0.5,0
29.0,Mobile Phone,1,27.0,Cash on Delivery,Male,3.0,4,Laptop & Accessory,1,Married,5,1,20.0,1.0,2.0,9.0,179.15,59.7167,12.0,5.0,0.3,0.3333,0
11.0,Mobile Phone,1,7.0,Credit Card,Female,3.0,5,Mobile Phone,5,Divorced,4,0,15.0,2.0,2.0,3.0,164.2,54.7333,15.0,0.0,0.25,0.6667,0
8.0,Mobile Phone,1,28.0,Debit Card,Male,2.0,5,Mobile Phone,3,Single,1,0,15.0,2.0,4.0,3.0,142.3,28.46,10.0,0.0,0.3333,0.4,0
24.0,Mobile Phone,3,7.0,Credit Card,Female,4.0,4,Others,2,Married,5,0,15.0,2.0,2.0,7.0,320.17,106.7233,16.0,0.0,0.28,0.6667,0
0.0,Computer,1,12.0,Debit Card,Female,3.0,4,Mobile Phone,1,Single,2,1,18.0,0.0,1.0,0.0,129.26,64.63,12.0,5.0,0.0,0.0,1
15.0,Mobile Phone,1,35.0,Debit Card,Male,3.0,3,Laptop & Accessory,4,Married,2,0,13.0,5.0,7.0,8.0,144.34,18.0425,9.0,0.0,0.5,0.625,0
26.0,Mobile Phone,1,9.0,Credit Card,Male,2.0,3,Grocery,3,Married,4,1,16.0,1.0,1.0,3.0,275.84,137.92,6.0,3.0,0.1111,0.5,0
1.0,Mobile Phone,1,17.0,Debit Card,Female,4.0,5,Mobile Phone,5,Single,8,1,21.0,2.0,2.0,1.0,149.04,49.68,20.0,1.0,0.5,0.6667,1
27.0,Mobile Phone,3,7.0,Credit Card,Female,3.0,4,Laptop & Accessory,5,Single,9,0,21.0,5.0,9.0,11.0,208.81,20.881,12.0,0.0,0.3929,0.5,0
10.0,Mobile Phone,3,23.0,E wallet,Female,4.0,5,Laptop & Accessory,5,Divorced,6,0,14.0,2.0,2.0,3.0,181.47,60.49,20.0,0.0,0.2727,0.6667,0
18.0,Mobile Phone,1,11.0,Credit Card,Female,2.0,5,Laptop & Accessory,5,Single,2,1,14.0,1.0,1.0,4.0,157.69,78.845,10.0,1.0,0.2105,0.5,0
0.0,Computer,1,35.0,Credit Card,Female,2.0,4,Laptop & Accessory,3,Single,2,0,22.0,2.0,3.0,8.0,145.08,36.27,8.0,0.0,8.0,0.5,1
4.0,Mobile Phone,1,31.0,Debit Card,Male,4.0,4,Mobile Phone,3,Married,3,0,23.0,2.0,2.0,1.0,151.93,50.6433,16.0,0.0,0.2,0.6667,0
7.0,Mobile Phone,1,13.0,Debit Card,Female,2.0,3,Fashion,4,Single,1,0,11.0,0.0,2.0,3.0,219.94,73.3133,6.0,0.0,0.375,0.0,0
5.0,Mobile Phone,1,11.0,UPI,Female,2.0,1,Mobile Phone,1,Married,4,0,17.0,1.0,1.0,2.0,133.12,66.56,2.0,0.0,0.3333,0.5,0
1.0,Mobile Phone,1,24.0,Credit Card,Male,4.0,6,Mobile Phone,3,Married,3,0,16.0,1.0,2.0,3.0,148.05,49.35,24.0,0.0,1.5,0.3333,0
9.0,Mobile Phone,1,8.0,Debit Card,Female,3.0,3,Mobile Phone,5,Married,2,1,12.0,1.0,1.0,0.0,120.74,60.37,9.0,1.0,0.0,0.5,1
7.0,Mobile Phone,1,11.0,Credit Card,Male,2.0,4,Laptop & Accessory,1,Married,2,0,14.0,4.0,4.0,13.0,139.86,27.972,8.0,0.0,1.625,0.8,0
9.0,Mobile Phone,3,14.0,Debit Card,Male,4.0,4,Mobile Phone,3,Divorced,3,0,14.0,2.0,2.0,1.0,149.04,49.68,16.0,0.0,0.1,0.6667,0
5.0,Computer,1,17.0,Credit Card,Female,3.0,4,Fashion,3,Married,6,0,21.0,4.0,2.0,9.0,235.31,78.4367,12.0,0.0,1.5,1.3333,0
16.0,Mobile Phone,2,8.0,Debit Card,Male,3.0,3,Mobile Phone,1,Single,1,0,13.0,0.0,1.0,8.0,135.39,67.695,9.0,0.0,0.4706,0.0,0
22.0,Mobile Phone,1,22.0,UPI,Female,4.0,4,Mobile Phone,5,Married,10,0,13.0,7.0,8.0,7.0,148.67,16.5189,16.0,0.0,0.3043,0.7778,0
4.0,Mobile Phone,1,7.0,Credit Card,Male,4.0,4,Mobile Phone,4,Married,3,0,14.0,1.0,2.0,8.0,162.48,54.16,16.0,0.0,1.6,0.3333,0
9.0,Mobile Phone,3,6.0,Debit Card,Female,3.0,3,Laptop & Accessory,3,Single,7,0,13.0,1.0,1.0,0.0,168.15,84.075,9.0,0.0,0.0,0.5,0
18.0,Mobile Phone,3,8.0,Cash on Delivery,Male,2.0,5,Laptop & Accessory,3,Single,1,0,13.0,0.0,3.0,1.0,166.32,41.58,10.0,0.0,0.0526,0.0,0
16.0,Mobile Phone,1,9.0,UPI,Male,4.0,5,Laptop & Accessory,1,Single,5,0,24.0,2.0,2.0,1.0,192.81,64.27,20.0,0.0,0.0588,0.6667,0
11.0,Mobile Phone,1,21.0,Debit Card,Male,3.0,4,Fashion,2,Married,1,1,14.0,1.0,2.0,3.0,215.1,71.7,12.0,4.0,0.25,0.3333,0
12.0,Mobile Phone,3,7.0,Debit Card,Male,3.0,4,Laptop & Accessory,4,Married,2,0,16.0,5.0,6.0,9.0,169.4,24.2,12.0,0.0,0.6923,0.7143,0
0.0,Computer,1,14.0,Debit Card,Female,2.0,3,Mobile Phone,1,Single,1,1,14.0,1.0,1.0,2.0,123.79,61.895,6.0,5.0,2.0,0.5,0
3.0,Mobile Phone,1,13.0,Credit Card,Male,4.0,4,Mobile Phone,5,Married,9,1,22.0,2.0,3.0,3.0,149.04,37.26,16.0,1.0,0.75,0.5,1
9.0,Mobile Phone,3,16.0,E wallet,Male,2.0,3,Mobile Phone,4,Married,2,0,14.0,0.0,2.0,2.0,122.97,40.99,6.0,0.0,0.2,0.0,0
9.0,Mobile Phone,2,12.0,Credit Card,Male,2.0,3,Mobile Phone,3,Married,9,0,17.0,0.0,2.0,2.0,122.67,40.89,6.0,0.0,0.2,0.0,0
20.0,Mobile Phone,3,10.0,Debit Card,Female,2.0,3,Laptop & Accessory,1,Single,2,1,17.0,1.0,1.0,7.0,141.63,70.815,6.0,5.0,0.3333,0.5,0
5.0,Mobile Phone,3,13.0,Debit Card,Male,3.0,4,Laptop & Accessory,3,Married,2,0,14.0,3.0,4.0,8.0,154.84,30.968,12.0,0.0,1.3333,0.6,0
1.0,Mobile Phone,1,16.0,Credit Card,Male,3.0,4,Mobile Phone,5,Married,3,0,15.0,2.0,2.0,3.0,150.0,50.0,12.0,0.0,1.5,0.6667,0
1.0,Mobile Phone,1,7.0,UPI,Male,4.0,4,Mobile Phone,1,Single,3,1,14.0,7.0,8.0,9.0,151.86,16.8733,16.0,5.0,4.5,0.7778,1
21.0,Computer,1,28.0,Credit Card,Female,2.0,3,Grocery,1,Married,4,0,11.0,1.0,4.0,7.0,271.74,54.348,6.0,0.0,0.3182,0.2,0
16.0,Computer,3,32.0,Debit Card,Male,3.0,3,Grocery,1,Married,2,1,12.0,1.0,4.0,12.0,269.59,53.918,9.0,5.0,0.7059,0.2,0
1.0,Computer,1,12.0,Debit Card,Female,3.0,2,Mobile Phone,3,Single,5,1,15.0,1.0,2.0,4.0,149.32,49.7733,6.0,3.0,2.0,0.3333,1
13.0,Mobile Phone,1,26.0,Cash on Delivery,Male,3.0,3,Fashion,1,Married,5,0,20.0,3.0,11.0,1.0,203.22,16.935,9.0,0.0,0.0714,0.25,0
16.0,Mobile Phone,1,10.0,Debit Card,Female,4.0,2,Laptop & Accessory,2,Divorced,4,1,14.0,1.0,2.0,4.0,177.31,59.1033,8.0,4.0,0.2353,0.3333,0
10.0,Mobile Phone,1,6.0,Cash on Delivery,Female,2.0,3,Fashion,1,Single,5,0,17.0,1.0,1.0,2.0,174.91,87.455,6.0,0.0,0.1818,0.5,0
7.0,Mobile Phone,1,28.0,Credit Card,Male,4.0,2,Mobile Phone,4,Married,3,0,19.0,1.0,3.0,14.0,145.28,36.32,8.0,0.0,1.75,0.25,0
1.0,Mobile Phone,3,17.0,Credit Card,Male,3.0,5,Fashion,5,Married,11,0,18.0,1.0,7.0,3.0,228.06,28.5075,15.0,0.0,1.5,0.125,1
1.0,Mobile Phone,1,26.0,Credit Card,Male,4.0,4,Mobile Phone,1,Married,5,0,12.0,1.0,2.0,3.0,161.69,53.8967,16.0,0.0,1.5,0.3333,0
3.0,Computer,1,9.0,Debit Card,Female,3.0,5,Mobile Phone,5,Single,4,1,24.0,1.0,2.0,1.0,161.46,53.82,15.0,1.0,0.25,0.3333,1
0.0,Mobile Phone,3,22.0,E wallet,Female,3.0,3,Laptop & Accessory,5,Single,6,0,15.0,1.0,1.0,2.0,153.24,76.62,9.0,0.0,2.0,0.5,1
2.0,Mobile Phone,3,17.0,Credit Card,Male,4.0,4,Mobile Phone,4,Divorced,3,0,23.0,2.0,2.0,1.0,135.52,45.1733,16.0,0.0,0.3333,0.6667,0
13.0,Computer,1,35.0,Debit Card,Male,4.0,5,Laptop & Accessory,5,Single,5,0,21.0,1.0,2.0,4.0,167.84,55.9467,20.0,0.0,0.2857,0.3333,1
24.0,Mobile Phone,1,14.0,Debit Card,Male,2.0,4,Fashion,4,Married,6,0,16.0,2.0,4.0,3.0,224.9,44.98,8.0,0.0,0.12,0.4,0
1.0,Computer,3,7.0,Debit Card,Female,3.0,6,Mobile Phone,3,Single,3,0,13.0,2.0,2.0,1.0,138.59,46.1967,18.0,0.0,0.5,0.6667,1
11.0,Mobile Phone,1,17.0,Debit Card,Female,3.0,4,Mobile Phone,5,Married,2,1,14.0,4.0,5.0,4.0,152.82,25.47,12.0,1.0,0.3333,0.6667,0
20.0,Mobile Phone,1,9.0,Cash on Delivery,Male,3.0,4,Laptop & Accessory,1,Married,4,0,12.0,1.0,2.0,5.0,198.79,66.2633,12.0,0.0,0.2381,0.3333,0
15.0,Mobile Phone,1,14.0,Debit Card,Female,3.0,3,Mobile Phone,5,Married,4,0,16.0,1.0,1.0,2.0,125.76,62.88,9.0,0.0,0.125,0.5,0
0.0,Computer,1,9.0,Debit Card,Male,3.0,3,Mobile Phone,5,Single,2,1,11.0,5.0,9.0,7.0,133.48,13.348,9.0,1.0,7.0,0.5,1
16.0,Mobile Phone,1,36.0,Credit Card,Male,3.0,6,Laptop & Accessory,1,Single,6,0,20.0,2.0,2.0,1.0,167.72,55.9067,18.0,0.0,0.0588,0.6667,0
21.0,Mobile Phone,3,9.0,Debit Card,Female,3.0,2,Grocery,4,Married,8,0,15.0,1.0,2.0,3.0,284.72,94.9067,6.0,0.0,0.1364,0.3333,0
13.0,Computer,1,8.0,Credit Card,Female,2.0,1,Laptop & Accessory,4,Married,2,0,24.0,0.0,3.0,7.0,142.44,35.61,2.0,0.0,0.5,0.0,0
27.0,Mobile Phone,1,31.0,Credit Card,Male,3.0,2,Fashion,1,Married,5,0,16.0,1.0,2.0,3.0,195.05,65.0167,6.0,0.0,0.1071,0.3333,0
3.0,Mobile Phone,1,7.0,Credit Card,Male,3.0,3,Mobile Phone,4,Married,1,1,21.0,3.0,5.0,7.0,135.79,22.6317,9.0,2.0,1.75,0.5,0
6.0,Mobile Phone,1,9.0,Credit Card,Male,3.0,4,Laptop & Accessory,4,Married,2,0,14.0,2.0,2.0,7.0,179.7,59.9,12.0,0.0,1.0,0.6667,0
28.0,Computer,1,18.0,Credit Card,Female,3.0,4,Grocery,1,Married,5,0,21.0,1.0,2.0,13.0,285.32,95.1067,12.0,0.0,0.4483,0.3333,0
10.0,Mobile Phone,1,16.0,Credit Card,Male,3.0,5,Laptop & Accessory,4,Married,4,1,12.0,2.0,2.0,3.0,213.47,71.1567,15.0,2.0,0.2727,0.6667,0
10.0,Computer,1,10.0,Credit Card,Male,2.0,4,Mobile Phone,4,Single,6,0,13.0,3.0,8.0,3.0,145.88,16.2089,8.0,0.0,0.2727,0.3333,0
7.0,Mobile Phone,3,14.0,Debit Card,Female,3.0,3,Laptop & Accessory,5,Divorced,6,0,17.0,1.0,1.0,2.0,165.0,82.5,9.0,0.0,0.25,0.5,0
19.0,Computer,3,33.0,E wallet,Male,3.0,5,Laptop & Accessory,5,Married,3,0,16.0,1.0,5.0,6.0,168.85,28.1417,15.0,0.0,0.3,0.1667,0
17.0,Computer,1,30.0,Credit Card,Male,2.0,5,Mobile Phone,3,Single,3,0,14.0,0.0,1.0,4.0,137.08,68.54,10.0,0.0,0.2222,0.0,0
10.0,Computer,1,31.0,Credit Card,Female,3.0,3,Laptop & Accessory,3,Married,4,1,15.0,4.0,10.0,7.0,144.49,13.1355,9.0,3.0,0.6364,0.3636,0
27.0,Mobile Phone,3,13.0,E wallet,Male,3.0,4,Laptop & Accessory,3,Married,4,1,21.0,1.0,5.0,6.0,148.06,24.6767,12.0,3.0,0.2143,0.1667,0
22.0,Mobile Phone,1,7.0,Debit Card,Male,4.0,5,Others,2,Single,8,0,15.0,2.0,2.0,1.0,307.65,102.55,20.0,0.0,0.0435,0.6667,0
14.0,Computer,1,16.0,UPI,Male,3.0,4,Laptop & Accessory,3,Married,5,0,12.0,1.0,2.0,8.0,164.75,54.9167,12.0,0.0,0.5333,0.3333,0
20.0,Mobile Phone,1,9.0,Cash on Delivery,Male,3.0,4,Laptop & Accessory,2,Married,4,0,12.0,2.0,2.0,5.0,198.79,66.2633,12.0,0.0,0.2381,0.6667,0
23.0,Mobile Phone,3,6.0,Credit Card,Female,3.0,3,Others,2,Married,4,0,15.0,1.0,1.0,6.0,295.17,147.585,9.0,0.0,0.25,0.5,0
14.0,Mobile Phone,1,23.0,Debit Card,Female,3.0,4,Fashion,1,Single,8,1,16.0,4.0,4.0,4.0,204.45,40.89,12.0,5.0,0.2667,0.8,0
11.0,Mobile Phone,3,15.0,E wallet,Male,3.0,4,Mobile Phone,4,Married,1,0,19.0,0.0,1.0,2.0,128.99,64.495,12.0,0.0,0.1667,0.0,0
25.0,Computer,3,8.0,Debit Card,Male,3.0,4,Others,3,Single,2,1,18.0,1.0,15.0,12.0,290.68,18.1675,12.0,3.0,0.4615,0.0625,0
5.0,Mobile Phone,3,13.0,E wallet,Male,3.0,3,Laptop & Accessory,1,Married,5,0,12.0,0.0,1.0,3.0,192.04,96.02,9.0,0.0,0.5,0.0,0
9.0,Mobile Phone,2,14.0,Credit Card,Female,3.0,1,Mobile Phone,4,Single,10,0,18.0,0.0,1.0,2.0,121.09,60.545,3.0,0.0,0.2,0.0,0
8.0,Mobile Phone,3,17.0,Debit Card,Female,3.0,4,Mobile Phone,3,Married,3,1,20.0,1.0,2.0,1.0,147.2,49.0667,12.0,3.0,0.1111,0.3333,0
6.0,Computer,1,17.0,Debit Card,Male,3.0,4,Mobile Phone,3,Married,8,0,14.0,1.0,2.0,4.0,159.33,53.11,12.0,0.0,0.5714,0.3333,0
10.0,Mobile Phone,1,16.0,Credit Card,Female,3.0,3,Mobile Phone,4,Married,2,0,11.0,4.0,7.0,7.0,139.36,17.42,9.0,0.0,0.6364,0.5,0
23.0,Computer,1,28.0,Credit Card,Male,2.0,5,Grocery,1,Single,2,1,13.0,13.0,2.0,9.0,244.11,81.37,10.0,5.0,0.375,4.3333,0
0.0,Computer,3,14.0,E wallet,Female,2.0,5,Mobile Phone,3,Married,1,0,16.0,1.0,1.0,0.0,123.51,61.755,10.0,0.0,0.0,0.5,1
16.0,Mobile Phone,1,13.0,Debit Card,Female,2.0,3,Fashion,5,Married,9,0,16.0,1.0,1.0,0.0,199.85,99.925,6.0,0.0,0.0,0.5,0
21.0,Mobile Phone,1,10.0,Debit Card,Male,3.0,4,Fashion,3,Single,8,0,14.0,1.0,4.0,3.0,209.99,41.998,12.0,0.0,0.1364,0.2,0
11.0,Mobile Phone,1,17.0,Debit Card,Female,3.0,2,Fashion,1,Married,3,1,26.0,1.0,7.0,9.0,262.44,32.805,6.0,5.0,0.75,0.125,0
19.0,Mobile Phone,1,6.0,Credit Card,Male,2.0,3,Others,2,Married,10,0,15.0,1.0,2.0,2.0,296.27,98.7567,6.0,0.0,0.1,0.3333,0
1.0,Mobile Phone,2,29.0,UPI,Male,3.0,6,Mobile Phone,3,Married,3,0,12.0,1.0,2.0,1.0,140.55,46.85,18.0,0.0,0.5,0.3333,1
13.0,Mobile Phone,1,19.0,Credit Card,Male,4.0,4,Laptop & Accessory,4,Married,6,0,22.0,2.0,2.0,1.0,177.95,59.3167,16.0,0.0,0.0714,0.6667,0
9.0,Mobile Phone,3,19.0,Credit Card,Male,2.0,3,Mobile Phone,3,Married,2,0,11.0,1.0,1.0,6.0,120.96,60.48,6.0,0.0,0.6,0.5,0
31.0,Mobile Phone,1,25.0,Credit Card,Male,4.0,4,Fashion,1,Single,8,0,13.0,4.0,6.0,3.0,230.12,32.8743,16.0,0.0,0.0938,0.5714,0
20.0,Mobile Phone,1,8.0,Credit Card,Female,2.0,3,Grocery,3,Divorced,4,0,19.0,1.0,5.0,6.0,271.69,45.2817,6.0,0.0,0.2857,0.1667,0
4.0,Mobile Phone,1,14.0,Credit Card,Male,3.0,5,Mobile Phone,4,Married,3,0,13.0,1.0,2.0,2.0,146.41,48.8033,15.0,0.0,0.4,0.3333,0
17.0,Mobile Phone,2,6.0,Debit Card,Female,2.0,3,Mobile Phone,1,Married,5,1,18.0,2.0,2.0,2.0,131.95,43.9833,6.0,5.0,0.1111,0.6667,0
11.0,Computer,3,34.0,Debit Card,Female,4.0,2,Laptop & Accessory,3,Single,6,1,13.0,2.0,2.0,4.0,188.97,62.99,8.0,3.0,0.3333,0.6667,1
26.0,Mobile Phone,1,19.0,Credit Card,Female,2.0,1,Laptop & Accessory,5,Married,2,0,11.0,1.0,1.0,3.0,144.5,72.25,2.0,0.0,0.1111,0.5,0
1.0,Computer,1,17.0,Credit Card,Male,4.0,4,Fashion,3,Married,8,0,12.0,2.0,2.0,3.0,225.48,75.16,16.0,0.0,1.5,0.6667,1
2.0,Mobile Phone,1,12.0,Credit Card,Female,3.0,3,Mobile Phone,1,Married,2,0,13.0,0.0,1.0,8.0,131.31,65.655,9.0,0.0,2.6667,0.0,0
21.0,Mobile Phone,1,14.0,UPI,Female,3.0,3,Mobile Phone,5,Married,9,0,12.0,6.0,7.0,6.0,123.67,15.4588,9.0,0.0,0.2727,0.75,0
8.0,Computer,1,23.0,Debit Card,Female,4.0,5,Mobile Phone,2,Single,3,0,17.0,2.0,2.0,4.0,150.53,50.1767,20.0,0.0,0.4444,0.6667,0
2.0,Mobile Phone,3,16.0,Debit Card,Male,4.0,4,Laptop & Accessory,2,Single,3,0,17.0,2.0,2.0,8.0,177.53,59.1767,16.0,0.0,2.6667,0.6667,0
26.0,Computer,1,32.0,Credit Card,Female,3.0,5,Grocery,1,Married,5,0,23.0,1.0,2.0,1.0,263.26,87.7533,15.0,0.0,0.037,0.3333,0
0.0,Mobile Phone,1,8.0,Credit Card,Male,2.0,4,Mobile Phone,2,Single,1,0,12.0,0.0,1.0,1.0,139.04,69.52,8.0,0.0,1.0,0.0,0
12.0,Mobile Phone,1,24.0,Debit Card,Male,2.0,3,Laptop & Accessory,3,Single,1,0,11.0,1.0,1.0,7.0,145.34,72.67,6.0,0.0,0.5385,0.5,0
9.0,Mobile Phone,3,9.0,E wallet,Female,4.0,6,Others,4,Single,4,1,15.0,2.0,2.0,12.0,313.24,104.4133,24.0,2.0,1.2,0.6667,1
31.0,Mobile Phone,1,10.0,Debit Card,Male,4.0,5,Mobile Phone,1,Married,5,0,18.0,1.0,2.0,1.0,146.77,48.9233,20.0,0.0,0.0312,0.3333,0
4.0,Mobile Phone,1,14.0,Debit Card,Male,4.0,4,Mobile Phone,5,Single,5,1,15.0,1.0,2.0,4.0,146.66,48.8867,16.0,1.0,0.8,0.3333,1
8.0,Computer,1,24.0,Debit Card,Male,3.0,3,Laptop & Accessory,3,Married,2,1,14.0,0.0,1.0,2.0,156.89,78.445,9.0,3.0,0.2222,0.0,0
0.0,Computer,1,34.0,Debit Card,Male,3.0,4,Laptop & Accessory,5,Single,4,0,20.0,0.0,1.0,3.0,142.84,71.42,12.0,0.0,3.0,0.0,1
0.0,Computer,3,32.0,E wallet,Male,3.0,3,Laptop & Accessory,1,Married,2,1,11.0,0.0,1.0,8.0,156.17,78.085,9.0,5.0,8.0,0.0,1
3.0,Mobile Phone,3,14.0,UPI,Male,3.0,3,Fashion,3,Married,6,0,11.0,4.0,7.0,7.0,172.64,21.58,9.0,0.0,1.75,0.5,0
9.0,Computer,1,10.0,Debit Card,Male,3.0,5,Mobile Phone,3,Divorced,3,0,19.0,2.0,2.0,1.0,137.81,45.9367,15.0,0.0,0.1,0.6667,0
4.0,Computer,1,13.0,Debit Card,Female,2.0,4,Fashion,3,Divorced,2,0,24.0,3.0,8.0,9.0,189.43,21.0478,8.0,0.0,1.8,0.3333,0
15.0,Computer,1,34.0,Cash on Delivery,Female,2.0,4,Laptop & Accessory,2,Divorced,1,0,11.0,0.0,1.0,4.0,145.23,72.615,8.0,0.0,0.25,0.0,0
1.0,Computer,1,14.0,Debit Card,Female,3.0,4,Mobile Phone,3,Married,3,1,17.0,1.0,2.0,3.0,153.86,51.2867,12.0,3.0,1.5,0.3333,1
8.0,Mobile Phone,3,7.0,E wallet,Male,4.0,2,Laptop & Accessory,2,Married,2,0,12.0,2.0,2.0,3.0,222.25,74.0833,8.0,0.0,0.3333,0.6667,0
0.0,Mobile Phone,3,14.0,E wallet,Female,2.0,3,Laptop & Accessory,4,Married,2,0,18.0,0.0,1.0,7.0,162.14,81.07,6.0,0.0,7.0,0.0,0
17.0,Mobile Phone,1,35.0,UPI,Male,2.0,3,Laptop & Accessory,2,Single,2,0,25.0,1.0,1.0,17.0,145.41,72.705,6.0,0.0,0.9444,0.5,0
1.0,Computer,3,10.0,Credit Card,Male,2.0,3,Laptop & Accessory,3,Married,2,0,15.0,0.0,1.0,4.0,142.21,71.105,6.0,0.0,2.0,0.0,0
1.0,Mobile Phone,3,27.0,Debit Card,Female,4.0,6,Laptop & Accessory,3,Divorced,5,1,12.0,2.0,3.0,3.0,170.59,42.6475,24.0,3.0,1.5,0.5,1
4.0,Mobile Phone,1,25.0,Debit Card,Female,4.0,4,Mobile Phone,3,Single,3,0,15.0,2.0,2.0,5.0,151.32,50.44,16.0,0.0,1.0,0.6667,0
7.0,Mobile Phone,1,8.0,Cash on Delivery,Female,3.0,3,Laptop & Accessory,2,Single,2,0,11.0,1.0,4.0,11.0,166.87,33.374,9.0,0.0,1.375,0.2,0
17.0,Mobile Phone,1,13.0,Credit Card,Female,2.0,4,Fashion,1,Married,4,0,14.0,0.0,5.0,17.0,202.48,33.7467,8.0,0.0,0.9444,0.0,0
10.0,Mobile Phone,3,9.0,Debit Card,Female,3.0,4,Laptop & Accessory,1,Single,5,0,16.0,4.0,7.0,8.0,170.02,21.2525,12.0,0.0,0.7273,0.5,0
27.0,Mobile Phone,3,8.0,Debit Card,Female,2.0,4,Fashion,3,Married,7,0,11.0,6.0,7.0,0.0,206.86,25.8575,8.0,0.0,0.0,0.75,0
13.0,Computer,1,7.0,Debit Card,Male,3.0,4,Others,3,Married,3,1,15.0,1.0,2.0,7.0,316.97,105.6567,12.0,3.0,0.5,0.3333,0
6.0,Mobile Phone,1,6.0,UPI,Male,3.0,4,Mobile Phone,5,Single,4,1,11.0,0.0,1.0,2.0,127.99,63.995,12.0,1.0,0.2857,0.0,0
12.0,Mobile Phone,1,6.0,Credit Card,Male,2.0,1,Fashion,1,Married,1,0,17.0,1.0,3.0,7.0,196.13,49.0325,2.0,0.0,0.5385,0.25,0
27.0,Mobile Phone,3,9.0,Debit Card,Female,4.0,5,Grocery,1,Married,4,0,17.0,1.0,4.0,8.0,279.27,55.854,20.0,0.0,0.2857,0.2,0
25.0,Computer,1,34.0,Credit Card,Female,2.0,1,Grocery,3,Divorced,3,1,11.0,0.0,2.0,2.0,232.47000000000003,77.49,2.0,3.0,0.0769,0.0,0
1.0,Mobile Phone,3,16.0,E wallet,Female,4.0,4,Laptop & Accessory,5,Single,2,1,18.0,1.0,2.0,4.0,207.24,69.08,16.0,1.0,2.0,0.3333,1
22.0,Mobile Phone,3,14.0,E wallet,Male,4.0,4,Laptop & Accessory,5,Married,6,0,12.0,2.0,3.0,3.0,179.86,44.965,16.0,0.0,0.1304,0.5,0
16.0,Computer,1,16.0,Debit Card,Female,2.0,4,Laptop & Accessory,3,Married,2,0,11.0,1.0,1.0,0.0,152.57,76.285,8.0,0.0,0.0,0.5,0
12.0,Mobile Phone,3,27.0,Debit Card,Male,2.0,4,Laptop & Accessory,1,Married,4,1,12.0,0.0,1.0,4.0,161.2,80.6,8.0,5.0,0.3077,0.0,0
6.0,Mobile Phone,3,9.0,E wallet,Male,3.0,4,Laptop & Accessory,4,Married,2,1,14.0,2.0,2.0,3.0,165.78,55.26,12.0,2.0,0.4286,0.6667,0
1.0,Mobile Phone,3,14.0,E wallet,Male,3.0,4,Mobile Phone,4,Single,3,0,14.0,2.0,2.0,1.0,151.79,50.5967,12.0,0.0,0.5,0.6667,1
22.0,Mobile Phone,1,8.0,Debit Card,Male,4.0,5,Others,1,Single,8,0,15.0,2.0,2.0,1.0,307.65,102.55,20.0,0.0,0.0435,0.6667,0
0.0,Mobile Phone,3,6.0,Debit Card,Male,2.0,4,Fashion,3,Divorced,6,0,11.0,1.0,11.0,7.0,206.09,17.1742,8.0,0.0,7.0,0.0833,1
9.0,Mobile Phone,3,16.0,E wallet,Male,2.0,3,Mobile Phone,4,Married,2,0,14.0,2.0,2.0,2.0,122.97,40.99,6.0,0.0,0.2,0.6667,0
5.0,Mobile Phone,1,35.0,Debit Card,Female,3.0,4,Mobile Phone,4,Single,2,0,13.0,0.0,4.0,1.0,128.37,25.674,12.0,0.0,0.1667,0.0,0
0.0,Mobile Phone,3,6.0,Cash on Delivery,Female,3.0,3,Mobile Phone,4,Single,2,1,16.0,0.0,1.0,4.0,132.02,66.01,9.0,2.0,4.0,0.0,1
15.0,Mobile Phone,1,8.0,UPI,Male,3.0,4,Laptop & Accessory,1,Single,4,0,23.0,1.0,1.0,0.0,167.81,83.905,12.0,0.0,0.0,0.5,0
21.0,Mobile Phone,1,9.0,Cash on Delivery,Male,3.0,4,Mobile Phone,3,Single,6,0,25.0,1.0,2.0,1.0,149.79,49.93,12.0,0.0,0.0455,0.3333,1
10.0,Mobile Phone,1,20.0,Debit Card,Female,3.0,3,Mobile Phone,5,Married,2,0,12.0,3.0,12.0,17.0,130.34,10.0262,9.0,0.0,1.5455,0.2308,0
23.0,Mobile Phone,1,17.0,Debit Card,Female,2.0,3,Others,4,Single,4,0,15.0,0.0,4.0,4.0,299.26,59.852,6.0,0.0,0.1667,0.0,0
21.0,Mobile Phone,1,9.0,Credit Card,Female,3.0,4,Grocery,3,Divorced,5,0,15.0,4.0,6.0,7.0,296.69,42.3843,12.0,0.0,0.3182,0.5714,0
9.0,Computer,1,14.0,Credit Card,Male,2.0,1,Laptop & Accessory,1,Married,5,0,17.0,0.0,1.0,3.0,125.71,62.855,2.0,0.0,0.3,0.0,0
0.0,Mobile Phone,3,15.0,E wallet,Female,3.0,5,Mobile Phone,4,Single,2,0,13.0,1.0,2.0,2.0,127.6,42.5333,15.0,0.0,2.0,0.3333,1
21.0,Mobile Phone,1,9.0,UPI,Female,3.0,4,Grocery,2,Divorced,3,1,15.0,4.0,4.0,1.0,292.52,58.504,12.0,4.0,0.0455,0.8,0
13.0,Computer,1,32.0,Credit Card,Female,3.0,4,Laptop & Accessory,1,Married,4,1,13.0,0.0,1.0,0.0,144.22,72.11,12.0,5.0,0.0,0.0,0
20.0,Mobile Phone,1,7.0,Credit Card,Male,3.0,4,Others,1,Married,11,0,15.0,2.0,3.0,3.0,321.27,80.3175,12.0,0.0,0.1429,0.5,0
1.0,Computer,3,7.0,Cash on Delivery,Female,4.0,6,Mobile Phone,5,Single,2,0,22.0,2.0,2.0,1.0,148.25,49.4167,24.0,0.0,0.5,0.6667,1
2.0,Mobile Phone,1,17.0,UPI,Female,3.0,4,Laptop & Accessory,3,Single,5,0,14.0,2.0,2.0,8.0,161.6,53.8667,12.0,0.0,2.6667,0.6667,0
3.0,Computer,3,31.0,Cash on Delivery,Female,2.0,3,Laptop & Accessory,3,Married,8,1,12.0,2.0,2.0,2.0,147.36,49.12,6.0,3.0,0.5,0.6667,0
31.0,Mobile Phone,3,10.0,Debit Card,Female,3.0,5,Laptop & Accessory,2,Single,7,0,18.0,1.0,2.0,6.0,176.71,58.9033,15.0,0.0,0.1875,0.3333,0
2.0,Mobile Phone,1,9.0,Debit Card,Male,4.0,5,Mobile Phone,4,Married,2,0,18.0,1.0,2.0,5.0,157.01,52.3367,20.0,0.0,1.6667,0.3333,0
9.0,Mobile Phone,1,12.0,Debit Card,Female,3.0,1,Mobile Phone,1,Married,4,0,12.0,0.0,1.0,0.0,130.38,65.19,3.0,0.0,0.0,0.0,0
22.0,Mobile Phone,1,24.0,Debit Card,Male,2.0,4,Others,3,Married,2,1,15.0,1.0,1.0,9.0,295.02,147.51,8.0,3.0,0.3913,0.5,0
1.0,Mobile Phone,1,9.0,Cash on Delivery,Male,4.0,4,Mobile Phone,1,Married,2,0,15.0,3.0,3.0,2.0,150.23,37.5575,16.0,0.0,1.0,0.75,0
0.0,Computer,2,29.0,UPI,Female,2.0,3,Fashion,5,Married,10,1,15.0,1.0,1.0,2.0,199.5,99.75,6.0,1.0,2.0,0.5,1
1.0,Mobile Phone,1,17.0,Debit Card,Female,3.0,5,Mobile Phone,5,Single,3,0,14.0,2.0,2.0,1.0,139.16,46.3867,15.0,0.0,0.5,0.6667,1
3.0,Mobile Phone,3,21.0,E wallet,Male,3.0,4,Fashion,5,Married,3,0,11.0,1.0,1.0,7.0,171.4,85.7,12.0,0.0,1.75,0.5,0
1.0,Mobile Phone,1,11.0,Credit Card,Female,3.0,4,Mobile Phone,4,Single,3,0,14.0,1.0,2.0,3.0,157.95,52.65,12.0,0.0,1.5,0.3333,0
27.0,Mobile Phone,1,14.0,Credit Card,Female,3.0,4,Others,3,Married,5,0,15.0,4.0,5.0,8.0,311.06,51.8433,12.0,0.0,0.2857,0.6667,0
1.0,Mobile Phone,1,8.0,Cash on Delivery,Male,4.0,5,Mobile Phone,5,Single,8,0,14.0,2.0,2.0,8.0,148.62,49.54,20.0,0.0,4.0,0.6667,1
9.0,Mobile Phone,1,8.0,Cash on Delivery,Male,2.0,4,Laptop & Accessory,5,Single,5,0,13.0,0.0,1.0,4.0,121.76,60.88,8.0,0.0,0.4,0.0,0
5.0,Mobile Phone,1,11.0,Credit Card,Female,4.0,2,Mobile Phone,3,Married,10,0,13.0,3.0,3.0,3.0,164.78,41.195,8.0,0.0,0.5,0.75,0
30.0,Mobile Phone,1,9.0,Credit Card,Female,3.0,1,Mobile Phone,5,Married,5,1,20.0,0.0,1.0,0.0,126.7,63.35,3.0,1.0,0.0,0.0,0
11.0,Mobile Phone,3,22.0,Debit Card,Female,2.0,3,Laptop & Accessory,4,Single,3,0,12.0,0.0,1.0,2.0,141.98,70.99,6.0,0.0,0.1667,0.0,0
1.0,Mobile Phone,3,32.0,Debit Card,Male,2.0,4,Laptop & Accessory,5,Divorced,2,0,11.0,1.0,1.0,4.0,147.24,73.62,8.0,0.0,2.0,0.5,0
4.0,Mobile Phone,2,8.0,Debit Card,Male,3.0,4,Mobile Phone,3,Married,2,0,22.0,1.0,2.0,4.0,145.64,48.5467,12.0,0.0,0.8,0.3333,0
19.0,Computer,1,32.0,Credit Card,Female,3.0,4,Others,4,Single,5,0,15.0,2.0,2.0,1.0,305.61,101.87,12.0,0.0,0.05,0.6667,0
0.0,Mobile Phone,1,13.0,Debit Card,Male,3.0,3,Laptop & Accessory,3,Married,2,0,18.0,0.0,1.0,1.0,148.83,74.415,9.0,0.0,1.0,0.0,1
0.0,Mobile Phone,3,33.0,E wallet,Female,2.0,3,Fashion,1,Married,2,0,22.0,0.0,1.0,9.0,176.39,88.195,6.0,0.0,9.0,0.0,1
1.0,Computer,1,14.0,Credit Card,Male,4.0,4,Mobile Phone,1,Single,3,0,21.0,6.0,6.0,8.0,150.7,21.5286,16.0,0.0,4.0,0.8571,0
13.0,Computer,1,14.0,Debit Card,Male,3.0,3,Laptop & Accessory,1,Married,4,1,18.0,2.0,2.0,2.0,140.69,46.8967,9.0,5.0,0.1429,0.6667,0
3.0,Mobile Phone,3,10.0,Credit Card,Female,4.0,4,Laptop & Accessory,3,Married,3,0,15.0,1.0,2.0,3.0,180.61,60.2033,16.0,0.0,0.75,0.3333,0
11.0,Mobile Phone,1,10.0,UPI,Male,3.0,4,Fashion,3,Married,3,0,16.0,8.0,8.0,3.0,219.34,24.3711,12.0,0.0,0.25,0.8889,0
2.0,Mobile Phone,3,25.0,Debit Card,Male,3.0,4,Laptop & Accessory,3,Married,2,0,14.0,1.0,1.0,4.0,186.2,93.1,12.0,0.0,1.3333,0.5,0
7.0,Mobile Phone,3,9.0,UPI,Male,2.0,5,Laptop & Accessory,5,Single,4,0,18.0,2.0,3.0,12.0,147.59,36.8975,10.0,0.0,1.5,0.5,0
18.0,Mobile Phone,3,19.0,E wallet,Male,2.0,1,Grocery,3,Single,7,1,17.0,1.0,2.0,8.0,236.95,78.9833,2.0,3.0,0.4211,0.3333,1
0.0,Mobile Phone,3,12.0,Debit Card,Male,3.0,5,Laptop & Accessory,3,Married,5,1,18.0,0.0,7.0,7.0,161.72,20.215,15.0,3.0,7.0,0.0,1
3.0,Mobile Phone,3,17.0,E wallet,Female,3.0,5,Laptop & Accessory,4,Married,3,1,15.0,2.0,2.0,8.0,207.68,69.2267,15.0,2.0,2.0,0.6667,0
27.0,Mobile Phone,1,20.0,Credit Card,Female,3.0,2,Laptop & Accessory,5,Married,3,0,12.0,2.0,2.0,4.0,169.5,56.5,6.0,0.0,0.1429,0.6667,0
9.0,Computer,3,15.0,E wallet,Female,4.0,5,Fashion,2,Divorced,6,1,12.0,3.0,5.0,3.0,228.77,38.1283,20.0,4.0,0.3,0.5,0
3.0,Mobile Phone,3,18.0,Cash on Delivery,Female,2.0,3,Laptop & Accessory,3,Single,1,0,11.0,3.0,4.0,4.0,165.77,33.154,6.0,0.0,1.0,0.6,0
3.0,Mobile Phone,1,35.0,Credit Card,Female,4.0,5,Mobile Phone,5,Single,3,0,15.0,1.0,2.0,5.0,162.85,54.2833,20.0,0.0,1.25,0.3333,0
16.0,Computer,3,33.0,E wallet,Female,4.0,4,Grocery,4,Divorced,7,0,15.0,3.0,2.0,9.0,260.25,86.75,16.0,0.0,0.5294,1.0,0
14.0,Mobile Phone,2,13.0,Credit Card,Male,3.0,4,Grocery,1,Single,3,1,22.0,1.0,8.0,8.0,289.37,32.1522,12.0,5.0,0.5333,0.1111,0
15.0,Mobile Phone,2,16.0,UPI,Female,2.0,3,Grocery,5,Divorced,1,0,14.0,1.0,1.0,9.0,267.99,133.995,6.0,0.0,0.5625,0.5,0
8.0,Mobile Phone,1,9.0,Debit Card,Male,4.0,5,Mobile Phone,3,Married,5,0,13.0,4.0,6.0,8.0,152.68,21.8114,20.0,0.0,0.8889,0.5714,0
8.0,Mobile Phone,3,28.0,Debit Card,Male,4.0,3,Laptop & Accessory,2,Single,3,0,13.0,6.0,6.0,8.0,178.37,25.4814,12.0,0.0,0.8889,0.8571,0
10.0,Mobile Phone,1,9.0,UPI,Female,4.0,4,Laptop & Accessory,4,Married,6,1,23.0,1.0,2.0,1.0,194.62,64.8733,16.0,2.0,0.0909,0.3333,0
0.0,Mobile Phone,3,11.0,E wallet,Male,2.0,4,Laptop & Accessory,3,Single,2,1,11.0,1.0,1.0,3.0,157.44,78.72,8.0,3.0,3.0,0.5,1
8.0,Computer,1,8.0,Credit Card,Male,2.0,3,Laptop & Accessory,1,Married,3,0,14.0,1.0,1.0,7.0,157.62,78.81,6.0,0.0,0.7778,0.5,0
10.0,Mobile Phone,1,12.0,Debit Card,Female,3.0,4,Fashion,5,Married,6,0,13.0,2.0,2.0,3.0,205.08,68.36,12.0,0.0,0.2727,0.6667,0
8.0,Computer,1,8.0,Credit Card,Male,3.0,4,Mobile Phone,1,Single,1,1,14.0,1.0,1.0,4.0,149.3,74.65,12.0,5.0,0.4444,0.5,0
23.0,Computer,3,6.0,Debit Card,Female,3.0,3,Laptop & Accessory,3,Married,1,0,12.0,0.0,1.0,13.0,163.47,81.735,9.0,0.0,0.5417,0.0,0
1.0,Computer,1,22.0,Credit Card,Male,4.0,4,Mobile Phone,3,Divorced,3,0,13.0,3.0,3.0,3.0,151.1,37.775,16.0,0.0,1.5,0.75,1
28.0,Computer,2,33.0,UPI,Female,2.0,2,Grocery,1,Single,4,1,15.0,3.0,5.0,5.0,298.28,49.7133,4.0,5.0,0.1724,0.5,0
6.0,Mobile Phone,1,9.0,Credit Card,Female,4.0,4,Mobile Phone,4,Divorced,3,0,14.0,1.0,2.0,8.0,148.7,49.5667,16.0,0.0,1.1429,0.3333,0
13.0,Computer,1,16.0,Debit Card,Male,3.0,4,Others,1,Single,4,0,15.0,2.0,2.0,4.0,319.31,106.4367,12.0,0.0,0.2857,0.6667,0
14.0,Mobile Phone,3,9.0,Debit Card,Female,4.0,4,Others,3,Married,2,0,15.0,2.0,2.0,13.0,305.41,101.8033,16.0,0.0,0.8667,0.6667,0
0.0,Mobile Phone,1,10.0,Debit Card,Male,2.0,1,Laptop & Accessory,4,Married,2,1,20.0,0.0,1.0,3.0,161.42,80.71,2.0,2.0,3.0,0.0,0
23.0,Mobile Phone,1,32.0,Debit Card,Female,3.0,4,Mobile Phone,5,Married,3,0,15.0,1.0,2.0,5.0,157.11,52.37,12.0,0.0,0.2083,0.3333,0
11.0,Mobile Phone,1,17.0,Credit Card,Female,4.0,4,Mobile Phone,4,Married,3,0,12.0,5.0,8.0,8.0,164.36,18.2622,16.0,0.0,0.6667,0.5556,0
1.0,Computer,3,15.0,Debit Card,Male,3.0,4,Fashion,3,Single,3,0,16.0,2.0,2.0,3.0,212.26,70.7533,12.0,0.0,1.5,0.6667,0
10.0,Mobile Phone,3,17.0,Cash on Delivery,Female,4.0,5,Laptop & Accessory,3,Married,3,1,14.0,1.0,2.0,8.0,181.73,60.5767,20.0,3.0,0.7273,0.3333,0
0.0,Mobile Phone,1,12.0,Credit Card,Male,3.0,3,Mobile Phone,5,Single,3,0,11.0,1.0,1.0,3.0,129.6,64.8,9.0,0.0,3.0,0.5,1
1.0,Computer,1,23.0,Cash on Delivery,Male,3.0,6,Mobile Phone,5,Married,3,1,24.0,4.0,4.0,1.0,148.07,29.614,18.0,1.0,0.5,0.8,1
19.0,Mobile Phone,3,8.0,E wallet,Female,3.0,3,Grocery,5,Married,9,0,23.0,1.0,15.0,9.0,270.48,16.905,9.0,0.0,0.45,0.0625,0
9.0,Computer,1,9.0,Credit Card,Male,2.0,3,Mobile Phone,1,Married,2,0,11.0,0.0,1.0,0.0,117.06,58.53,6.0,0.0,0.0,0.0,0
18.0,Computer,2,8.0,UPI,Male,3.0,4,Laptop & Accessory,1,Married,6,1,12.0,2.0,2.0,3.0,182.43,60.81,12.0,5.0,0.1579,0.6667,0
12.0,Mobile Phone,1,30.0,Debit Card,Male,2.0,3,Laptop & Accessory,1,Single,8,0,13.0,0.0,1.0,7.0,141.08,70.54,6.0,0.0,0.5385,0.0,0
5.0,Computer,1,10.0,Credit Card,Male,4.0,4,Fashion,3,Married,11,0,13.0,1.0,3.0,3.0,261.75,65.4375,16.0,0.0,0.5,0.25,0
13.0,Computer,1,32.0,Credit Card,Female,2.0,3,Laptop & Accessory,4,Married,2,0,11.0,0.0,2.0,13.0,156.05,52.0167,6.0,0.0,0.9286,0.0,0
15.0,Mobile Phone,1,26.0,Debit Card,Male,3.0,4,Laptop & Accessory,5,Married,4,0,17.0,2.0,2.0,1.0,155.72,51.9067,12.0,0.0,0.0625,0.6667,0
7.0,Mobile Phone,1,6.0,Debit Card,Female,2.0,4,Mobile Phone,4,Divorced,6,0,17.0,1.0,1.0,2.0,132.94,66.47,8.0,0.0,0.25,0.5,0
8.0,Mobile Phone,3,9.0,E wallet,Female,3.0,4,Laptop & Accessory,5,Single,2,1,13.0,2.0,2.0,3.0,170.38,56.7933,12.0,1.0,0.3333,0.6667,0
9.0,Computer,1,6.0,Credit Card,Male,2.0,3,Mobile Phone,3,Single,1,1,11.0,0.0,1.0,2.0,121.54,60.77,6.0,3.0,0.2,0.0,0
7.0,Mobile Phone,3,6.0,E wallet,Male,3.0,1,Laptop & Accessory,2,Married,1,0,11.0,1.0,1.0,9.0,197.25,98.625,3.0,0.0,1.125,0.5,0
2.0,Computer,1,8.0,Debit Card,Female,3.0,6,Laptop & Accessory,1,Married,2,0,12.0,8.0,8.0,6.0,191.74,21.3044,18.0,0.0,2.0,0.8889,0
1.0,Mobile Phone,1,22.0,Credit Card,Female,3.0,4,Mobile Phone,1,Single,3,0,16.0,2.0,2.0,1.0,153.71,51.2367,12.0,0.0,0.5,0.6667,0
24.0,Computer,1,12.0,Credit Card,Female,3.0,4,Mobile Phone,3,Single,1,0,14.0,7.0,7.0,7.0,128.38,16.0475,12.0,0.0,0.28,0.875,0
8.0,Computer,1,26.0,Credit Card,Female,3.0,4,Laptop & Accessory,4,Married,6,0,14.0,4.0,6.0,11.0,169.44,24.2057,12.0,0.0,1.2222,0.5714,0
13.0,Mobile Phone,3,8.0,Debit Card,Female,3.0,3,Others,3,Divorced,1,0,14.0,1.0,1.0,12.0,280.41,140.205,9.0,0.0,0.8571,0.5,0
1.0,Computer,1,31.0,Cash on Delivery,Male,4.0,5,Fashion,5,Single,3,0,13.0,2.0,2.0,3.0,212.22,70.74,20.0,0.0,1.5,0.6667,1
4.0,Mobile Phone,3,36.0,Debit Card,Male,4.0,4,Laptop & Accessory,5,Married,10,0,20.0,2.0,2.0,4.0,166.15,55.3833,16.0,0.0,0.8,0.6667,0
23.0,Mobile Phone,1,8.0,Credit Card,Male,3.0,3,Others,3,Divorced,3,1,15.0,7.0,7.0,7.0,292.37,36.5462,9.0,3.0,0.2917,0.875,0
24.0,Computer,2,10.0,Credit Card,Male,4.0,4,Others,4,Married,3,0,15.0,2.0,11.0,8.0,307.0,25.5833,16.0,0.0,0.32,0.1667,0
23.0,Computer,1,28.0,Credit Card,Male,2.0,5,Grocery,1,Single,2,1,13.0,1.0,2.0,9.0,244.11,81.37,10.0,5.0,0.375,0.3333,0
30.0,Mobile Phone,3,13.0,E wallet,Male,2.0,1,Laptop & Accessory,2,Married,1,1,18.0,0.0,1.0,9.0,152.2,76.1,2.0,4.0,0.2903,0.0,0
19.0,Mobile Phone,2,31.0,Credit Card,Male,3.0,4,Mobile Phone,4,Single,3,0,17.0,1.0,2.0,5.0,146.77,48.9233,12.0,0.0,0.25,0.3333,0
2.0,Computer,3,6.0,Credit Card,Female,2.0,3,Fashion,1,Married,2,0,14.0,4.0,4.0,1.0,179.18,35.836,6.0,0.0,0.3333,0.8,0
9.0,Mobile Phone,1,26.0,Debit Card,Male,3.0,3,Laptop & Accessory,3,Single,1,0,14.0,1.0,1.0,2.0,122.72,61.36,9.0,0.0,0.2,0.5,0
9.0,Mobile Phone,1,9.0,Debit Card,Male,3.0,1,Laptop & Accessory,5,Married,7,0,20.0,0.0,1.0,4.0,168.42,84.21,3.0,0.0,0.4,0.0,0
6.0,Computer,3,12.0,Debit Card,Male,3.0,4,Laptop & Accessory,4,Married,3,0,15.0,3.0,6.0,4.0,190.24,27.1771,12.0,0.0,0.5714,0.4286,0
11.0,Mobile Phone,1,17.0,Credit Card,Female,4.0,4,Mobile Phone,5,Divorced,8,0,21.0,2.0,2.0,4.0,159.52,53.1733,16.0,0.0,0.3333,0.6667,0
27.0,Mobile Phone,3,9.0,E wallet,Female,2.0,3,Laptop & Accessory,5,Divorced,3,0,14.0,1.0,1.0,5.0,159.4,79.7,6.0,0.0,0.1786,0.5,0
13.0,Computer,3,8.0,Credit Card,Male,3.0,3,Laptop & Accessory,4,Divorced,6,0,12.0,1.0,1.0,0.0,143.27,71.635,9.0,0.0,0.0,0.5,0
7.0,Mobile Phone,1,15.0,Debit Card,Male,2.0,3,Fashion,1,Married,1,0,11.0,0.0,1.0,6.0,185.0,92.5,6.0,0.0,0.75,0.0,0
9.0,Mobile Phone,3,19.0,Credit Card,Male,2.0,3,Mobile Phone,3,Divorced,2,0,11.0,1.0,1.0,6.0,120.96,60.48,6.0,0.0,0.6,0.5,0
17.0,Computer,3,22.0,Debit Card,Male,3.0,5,Laptop & Accessory,2,Divorced,5,0,19.0,1.0,3.0,3.0,193.04,48.26,15.0,0.0,0.1667,0.25,0
14.0,Computer,1,18.0,Cash on Delivery,Female,4.0,4,Laptop & Accessory,3,Married,3,0,12.0,8.0,10.0,5.0,188.23,17.1118,16.0,0.0,0.3333,0.7273,0
0.0,Mobile Phone,3,9.0,Debit Card,Male,2.0,4,Fashion,1,Married,2,1,11.0,3.0,3.0,7.0,203.25,50.8125,8.0,5.0,7.0,0.75,1
4.0,Computer,1,7.0,Debit Card,Male,3.0,5,Fashion,3,Single,3,0,23.0,3.0,6.0,3.0,209.74,29.9629,15.0,0.0,0.6,0.4286,0
3.0,Mobile Phone,3,17.0,Credit Card,Male,3.0,5,Laptop & Accessory,3,Single,11,0,12.0,2.0,2.0,5.0,183.69,61.23,15.0,0.0,1.25,0.6667,0
1.0,Mobile Phone,1,17.0,Cash on Delivery,Male,3.0,2,Mobile Phone,3,Married,4,0,17.0,1.0,3.0,3.0,145.73,36.4325,6.0,0.0,1.5,0.25,0
10.0,Mobile Phone,3,12.0,Credit Card,Male,3.0,3,Laptop & Accessory,1,Married,5,0,14.0,1.0,1.0,1.0,165.02,82.51,9.0,0.0,0.0909,0.5,0
1.0,Mobile Phone,1,25.0,Credit Card,Male,3.0,5,Mobile Phone,1,Single,3,1,14.0,1.0,2.0,2.0,148.89,49.63,15.0,5.0,1.0,0.3333,1
0.0,Mobile Phone,3,6.0,Debit Card,Male,2.0,5,Laptop & Accessory,4,Single,7,0,15.0,0.0,1.0,0.0,167.35,83.675,10.0,0.0,0.0,0.0,1
19.0,Computer,1,6.0,Credit Card,Male,2.0,4,Fashion,5,Married,3,1,13.0,4.0,9.0,5.0,206.73,20.673,8.0,1.0,0.25,0.4,0
11.0,Computer,1,16.0,Credit Card,Male,3.0,3,Mobile Phone,3,Divorced,1,0,17.0,0.0,1.0,2.0,126.84,63.42,9.0,0.0,0.1667,0.0,0
5.0,Computer,1,31.0,Cash on Delivery,Female,2.0,4,Laptop & Accessory,1,Single,4,0,21.0,2.0,2.0,5.0,177.38,59.1267,8.0,0.0,0.8333,0.6667,0
8.0,Mobile Phone,3,14.0,Debit Card,Male,3.0,3,Mobile Phone,3,Married,2,0,13.0,0.0,1.0,0.0,124.04,62.02,9.0,0.0,0.0,0.0,0
25.0,Mobile Phone,1,14.0,UPI,Female,3.0,3,Mobile Phone,5,Divorced,10,0,13.0,1.0,1.0,4.0,129.5,64.75,9.0,0.0,0.1538,0.5,0
15.0,Mobile Phone,1,12.0,Credit Card,Male,2.0,3,Fashion,5,Married,10,0,13.0,3.0,2.0,7.0,233.48,77.8267,6.0,0.0,0.4375,1.0,0
12.0,Computer,1,5.0,Credit Card,Male,2.0,4,Others,2,Divorced,2,0,15.0,9.0,13.0,3.0,292.72,20.9086,8.0,0.0,0.2308,0.6429,0
5.0,Mobile Phone,1,9.0,Debit Card,Male,3.0,4,Mobile Phone,2,Married,2,1,19.0,2.0,3.0,3.0,151.95,37.9875,12.0,4.0,0.5,0.5,0
0.0,Computer,1,32.0,UPI,Female,3.0,4,Mobile Phone,3,Married,2,1,14.0,0.0,1.0,3.0,128.14,64.07,12.0,3.0,3.0,0.0,0
1.0,Computer,3,18.0,UPI,Male,3.0,3,Laptop & Accessory,3,Divorced,10,0,13.0,2.0,2.0,3.0,172.07,57.3567,9.0,0.0,1.5,0.6667,1
13.0,Mobile Phone,3,6.0,Credit Card,Male,2.0,5,Laptop & Accessory,1,Married,3,1,22.0,1.0,1.0,2.0,174.57,87.285,10.0,5.0,0.1429,0.5,0
5.0,Computer,1,16.0,Debit Card,Male,2.0,3,Mobile Phone,3,Married,7,0,13.0,0.0,1.0,3.0,134.33,67.165,6.0,0.0,0.5,0.0,0
9.0,Mobile Phone,1,17.0,Debit Card,Male,3.0,3,Mobile Phone,5,Divorced,1,0,14.0,1.0,1.0,4.0,120.99,60.495,9.0,0.0,0.4,0.5,0
8.0,Mobile Phone,1,17.0,Credit Card,Male,2.0,3,Mobile Phone,3,Married,8,1,11.0,2.0,2.0,2.0,126.6,42.2,6.0,3.0,0.2222,0.6667,0
25.0,Computer,3,16.0,Debit Card,Male,3.0,4,Others,4,Married,6,1,25.0,3.0,12.0,11.0,323.47,24.8823,12.0,2.0,0.4231,0.2308,0
24.0,Computer,3,8.0,E wallet,Male,2.0,3,Fashion,4,Divorced,3,0,11.0,0.0,3.0,2.0,205.96,51.49,6.0,0.0,0.08,0.0,0
1.0,Computer,3,16.0,Credit Card,Male,3.0,4,Mobile Phone,2,Single,3,0,25.0,1.0,3.0,3.0,151.1,37.775,12.0,0.0,1.5,0.25,0
2.0,Mobile Phone,1,15.0,Debit Card,Female,4.0,4,Mobile Phone,2,Single,3,0,22.0,1.0,2.0,3.0,158.1,52.7,16.0,0.0,1.0,0.3333,0
12.0,Mobile Phone,3,8.0,Debit Card,Male,2.0,1,Fashion,3,Single,1,0,18.0,1.0,1.0,7.0,178.8,89.4,2.0,0.0,0.5385,0.5,0
1.0,Mobile Phone,1,10.0,Debit Card,Male,3.0,5,Mobile Phone,3,Single,3,0,13.0,1.0,2.0,3.0,155.33,51.7767,15.0,0.0,1.5,0.3333,0
9.0,Computer,1,27.0,Credit Card,Male,3.0,3,Mobile Phone,2,Divorced,8,0,20.0,0.0,1.0,2.0,122.58,61.29,9.0,0.0,0.2,0.0,0
9.0,Mobile Phone,1,21.0,Debit Card,Female,3.0,5,Mobile Phone,2,Divorced,1,1,18.0,1.0,1.0,3.0,121.68,60.84,15.0,4.0,0.3,0.5,0
5.0,Computer,3,27.0,E wallet,Female,3.0,4,Laptop & Accessory,3,Married,3,0,14.0,2.0,2.0,1.0,194.32,64.7733,12.0,0.0,0.1667,0.6667,0
11.0,Mobile Phone,1,16.0,Credit Card,Female,3.0,3,Laptop & Accessory,3,Married,4,0,19.0,0.0,1.0,0.0,198.24,99.12,9.0,0.0,0.0,0.0,0
6.0,Mobile Phone,1,16.0,Debit Card,Female,4.0,4,Laptop & Accessory,1,Married,3,1,13.0,2.0,2.0,6.0,188.22,62.74,16.0,5.0,0.8571,0.6667,0
1.0,Mobile Phone,1,8.0,Debit Card,Male,3.0,4,Mobile Phone,4,Married,1,0,17.0,0.0,1.0,4.0,132.01,66.005,12.0,0.0,2.0,0.0,0
9.0,Mobile Phone,3,27.0,UPI,Male,2.0,4,Mobile Phone,4,Single,2,1,13.0,1.0,1.0,0.0,121.21,60.605,8.0,2.0,0.0,0.5,1
16.0,Mobile Phone,1,16.0,UPI,Male,4.0,5,Others,1,Single,10,0,15.0,2.0,2.0,2.0,321.13,107.0433,20.0,0.0,0.1176,0.6667,0
12.0,Computer,1,9.0,Credit Card,Female,4.0,5,Mobile Phone,4,Married,6,0,15.0,1.0,2.0,6.0,149.68,49.8933,20.0,0.0,0.4615,0.3333,0
27.0,Mobile Phone,1,8.0,Cash on Delivery,Female,2.0,3,Fashion,3,Married,10,0,12.0,0.0,2.0,3.0,235.49,78.4967,6.0,0.0,0.1071,0.0,0
0.0,Mobile Phone,3,34.0,Debit Card,Male,2.0,4,Laptop & Accessory,3,Married,3,0,18.0,1.0,2.0,2.0,186.39,62.13,8.0,0.0,2.0,0.3333,0
0.0,Mobile Phone,1,13.0,Credit Card,Male,3.0,4,Mobile Phone,1,Married,2,0,11.0,0.0,2.0,1.0,128.89,42.9633,12.0,0.0,1.0,0.0,0
1.0,Mobile Phone,1,12.0,Debit Card,Male,3.0,3,Mobile Phone,4,Married,3,1,17.0,1.0,3.0,3.0,148.28,37.07,9.0,2.0,1.5,0.25,0
25.0,Mobile Phone,3,21.0,Debit Card,Female,3.0,4,Laptop & Accessory,1,Married,6,0,12.0,2.0,2.0,8.0,174.36,58.12,12.0,0.0,0.3077,0.6667,0
20.0,Computer,1,20.0,Cash on Delivery,Male,3.0,3,Laptop & Accessory,4,Married,9,0,18.0,0.0,1.0,7.0,154.67,77.335,9.0,0.0,0.3333,0.0,0
9.0,Mobile Phone,1,29.0,Debit Card,Male,3.0,6,Mobile Phone,3,Single,2,0,16.0,2.0,5.0,4.0,167.3,27.8833,18.0,0.0,0.4,0.3333,0
20.0,Mobile Phone,1,31.0,Credit Card,Male,2.0,3,Fashion,3,Single,3,0,23.0,1.0,12.0,11.0,186.33,14.3331,6.0,0.0,0.5238,0.0769,0
19.0,Computer,3,16.0,Debit Card,Female,4.0,5,Laptop & Accessory,3,Divorced,3,0,14.0,1.0,5.0,13.0,180.93,30.155,20.0,0.0,0.65,0.1667,0
15.0,Computer,1,8.0,Debit Card,Male,2.0,3,Grocery,3,Married,1,1,13.0,1.0,2.0,10.0,278.61,92.87,6.0,3.0,0.625,0.3333,0
14.0,Mobile Phone,3,8.0,Debit Card,Female,3.0,3,Grocery,5,Divorced,8,0,16.0,1.0,11.0,8.0,265.95,22.1625,9.0,0.0,0.5333,0.0833,0
27.0,Computer,3,9.0,E wallet,Female,3.0,5,Fashion,4,Married,4,0,13.0,6.0,7.0,13.0,200.25,25.0312,15.0,0.0,0.4643,0.75,0
24.0,Mobile Phone,1,11.0,Debit Card,Male,4.0,4,Others,4,Married,5,0,15.0,2.0,2.0,7.0,316.44,105.48,16.0,0.0,0.28,0.6667,0
1.0,Computer,3,19.0,Debit Card,Male,4.0,5,Mobile Phone,5,Married,3,0,19.0,2.0,2.0,1.0,145.33,48.4433,20.0,0.0,0.5,0.6667,1
14.0,Mobile Phone,3,9.0,Debit Card,Male,2.0,4,Laptop & Accessory,4,Married,3,0,11.0,0.0,1.0,4.0,189.38,94.69,8.0,0.0,0.2667,0.0,0
31.0,Computer,1,22.0,Debit Card,Male,3.0,4,Grocery,3,Married,4,1,15.0,1.0,3.0,3.0,282.87,70.7175,12.0,3.0,0.0938,0.25,0
23.0,Mobile Phone,1,14.0,Debit Card,Male,3.0,3,Mobile Phone,2,Divorced,5,0,18.0,1.0,1.0,0.0,123.8,61.9,9.0,0.0,0.0,0.5,0
10.0,Mobile Phone,3,17.0,Debit Card,Female,4.0,4,Fashion,4,Married,7,0,22.0,2.0,2.0,8.0,198.14,66.0467,16.0,0.0,0.7273,0.6667,1
1.0,Mobile Phone,1,31.0,Credit Card,Male,3.0,4,Mobile Phone,4,Single,10,0,23.0,1.0,2.0,3.0,160.97,53.6567,12.0,0.0,1.5,0.3333,0
14.0,Mobile Phone,1,11.0,Debit Card,Male,2.0,1,Laptop & Accessory,4,Single,4,0,12.0,1.0,1.0,2.0,168.7,84.35,2.0,0.0,0.1333,0.5,0
15.0,Mobile Phone,1,18.0,Credit Card,Male,3.0,3,Mobile Phone,4,Married,9,0,22.0,1.0,1.0,4.0,127.66,63.83,9.0,0.0,0.25,0.5,0
9.0,Computer,2,8.0,UPI,Male,3.0,4,Laptop & Accessory,1,Single,2,0,21.0,1.0,1.0,8.0,138.86,69.43,12.0,0.0,0.8,0.5,0
0.0,Mobile Phone,1,22.0,Cash on Delivery,Female,3.0,3,Mobile Phone,4,Married,10,0,14.0,2.0,2.0,2.0,128.11,42.7033,9.0,0.0,2.0,0.6667,0
1.0,Mobile Phone,1,15.0,Credit Card,Female,3.0,2,Mobile Phone,3,Married,9,0,18.0,1.0,2.0,3.0,160.17,53.39,6.0,0.0,1.5,0.3333,0
1.0,Computer,3,27.0,Debit Card,Female,3.0,4,Laptop & Accessory,3,Single,3,0,15.0,2.0,2.0,3.0,224.81,74.9367,12.0,0.0,1.5,0.6667,0
8.0,Mobile Phone,1,27.0,Cash on Delivery,Female,3.0,2,Mobile Phone,3,Divorced,2,0,18.0,2.0,2.0,1.0,150.85,50.2833,6.0,0.0,0.1111,0.6667,0
13.0,Computer,1,7.0,Debit Card,Male,4.0,4,Laptop & Accessory,1,Married,3,1,16.0,4.0,6.0,9.0,189.72,27.1029,16.0,5.0,0.6429,0.5714,0
0.0,Mobile Phone,1,14.0,Debit Card,Female,3.0,3,Mobile Phone,3,Single,2,0,19.0,1.0,1.0,0.0,123.18,61.59,9.0,0.0,0.0,0.5,0
1.0,Computer,3,15.0,E wallet,Male,3.0,4,Laptop & Accessory,1,Married,2,0,20.0,2.0,2.0,2.0,168.42,56.14,12.0,0.0,1.0,0.6667,0
23.0,Computer,1,17.0,Debit Card,Female,3.0,4,Others,5,Single,11,1,15.0,1.0,2.0,3.0,311.65,103.8833,12.0,1.0,0.125,0.3333,0
13.0,Mobile Phone,1,14.0,Credit Card,Male,3.0,3,Mobile Phone,3,Married,3,0,14.0,0.0,1.0,2.0,123.45,61.725,9.0,0.0,0.1429,0.0,0
10.0,Mobile Phone,1,9.0,UPI,Female,2.0,3,Laptop & Accessory,4,Single,4,0,15.0,1.0,1.0,1.0,141.07,70.535,6.0,0.0,0.0909,0.5,0
23.0,Mobile Phone,1,27.0,Credit Card,Female,4.0,4,Laptop & Accessory,5,Married,3,0,15.0,6.0,6.0,12.0,190.67,27.2386,16.0,0.0,0.5,0.8571,0
21.0,Mobile Phone,3,13.0,E wallet,Male,3.0,3,Laptop & Accessory,5,Married,5,0,11.0,1.0,2.0,2.0,154.86,51.62,9.0,0.0,0.0909,0.3333,0
23.0,Computer,1,25.0,Debit Card,Male,4.0,4,Laptop & Accessory,2,Married,3,1,16.0,1.0,2.0,8.0,193.04,64.3467,16.0,4.0,0.3333,0.3333,0
26.0,Mobile Phone,1,29.0,Debit Card,Female,3.0,3,Grocery,2,Single,7,0,18.0,2.0,2.0,8.0,242.75,80.9167,9.0,0.0,0.2963,0.6667,0
7.0,Mobile Phone,3,19.0,Credit Card,Male,2.0,3,Fashion,3,Married,2,0,18.0,0.0,1.0,1.0,186.28,93.14,6.0,0.0,0.125,0.0,0
1.0,Mobile Phone,1,18.0,Credit Card,Female,3.0,4,Mobile Phone,4,Divorced,3,0,14.0,2.0,2.0,3.0,147.44,49.1467,12.0,0.0,1.5,0.6667,0
10.0,Mobile Phone,3,9.0,Credit Card,Male,4.0,5,Fashion,3,Divorced,3,0,14.0,10.0,10.0,1.0,200.96,18.2691,20.0,0.0,0.0909,0.9091,0
11.0,Computer,1,18.0,UPI,Male,3.0,4,Fashion,1,Married,3,1,15.0,2.0,2.0,8.0,246.85,82.2833,12.0,5.0,0.6667,0.6667,0
0.0,Computer,1,8.0,Cash on Delivery,Female,2.0,3,Mobile Phone,1,Single,2,1,13.0,0.0,1.0,3.0,137.6,68.8,6.0,5.0,3.0,0.0,0
1.0,Computer,2,24.0,Debit Card,Female,3.0,4,Mobile Phone,3,Married,2,1,12.0,1.0,2.0,1.0,152.41,50.8033,12.0,3.0,0.5,0.3333,1
5.0,Computer,1,7.0,Debit Card,Female,4.0,4,Laptop & Accessory,5,Married,3,0,13.0,2.0,2.0,4.0,166.48,55.4933,16.0,0.0,0.6667,0.6667,0
13.0,Mobile Phone,1,20.0,Credit Card,Male,2.0,4,Others,3,Single,2,0,15.0,4.0,4.0,9.0,296.26,59.252,8.0,0.0,0.6429,0.8,0
5.0,Mobile Phone,1,9.0,Credit Card,Female,3.0,3,Laptop & Accessory,5,Married,2,0,12.0,1.0,6.0,3.0,167.25,23.8929,9.0,0.0,0.5,0.1429,0
1.0,Computer,1,10.0,Debit Card,Male,4.0,4,Mobile Phone,5,Single,3,1,12.0,6.0,10.0,8.0,158.48,14.4073,16.0,1.0,4.0,0.5455,1
12.0,Mobile Phone,3,10.0,Debit Card,Male,4.0,4,Fashion,3,Married,2,0,13.0,2.0,6.0,3.0,231.09,33.0129,16.0,0.0,0.2308,0.2857,0
8.0,Mobile Phone,1,9.0,Debit Card,Male,4.0,5,Mobile Phone,3,Married,5,0,13.0,6.0,6.0,8.0,152.68,21.8114,20.0,0.0,0.8889,0.8571,0
28.0,Mobile Phone,1,14.0,Credit Card,Female,4.0,4,Laptop & Accessory,1,Married,6,0,16.0,2.0,2.0,8.0,193.54,64.5133,16.0,0.0,0.2759,0.6667,0
17.0,Mobile Phone,1,13.0,Credit Card,Female,2.0,3,Others,1,Married,1,1,14.0,1.0,1.0,10.0,290.49,145.245,6.0,5.0,0.5556,0.5,0
15.0,Mobile Phone,1,18.0,Credit Card,Male,3.0,3,Mobile Phone,4,Married,9,0,22.0,1.0,1.0,4.0,127.66,63.83,9.0,0.0,0.25,0.5,0
6.0,Computer,1,14.0,Cash on Delivery,Male,2.0,4,Mobile Phone,3,Married,10,1,16.0,1.0,1.0,0.0,124.37,62.185,8.0,3.0,0.0,0.5,1
19.0,Mobile Phone,1,35.0,Cash on Delivery,Female,3.0,5,Grocery,4,Single,3,0,15.0,7.0,9.0,7.0,292.04,29.204,15.0,0.0,0.35,0.7,0
10.0,Mobile Phone,1,34.0,Credit Card,Male,4.0,4,Laptop & Accessory,3,Married,8,0,14.0,1.0,8.0,8.0,177.37,19.7078,16.0,0.0,0.7273,0.1111,0
10.0,Mobile Phone,3,18.0,E wallet,Female,4.0,5,Laptop & Accessory,1,Married,6,0,14.0,2.0,2.0,1.0,191.52,63.84,20.0,0.0,0.0909,0.6667,0
9.0,Computer,1,8.0,Debit Card,Male,2.0,3,Mobile Phone,5,Married,7,1,14.0,0.0,1.0,2.0,120.42,60.21,6.0,1.0,0.2,0.0,1
27.0,Mobile Phone,1,14.0,Debit Card,Male,3.0,3,Grocery,3,Divorced,5,0,20.0,1.0,2.0,4.0,273.14,91.0467,9.0,0.0,0.1429,0.3333,0
1.0,Mobile Phone,2,9.0,Cash on Delivery,Male,3.0,5,Mobile Phone,2,Single,3,0,13.0,2.0,2.0,1.0,150.64,50.2133,15.0,0.0,0.5,0.6667,1
13.0,Mobile Phone,3,31.0,E wallet,Female,3.0,5,Grocery,1,Married,2,0,12.0,2.0,2.0,7.0,245.31,81.77,15.0,0.0,0.5,0.6667,0
6.0,Computer,3,28.0,E wallet,Male,3.0,3,Laptop & Accessory,4,Married,1,0,13.0,0.0,1.0,7.0,161.46,80.73,9.0,0.0,1.0,0.0,0
14.0,Computer,1,15.0,Debit Card,Male,4.0,4,Laptop & Accessory,1,Married,5,1,19.0,2.0,3.0,3.0,165.69,41.4225,16.0,5.0,0.2,0.5,0
1.0,Mobile Phone,3,17.0,Credit Card,Female,4.0,5,Mobile Phone,3,Single,3,0,13.0,1.0,2.0,1.0,137.0,45.6667,20.0,0.0,0.5,0.3333,0
3.0,Mobile Phone,1,14.0,Credit Card,Female,4.0,5,Mobile Phone,1,Married,8,0,15.0,2.0,2.0,4.0,150.32,50.1067,20.0,0.0,1.0,0.6667,0
15.0,Mobile Phone,1,12.0,Debit Card,Male,3.0,2,Laptop & Accessory,4,Single,5,0,13.0,2.0,2.0,3.0,193.7,64.5667,6.0,0.0,0.1875,0.6667,0
10.0,Mobile Phone,1,6.0,Debit Card,Female,3.0,3,Laptop & Accessory,4,Married,7,0,12.0,4.0,4.0,3.0,164.47,32.894,9.0,0.0,0.2727,0.8,0
7.0,Computer,3,9.0,E wallet,Female,4.0,4,Laptop & Accessory,4,Single,10,0,16.0,2.0,2.0,8.0,176.47,58.8233,16.0,0.0,1.0,0.6667,0
7.0,Mobile Phone,1,9.0,Debit Card,Female,3.0,3,Laptop & Accessory,4,Married,2,0,12.0,1.0,7.0,9.0,154.33,19.2913,9.0,0.0,1.125,0.125,0
3.0,Mobile Phone,3,9.0,Credit Card,Male,4.0,5,Laptop & Accessory,4,Divorced,4,0,20.0,1.0,2.0,1.0,191.44,63.8133,20.0,0.0,0.25,0.3333,0
22.0,Mobile Phone,1,11.0,Debit Card,Male,3.0,4,Fashion,1,Single,3,0,12.0,2.0,2.0,9.0,203.98,67.9933,12.0,0.0,0.3913,0.6667,0
1.0,Computer,1,11.0,Debit Card,Male,3.0,5,Mobile Phone,2,Divorced,2,0,18.0,1.0,4.0,5.0,156.62,31.324,15.0,0.0,2.5,0.2,0
8.0,Mobile Phone,1,9.0,Cash on Delivery,Female,4.0,4,Laptop & Accessory,2,Single,3,0,12.0,2.0,5.0,12.0,191.87,31.9783,16.0,0.0,1.3333,0.3333,0
5.0,Mobile Phone,1,11.0,Debit Card,Male,2.0,4,Laptop & Accessory,1,Single,9,0,24.0,0.0,1.0,0.0,196.79,98.395,8.0,0.0,0.0,0.0,0
3.0,Mobile Phone,1,6.0,Credit Card,Male,3.0,3,Mobile Phone,4,Divorced,1,1,21.0,1.0,5.0,7.0,135.79,22.6317,9.0,2.0,1.75,0.1667,0
11.0,Mobile Phone,3,13.0,Credit Card,Female,2.0,1,Laptop & Accessory,5,Married,2,1,24.0,4.0,7.0,7.0,156.05,19.5062,2.0,1.0,0.5833,0.5,0
0.0,Computer,3,18.0,UPI,Male,2.0,3,Laptop & Accessory,1,Single,4,1,24.0,5.0,6.0,7.0,145.81,20.83,6.0,5.0,7.0,0.7143,1
9.0,Mobile Phone,1,7.0,Credit Card,Male,3.0,5,Mobile Phone,3,Divorced,8,0,13.0,2.0,2.0,8.0,147.58,49.1933,15.0,0.0,0.8,0.6667,0
1.0,Mobile Phone,3,18.0,Credit Card,Female,4.0,2,Mobile Phone,2,Divorced,10,0,15.0,2.0,2.0,1.0,150.34,50.1133,8.0,0.0,0.5,0.6667,0
0.0,Mobile Phone,1,14.0,Debit Card,Male,3.0,3,Mobile Phone,4,Single,2,1,23.0,1.0,1.0,0.0,124.72,62.36,9.0,2.0,0.0,0.5,1
27.0,Mobile Phone,1,10.0,Credit Card,Male,3.0,4,Grocery,3,Divorced,5,1,15.0,1.0,2.0,4.0,300.84,100.28,12.0,3.0,0.1429,0.3333,0
3.0,Mobile Phone,1,15.0,UPI,Female,3.0,6,Laptop & Accessory,5,Married,5,0,14.0,1.0,2.0,3.0,222.15,74.05,18.0,0.0,0.75,0.3333,0
8.0,Mobile Phone,3,6.0,Credit Card,Female,3.0,3,Laptop & Accessory,3,Single,2,0,16.0,0.0,1.0,3.0,148.59,74.295,9.0,0.0,0.3333,0.0,0
0.0,Mobile Phone,1,23.0,Credit Card,Female,2.0,4,Laptop & Accessory,3,Married,2,0,15.0,0.0,3.0,2.0,143.77,35.9425,8.0,0.0,2.0,0.0,0
1.0,Mobile Phone,3,35.0,Debit Card,Male,3.0,5,Laptop & Accessory,3,Married,4,0,19.0,2.0,3.0,3.0,211.39,52.8475,15.0,0.0,1.5,0.5,0
25.0,Mobile Phone,1,9.0,Credit Card,Male,2.0,4,Fashion,3,Married,3,1,14.0,1.0,1.0,4.0,179.69,89.845,8.0,3.0,0.1538,0.5,0
4.0,Mobile Phone,1,10.0,Credit Card,Female,3.0,1,Mobile Phone,3,Married,9,0,12.0,1.0,2.0,2.0,139.78,46.5933,3.0,0.0,0.4,0.3333,0
0.0,Computer,1,11.0,Debit Card,Male,3.0,3,Mobile Phone,2,Single,2,0,15.0,1.0,1.0,0.0,110.51,55.255,9.0,0.0,0.0,0.5,0
16.0,Mobile Phone,3,30.0,Debit Card,Male,3.0,3,Fashion,5,Single,7,1,13.0,2.0,2.0,2.0,204.48,68.16,9.0,1.0,0.1176,0.6667,1
3.0,Mobile Phone,1,22.0,Debit Card,Male,3.0,3,Mobile Phone,1,Married,2,0,12.0,0.0,1.0,8.0,128.62,64.31,9.0,0.0,2.0,0.0,0
0.0,Mobile Phone,1,6.0,UPI,Male,3.0,3,Mobile Phone,1,Single,2,1,13.0,6.0,7.0,8.0,126.86,15.8575,9.0,5.0,8.0,0.75,1
26.0,Mobile Phone,1,14.0,Debit Card,Male,2.0,3,Laptop & Accessory,2,Single,3,0,17.0,1.0,2.0,2.0,124.5,41.5,6.0,0.0,0.0741,0.3333,0
7.0,Mobile Phone,3,34.0,E wallet,Female,3.0,4,Laptop & Accessory,3,Married,2,0,21.0,1.0,1.0,7.0,167.12,83.56,12.0,0.0,0.875,0.5,0
9.0,Mobile Phone,1,8.0,UPI,Female,3.0,3,Laptop & Accessory,4,Married,5,1,22.0,0.0,1.0,0.0,169.62,84.81,9.0,2.0,0.0,0.0,0
11.0,Mobile Phone,1,35.0,Cash on Delivery,Male,2.0,3,Laptop & Accessory,1,Married,4,0,18.0,0.0,1.0,7.0,162.61,81.305,6.0,0.0,0.5833,0.0,0
27.0,Mobile Phone,1,20.0,Credit Card,Female,3.0,3,Laptop & Accessory,5,Married,3,0,12.0,2.0,2.0,4.0,169.5,56.5,9.0,0.0,0.1429,0.6667,0
15.0,Computer,1,9.0,UPI,Female,4.0,5,Laptop & Accessory,3,Single,4,1,18.0,1.0,2.0,8.0,193.11,64.37,20.0,3.0,0.5,0.3333,0
1.0,Mobile Phone,1,30.0,Debit Card,Male,3.0,5,Laptop & Accessory,3,Married,5,1,14.0,2.0,2.0,2.0,184.16,61.3867,15.0,3.0,1.0,0.6667,1
18.0,Mobile Phone,1,9.0,Debit Card,Female,4.0,2,Fashion,1,Married,3,1,20.0,2.0,7.0,8.0,203.79,25.4738,8.0,5.0,0.4211,0.25,0
12.0,Computer,1,10.0,UPI,Male,3.0,4,Mobile Phone,3,Divorced,5,0,17.0,3.0,3.0,3.0,153.21,38.3025,12.0,0.0,0.2308,0.75,0
14.0,Mobile Phone,3,16.0,Credit Card,Male,3.0,4,Laptop & Accessory,5,Married,2,0,13.0,3.0,8.0,2.0,179.73,19.97,12.0,0.0,0.1333,0.3333,0
13.0,Computer,1,15.0,Credit Card,Male,2.0,3,Mobile Phone,4,Married,9,1,14.0,0.0,1.0,0.0,136.17,68.085,6.0,2.0,0.0,0.0,0
0.0,Mobile Phone,2,24.0,UPI,Male,3.0,1,Mobile Phone,5,Married,1,0,17.0,1.0,1.0,0.0,129.56,64.78,3.0,0.0,0.0,0.5,1
8.0,Mobile Phone,1,9.0,Credit Card,Female,3.0,5,Mobile Phone,5,Single,3,0,12.0,2.0,2.0,4.0,168.81,56.27,15.0,0.0,0.4444,0.6667,0
1.0,Mobile Phone,1,14.0,Cash on Delivery,Female,3.0,4,Mobile Phone,3,Married,5,1,14.0,2.0,8.0,8.0,158.39,17.5989,12.0,3.0,4.0,0.2222,1
15.0,Mobile Phone,3,6.0,Debit Card,Male,1.0,3,Laptop & Accessory,3,Married,2,0,25.0,6.0,11.0,6.0,149.07,12.4225,3.0,0.0,0.375,0.5,0
27.0,Mobile Phone,1,15.0,Debit Card,Female,3.0,3,Laptop & Accessory,3,Married,4,0,11.0,1.0,2.0,3.0,128.97,42.99,9.0,0.0,0.1071,0.3333,0
1.0,Mobile Phone,1,31.0,Cash on Delivery,Male,4.0,6,Mobile Phone,1,Single,3,1,19.0,1.0,2.0,1.0,148.4,49.4667,24.0,5.0,0.5,0.3333,1
19.0,Mobile Phone,1,9.0,UPI,Female,3.0,5,Laptop & Accessory,1,Married,3,0,20.0,4.0,4.0,10.0,182.7,36.54,15.0,0.0,0.5,0.8,0
7.0,Mobile Phone,1,15.0,Credit Card,Female,2.0,4,Fashion,4,Single,2,0,14.0,4.0,7.0,7.0,186.21,23.2762,8.0,0.0,0.875,0.5,0
1.0,Mobile Phone,1,10.0,Debit Card,Female,3.0,4,Mobile Phone,1,Married,3,0,22.0,2.0,2.0,1.0,145.61,48.5367,12.0,0.0,0.5,0.6667,0
12.0,Mobile Phone,3,9.0,E wallet,Female,4.0,6,Laptop & Accessory,1,Married,4,1,21.0,1.0,2.0,4.0,179.05,59.6833,24.0,5.0,0.3077,0.3333,0
1.0,Mobile Phone,1,18.0,Credit Card,Female,4.0,5,Mobile Phone,5,Single,3,1,16.0,1.0,2.0,1.0,151.0,50.3333,20.0,1.0,0.5,0.3333,1
0.0,Computer,1,14.0,Credit Card,Female,2.0,4,Mobile Phone,3,Divorced,2,1,14.0,0.0,1.0,7.0,123.66,61.83,8.0,3.0,7.0,0.0,1
0.0,Mobile Phone,1,6.0,Debit Card,Female,3.0,4,Mobile Phone,3,Married,2,1,13.0,0.0,1.0,0.0,129.33,64.665,12.0,3.0,0.0,0.0,0
8.0,Mobile Phone,1,16.0,Debit Card,Male,3.0,4,Fashion,1,Married,2,0,12.0,1.0,2.0,3.0,210.0,70.0,12.0,0.0,0.3333,0.3333,0
24.0,Mobile Phone,1,8.0,Credit Card,Male,2.0,5,Laptop & Accessory,4,Married,6,0,18.0,0.0,1.0,2.0,154.82,77.41,10.0,0.0,0.08,0.0,0
14.0,Computer,1,7.0,Debit Card,Male,4.0,5,Grocery,4,Married,3,0,23.0,6.0,2.0,12.0,260.03,86.6767,20.0,0.0,0.8,2.0,0
12.0,Computer,1,6.0,Debit Card,Male,2.0,3,Others,3,Married,2,1,14.0,0.0,1.0,6.0,291.97,145.985,6.0,3.0,0.4615,0.0,0
18.0,Mobile Phone,1,27.0,Debit Card,Male,3.0,4,Mobile Phone,4,Single,3,0,14.0,2.0,2.0,4.0,159.2,53.0667,12.0,0.0,0.2105,0.6667,0
10.0,Mobile Phone,2,15.0,Debit Card,Male,4.0,5,Mobile Phone,5,Married,2,0,22.0,1.0,2.0,4.0,148.42,49.4733,20.0,0.0,0.3636,0.3333,0
9.0,Mobile Phone,1,14.0,Debit Card,Male,4.0,5,Mobile Phone,1,Married,3,0,19.0,2.0,2.0,2.0,151.9,50.6333,20.0,0.0,0.2,0.6667,0
17.0,Mobile Phone,1,14.0,Debit Card,Male,3.0,3,Mobile Phone,5,Married,2,1,13.0,5.0,7.0,1.0,125.59,15.6988,9.0,1.0,0.0556,0.625,0
17.0,Computer,1,11.0,Debit Card,Male,2.0,4,Mobile Phone,3,Single,4,0,14.0,0.0,1.0,3.0,131.62,65.81,8.0,0.0,0.1667,0.0,0
14.0,Mobile Phone,1,22.0,Debit Card,Female,4.0,5,Fashion,3,Married,3,0,14.0,7.0,15.0,3.0,229.35,14.3344,20.0,0.0,0.2,0.4375,0
31.0,Computer,1,7.0,Debit Card,Male,3.0,6,Laptop & Accessory,3,Married,4,1,14.0,2.0,2.0,3.0,181.6,60.5333,18.0,3.0,0.0938,0.6667,0
1.0,Mobile Phone,1,29.0,Debit Card,Female,3.0,4,Mobile Phone,3,Divorced,6,1,12.0,1.0,2.0,2.0,146.32,48.7733,12.0,3.0,1.0,0.3333,1
30.0,Mobile Phone,3,35.0,E wallet,Male,2.0,4,Grocery,1,Married,4,0,12.0,1.0,2.0,0.0,241.18,80.3933,8.0,0.0,0.0,0.3333,0
16.0,Computer,1,6.0,Debit Card,Female,2.0,3,Laptop & Accessory,2,Divorced,5,0,13.0,1.0,2.0,2.0,155.62,51.8733,6.0,0.0,0.1176,0.3333,0
10.0,Mobile Phone,1,27.0,Debit Card,Male,3.0,1,Mobile Phone,5,Married,2,1,12.0,1.0,1.0,7.0,135.64,67.82,3.0,1.0,0.6364,0.5,0
23.0,Computer,2,9.0,Credit Card,Male,2.0,3,Others,4,Divorced,2,0,11.0,1.0,10.0,7.0,282.0,25.6364,6.0,0.0,0.2917,0.0909,0
14.0,Computer,1,23.0,Credit Card,Male,3.0,5,Laptop & Accessory,3,Single,8,0,15.0,2.0,2.0,1.0,175.94,58.6467,15.0,0.0,0.0667,0.6667,0
7.0,Mobile Phone,1,15.0,Debit Card,Male,2.0,3,Fashion,2,Married,1,0,11.0,1.0,1.0,6.0,185.0,92.5,6.0,0.0,0.75,0.5,0
6.0,Computer,1,9.0,Debit Card,Female,3.0,4,Laptop & Accessory,3,Single,6,1,15.0,2.0,2.0,8.0,174.98,58.3267,12.0,3.0,1.1429,0.6667,0
9.0,Mobile Phone,1,18.0,Debit Card,Female,3.0,3,Laptop & Accessory,3,Married,10,1,12.0,0.0,1.0,1.0,146.63,73.315,9.0,3.0,0.1,0.0,0
3.0,Mobile Phone,1,15.0,UPI,Female,3.0,6,Laptop & Accessory,5,Married,5,0,14.0,2.0,2.0,3.0,222.15,74.05,18.0,0.0,0.75,0.6667,0
4.0,Mobile Phone,1,13.0,Credit Card,Female,2.0,3,Laptop & Accessory,5,Married,2,0,12.0,3.0,3.0,12.0,143.06,35.765,6.0,0.0,2.4,0.75,0
1.0,Mobile Phone,3,12.0,E wallet,Female,3.0,4,Mobile Phone,3,Single,3,1,14.0,1.0,2.0,1.0,153.51,51.17,12.0,3.0,0.5,0.3333,1
15.0,Mobile Phone,3,9.0,Debit Card,Male,3.0,4,Grocery,4,Single,3,0,20.0,1.0,2.0,5.0,285.15,95.05,12.0,0.0,0.3125,0.3333,0
0.0,Mobile Phone,1,6.0,Debit Card,Female,3.0,3,Fashion,5,Divorced,2,0,11.0,1.0,1.0,7.0,174.12,87.06,9.0,0.0,7.0,0.5,0
1.0,Computer,1,7.0,Debit Card,Female,4.0,4,Mobile Phone,2,Single,3,0,16.0,2.0,2.0,1.0,141.11,47.0367,16.0,0.0,0.5,0.6667,0
0.0,Mobile Phone,1,6.0,Debit Card,Female,3.0,3,Laptop & Accessory,3,Divorced,1,0,12.0,1.0,1.0,2.0,148.98,74.49,9.0,0.0,2.0,0.5,0
5.0,Computer,1,25.0,Credit Card,Male,3.0,2,Mobile Phone,3,Married,7,1,12.0,2.0,2.0,2.0,127.59,42.53,6.0,3.0,0.3333,0.6667,1
9.0,Computer,3,6.0,Debit Card,Female,2.0,3,Mobile Phone,4,Single,2,1,11.0,1.0,2.0,2.0,123.02,41.0067,6.0,2.0,0.2,0.3333,1
13.0,Computer,1,17.0,Cash on Delivery,Female,3.0,3,Laptop & Accessory,3,Married,2,0,11.0,2.0,9.0,4.0,163.23,16.323,9.0,0.0,0.2857,0.2,0
3.0,Mobile Phone,1,7.0,Credit Card,Male,3.0,3,Mobile Phone,4,Married,2,0,13.0,1.0,1.0,7.0,137.48,68.74,9.0,0.0,1.75,0.5,0
16.0,Mobile Phone,1,12.0,UPI,Male,2.0,4,Grocery,1,Married,5,1,14.0,1.0,1.0,0.0,266.27,133.135,8.0,5.0,0.0,0.5,0
0.0,Mobile Phone,3,11.0,E wallet,Male,2.0,4,Laptop & Accessory,3,Single,2,1,11.0,0.0,1.0,3.0,157.44,78.72,8.0,3.0,3.0,0.0,1
14.0,Mobile Phone,3,11.0,E wallet,Male,4.0,5,Fashion,2,Divorced,9,0,12.0,3.0,2.0,12.0,233.55,77.85,20.0,0.0,0.8,1.0,0
4.0,Mobile Phone,3,22.0,E wallet,Male,4.0,5,Fashion,5,Married,4,0,12.0,1.0,2.0,8.0,196.4,65.4667,20.0,0.0,1.6,0.3333,0
26.0,Mobile Phone,3,8.0,Credit Card,Male,2.0,3,Grocery,3,Married,7,0,13.0,2.0,2.0,2.0,248.52,82.84,6.0,0.0,0.0741,0.6667,0
0.0,Computer,3,9.0,Credit Card,Female,3.0,2,Laptop & Accessory,2,Married,2,1,20.0,1.0,1.0,4.0,146.47,73.235,6.0,4.0,4.0,0.5,0
9.0,Computer,3,14.0,Debit Card,Male,3.0,4,Fashion,5,Single,2,0,15.0,0.0,1.0,9.0,175.87,87.935,12.0,0.0,0.9,0.0,0
10.0,Mobile Phone,3,22.0,E wallet,Male,3.0,4,Laptop & Accessory,3,Married,5,0,19.0,1.0,1.0,0.0,163.34,81.67,12.0,0.0,0.0,0.5,0
3.0,Mobile Phone,3,10.0,Credit Card,Female,4.0,4,Laptop & Accessory,3,Divorced,3,0,15.0,1.0,2.0,3.0,180.61,60.2033,16.0,0.0,0.75,0.3333,0
9.0,Computer,1,25.0,Debit Card,Male,4.0,4,Laptop & Accessory,3,Married,3,1,15.0,1.0,2.0,3.0,181.89,60.63,16.0,3.0,0.3,0.3333,0
1.0,Mobile Phone,3,7.0,Credit Card,Female,3.0,5,Mobile Phone,3,Married,8,1,20.0,1.0,2.0,3.0,153.0,51.0,15.0,3.0,1.5,0.3333,1
12.0,Computer,1,9.0,Credit Card,Female,3.0,5,Mobile Phone,4,Single,3,0,23.0,2.0,4.0,4.0,149.4,29.88,15.0,0.0,0.3077,0.4,0
0.0,Computer,2,23.0,Debit Card,Female,3.0,3,Mobile Phone,3,Married,1,1,11.0,0.0,1.0,0.0,127.41,63.705,9.0,3.0,0.0,0.0,1
17.0,Mobile Phone,1,14.0,Credit Card,Male,2.0,3,Mobile Phone,1,Single,7,1,12.0,0.0,1.0,2.0,124.36,62.18,6.0,5.0,0.1111,0.0,0
10.0,Computer,1,31.0,Debit Card,Female,3.0,4,Laptop & Accessory,4,Divorced,9,0,16.0,1.0,2.0,9.0,181.74,60.58,12.0,0.0,0.8182,0.3333,0
5.0,Mobile Phone,1,9.0,Debit Card,Male,4.0,4,Mobile Phone,3,Married,3,0,15.0,2.0,2.0,4.0,159.77,53.2567,16.0,0.0,0.6667,0.6667,0
1.0,Mobile Phone,1,14.0,Debit Card,Female,3.0,3,Mobile Phone,2,Single,2,0,21.0,0.0,1.0,2.0,133.1,66.55,9.0,0.0,1.0,0.0,0
8.0,Mobile Phone,3,14.0,Debit Card,Female,3.0,3,Mobile Phone,2,Divorced,2,0,16.0,0.0,1.0,2.0,125.72,62.86,9.0,0.0,0.2222,0.0,0
4.0,Mobile Phone,3,35.0,E wallet,Female,3.0,4,Laptop & Accessory,1,Married,2,0,14.0,2.0,5.0,7.0,154.68,25.78,12.0,0.0,1.4,0.3333,0
28.0,Mobile Phone,1,29.0,Credit Card,Female,4.0,4,Grocery,3,Married,5,0,15.0,3.0,5.0,8.0,299.26,49.8767,16.0,0.0,0.2759,0.5,0
9.0,Computer,1,20.0,Credit Card,Female,2.0,3,Mobile Phone,3,Single,2,0,16.0,1.0,1.0,0.0,115.14,57.57,6.0,0.0,0.0,0.5,0
1.0,Mobile Phone,1,9.0,Debit Card,Female,3.0,4,Mobile Phone,5,Divorced,9,0,21.0,2.0,2.0,8.0,152.07,50.69,12.0,0.0,4.0,0.6667,1
9.0,Computer,3,6.0,Cash on Delivery,Female,2.0,4,Mobile Phone,4,Single,2,1,11.0,1.0,1.0,2.0,121.74,60.87,8.0,2.0,0.2,0.5,1
13.0,Mobile Phone,1,6.0,Debit Card,Male,3.0,3,Grocery,5,Married,3,0,11.0,1.0,11.0,16.0,268.23,22.3525,9.0,0.0,1.1429,0.0833,0
5.0,Computer,3,15.0,Credit Card,Male,2.0,5,Laptop & Accessory,1,Married,1,0,17.0,0.0,1.0,7.0,146.68,73.34,10.0,0.0,1.1667,0.0,0
3.0,Mobile Phone,3,27.0,E wallet,Male,3.0,4,Laptop & Accessory,2,Married,4,0,15.0,2.0,2.0,3.0,194.31,64.77,12.0,0.0,0.75,0.6667,0
0.0,Mobile Phone,1,8.0,Credit Card,Male,2.0,1,Laptop & Accessory,2,Divorced,2,0,12.0,1.0,1.0,3.0,154.72,77.36,2.0,0.0,3.0,0.5,0
0.0,Mobile Phone,3,16.0,E wallet,Female,3.0,4,Laptop & Accessory,1,Married,2,1,11.0,1.0,4.0,4.0,157.69,31.538,12.0,5.0,4.0,0.2,0
0.0,Computer,3,35.0,Credit Card,Male,3.0,5,Laptop & Accessory,5,Single,9,0,18.0,0.0,2.0,2.0,149.69,49.8967,15.0,0.0,2.0,0.0,1
9.0,Computer,1,13.0,Credit Card,Male,2.0,2,Mobile Phone,2,Married,5,0,14.0,0.0,2.0,2.0,120.89,40.2967,4.0,0.0,0.2,0.0,0
1.0,Mobile Phone,1,8.0,Cash on Delivery,Male,3.0,4,Mobile Phone,1,Married,6,0,12.0,1.0,2.0,3.0,157.29,52.43,12.0,0.0,1.5,0.3333,0
9.0,Computer,3,6.0,Credit Card,Female,2.0,3,Laptop & Accessory,1,Single,5,0,15.0,1.0,1.0,0.0,166.53,83.265,6.0,0.0,0.0,0.5,0
24.0,Mobile Phone,2,11.0,Debit Card,Male,2.0,3,Grocery,4,Married,2,1,11.0,1.0,2.0,10.0,240.26,80.0867,6.0,2.0,0.4,0.3333,0
1.0,Mobile Phone,1,33.0,Debit Card,Male,3.0,4,Mobile Phone,1,Married,3,0,13.0,1.0,2.0,3.0,154.04,51.3467,12.0,0.0,1.5,0.3333,0
9.0,Mobile Phone,1,35.0,Debit Card,Male,3.0,2,Laptop & Accessory,3,Married,3,0,18.0,7.0,7.0,9.0,159.07,19.8838,6.0,0.0,0.9,0.875,0
6.0,Mobile Phone,1,31.0,Debit Card,Male,2.0,4,Laptop & Accessory,4,Single,2,0,13.0,0.0,1.0,2.0,143.2,71.6,8.0,0.0,0.2857,0.0,0
8.0,Mobile Phone,1,29.0,Credit Card,Male,3.0,5,Mobile Phone,3,Married,1,0,16.0,1.0,1.0,3.0,127.05,63.525,15.0,0.0,0.3333,0.5,0
1.0,Mobile Phone,3,10.0,Debit Card,Female,4.0,4,Laptop & Accessory,3,Single,11,0,15.0,2.0,3.0,1.0,170.77,42.6925,16.0,0.0,0.5,0.5,1
1.0,Computer,1,17.0,Credit Card,Male,4.0,4,Fashion,3,Married,8,0,12.0,1.0,2.0,3.0,225.48,75.16,16.0,0.0,1.5,0.3333,1
2.0,Mobile Phone,1,8.0,Debit Card,Male,3.0,3,Mobile Phone,4,Married,1,0,23.0,1.0,1.0,4.0,127.03,63.515,9.0,0.0,1.3333,0.5,0
20.0,Mobile Phone,3,11.0,E wallet,Female,3.0,5,Others,4,Married,4,0,15.0,2.0,2.0,9.0,312.89,104.2967,15.0,0.0,0.4286,0.6667,0
4.0,Computer,1,13.0,Debit Card,Female,2.0,4,Fashion,3,Married,2,0,24.0,7.0,8.0,9.0,189.43,21.0478,8.0,0.0,1.8,0.7778,0
9.0,Mobile Phone,2,15.0,Cash on Delivery,Male,4.0,4,Mobile Phone,3,Single,3,0,18.0,1.0,2.0,5.0,168.23,56.0767,16.0,0.0,0.5,0.3333,0
9.0,Mobile Phone,1,8.0,Debit Card,Female,2.0,3,Laptop & Accessory,4,Single,10,1,11.0,4.0,5.0,12.0,154.1,25.6833,6.0,2.0,1.2,0.6667,0
1.0,Mobile Phone,1,9.0,Debit Card,Male,4.0,4,Mobile Phone,4,Single,3,0,13.0,1.0,2.0,1.0,138.93,46.31,16.0,0.0,0.5,0.3333,1
0.0,Computer,1,9.0,Debit Card,Male,3.0,3,Mobile Phone,5,Single,2,1,11.0,9.0,9.0,7.0,133.48,13.348,9.0,1.0,7.0,0.9,1
16.0,Computer,1,9.0,Credit Card,Male,3.0,4,Mobile Phone,1,Single,7,1,15.0,2.0,3.0,3.0,150.15,37.5375,12.0,5.0,0.1765,0.5,0
19.0,Computer,3,13.0,Credit Card,Female,3.0,5,Fashion,2,Single,8,0,13.0,13.0,13.0,3.0,213.65,15.2607,15.0,0.0,0.15,0.9286,0
1.0,Mobile Phone,1,28.0,Cash on Delivery,Male,3.0,5,Mobile Phone,5,Married,2,0,15.0,1.0,2.0,1.0,147.96,49.32,15.0,0.0,0.5,0.3333,0
19.0,Mobile Phone,3,7.0,Debit Card,Male,2.0,1,Grocery,5,Single,2,0,15.0,1.0,1.0,12.0,275.67,137.835,2.0,0.0,0.6,0.5,0
5.0,Mobile Phone,3,14.0,Cash on Delivery,Male,4.0,3,Laptop & Accessory,2,Divorced,6,0,12.0,4.0,8.0,8.0,194.29,21.5878,12.0,0.0,1.3333,0.4444,0
11.0,Computer,1,29.0,Debit Card,Male,2.0,4,Fashion,3,Single,1,0,21.0,1.0,1.0,8.0,195.26,97.63,8.0,0.0,0.6667,0.5,0
15.0,Computer,2,11.0,UPI,Male,3.0,6,Laptop & Accessory,4,Married,8,0,20.0,1.0,2.0,3.0,189.3,63.1,18.0,0.0,0.1875,0.3333,0
14.0,Mobile Phone,1,19.0,Debit Card,Female,3.0,4,Laptop & Accessory,5,Married,4,0,13.0,2.0,8.0,8.0,169.48,18.8311,12.0,0.0,0.5333,0.2222,0
8.0,Mobile Phone,1,24.0,Debit Card,Male,2.0,1,Laptop & Accessory,5,Married,2,0,11.0,0.0,1.0,10.0,152.08,76.04,2.0,0.0,1.1111,0.0,0
8.0,Mobile Phone,1,14.0,Credit Card,Male,3.0,4,Mobile Phone,1,Single,3,0,14.0,1.0,2.0,1.0,154.72,51.5733,12.0,0.0,0.1111,0.3333,0
31.0,Mobile Phone,2,13.0,Credit Card,Male,3.0,4,Mobile Phone,3,Divorced,10,0,18.0,3.0,3.0,3.0,147.67,36.9175,12.0,0.0,0.0938,0.75,0
6.0,Mobile Phone,3,11.0,Debit Card,Female,3.0,4,Mobile Phone,4,Divorced,4,0,12.0,2.0,2.0,3.0,164.31,54.77,12.0,0.0,0.4286,0.6667,0
8.0,Mobile Phone,1,13.0,UPI,Female,3.0,4,Laptop & Accessory,3,Single,3,0,15.0,1.0,3.0,11.0,173.09,43.2725,12.0,0.0,1.2222,0.25,0
1.0,Mobile Phone,3,9.0,E wallet,Male,3.0,4,Mobile Phone,5,Married,2,0,12.0,1.0,2.0,3.0,155.41,51.8033,12.0,0.0,1.5,0.3333,1
7.0,Mobile Phone,1,14.0,Debit Card,Male,2.0,3,Mobile Phone,5,Divorced,5,0,12.0,1.0,1.0,2.0,123.62,61.81,6.0,0.0,0.25,0.5,1
2.0,Computer,3,8.0,Debit Card,Male,2.0,3,Laptop & Accessory,1,Single,2,0,18.0,0.0,1.0,9.0,145.54,72.77,6.0,0.0,3.0,0.0,0
12.0,Mobile Phone,1,7.0,Debit Card,Female,3.0,4,Mobile Phone,5,Single,5,0,18.0,1.0,2.0,1.0,151.19,50.3967,12.0,0.0,0.0769,0.3333,0
19.0,Mobile Phone,1,35.0,Cash on Delivery,Male,4.0,4,Mobile Phone,1,Married,6,0,21.0,2.0,2.0,4.0,146.32,48.7733,16.0,0.0,0.2,0.6667,0
9.0,Computer,1,15.0,Debit Card,Male,3.0,1,Mobile Phone,4,Married,2,0,22.0,1.0,1.0,2.0,128.1,64.05,3.0,0.0,0.2,0.5,0
11.0,Mobile Phone,1,14.0,Credit Card,Male,2.0,4,Fashion,3,Single,6,0,14.0,1.0,2.0,3.0,261.64,87.2133,8.0,0.0,0.25,0.3333,0
30.0,Computer,3,8.0,Credit Card,Male,2.0,3,Grocery,4,Married,5,0,22.0,10.0,14.0,14.0,0.0,0.0,6.0,0.0,0.4516,0.6667,0
20.0,Mobile Phone,3,10.0,Cash on Delivery,Female,3.0,2,Grocery,5,Married,4,0,13.0,3.0,2.0,9.0,257.25,85.75,6.0,0.0,0.4286,1.0,0
7.0,Mobile Phone,1,21.0,Credit Card,Female,4.0,4,Mobile Phone,4,Divorced,3,0,14.0,1.0,2.0,7.0,152.56,50.8533,16.0,0.0,0.875,0.3333,0
29.0,Mobile Phone,1,29.0,Cash on Delivery,Male,4.0,5,Mobile Phone,4,Married,7,0,13.0,2.0,2.0,3.0,160.37,53.4567,20.0,0.0,0.1,0.6667,0
3.0,Mobile Phone,3,14.0,UPI,Male,3.0,3,Fashion,3,Married,6,0,11.0,2.0,7.0,7.0,172.64,21.58,9.0,0.0,1.75,0.25,0
16.0,Computer,1,28.0,Credit Card,Female,3.0,4,Laptop & Accessory,3,Married,4,0,17.0,1.0,2.0,3.0,177.65,59.2167,12.0,0.0,0.1765,0.3333,0
19.0,Computer,1,14.0,Debit Card,Male,4.0,4,Fashion,5,Married,3,0,19.0,3.0,10.0,12.0,177.1,16.1,16.0,0.0,0.6,0.2727,0
4.0,Computer,3,10.0,E wallet,Male,2.0,3,Laptop & Accessory,4,Single,2,0,18.0,7.0,7.0,7.0,193.55,24.1938,6.0,0.0,1.4,0.875,1
23.0,Computer,1,9.0,Debit Card,Male,3.0,4,Others,1,Married,5,0,15.0,5.0,5.0,4.0,316.61,52.7683,12.0,0.0,0.1667,0.8333,0
16.0,Mobile Phone,1,19.0,Credit Card,Male,3.0,4,Mobile Phone,4,Married,10,0,23.0,2.0,2.0,5.0,152.66,50.8867,12.0,0.0,0.2941,0.6667,0
3.0,Mobile Phone,3,16.0,E wallet,Male,3.0,4,Laptop & Accessory,3,Divorced,2,0,18.0,1.0,1.0,4.0,165.78,82.89,12.0,0.0,1.0,0.5,0
1.0,Mobile Phone,1,16.0,Debit Card,Male,3.0,4,Mobile Phone,5,Single,3,0,26.0,1.0,2.0,1.0,150.52,50.1733,12.0,0.0,0.5,0.3333,0
7.0,Mobile Phone,3,9.0,Debit Card,Female,2.0,5,Laptop & Accessory,1,Single,6,0,12.0,1.0,2.0,2.0,160.29,53.43,10.0,0.0,0.25,0.3333,0
9.0,Computer,1,6.0,Debit Card,Female,3.0,3,Mobile Phone,2,Single,2,0,15.0,1.0,1.0,0.0,116.11,58.055,9.0,0.0,0.0,0.5,0
2.0,Mobile Phone,3,8.0,Credit Card,Male,3.0,4,Laptop & Accessory,4,Married,3,0,19.0,1.0,1.0,0.0,166.44,83.22,12.0,0.0,0.0,0.5,0
28.0,Mobile Phone,1,8.0,Credit Card,Male,2.0,4,Others,5,Married,9,0,12.0,1.0,1.0,0.0,290.38,145.19,8.0,0.0,0.0,0.5,0
7.0,Mobile Phone,1,7.0,Debit Card,Male,2.0,3,Laptop & Accessory,1,Married,10,0,17.0,0.0,2.0,1.0,154.84,51.6133,6.0,0.0,0.125,0.0,0
1.0,Mobile Phone,3,36.0,Credit Card,Male,3.0,4,Laptop & Accessory,3,Married,7,0,13.0,1.0,2.0,1.0,168.06,56.02,12.0,0.0,0.5,0.3333,0
9.0,Mobile Phone,1,32.0,Credit Card,Female,3.0,4,Fashion,3,Married,3,1,12.0,3.0,11.0,3.0,228.88,19.0733,12.0,3.0,0.3,0.25,0
16.0,Mobile Phone,1,24.0,Debit Card,Female,3.0,3,Laptop & Accessory,5,Single,5,1,14.0,1.0,2.0,3.0,190.45,63.4833,9.0,1.0,0.1765,0.3333,0
9.0,Mobile Phone,1,17.0,Credit Card,Female,2.0,3,Mobile Phone,4,Divorced,2,0,13.0,1.0,1.0,2.0,122.44,61.22,6.0,0.0,0.2,0.5,0
6.0,Computer,1,20.0,UPI,Female,4.0,5,Mobile Phone,4,Married,3,0,21.0,3.0,3.0,3.0,159.0,39.75,20.0,0.0,0.4286,0.75,0
3.0,Mobile Phone,3,12.0,Cash on Delivery,Male,3.0,4,Laptop & Accessory,2,Divorced,5,0,15.0,1.0,2.0,1.0,145.86,48.62,12.0,0.0,0.25,0.3333,1
10.0,Mobile Phone,1,9.0,Debit Card,Female,3.0,4,Laptop & Accessory,4,Single,11,1,12.0,5.0,6.0,13.0,179.1,25.5857,12.0,2.0,1.1818,0.7143,0
4.0,Mobile Phone,3,12.0,Credit Card,Male,3.0,1,Laptop & Accessory,1,Married,5,0,22.0,5.0,5.0,7.0,154.6,25.7667,3.0,0.0,1.4,0.8333,0
19.0,Mobile Phone,1,6.0,Credit Card,Male,3.0,3,Fashion,5,Married,8,0,16.0,0.0,1.0,3.0,193.96,96.98,9.0,0.0,0.15,0.0,0
17.0,Mobile Phone,1,10.0,Debit Card,Male,3.0,1,Others,5,Married,2,0,14.0,2.0,14.0,13.0,291.9,19.46,3.0,0.0,0.7222,0.1333,0
9.0,Computer,1,13.0,Credit Card,Male,2.0,1,Mobile Phone,1,Married,5,0,14.0,1.0,2.0,2.0,120.89,40.2967,2.0,0.0,0.2,0.3333,0
14.0,Mobile Phone,1,14.0,Debit Card,Male,2.0,3,Mobile Phone,3,Married,10,1,12.0,0.0,2.0,7.0,124.61,41.5367,6.0,3.0,0.4667,0.0,1
7.0,Computer,1,14.0,Credit Card,Male,2.0,3,Mobile Phone,4,Married,2,1,12.0,1.0,2.0,3.0,123.42,41.14,6.0,2.0,0.375,0.3333,1
11.0,Mobile Phone,3,9.0,E wallet,Male,4.0,4,Laptop & Accessory,3,Married,6,1,12.0,1.0,2.0,3.0,221.02,73.6733,16.0,3.0,0.25,0.3333,0
8.0,Computer,2,18.0,Debit Card,Male,3.0,5,Laptop & Accessory,4,Divorced,6,0,12.0,1.0,2.0,9.0,169.9,56.6333,15.0,0.0,1.0,0.3333,0
3.0,Mobile Phone,1,15.0,Credit Card,Male,4.0,5,Laptop & Accessory,2,Divorced,3,1,14.0,1.0,2.0,3.0,175.56,58.52,20.0,4.0,0.75,0.3333,0
17.0,Mobile Phone,1,15.0,UPI,Female,4.0,4,Laptop & Accessory,3,Married,6,1,15.0,2.0,2.0,3.0,170.22,56.74,16.0,3.0,0.1667,0.6667,0
5.0,Mobile Phone,1,6.0,Debit Card,Male,3.0,3,Mobile Phone,5,Single,2,0,13.0,0.0,1.0,0.0,129.56,64.78,9.0,0.0,0.0,0.0,0
26.0,Mobile Phone,3,14.0,E wallet,Male,3.0,3,Grocery,1,Married,6,0,14.0,2.0,2.0,3.0,218.36,72.7867,9.0,0.0,0.1111,0.6667,0
9.0,Mobile Phone,2,14.0,Debit Card,Male,3.0,4,Mobile Phone,5,Married,1,0,21.0,0.0,1.0,3.0,123.42,61.71,12.0,0.0,0.3,0.0,0
10.0,Mobile Phone,3,24.0,E wallet,Male,3.0,5,Laptop & Accessory,4,Married,4,0,17.0,2.0,2.0,4.0,180.07,60.0233,15.0,0.0,0.3636,0.6667,0
2.0,Mobile Phone,3,8.0,Credit Card,Male,3.0,4,Laptop & Accessory,4,Divorced,3,0,19.0,0.0,1.0,0.0,166.44,83.22,12.0,0.0,0.0,0.0,0
4.0,Mobile Phone,1,9.0,Debit Card,Male,5.0,5,Laptop & Accessory,1,Married,3,0,20.0,4.0,11.0,9.0,166.52,13.8767,25.0,0.0,1.8,0.3333,0
0.0,Mobile Phone,1,8.0,Credit Card,Male,2.0,3,Mobile Phone,4,Married,10,0,12.0,1.0,2.0,2.0,134.68,44.8933,6.0,0.0,2.0,0.3333,0
15.0,Mobile Phone,1,24.0,Debit Card,Male,2.0,3,Laptop & Accessory,5,Married,7,1,17.0,1.0,1.0,2.0,154.1,77.05,6.0,1.0,0.125,0.5,0
1.0,Mobile Phone,1,29.0,Debit Card,Female,3.0,4,Mobile Phone,3,Married,6,1,12.0,1.0,2.0,2.0,146.32,48.7733,12.0,3.0,1.0,0.3333,1
18.0,Mobile Phone,1,14.0,Credit Card,Female,3.0,4,Others,1,Married,2,1,15.0,2.0,2.0,11.0,315.49,105.1633,12.0,5.0,0.5789,0.6667,0
7.0,Mobile Phone,1,28.0,Credit Card,Male,4.0,2,Mobile Phone,4,Married,3,0,19.0,3.0,3.0,14.0,145.28,36.32,8.0,0.0,1.75,0.75,0
10.0,Computer,3,7.0,Credit Card,Female,3.0,4,Laptop & Accessory,2,Single,6,0,16.0,2.0,2.0,1.0,191.53,63.8433,12.0,0.0,0.0909,0.6667,0
7.0,Mobile Phone,3,15.0,E wallet,Male,3.0,4,Laptop & Accessory,3,Married,2,0,13.0,2.0,2.0,3.0,196.04,65.3467,12.0,0.0,0.375,0.6667,0
1.0,Computer,1,12.0,Debit Card,Male,3.0,4,Mobile Phone,3,Married,2,1,14.0,1.0,1.0,2.0,127.03,63.515,12.0,3.0,1.0,0.5,0
7.0,Computer,1,24.0,Cash on Delivery,Male,3.0,5,Mobile Phone,3,Married,11,1,17.0,2.0,2.0,1.0,149.37,49.79,15.0,3.0,0.125,0.6667,1
8.0,Computer,1,22.0,Credit Card,Male,4.0,4,Grocery,5,Married,9,0,15.0,3.0,7.0,10.0,295.07,36.8838,16.0,0.0,1.1111,0.375,0
9.0,Mobile Phone,2,8.0,UPI,Female,2.0,3,Mobile Phone,4,Married,5,0,14.0,0.0,1.0,2.0,121.87,60.935,6.0,0.0,0.2,0.0,0
30.0,Mobile Phone,1,6.0,Credit Card,Male,3.0,5,Fashion,1,Married,4,0,20.0,0.0,1.0,0.0,208.83,104.415,15.0,0.0,0.0,0.0,0
15.0,Mobile Phone,3,9.0,Debit Card,Male,3.0,4,Grocery,4,Single,3,0,20.0,1.0,2.0,5.0,285.15,95.05,12.0,0.0,0.3125,0.3333,0
10.0,Mobile Phone,1,9.0,UPI,Male,2.0,3,Fashion,3,Married,2,0,15.0,7.0,7.0,8.0,194.34,24.2925,6.0,0.0,0.7273,0.875,0
12.0,Mobile Phone,3,14.0,E wallet,Female,3.0,5,Laptop & Accessory,1,Single,2,0,21.0,2.0,2.0,6.0,165.28,55.0933,15.0,0.0,0.4615,0.6667,0
1.0,Mobile Phone,1,26.0,Credit Card,Male,4.0,4,Mobile Phone,2,Divorced,5,0,12.0,2.0,2.0,3.0,161.69,53.8967,16.0,0.0,1.5,0.6667,0
20.0,Mobile Phone,3,8.0,Debit Card,Female,2.0,1,Grocery,4,Married,7,0,14.0,1.0,2.0,2.0,259.72,86.5733,2.0,0.0,0.0952,0.3333,0
9.0,Mobile Phone,1,15.0,Debit Card,Male,2.0,3,Mobile Phone,5,Single,4,0,14.0,1.0,1.0,0.0,120.18,60.09,6.0,0.0,0.0,0.5,1
0.0,Mobile Phone,3,8.0,Credit Card,Female,3.0,3,Mobile Phone,3,Single,2,0,19.0,0.0,2.0,2.0,127.83,42.61,9.0,0.0,2.0,0.0,0
25.0,Mobile Phone,2,12.0,Debit Card,Male,3.0,4,Grocery,4,Married,3,1,12.0,1.0,2.0,11.0,265.26,88.42,12.0,2.0,0.4231,0.3333,0
9.0,Mobile Phone,3,7.0,E wallet,Male,4.0,4,Fashion,4,Divorced,3,0,14.0,2.0,2.0,7.0,197.95,65.9833,16.0,0.0,0.7,0.6667,0
12.0,Computer,1,7.0,Debit Card,Male,3.0,4,Laptop & Accessory,1,Married,9,0,16.0,3.0,3.0,10.0,172.35,43.0875,12.0,0.0,0.7692,0.75,0
22.0,Mobile Phone,1,13.0,Debit Card,Male,2.0,3,Fashion,4,Married,4,0,14.0,0.0,1.0,7.0,204.66,102.33,6.0,0.0,0.3043,0.0,0
14.0,Mobile Phone,3,29.0,Debit Card,Male,3.0,3,Fashion,3,Single,4,1,16.0,0.0,1.0,2.0,170.82,85.41,9.0,3.0,0.1333,0.0,0
7.0,Computer,1,12.0,Debit Card,Female,4.0,4,Fashion,4,Married,8,0,12.0,8.0,2.0,9.0,243.78,81.26,16.0,0.0,1.125,2.6667,0
11.0,Computer,1,9.0,Debit Card,Male,4.0,5,Laptop & Accessory,1,Married,7,0,15.0,2.0,2.0,1.0,176.63,58.8767,20.0,0.0,0.0833,0.6667,0
1.0,Computer,1,22.0,Debit Card,Female,4.0,5,Mobile Phone,5,Married,2,0,20.0,1.0,8.0,4.0,172.74,19.1933,20.0,0.0,2.0,0.1111,0
19.0,Mobile Phone,3,9.0,Debit Card,Female,2.0,3,Grocery,4,Married,9,0,12.0,1.0,5.0,1.0,266.06,44.3433,6.0,0.0,0.05,0.1667,0
9.0,Mobile Phone,3,14.0,Debit Card,Male,4.0,4,Mobile Phone,3,Married,3,0,14.0,1.0,2.0,1.0,149.04,49.68,16.0,0.0,0.1,0.3333,0
23.0,Mobile Phone,1,10.0,Debit Card,Male,3.0,3,Others,4,Married,4,0,14.0,1.0,1.0,6.0,291.44,145.72,9.0,0.0,0.25,0.5,0
1.0,Mobile Phone,1,10.0,Debit Card,Male,3.0,4,Mobile Phone,3,Single,3,0,14.0,2.0,2.0,1.0,139.2,46.4,12.0,0.0,0.5,0.6667,1
8.0,Mobile Phone,3,14.0,Debit Card,Female,3.0,4,Mobile Phone,3,Married,1,0,23.0,2.0,4.0,2.0,124.3,24.86,12.0,0.0,0.2222,0.4,0
8.0,Computer,3,9.0,E wallet,Female,4.0,4,Mobile Phone,3,Divorced,8,0,19.0,2.0,2.0,3.0,147.31,49.1033,16.0,0.0,0.3333,0.6667,0
9.0,Mobile Phone,2,14.0,Debit Card,Male,3.0,4,Mobile Phone,5,Divorced,1,0,21.0,1.0,1.0,3.0,123.42,61.71,12.0,0.0,0.3,0.5,0
21.0,Mobile Phone,3,21.0,Credit Card,Female,4.0,4,Laptop & Accessory,3,Married,5,1,18.0,2.0,2.0,3.0,170.91,56.97,16.0,3.0,0.1364,0.6667,0
15.0,Computer,1,29.0,Debit Card,Male,2.0,4,Laptop & Accessory,3,Single,2,0,12.0,2.0,3.0,7.0,143.32,35.83,8.0,0.0,0.4375,0.5,0
7.0,Computer,1,7.0,UPI,Male,3.0,3,Mobile Phone,5,Married,6,0,14.0,1.0,1.0,3.0,129.96,64.98,9.0,0.0,0.375,0.5,0
1.0,Computer,3,7.0,E wallet,Male,4.0,4,Laptop & Accessory,4,Divorced,2,1,14.0,1.0,2.0,5.0,188.49,62.83,16.0,2.0,2.5,0.3333,0
1.0,Mobile Phone,1,10.0,Credit Card,Male,3.0,5,Mobile Phone,1,Single,2,0,14.0,2.0,2.0,2.0,145.45,48.4833,15.0,0.0,1.0,0.6667,0
2.0,Mobile Phone,3,10.0,Credit Card,Female,4.0,4,Mobile Phone,4,Married,3,0,20.0,2.0,2.0,1.0,153.56,51.1867,16.0,0.0,0.3333,0.6667,0
13.0,Computer,1,8.0,Debit Card,Male,4.0,4,Laptop & Accessory,1,Married,3,1,16.0,1.0,6.0,9.0,189.72,27.1029,16.0,5.0,0.6429,0.1429,0
5.0,Mobile Phone,1,19.0,Credit Card,Female,4.0,4,Mobile Phone,1,Married,10,1,24.0,2.0,2.0,3.0,164.29,54.7633,16.0,5.0,0.5,0.6667,0
17.0,Mobile Phone,1,35.0,UPI,Male,2.0,3,Laptop & Accessory,1,Single,2,0,25.0,6.0,13.0,17.0,145.41,10.3864,6.0,0.0,0.9444,0.4286,0
1.0,Computer,1,8.0,Debit Card,Female,4.0,4,Mobile Phone,1,Single,3,0,16.0,2.0,2.0,1.0,141.11,47.0367,16.0,0.0,0.5,0.6667,0
0.0,Mobile Phone,3,8.0,E wallet,Male,2.0,4,Laptop & Accessory,4,Single,8,1,12.0,2.0,2.0,2.0,199.07,66.3567,8.0,2.0,2.0,0.6667,1
0.0,Computer,1,30.0,Cash on Delivery,Male,3.0,4,Fashion,5,Single,2,0,12.0,0.0,1.0,9.0,187.22,93.61,12.0,0.0,9.0,0.0,1
2.0,Mobile Phone,1,14.0,Debit Card,Female,3.0,3,Mobile Phone,2,Married,5,0,22.0,0.0,1.0,7.0,125.14,62.57,9.0,0.0,2.3333,0.0,0
0.0,Mobile Phone,1,32.0,Debit Card,Male,3.0,3,Mobile Phone,2,Married,2,0,12.0,1.0,1.0,2.0,129.04,64.52,9.0,0.0,2.0,0.5,0
23.0,Mobile Phone,1,6.0,Credit Card,Male,2.0,4,Mobile Phone,3,Divorced,3,0,15.0,0.0,1.0,2.0,136.9,68.45,8.0,0.0,0.0833,0.0,0
18.0,Mobile Phone,2,10.0,Debit Card,Female,2.0,5,Fashion,3,Married,5,0,21.0,1.0,1.0,3.0,197.56,98.78,10.0,0.0,0.1579,0.5,0
30.0,Mobile Phone,1,14.0,Debit Card,Male,2.0,3,Mobile Phone,3,Married,2,0,12.0,1.0,2.0,2.0,123.72,41.24,6.0,0.0,0.0645,0.3333,0
6.0,Computer,1,9.0,Debit Card,Male,4.0,4,Mobile Phone,1,Single,2,0,14.0,2.0,4.0,7.0,155.68,31.136,16.0,0.0,1.0,0.4,0
5.0,Computer,1,8.0,Debit Card,Male,3.0,6,Laptop & Accessory,5,Married,3,0,22.0,7.0,9.0,8.0,175.03,17.503,18.0,0.0,1.3333,0.7,0
9.0,Computer,1,22.0,Credit Card,Male,2.0,3,Mobile Phone,3,Single,2,0,14.0,0.0,1.0,4.0,121.44,60.72,6.0,0.0,0.4,0.0,0
15.0,Mobile Phone,3,15.0,E wallet,Female,3.0,4,Laptop & Accessory,4,Married,7,0,22.0,1.0,2.0,5.0,168.93,56.31,12.0,0.0,0.3125,0.3333,0
15.0,Mobile Phone,1,35.0,Debit Card,Female,3.0,5,Grocery,4,Married,2,0,24.0,2.0,2.0,11.0,260.7,86.9,15.0,0.0,0.6875,0.6667,0
17.0,Computer,1,14.0,Credit Card,Male,3.0,3,Mobile Phone,2,Married,6,0,15.0,1.0,3.0,3.0,145.89,36.4725,9.0,0.0,0.1667,0.25,0
11.0,Computer,3,16.0,Debit Card,Male,3.0,6,Grocery,3,Married,9,0,12.0,7.0,2.0,11.0,254.36,84.7867,18.0,0.0,0.9167,2.3333,1
0.0,Computer,1,14.0,Debit Card,Female,2.0,3,Mobile Phone,1,Single,1,1,14.0,1.0,1.0,2.0,123.79,61.895,6.0,5.0,2.0,0.5,0
22.0,Mobile Phone,1,31.0,Debit Card,Female,2.0,3,Mobile Phone,5,Married,2,0,14.0,0.0,1.0,4.0,132.11,66.055,6.0,0.0,0.1739,0.0,0
13.0,Computer,1,15.0,Debit Card,Male,3.0,4,Laptop & Accessory,2,Divorced,10,0,14.0,1.0,1.0,2.0,148.76,74.38,12.0,0.0,0.1429,0.5,0
3.0,Mobile Phone,1,6.0,Debit Card,Male,2.0,5,Mobile Phone,3,Married,4,0,21.0,1.0,1.0,2.0,138.33,69.165,10.0,0.0,0.5,0.5,0
1.0,Computer,1,7.0,Debit Card,Female,3.0,4,Laptop & Accessory,4,Married,3,0,21.0,1.0,2.0,5.0,188.97,62.99,12.0,0.0,2.5,0.3333,0
15.0,Computer,1,32.0,Credit Card,Female,2.0,3,Fashion,5,Divorced,4,1,17.0,0.0,2.0,0.0,231.91000000000005,77.3033,6.0,1.0,0.0,0.0,0
20.0,Mobile Phone,3,9.0,E wallet,Female,4.0,4,Grocery,5,Divorced,10,0,15.0,13.0,16.0,10.0,295.48,17.3812,16.0,0.0,0.4762,0.7647,0
18.0,Mobile Phone,1,13.0,Credit Card,Female,2.0,3,Mobile Phone,3,Divorced,5,1,19.0,1.0,1.0,2.0,144.77,72.385,6.0,3.0,0.1053,0.5,0
0.0,Computer,1,14.0,Credit Card,Male,2.0,4,Mobile Phone,5,Single,8,0,11.0,1.0,1.0,0.0,125.61,62.805,8.0,0.0,0.0,0.5,1
7.0,Mobile Phone,1,11.0,Credit Card,Female,3.0,5,Mobile Phone,4,Married,10,0,12.0,2.0,2.0,3.0,163.38,54.46,15.0,0.0,0.375,0.6667,0
4.0,Computer,1,12.0,Debit Card,Male,4.0,5,Mobile Phone,1,Married,11,0,13.0,1.0,2.0,4.0,162.61,54.2033,20.0,0.0,0.8,0.3333,0
1.0,Mobile Phone,1,27.0,Credit Card,Male,3.0,3,Mobile Phone,2,Divorced,2,0,11.0,0.0,1.0,2.0,127.13,63.565,9.0,0.0,1.0,0.0,0
1.0,Mobile Phone,1,8.0,Debit Card,Male,3.0,4,Mobile Phone,3,Married,3,0,23.0,2.0,2.0,2.0,137.23,45.7433,12.0,0.0,1.0,0.6667,0
1.0,Computer,1,21.0,UPI,Female,3.0,4,Fashion,1,Single,2,1,13.0,5.0,8.0,8.0,200.53,22.2811,12.0,5.0,4.0,0.5556,1
20.0,Mobile Phone,1,22.0,Debit Card,Male,3.0,4,Others,4,Divorced,7,0,15.0,2.0,2.0,4.0,315.81,105.27,12.0,0.0,0.1905,0.6667,0
3.0,Mobile Phone,1,8.0,Debit Card,Female,4.0,4,Mobile Phone,1,Married,3,0,16.0,2.0,2.0,3.0,162.6,54.2,16.0,0.0,0.75,0.6667,0
0.0,Mobile Phone,1,14.0,Debit Card,Female,2.0,3,Mobile Phone,5,Married,2,0,13.0,1.0,1.0,0.0,123.41,61.705,6.0,0.0,0.0,0.5,0
13.0,Mobile Phone,1,25.0,Debit Card,Male,3.0,4,Laptop & Accessory,3,Single,2,0,12.0,1.0,2.0,8.0,170.34,56.78,12.0,0.0,0.5714,0.3333,0
5.0,Mobile Phone,3,14.0,Cash on Delivery,Female,3.0,4,Laptop & Accessory,4,Divorced,2,1,11.0,6.0,11.0,9.0,152.28,12.69,12.0,2.0,1.5,0.5,0
2.0,Mobile Phone,1,8.0,Debit Card,Male,3.0,4,Mobile Phone,1,Married,3,0,12.0,1.0,2.0,4.0,145.44,48.48,12.0,0.0,1.3333,0.3333,0
29.0,Mobile Phone,3,25.0,Debit Card,Female,3.0,4,Grocery,4,Single,5,0,15.0,2.0,8.0,9.0,293.35,32.5944,12.0,0.0,0.3,0.2222,0
18.0,Mobile Phone,2,10.0,Debit Card,Female,2.0,5,Fashion,3,Married,5,0,21.0,1.0,1.0,3.0,197.56,98.78,10.0,0.0,0.1579,0.5,0
5.0,Mobile Phone,3,12.0,Cash on Delivery,Male,3.0,4,Laptop & Accessory,3,Married,3,0,20.0,1.0,2.0,3.0,208.46,69.4867,12.0,0.0,0.5,0.3333,0
0.0,Mobile Phone,1,31.0,Debit Card,Male,3.0,3,Mobile Phone,1,Single,2,1,24.0,0.0,1.0,1.0,127.95,63.975,9.0,5.0,1.0,0.0,1
2.0,Mobile Phone,3,12.0,Credit Card,Male,4.0,4,Laptop & Accessory,2,Single,3,0,15.0,2.0,2.0,3.0,174.08,58.0267,16.0,0.0,1.0,0.6667,0
11.0,Mobile Phone,1,32.0,Credit Card,Female,3.0,5,Laptop & Accessory,2,Married,9,0,14.0,1.0,2.0,4.0,182.31,60.77,15.0,0.0,0.3333,0.3333,0
3.0,Mobile Phone,3,35.0,Debit Card,Male,3.0,3,Laptop & Accessory,5,Married,9,0,19.0,1.0,1.0,3.0,141.15,70.575,9.0,0.0,0.75,0.5,0
18.0,Computer,1,9.0,Credit Card,Male,3.0,4,Fashion,3,Single,7,1,19.0,3.0,3.0,3.0,227.09,56.7725,12.0,3.0,0.1579,0.75,0
2.0,Computer,1,23.0,Credit Card,Male,3.0,4,Mobile Phone,3,Single,3,0,15.0,1.0,2.0,5.0,146.44,48.8133,12.0,0.0,1.6667,0.3333,0
0.0,Computer,1,8.0,Cash on Delivery,Female,2.0,3,Mobile Phone,1,Single,2,1,13.0,1.0,1.0,3.0,137.6,68.8,6.0,5.0,3.0,0.5,0
18.0,Computer,1,13.0,Debit Card,Male,3.0,1,Laptop & Accessory,3,Married,5,0,17.0,1.0,1.0,2.0,164.34,82.17,3.0,0.0,0.1053,0.5,0
28.0,Mobile Phone,2,26.0,Credit Card,Male,3.0,4,Fashion,4,Divorced,4,0,16.0,4.0,2.0,2.0,232.25,77.4167,12.0,0.0,0.069,1.3333,0
4.0,Mobile Phone,1,14.0,Debit Card,Male,2.0,4,Mobile Phone,4,Single,1,1,16.0,2.0,2.0,2.0,126.57,42.19,8.0,2.0,0.4,0.6667,0
9.0,Mobile Phone,3,14.0,Debit Card,Male,3.0,3,Mobile Phone,1,Single,4,1,21.0,0.0,1.0,2.0,126.44,63.22,9.0,5.0,0.2,0.0,0
0.0,Mobile Phone,3,18.0,Debit Card,Female,3.0,1,Mobile Phone,4,Single,2,0,15.0,0.0,1.0,0.0,127.16,63.58,3.0,0.0,0.0,0.0,1
0.0,Mobile Phone,1,15.0,Credit Card,Female,2.0,3,Mobile Phone,5,Single,8,0,22.0,1.0,1.0,4.0,142.0,71.0,6.0,0.0,4.0,0.5,1
18.0,Mobile Phone,1,8.0,Debit Card,Male,4.0,2,Laptop & Accessory,5,Married,4,0,16.0,2.0,3.0,3.0,175.33,43.8325,8.0,0.0,0.1579,0.5,0
13.0,Computer,1,11.0,Credit Card,Female,3.0,4,Laptop & Accessory,3,Single,2,0,14.0,4.0,4.0,9.0,175.42,35.084,12.0,0.0,0.6429,0.8,0
1.0,Mobile Phone,3,29.0,Cash on Delivery,Male,3.0,4,Mobile Phone,3,Single,3,0,12.0,2.0,2.0,3.0,159.47,53.1567,12.0,0.0,1.5,0.6667,0
30.0,Mobile Phone,1,11.0,Cash on Delivery,Female,2.0,4,Fashion,4,Married,3,1,13.0,1.0,1.0,4.0,205.52,102.76,8.0,2.0,0.129,0.5,0
8.0,Mobile Phone,1,34.0,Debit Card,Male,2.0,1,Laptop & Accessory,3,Married,2,0,17.0,5.0,6.0,8.0,134.07,19.1529,2.0,0.0,0.8889,0.7143,0
13.0,Computer,1,22.0,Credit Card,Male,2.0,4,Laptop & Accessory,3,Single,7,0,14.0,0.0,1.0,0.0,150.94,75.47,8.0,0.0,0.0,0.0,0
2.0,Mobile Phone,2,12.0,Credit Card,Male,3.0,4,Mobile Phone,4,Married,2,0,11.0,1.0,1.0,0.0,128.04,64.02,12.0,0.0,0.0,0.5,0
9.0,Computer,1,14.0,Credit Card,Male,2.0,1,Laptop & Accessory,1,Married,5,0,17.0,0.0,1.0,3.0,125.71,62.855,2.0,0.0,0.3,0.0,0
0.0,Mobile Phone,3,6.0,Cash on Delivery,Female,3.0,3,Mobile Phone,4,Single,2,1,16.0,1.0,1.0,4.0,132.02,66.01,9.0,2.0,4.0,0.5,1
1.0,Mobile Phone,1,7.0,Cash on Delivery,Male,3.0,4,Mobile Phone,2,Divorced,6,0,12.0,2.0,2.0,3.0,157.29,52.43,12.0,0.0,1.5,0.6667,0
9.0,Mobile Phone,1,28.0,Debit Card,Female,3.0,4,Laptop & Accessory,1,Married,3,1,26.0,1.0,2.0,8.0,165.14,55.0467,12.0,5.0,0.8,0.3333,0
12.0,Computer,1,17.0,Credit Card,Male,4.0,4,Mobile Phone,3,Married,2,0,18.0,1.0,2.0,3.0,151.84,50.6133,16.0,0.0,0.2308,0.3333,0
22.0,Mobile Phone,3,14.0,E wallet,Male,4.0,4,Laptop & Accessory,5,Married,6,0,12.0,1.0,3.0,3.0,179.86,44.965,16.0,0.0,0.1304,0.25,0
10.0,Mobile Phone,1,21.0,Debit Card,Male,4.0,4,Laptop & Accessory,1,Married,2,1,18.0,3.0,5.0,12.0,190.86,31.81,16.0,5.0,1.0909,0.5,0
0.0,Mobile Phone,1,14.0,Credit Card,Male,2.0,3,Mobile Phone,3,Married,2,0,20.0,1.0,1.0,0.0,123.77,61.885,6.0,0.0,0.0,0.5,1
0.0,Mobile Phone,1,6.0,Debit Card,Male,2.0,4,Laptop & Accessory,1,Married,7,0,22.0,2.0,2.0,2.0,147.75,49.25,8.0,0.0,2.0,0.6667,0
19.0,Mobile Phone,1,21.0,Debit Card,Male,2.0,3,Others,4,Divorced,6,0,11.0,1.0,1.0,3.0,290.81,145.405,6.0,0.0,0.15,0.5,0
1.0,Mobile Phone,3,13.0,Debit Card,Male,4.0,6,Laptop & Accessory,3,Married,6,1,19.0,1.0,8.0,8.0,186.72,20.7467,24.0,3.0,4.0,0.1111,1
24.0,Mobile Phone,1,24.0,Debit Card,Female,3.0,5,Fashion,5,Married,7,0,16.0,2.0,2.0,12.0,257.69,85.8967,15.0,0.0,0.48,0.6667,0
22.0,Mobile Phone,3,36.0,Credit Card,Female,4.0,4,Fashion,3,Married,5,0,22.0,1.0,2.0,1.0,250.04,83.3467,16.0,0.0,0.0435,0.3333,0
11.0,Computer,1,18.0,Debit Card,Male,2.0,4,Laptop & Accessory,5,Married,3,0,15.0,1.0,1.0,2.0,162.88,81.44,8.0,0.0,0.1667,0.5,0
8.0,Mobile Phone,1,15.0,Debit Card,Female,3.0,4,Laptop & Accessory,5,Married,5,0,15.0,2.0,2.0,1.0,176.21,58.7367,12.0,0.0,0.1111,0.6667,0
5.0,Computer,1,6.0,Cash on Delivery,Male,3.0,3,Laptop & Accessory,5,Married,5,0,14.0,1.0,1.0,2.0,140.87,70.435,9.0,0.0,0.3333,0.5,0
6.0,Computer,1,22.0,Credit Card,Female,3.0,4,Laptop & Accessory,1,Married,7,0,19.0,1.0,2.0,3.0,191.67,63.89,12.0,0.0,0.4286,0.3333,0
2.0,Mobile Phone,1,14.0,Debit Card,Male,2.0,3,Mobile Phone,2,Single,2,0,19.0,0.0,1.0,5.0,123.4,61.7,6.0,0.0,1.6667,0.0,0
17.0,Mobile Phone,1,26.0,Debit Card,Male,2.0,3,Mobile Phone,4,Single,2,0,13.0,1.0,1.0,3.0,134.2,67.1,6.0,0.0,0.1667,0.5,0
1.0,Mobile Phone,1,17.0,Cash on Delivery,Male,3.0,2,Mobile Phone,3,Married,4,0,17.0,3.0,3.0,3.0,145.73,36.4325,6.0,0.0,1.5,0.75,0
6.0,Computer,1,13.0,Debit Card,Male,2.0,3,Laptop & Accessory,3,Married,2,0,20.0,0.0,2.0,8.0,159.68,53.2267,6.0,0.0,1.1429,0.0,0
1.0,Mobile Phone,1,8.0,Debit Card,Male,4.0,4,Mobile Phone,3,Single,2,0,13.0,2.0,2.0,3.0,158.75,52.9167,16.0,0.0,1.5,0.6667,0
3.0,Mobile Phone,1,29.0,Debit Card,Female,4.0,3,Fashion,4,Married,9,0,19.0,6.0,2.0,3.0,244.96,81.6533,12.0,0.0,0.75,2.0,0
17.0,Computer,1,16.0,Debit Card,Male,3.0,4,Mobile Phone,3,Single,6,0,14.0,2.0,2.0,3.0,149.38,49.7933,12.0,0.0,0.1667,0.6667,0
24.0,Computer,3,7.0,Debit Card,Female,4.0,4,Laptop & Accessory,3,Married,2,0,13.0,1.0,2.0,14.0,188.47,62.8233,16.0,0.0,0.56,0.3333,0
1.0,Computer,1,21.0,Credit Card,Female,3.0,4,Mobile Phone,3,Single,3,0,17.0,2.0,2.0,1.0,140.14,46.7133,12.0,0.0,0.5,0.6667,0
0.0,Mobile Phone,1,8.0,Debit Card,Female,2.0,3,Laptop & Accessory,2,Divorced,1,0,18.0,0.0,2.0,2.0,142.27,47.4233,6.0,0.0,2.0,0.0,0
8.0,Mobile Phone,1,28.0,Debit Card,Female,3.0,1,Fashion,4,Married,8,0,18.0,5.0,6.0,3.0,219.96,31.4229,3.0,0.0,0.3333,0.7143,0
11.0,Mobile Phone,1,6.0,Debit Card,Female,2.0,1,Laptop & Accessory,1,Single,1,0,13.0,0.0,1.0,8.0,176.25,88.125,2.0,0.0,0.6667,0.0,0
25.0,Mobile Phone,3,9.0,E wallet,Male,2.0,4,Grocery,5,Married,2,0,11.0,1.0,1.0,16.0,268.56,134.28,8.0,0.0,0.6154,0.5,0
5.0,Mobile Phone,1,27.0,Debit Card,Male,3.0,4,Laptop & Accessory,3,Married,3,0,12.0,1.0,2.0,3.0,166.97,55.6567,12.0,0.0,0.5,0.3333,0
1.0,Computer,1,7.0,Cash on Delivery,Male,3.0,5,Laptop & Accessory,5,Married,7,0,20.0,3.0,3.0,1.0,167.98,41.995,15.0,0.0,0.5,0.75,0
1.0,Mobile Phone,1,7.0,Debit Card,Female,4.0,4,Fashion,5,Divorced,3,0,12.0,2.0,2.0,8.0,199.12,66.3733,16.0,0.0,4.0,0.6667,0
2.0,Mobile Phone,3,9.0,E wallet,Female,3.0,4,Laptop & Accessory,4,Divorced,3,1,21.0,8.0,8.0,6.0,172.79,19.1989,12.0,2.0,2.0,0.8889,0
9.0,Mobile Phone,1,6.0,Credit Card,Female,3.0,3,Mobile Phone,3,Married,8,0,14.0,1.0,1.0,2.0,122.32,61.16,9.0,0.0,0.2,0.5,0
10.0,Computer,1,17.0,UPI,Male,2.0,3,Fashion,1,Married,2,1,14.0,1.0,1.0,3.0,221.85,110.925,6.0,5.0,0.2727,0.5,0
4.0,Mobile Phone,3,36.0,Cash on Delivery,Male,3.0,4,Fashion,4,Married,5,0,13.0,1.0,2.0,3.0,217.5,72.5,12.0,0.0,0.6,0.3333,0
13.0,Computer,1,32.0,Credit Card,Female,3.0,4,Laptop & Accessory,2,Divorced,4,1,13.0,1.0,1.0,0.0,144.22,72.11,12.0,4.0,0.0,0.5,0
11.0,Computer,1,14.0,Credit Card,Female,2.0,4,Mobile Phone,4,Single,2,0,22.0,0.0,3.0,3.0,124.4,31.1,8.0,0.0,0.25,0.0,0
18.0,Mobile Phone,1,13.0,Credit Card,Female,2.0,3,Mobile Phone,3,Married,5,1,19.0,0.0,1.0,2.0,144.77,72.385,6.0,3.0,0.1053,0.0,0
9.0,Mobile Phone,1,8.0,Cash on Delivery,Male,2.0,4,Laptop & Accessory,5,Single,5,0,13.0,0.0,1.0,4.0,121.76,60.88,8.0,0.0,0.4,0.0,0
9.0,Mobile Phone,2,7.0,Debit Card,Male,2.0,3,Mobile Phone,3,Married,1,0,21.0,0.0,1.0,3.0,120.64,60.32,6.0,0.0,0.3,0.0,0
7.0,Mobile Phone,1,16.0,Debit Card,Male,3.0,3,Mobile Phone,3,Single,2,1,11.0,1.0,1.0,2.0,129.36,64.68,9.0,3.0,0.25,0.5,1
8.0,Mobile Phone,3,21.0,Cash on Delivery,Female,3.0,4,Mobile Phone,3,Married,3,1,19.0,2.0,2.0,7.0,150.79,50.2633,12.0,3.0,0.7778,0.6667,0
31.0,Mobile Phone,3,17.0,Credit Card,Male,3.0,4,Grocery,3,Single,2,0,14.0,1.0,2.0,9.0,263.72,87.9067,12.0,0.0,0.2812,0.3333,0
0.0,Mobile Phone,3,14.0,E wallet,Female,2.0,3,Laptop & Accessory,4,Divorced,2,0,18.0,0.0,1.0,7.0,162.14,81.07,6.0,0.0,7.0,0.0,0
14.0,Mobile Phone,3,8.0,Debit Card,Female,3.0,3,Grocery,5,Married,8,0,16.0,1.0,11.0,8.0,265.95,22.1625,9.0,0.0,0.5333,0.0833,0
5.0,Mobile Phone,1,11.0,Credit Card,Female,4.0,2,Mobile Phone,3,Married,10,0,13.0,2.0,3.0,3.0,164.78,41.195,8.0,0.0,0.5,0.5,0
8.0,Mobile Phone,1,36.0,Credit Card,Male,3.0,4,Laptop & Accessory,3,Married,6,0,14.0,6.0,8.0,8.0,179.29,19.9211,12.0,0.0,0.8889,0.6667,0
11.0,Mobile Phone,1,8.0,Credit Card,Male,3.0,3,Mobile Phone,3,Married,7,1,13.0,0.0,1.0,1.0,130.57,65.285,9.0,3.0,0.0833,0.0,0
29.0,Computer,1,9.0,Credit Card,Male,3.0,5,Grocery,5,Single,9,0,15.0,4.0,7.0,3.0,292.56,36.57,15.0,0.0,0.1,0.5,0
23.0,Mobile Phone,1,15.0,UPI,Female,3.0,4,Fashion,4,Married,6,0,12.0,1.0,2.0,8.0,199.03,66.3433,12.0,0.0,0.3333,0.3333,0
12.0,Mobile Phone,1,24.0,Debit Card,Male,2.0,3,Laptop & Accessory,3,Single,1,0,11.0,0.0,1.0,7.0,145.34,72.67,6.0,0.0,0.5385,0.0,0
4.0,Computer,1,10.0,Debit Card,Male,3.0,4,Mobile Phone,1,Married,6,0,16.0,2.0,2.0,5.0,145.97,48.6567,12.0,0.0,1.0,0.6667,0
4.0,Mobile Phone,1,13.0,Credit Card,Female,2.0,3,Laptop & Accessory,5,Divorced,2,0,12.0,3.0,3.0,12.0,143.06,35.765,6.0,0.0,2.4,0.75,0
1.0,Mobile Phone,1,6.0,Debit Card,Male,3.0,5,Mobile Phone,3,Single,3,0,13.0,1.0,2.0,3.0,155.33,51.7767,15.0,0.0,1.5,0.3333,0
0.0,Computer,1,17.0,Credit Card,Male,2.0,3,Laptop & Accessory,5,Divorced,2,1,13.0,2.0,3.0,3.0,147.41,36.8525,6.0,1.0,3.0,0.5,0
0.0,Mobile Phone,1,16.0,Credit Card,Male,2.0,3,Laptop & Accessory,5,Single,2,0,15.0,0.0,1.0,8.0,142.13,71.065,6.0,0.0,8.0,0.0,1
13.0,Mobile Phone,3,13.0,Credit Card,Male,3.0,2,Fashion,3,Married,4,0,12.0,4.0,8.0,7.0,207.37,23.0411,6.0,0.0,0.5,0.4444,0
22.0,Mobile Phone,1,13.0,UPI,Male,2.0,4,Fashion,3,Single,9,0,24.0,1.0,1.0,3.0,209.65,104.825,8.0,0.0,0.1304,0.5,0
4.0,Computer,1,10.0,Credit Card,Female,4.0,4,Mobile Phone,3,Married,3,0,21.0,2.0,2.0,1.0,145.83,48.61,16.0,0.0,0.2,0.6667,0
4.0,Computer,3,10.0,E wallet,Male,2.0,3,Laptop & Accessory,4,Single,2,0,18.0,4.0,7.0,7.0,193.55,24.1938,6.0,0.0,1.4,0.5,1
3.0,Mobile Phone,1,10.0,Credit Card,Male,3.0,4,Mobile Phone,5,Single,3,1,19.0,1.0,2.0,6.0,172.23,57.41,12.0,1.0,1.5,0.3333,0
4.0,Computer,1,9.0,Cash on Delivery,Female,4.0,5,Mobile Phone,5,Single,2,0,17.0,1.0,2.0,8.0,174.68,58.2267,20.0,0.0,1.6,0.3333,0
16.0,Mobile Phone,1,12.0,UPI,Male,2.0,4,Grocery,2,Married,5,1,14.0,1.0,1.0,0.0,266.27,133.135,8.0,4.0,0.0,0.5,0
22.0,Mobile Phone,1,13.0,Debit Card,Male,2.0,3,Fashion,4,Married,4,0,14.0,0.0,1.0,7.0,204.66,102.33,6.0,0.0,0.3043,0.0,0
16.0,Computer,1,15.0,Credit Card,Male,3.0,3,Laptop & Accessory,3,Married,4,1,13.0,1.0,4.0,7.0,156.79,31.358,9.0,3.0,0.4118,0.2,0
23.0,Mobile Phone,1,23.0,Credit Card,Female,4.0,4,Mobile Phone,5,Married,6,1,17.0,2.0,3.0,3.0,150.87,37.7175,16.0,1.0,0.125,0.5,0
13.0,Computer,3,14.0,Cash on Delivery,Male,2.0,3,Laptop & Accessory,3,Divorced,4,1,14.0,1.0,1.0,3.0,167.96,83.98,6.0,3.0,0.2143,0.5,1
13.0,Mobile Phone,3,34.0,E wallet,Male,2.0,4,Fashion,5,Married,5,1,13.0,0.0,2.0,0.0,208.54,69.5133,8.0,1.0,0.0,0.0,1
9.0,Mobile Phone,1,34.0,Debit Card,Male,3.0,4,Laptop & Accessory,3,Married,4,0,17.0,1.0,2.0,8.0,193.83,64.61,12.0,0.0,0.8,0.3333,0
9.0,Computer,1,18.0,Credit Card,Male,4.0,5,Fashion,5,Married,4,1,14.0,2.0,3.0,3.0,223.84,55.96,20.0,1.0,0.3,0.5,0
18.0,Mobile Phone,2,7.0,Debit Card,Female,3.0,5,Laptop & Accessory,3,Single,6,0,12.0,2.0,2.0,3.0,184.85,61.6167,15.0,0.0,0.1579,0.6667,0
1.0,Mobile Phone,1,7.0,Debit Card,Female,3.0,5,Mobile Phone,4,Single,3,0,14.0,2.0,2.0,1.0,153.36,51.12,15.0,0.0,0.5,0.6667,0
6.0,Computer,3,14.0,Debit Card,Female,2.0,4,Mobile Phone,2,Single,1,0,19.0,2.0,2.0,2.0,123.42,41.14,8.0,0.0,0.2857,0.6667,0
1.0,Mobile Phone,1,18.0,Credit Card,Female,4.0,5,Mobile Phone,5,Single,3,1,16.0,2.0,2.0,1.0,151.0,50.3333,20.0,1.0,0.5,0.6667,1
22.0,Mobile Phone,1,24.0,Debit Card,Male,2.0,4,Others,3,Married,2,1,15.0,0.0,1.0,9.0,295.02,147.51,8.0,3.0,0.3913,0.0,0
4.0,Computer,1,16.0,Credit Card,Female,2.0,3,Fashion,3,Married,5,0,20.0,3.0,4.0,3.0,210.31,42.062,6.0,0.0,0.6,0.6,0
18.0,Mobile Phone,1,13.0,Debit Card,Male,2.0,3,Fashion,5,Married,3,0,17.0,0.0,1.0,0.0,197.24,98.62,6.0,0.0,0.0,0.0,0
2.0,Computer,1,8.0,Debit Card,Male,2.0,3,Laptop & Accessory,1,Married,2,0,19.0,0.0,1.0,3.0,188.53,94.265,6.0,0.0,1.0,0.0,0
10.0,Mobile Phone,1,7.0,Cash on Delivery,Female,4.0,6,Fashion,5,Married,4,1,22.0,6.0,8.0,3.0,227.52,25.28,24.0,1.0,0.2727,0.6667,0
2.0,Computer,1,8.0,Debit Card,Female,3.0,3,Mobile Phone,4,Divorced,1,0,13.0,0.0,1.0,2.0,131.8,65.9,9.0,0.0,0.6667,0.0,0
5.0,Mobile Phone,2,9.0,UPI,Male,4.0,5,Laptop & Accessory,5,Divorced,5,0,13.0,1.0,2.0,1.0,189.1,63.0333,20.0,0.0,0.1667,0.3333,0
13.0,Mobile Phone,1,7.0,Debit Card,Female,4.0,5,Grocery,2,Divorced,3,0,17.0,1.0,2.0,9.0,252.42,84.14,20.0,0.0,0.6429,0.3333,0
19.0,Computer,1,9.0,Credit Card,Male,4.0,5,Grocery,1,Married,11,0,15.0,2.0,12.0,9.0,292.92,22.5323,20.0,0.0,0.45,0.1538,0
0.0,Mobile Phone,1,21.0,UPI,Male,2.0,3,Laptop & Accessory,3,Married,8,0,14.0,0.0,1.0,0.0,148.34,74.17,6.0,0.0,0.0,0.0,1
3.0,Mobile Phone,1,36.0,Debit Card,Male,4.0,6,Laptop & Accessory,3,Married,10,0,18.0,2.0,2.0,7.0,188.84,62.9467,24.0,0.0,1.75,0.6667,0
1.0,Computer,1,12.0,Debit Card,Male,4.0,4,Mobile Phone,1,Single,3,0,16.0,1.0,2.0,1.0,135.51,45.17,16.0,0.0,0.5,0.3333,0
7.0,Mobile Phone,1,14.0,Credit Card,Male,2.0,1,Laptop & Accessory,3,Married,3,0,12.0,0.0,1.0,2.0,144.04,72.02,2.0,0.0,0.25,0.0,0
6.0,Mobile Phone,1,12.0,Debit Card,Female,4.0,5,Laptop & Accessory,4,Married,5,0,13.0,2.0,3.0,6.0,183.78,45.945,20.0,0.0,0.8571,0.5,0
4.0,Computer,1,10.0,Debit Card,Male,3.0,4,Mobile Phone,2,Divorced,6,0,16.0,1.0,2.0,5.0,145.97,48.6567,12.0,0.0,1.0,0.3333,0
13.0,Computer,1,15.0,UPI,Male,2.0,3,Laptop & Accessory,3,Married,4,0,11.0,0.0,1.0,7.0,139.75,69.875,6.0,0.0,0.5,0.0,0
8.0,Computer,3,17.0,Debit Card,Male,3.0,4,Laptop & Accessory,3,Married,3,1,15.0,2.0,2.0,8.0,165.01,55.0033,12.0,3.0,0.8889,0.6667,0
1.0,Mobile Phone,1,24.0,Cash on Delivery,Male,3.0,4,Mobile Phone,4,Married,2,1,17.0,1.0,2.0,2.0,155.58,51.86,12.0,2.0,1.0,0.3333,0
8.0,Mobile Phone,1,7.0,Debit Card,Male,3.0,4,Mobile Phone,1,Married,3,0,13.0,2.0,9.0,9.0,151.91,15.191,12.0,0.0,1.0,0.2,0
1.0,Computer,1,9.0,Credit Card,Male,3.0,5,Mobile Phone,5,Single,9,0,12.0,1.0,2.0,1.0,150.61,50.2033,15.0,0.0,0.5,0.3333,1
13.0,Mobile Phone,1,12.0,Debit Card,Female,3.0,3,Grocery,3,Single,8,0,15.0,4.0,2.0,13.0,232.37,77.4567,9.0,0.0,0.9286,1.3333,0
14.0,Mobile Phone,1,7.0,Debit Card,Male,3.0,4,Mobile Phone,1,Married,10,0,20.0,1.0,2.0,1.0,149.06,49.6867,12.0,0.0,0.0667,0.3333,0
0.0,Mobile Phone,1,14.0,Debit Card,Male,2.0,4,Mobile Phone,3,Divorced,2,0,13.0,2.0,2.0,2.0,125.39,41.7967,8.0,0.0,2.0,0.6667,0
7.0,Mobile Phone,3,17.0,E wallet,Male,3.0,4,Laptop & Accessory,3,Single,3,0,15.0,1.0,2.0,10.0,179.87,59.9567,12.0,0.0,1.25,0.3333,0
7.0,Mobile Phone,1,25.0,Credit Card,Male,3.0,3,Mobile Phone,1,Married,1,0,11.0,0.0,1.0,2.0,126.61,63.305,9.0,0.0,0.25,0.0,0
27.0,Mobile Phone,3,9.0,Credit Card,Male,3.0,4,Grocery,3,Married,8,0,14.0,1.0,16.0,3.0,273.52,16.0894,12.0,0.0,0.1071,0.0588,0
20.0,Mobile Phone,1,8.0,Credit Card,Female,3.0,3,Laptop & Accessory,2,Married,6,0,13.0,0.0,1.0,4.0,150.7,75.35,9.0,0.0,0.1905,0.0,0
11.0,Mobile Phone,3,15.0,E wallet,Male,3.0,4,Mobile Phone,4,Divorced,1,0,19.0,0.0,1.0,2.0,128.99,64.495,12.0,0.0,0.1667,0.0,0
3.0,Mobile Phone,3,31.0,E wallet,Male,2.0,4,Fashion,4,Single,3,1,12.0,1.0,1.0,0.0,190.94,95.47,8.0,2.0,0.0,0.5,1
7.0,Computer,3,14.0,Debit Card,Female,2.0,4,Laptop & Accessory,4,Married,2,0,18.0,1.0,2.0,3.0,168.02,56.0067,8.0,0.0,0.375,0.3333,0
18.0,Computer,1,12.0,Debit Card,Male,3.0,5,Mobile Phone,3,Single,5,0,15.0,1.0,2.0,4.0,156.62,52.2067,15.0,0.0,0.2105,0.3333,0
10.0,Computer,1,15.0,Debit Card,Female,4.0,3,Fashion,5,Divorced,11,0,15.0,1.0,2.0,6.0,242.13,80.71,12.0,0.0,0.5455,0.3333,0
24.0,Mobile Phone,1,9.0,Credit Card,Male,4.0,4,Others,3,Divorced,4,1,15.0,8.0,8.0,8.0,317.37,35.2633,16.0,3.0,0.32,0.8889,0
5.0,Computer,3,11.0,Debit Card,Male,2.0,3,Laptop & Accessory,4,Married,2,0,14.0,2.0,5.0,3.0,165.24,27.54,6.0,0.0,0.5,0.3333,0
20.0,Mobile Phone,1,14.0,Cash on Delivery,Male,2.0,3,Mobile Phone,3,Single,5,0,24.0,0.0,1.0,0.0,124.79,62.395,6.0,0.0,0.0,0.0,1
3.0,Mobile Phone,3,14.0,Cash on Delivery,Male,3.0,3,Mobile Phone,4,Married,2,0,18.0,1.0,1.0,0.0,124.76,62.38,9.0,0.0,0.0,0.5,0
28.0,Mobile Phone,2,32.0,UPI,Male,3.0,1,Others,4,Married,5,1,15.0,1.0,1.0,4.0,296.36,148.18,3.0,2.0,0.1379,0.5,0
9.0,Mobile Phone,1,8.0,Debit Card,Female,2.0,3,Laptop & Accessory,4,Single,10,1,11.0,4.0,5.0,12.0,154.1,25.6833,6.0,2.0,1.2,0.6667,0
0.0,Mobile Phone,3,10.0,Credit Card,Male,2.0,5,Fashion,2,Divorced,2,0,11.0,7.0,9.0,8.0,204.0,20.4,10.0,0.0,8.0,0.7,1
9.0,Computer,3,19.0,Debit Card,Female,3.0,3,Mobile Phone,4,Divorced,2,0,13.0,0.0,1.0,0.0,120.33,60.165,9.0,0.0,0.0,0.0,0
8.0,Mobile Phone,1,12.0,Credit Card,Male,3.0,5,Laptop & Accessory,1,Married,3,0,15.0,5.0,5.0,14.0,164.86,27.4767,15.0,0.0,1.5556,0.8333,0
5.0,Mobile Phone,3,16.0,E wallet,Male,2.0,3,Laptop & Accessory,1,Single,2,0,12.0,1.0,1.0,8.0,153.96,76.98,6.0,0.0,1.3333,0.5,0
0.0,Mobile Phone,3,16.0,Credit Card,Female,3.0,4,Mobile Phone,3,Single,2,0,12.0,1.0,1.0,0.0,112.0,56.0,12.0,0.0,0.0,0.5,0
0.0,Computer,3,8.0,Debit Card,Male,2.0,5,Laptop & Accessory,1,Single,4,0,20.0,0.0,1.0,0.0,150.71,75.355,10.0,0.0,0.0,0.0,0
11.0,Computer,3,26.0,Credit Card,Male,3.0,4,Fashion,4,Single,3,1,14.0,1.0,2.0,10.0,201.42,67.14,12.0,2.0,0.8333,0.3333,0
11.0,Mobile Phone,3,9.0,Debit Card,Male,2.0,3,Laptop & Accessory,1,Single,9,1,12.0,1.0,1.0,0.0,168.61,84.305,6.0,5.0,0.0,0.5,0
12.0,Mobile Phone,1,30.0,Debit Card,Male,3.0,4,Laptop & Accessory,1,Married,11,0,15.0,1.0,2.0,3.0,182.45,60.8167,12.0,0.0,0.2308,0.3333,0
14.0,Mobile Phone,1,12.0,Credit Card,Male,2.0,3,Mobile Phone,5,Single,3,1,13.0,1.0,2.0,17.0,147.21,49.07,6.0,1.0,1.1333,0.3333,0
7.0,Mobile Phone,1,14.0,Cash on Delivery,Female,2.0,1,Mobile Phone,3,Divorced,1,0,17.0,1.0,1.0,0.0,125.85,62.925,2.0,0.0,0.0,0.5,0
10.0,Mobile Phone,1,16.0,Debit Card,Male,3.0,2,Mobile Phone,2,Single,4,0,17.0,1.0,1.0,0.0,146.8,73.4,6.0,0.0,0.0,0.5,0
16.0,Computer,1,15.0,Credit Card,Male,3.0,3,Laptop & Accessory,3,Married,4,1,13.0,2.0,4.0,7.0,156.79,31.358,9.0,3.0,0.4118,0.4,0
24.0,Mobile Phone,1,31.0,Debit Card,Male,4.0,4,Grocery,3,Married,5,1,19.0,1.0,2.0,6.0,264.73,88.2433,16.0,3.0,0.24,0.3333,0
4.0,Mobile Phone,3,12.0,Debit Card,Female,3.0,4,Fashion,2,Divorced,4,0,13.0,3.0,8.0,3.0,219.19,24.3544,12.0,0.0,0.6,0.3333,0
1.0,Computer,2,30.0,UPI,Female,3.0,4,Fashion,5,Married,11,1,16.0,2.0,2.0,3.0,224.5,74.8333,12.0,1.0,1.5,0.6667,1
21.0,Mobile Phone,1,10.0,Debit Card,Male,2.0,3,Fashion,2,Single,2,0,11.0,1.0,1.0,8.0,178.98,89.49,6.0,0.0,0.3636,0.5,0
14.0,Computer,1,13.0,Debit Card,Female,2.0,5,Others,3,Married,2,0,15.0,1.0,5.0,10.0,299.73,49.955,10.0,0.0,0.6667,0.1667,0
1.0,Mobile Phone,1,23.0,Debit Card,Female,3.0,2,Mobile Phone,5,Single,3,0,17.0,16.0,16.0,15.0,152.43,8.9665,6.0,0.0,7.5,0.9412,1
0.0,Mobile Phone,3,11.0,UPI,Female,3.0,4,Mobile Phone,3,Single,1,0,18.0,1.0,1.0,0.0,129.66,64.83,12.0,0.0,0.0,0.5,0
24.0,Mobile Phone,3,32.0,E wallet,Female,3.0,3,Grocery,3,Married,3,0,14.0,1.0,4.0,17.0,263.07,52.614,9.0,0.0,0.68,0.2,0
13.0,Computer,1,17.0,Cash on Delivery,Female,3.0,3,Laptop & Accessory,3,Married,2,0,11.0,7.0,9.0,4.0,163.23,16.323,9.0,0.0,0.2857,0.7,0
8.0,Mobile Phone,3,6.0,E wallet,Male,2.0,3,Laptop & Accessory,3,Married,10,0,11.0,0.0,6.0,9.0,147.17,21.0243,6.0,0.0,1.0,0.0,0
16.0,Mobile Phone,1,8.0,Cash on Delivery,Female,3.0,4,Fashion,1,Married,1,0,16.0,1.0,1.0,9.0,201.69,100.845,12.0,0.0,0.5294,0.5,1
9.0,Mobile Phone,1,8.0,Debit Card,Male,3.0,3,Mobile Phone,4,Single,2,0,12.0,1.0,1.0,0.0,113.93,56.965,9.0,0.0,0.0,0.5,1
11.0,Mobile Phone,1,17.0,Credit Card,Female,4.0,4,Mobile Phone,5,Married,8,0,21.0,2.0,2.0,4.0,159.52,53.1733,16.0,0.0,0.3333,0.6667,0
9.0,Mobile Phone,1,23.0,UPI,Male,3.0,4,Mobile Phone,4,Divorced,2,0,21.0,1.0,1.0,0.0,121.27,60.635,12.0,0.0,0.0,0.5,0
1.0,Mobile Phone,1,9.0,UPI,Male,3.0,4,Mobile Phone,3,Married,8,1,20.0,1.0,2.0,3.0,164.77,54.9233,12.0,3.0,1.5,0.3333,0
16.0,Computer,3,8.0,Debit Card,Male,3.0,3,Laptop & Accessory,1,Married,2,0,20.0,7.0,7.0,7.0,156.75,19.5938,9.0,0.0,0.4118,0.875,0
18.0,Computer,1,10.0,Debit Card,Male,2.0,3,Laptop & Accessory,4,Divorced,2,0,12.0,1.0,1.0,8.0,144.47,72.235,6.0,0.0,0.4211,0.5,0
0.0,Computer,1,14.0,Credit Card,Male,3.0,4,Mobile Phone,3,Married,2,1,15.0,0.0,1.0,1.0,125.66,62.83,12.0,3.0,1.0,0.0,0
21.0,Computer,1,21.0,Cash on Delivery,Male,4.0,4,Laptop & Accessory,4,Married,10,0,19.0,1.0,2.0,8.0,179.67,59.89,16.0,0.0,0.3636,0.3333,0
9.0,Computer,1,11.0,UPI,Male,3.0,3,Mobile Phone,3,Married,5,0,17.0,0.0,2.0,0.0,120.93,40.31,9.0,0.0,0.0,0.0,0
9.0,Mobile Phone,1,16.0,Debit Card,Female,2.0,2,Mobile Phone,3,Divorced,4,1,13.0,0.0,1.0,7.0,122.13,61.065,4.0,3.0,0.7,0.0,0
15.0,Mobile Phone,3,20.0,Credit Card,Female,3.0,4,Laptop & Accessory,3,Single,8,0,17.0,0.0,1.0,3.0,162.44,81.22,12.0,0.0,0.1875,0.0,0
7.0,Computer,1,24.0,Cash on Delivery,Male,3.0,5,Mobile Phone,3,Married,11,1,17.0,2.0,2.0,1.0,149.37,49.79,15.0,3.0,0.125,0.6667,1
0.0,Mobile Phone,1,22.0,Debit Card,Female,3.0,1,Mobile Phone,5,Single,2,0,16.0,15.0,15.0,14.0,127.43,7.9644,3.0,0.0,14.0,0.9375,1
10.0,Mobile Phone,3,9.0,Debit Card,Male,4.0,4,Mobile Phone,1,Single,5,1,22.0,2.0,2.0,3.0,151.44,50.48,16.0,5.0,0.2727,0.6667,0
28.0,Mobile Phone,1,15.0,Debit Card,Female,3.0,4,Laptop & Accessory,3,Single,9,0,12.0,2.0,2.0,1.0,162.8,54.2667,12.0,0.0,0.0345,0.6667,0
1.0,Mobile Phone,3,17.0,Credit Card,Male,3.0,4,Laptop & Accessory,1,Single,3,0,14.0,1.0,2.0,3.0,171.84,57.28,12.0,0.0,1.5,0.3333,0
4.0,Mobile Phone,2,16.0,UPI,Male,3.0,4,Laptop & Accessory,1,Married,2,1,20.0,5.0,5.0,8.0,188.47,31.4117,12.0,5.0,1.6,0.8333,0
9.0,Mobile Phone,3,23.0,E wallet,Male,4.0,4,Fashion,4,Married,2,0,16.0,4.0,7.0,10.0,205.2,25.65,16.0,0.0,1.0,0.5,0
5.0,Computer,3,14.0,E wallet,Female,4.0,4,Fashion,5,Married,4,0,15.0,3.0,3.0,3.0,221.37,55.3425,16.0,0.0,0.5,0.75,0
7.0,Computer,1,25.0,Credit Card,Female,2.0,3,Laptop & Accessory,4,Married,5,0,13.0,3.0,5.0,10.0,144.44,24.0733,6.0,0.0,1.25,0.5,0
1.0,Computer,3,7.0,Debit Card,Male,2.0,4,Laptop & Accessory,1,Married,2,1,12.0,1.0,1.0,7.0,168.34,84.17,8.0,5.0,3.5,0.5,0
19.0,Mobile Phone,1,14.0,Debit Card,Male,3.0,3,Mobile Phone,1,Single,2,0,16.0,0.0,1.0,0.0,125.87,62.935,9.0,0.0,0.0,0.0,1
4.0,Mobile Phone,3,17.0,E wallet,Male,4.0,5,Laptop & Accessory,3,Divorced,3,0,19.0,2.0,2.0,5.0,190.78,63.5933,20.0,0.0,1.0,0.6667,0
1.0,Computer,1,9.0,Credit Card,Male,3.0,4,Mobile Phone,1,Single,4,0,14.0,1.0,2.0,3.0,150.8,50.2667,12.0,0.0,1.5,0.3333,0
8.0,Computer,1,14.0,Debit Card,Female,2.0,3,Laptop & Accessory,3,Married,2,0,12.0,2.0,2.0,9.0,141.48,47.16,6.0,0.0,1.0,0.6667,0
16.0,Mobile Phone,2,9.0,Cash on Delivery,Male,3.0,4,Mobile Phone,3,Married,2,1,12.0,2.0,2.0,1.0,151.96,50.6533,12.0,3.0,0.0588,0.6667,0
14.0,Computer,1,33.0,Credit Card,Female,3.0,4,Laptop & Accessory,4,Married,3,0,12.0,1.0,3.0,14.0,181.05,45.2625,12.0,0.0,0.9333,0.25,0
9.0,Mobile Phone,1,14.0,Debit Card,Female,2.0,4,Mobile Phone,4,Single,2,0,12.0,0.0,1.0,0.0,112.61,56.305,8.0,0.0,0.0,0.0,1
8.0,Mobile Phone,1,14.0,Credit Card,Male,3.0,4,Mobile Phone,1,Single,3,0,14.0,1.0,2.0,1.0,154.72,51.5733,12.0,0.0,0.1111,0.3333,0
9.0,Mobile Phone,3,7.0,E wallet,Male,3.0,4,Laptop & Accessory,3,Married,11,0,12.0,1.0,7.0,10.0,172.17,21.5212,12.0,0.0,1.0,0.125,0
16.0,Mobile Phone,2,9.0,Cash on Delivery,Male,3.0,4,Mobile Phone,3,Married,2,1,12.0,2.0,2.0,1.0,151.96,50.6533,12.0,3.0,0.0588,0.6667,0
5.0,Mobile Phone,3,17.0,Credit Card,Female,3.0,4,Laptop & Accessory,1,Married,4,1,12.0,1.0,2.0,5.0,190.83,63.61,12.0,5.0,0.8333,0.3333,0
4.0,Mobile Phone,3,35.0,E wallet,Female,3.0,4,Laptop & Accessory,1,Married,2,0,14.0,0.0,5.0,7.0,154.68,25.78,12.0,0.0,1.4,0.0,0
1.0,Mobile Phone,1,7.0,Debit Card,Male,3.0,5,Laptop & Accessory,2,Divorced,8,0,23.0,3.0,3.0,3.0,172.75,43.1875,15.0,0.0,1.5,0.75,0
9.0,Computer,1,27.0,Credit Card,Male,3.0,3,Mobile Phone,1,Married,8,0,20.0,1.0,1.0,2.0,122.58,61.29,9.0,0.0,0.2,0.5,0
13.0,Mobile Phone,1,7.0,Credit Card,Male,3.0,2,Fashion,1,Married,2,0,18.0,2.0,4.0,3.0,221.13,44.226,6.0,0.0,0.2143,0.4,0
1.0,Computer,1,12.0,Credit Card,Female,3.0,4,Mobile Phone,4,Single,2,0,18.0,1.0,2.0,3.0,149.22,49.74,12.0,0.0,1.5,0.3333,1
17.0,Mobile Phone,2,9.0,Debit Card,Male,4.0,4,Mobile Phone,1,Single,2,0,14.0,1.0,2.0,9.0,160.39,53.4633,16.0,0.0,0.5,0.3333,0
0.0,Mobile Phone,1,8.0,UPI,Male,2.0,3,Mobile Phone,3,Married,7,1,19.0,0.0,1.0,2.0,139.77,69.885,6.0,3.0,2.0,0.0,0
3.0,Mobile Phone,3,27.0,E wallet,Male,3.0,4,Laptop & Accessory,1,Married,4,0,15.0,2.0,2.0,3.0,194.31,64.77,12.0,0.0,0.75,0.6667,0
0.0,Mobile Phone,1,16.0,Credit Card,Male,2.0,3,Mobile Phone,3,Single,2,1,11.0,0.0,1.0,1.0,110.09,55.045,6.0,3.0,1.0,0.0,1
6.0,Computer,1,7.0,Debit Card,Female,4.0,5,Mobile Phone,4,Divorced,8,0,21.0,2.0,2.0,3.0,148.32,49.44,20.0,0.0,0.4286,0.6667,0
24.0,Mobile Phone,3,6.0,E wallet,Male,3.0,4,Others,3,Married,6,1,15.0,1.0,2.0,1.0,318.31,106.1033,12.0,3.0,0.04,0.3333,0
7.0,Mobile Phone,2,10.0,UPI,Male,3.0,4,Mobile Phone,4,Married,5,1,12.0,1.0,2.0,4.0,147.77,49.2567,12.0,2.0,0.5,0.3333,0
0.0,Computer,1,11.0,Debit Card,Male,3.0,3,Mobile Phone,1,Single,2,0,15.0,0.0,1.0,0.0,110.51,55.255,9.0,0.0,0.0,0.0,0
9.0,Mobile Phone,1,9.0,Cash on Delivery,Male,1.0,3,Laptop & Accessory,4,Single,5,0,12.0,6.0,7.0,7.0,144.85,18.1062,3.0,0.0,0.7,0.75,0
0.0,Computer,1,14.0,Credit Card,Male,2.0,4,Mobile Phone,4,Married,2,0,15.0,1.0,1.0,0.0,125.96,62.98,8.0,0.0,0.0,0.5,1
8.0,Mobile Phone,1,33.0,Debit Card,Male,2.0,3,Laptop & Accessory,3,Married,3,0,16.0,0.0,1.0,7.0,168.83,84.415,6.0,0.0,0.7778,0.0,0
15.0,Computer,1,16.0,Cash on Delivery,Male,3.0,3,Mobile Phone,3,Married,4,0,22.0,3.0,3.0,3.0,129.36,32.34,9.0,0.0,0.1875,0.75,0
29.0,Mobile Phone,2,33.0,UPI,Male,4.0,2,Others,4,Married,6,1,15.0,2.0,2.0,5.0,321.36,107.12,8.0,2.0,0.1667,0.6667,0
7.0,Computer,1,30.0,Debit Card,Male,3.0,3,Mobile Phone,3,Married,4,1,22.0,0.0,1.0,0.0,131.61,65.805,9.0,3.0,0.0,0.0,1
10.0,Mobile Phone,2,15.0,Debit Card,Male,4.0,5,Mobile Phone,5,Divorced,2,0,22.0,2.0,2.0,4.0,148.42,49.4733,20.0,0.0,0.3636,0.6667,0
0.0,Mobile Phone,3,15.0,Debit Card,Male,3.0,4,Mobile Phone,5,Married,4,0,12.0,2.0,2.0,2.0,144.0,48.0,12.0,0.0,2.0,0.6667,1
25.0,Mobile Phone,1,5.0,Debit Card,Male,2.0,3,Fashion,4,Single,8,0,19.0,2.0,4.0,0.0,204.45,40.89,6.0,0.0,0.0,0.4,0
9.0,Computer,2,14.0,UPI,Female,3.0,4,Mobile Phone,1,Married,7,0,11.0,1.0,1.0,2.0,121.8,60.9,12.0,0.0,0.2,0.5,1
1.0,Mobile Phone,1,7.0,Credit Card,Male,3.0,4,Mobile Phone,4,Married,3,0,12.0,1.0,2.0,5.0,163.16,54.3867,12.0,0.0,2.5,0.3333,0
12.0,Computer,1,6.0,Debit Card,Male,2.0,3,Others,3,Married,2,1,14.0,0.0,1.0,6.0,291.97,145.985,6.0,3.0,0.4615,0.0,0
10.0,Mobile Phone,1,7.0,Debit Card,Female,2.0,4,Laptop & Accessory,1,Married,2,0,13.0,0.0,3.0,11.0,164.74,41.185,8.0,0.0,1.0,0.0,0
1.0,Mobile Phone,1,10.0,Credit Card,Male,4.0,5,Mobile Phone,3,Single,3,0,18.0,2.0,2.0,1.0,157.3,52.4333,20.0,0.0,0.5,0.6667,0
0.0,Mobile Phone,1,14.0,Debit Card,Male,2.0,4,Mobile Phone,3,Married,2,0,13.0,1.0,2.0,2.0,125.39,41.7967,8.0,0.0,2.0,0.3333,0
21.0,Computer,1,23.0,Credit Card,Male,4.0,2,Laptop & Accessory,3,Married,3,1,20.0,2.0,3.0,8.0,175.67,43.9175,8.0,3.0,0.3636,0.5,0
0.0,Mobile Phone,1,29.0,Debit Card,Male,2.0,4,Laptop & Accessory,3,Divorced,4,1,13.0,1.0,1.0,1.0,159.16,79.58,8.0,3.0,1.0,0.5,1
22.0,Mobile Phone,1,9.0,Credit Card,Female,2.0,4,Laptop & Accessory,5,Married,5,0,25.0,0.0,1.0,2.0,147.89,73.945,8.0,0.0,0.087,0.0,0
8.0,Computer,1,7.0,Credit Card,Male,3.0,4,Mobile Phone,4,Married,3,1,13.0,2.0,3.0,4.0,148.42,37.105,12.0,2.0,0.4444,0.5,1
4.0,Mobile Phone,3,14.0,E wallet,Female,4.0,4,Laptop & Accessory,5,Married,9,0,15.0,2.0,2.0,3.0,172.79,57.5967,16.0,0.0,0.6,0.6667,0
7.0,Mobile Phone,1,14.0,Debit Card,Female,2.0,3,Laptop & Accessory,5,Married,4,0,14.0,1.0,1.0,0.0,151.21,75.605,6.0,0.0,0.0,0.5,0
1.0,Mobile Phone,3,9.0,E wallet,Male,3.0,5,Laptop & Accessory,4,Single,9,1,13.0,2.0,3.0,3.0,224.07,56.0175,15.0,2.0,1.5,0.5,1
9.0,Computer,3,15.0,E wallet,Female,4.0,5,Fashion,1,Married,6,1,12.0,4.0,5.0,3.0,228.77,38.1283,20.0,5.0,0.3,0.6667,0
10.0,Mobile Phone,3,15.0,E wallet,Male,2.0,4,Laptop & Accessory,4,Married,2,0,14.0,0.0,1.0,3.0,141.89,70.945,8.0,0.0,0.2727,0.0,0
13.0,Computer,1,32.0,Debit Card,Male,4.0,4,Fashion,3,Married,5,0,22.0,1.0,2.0,6.0,234.2,78.0667,16.0,0.0,0.4286,0.3333,0
11.0,Computer,3,11.0,E wallet,Male,3.0,4,Mobile Phone,1,Married,6,0,18.0,4.0,6.0,9.0,152.93,21.8471,12.0,0.0,0.75,0.5714,0
14.0,Mobile Phone,1,27.0,Cash on Delivery,Male,4.0,4,Fashion,2,Divorced,6,0,21.0,5.0,12.0,3.0,228.22,17.5554,16.0,0.0,0.2,0.3846,0
9.0,Mobile Phone,3,9.0,E wallet,Female,3.0,3,Laptop & Accessory,4,Single,4,1,16.0,0.0,1.0,1.0,192.78,96.39,9.0,2.0,0.1,0.0,0
27.0,Mobile Phone,3,15.0,E wallet,Male,4.0,4,Grocery,1,Married,7,0,15.0,3.0,2.0,3.0,243.36,81.12,16.0,0.0,0.1071,1.0,0
4.0,Computer,1,16.0,Credit Card,Female,4.0,4,Laptop & Accessory,3,Single,9,1,19.0,1.0,2.0,8.0,171.95,57.3167,16.0,3.0,1.6,0.3333,0
28.0,Mobile Phone,1,26.0,Credit Card,Female,4.0,4,Laptop & Accessory,5,Married,11,1,12.0,1.0,2.0,5.0,179.85,59.95,16.0,1.0,0.1724,0.3333,0
8.0,Mobile Phone,3,6.0,E wallet,Male,3.0,3,Fashion,4,Divorced,2,0,13.0,1.0,1.0,6.0,172.95,86.475,9.0,0.0,0.6667,0.5,0
19.0,Mobile Phone,1,8.0,Debit Card,Male,2.0,3,Grocery,3,Divorced,7,0,13.0,1.0,1.0,1.0,278.61,139.305,6.0,0.0,0.05,0.5,0
30.0,Mobile Phone,1,14.0,Debit Card,Male,2.0,3,Mobile Phone,3,Married,2,0,12.0,2.0,2.0,2.0,123.72,41.24,6.0,0.0,0.0645,0.6667,0
12.0,Mobile Phone,1,7.0,Cash on Delivery,Female,4.0,4,Fashion,5,Divorced,3,0,14.0,4.0,6.0,12.0,260.82,37.26,16.0,0.0,0.9231,0.5714,0
13.0,Mobile Phone,1,8.0,Debit Card,Female,2.0,3,Mobile Phone,5,Married,5,0,17.0,1.0,1.0,2.0,133.77,66.885,6.0,0.0,0.1429,0.5,0
3.0,Computer,1,9.0,Debit Card,Female,4.0,4,Mobile Phone,4,Married,2,0,14.0,2.0,2.0,3.0,156.8,52.2667,16.0,0.0,0.75,0.6667,0
13.0,Mobile Phone,1,26.0,UPI,Male,3.0,4,Laptop & Accessory,1,Married,10,0,15.0,1.0,3.0,3.0,164.02,41.005,12.0,0.0,0.2143,0.25,0
4.0,Mobile Phone,1,9.0,Credit Card,Male,3.0,5,Mobile Phone,1,Single,2,0,14.0,1.0,2.0,3.0,152.2,50.7333,15.0,0.0,0.6,0.3333,0
2.0,Mobile Phone,1,34.0,Credit Card,Female,3.0,6,Laptop & Accessory,5,Married,2,0,22.0,2.0,2.0,1.0,173.77,57.9233,18.0,0.0,0.3333,0.6667,0
9.0,Mobile Phone,1,8.0,Debit Card,Female,3.0,4,Mobile Phone,3,Single,2,0,14.0,1.0,1.0,0.0,122.74,61.37,12.0,0.0,0.0,0.5,0
17.0,Computer,1,7.0,Debit Card,Female,3.0,4,Laptop & Accessory,2,Divorced,6,0,14.0,2.0,3.0,3.0,180.62,45.155,12.0,0.0,0.1667,0.5,0
9.0,Mobile Phone,1,9.0,Debit Card,Male,3.0,4,Mobile Phone,1,Married,4,0,17.0,0.0,1.0,0.0,121.77,60.885,12.0,0.0,0.0,0.0,0
5.0,Mobile Phone,3,7.0,Debit Card,Female,4.0,4,Laptop & Accessory,2,Single,10,1,12.0,2.0,2.0,6.0,184.93,61.6433,16.0,4.0,1.0,0.6667,1
1.0,Mobile Phone,3,7.0,Cash on Delivery,Female,4.0,4,Mobile Phone,4,Single,3,1,17.0,1.0,2.0,5.0,157.02,52.34,16.0,2.0,2.5,0.3333,1
1.0,Mobile Phone,1,17.0,Credit Card,Male,3.0,4,Mobile Phone,3,Single,3,1,12.0,1.0,2.0,2.0,135.09,45.03,12.0,3.0,1.0,0.3333,1
11.0,Mobile Phone,3,8.0,E wallet,Male,2.0,3,Fashion,4,Single,8,0,16.0,1.0,1.0,0.0,173.51,86.755,6.0,0.0,0.0,0.5,0
0.0,Mobile Phone,1,13.0,Cash on Delivery,Female,2.0,3,Mobile Phone,3,Married,4,1,13.0,4.0,7.0,7.0,133.39,16.6737,6.0,3.0,7.0,0.5,1
24.0,Computer,1,6.0,Credit Card,Female,1.0,4,Fashion,5,Single,4,0,20.0,4.0,12.0,8.0,174.84,13.4492,4.0,0.0,0.32,0.3077,0
2.0,Mobile Phone,1,28.0,Credit Card,Male,3.0,4,Mobile Phone,2,Divorced,3,0,12.0,1.0,2.0,3.0,152.13,50.71,12.0,0.0,1.0,0.3333,0
20.0,Mobile Phone,1,25.0,Credit Card,Female,3.0,4,Laptop & Accessory,3,Married,4,0,15.0,1.0,2.0,9.0,173.1,57.7,12.0,0.0,0.4286,0.3333,0
28.0,Computer,1,14.0,Credit Card,Male,2.0,4,Grocery,4,Married,2,1,15.0,3.0,2.0,0.0,235.77,78.59,8.0,2.0,0.0,1.0,0
14.0,Computer,3,7.0,UPI,Male,3.0,4,Laptop & Accessory,3,Single,5,1,15.0,1.0,2.0,1.0,172.28,57.4267,12.0,3.0,0.0667,0.3333,1
14.0,Mobile Phone,3,9.0,E wallet,Female,3.0,4,Laptop & Accessory,4,Married,9,0,13.0,1.0,2.0,4.0,182.15,60.7167,12.0,0.0,0.2667,0.3333,0
0.0,Mobile Phone,3,10.0,Credit Card,Female,2.0,3,Laptop & Accessory,3,Married,2,1,12.0,1.0,1.0,3.0,141.62,70.81,6.0,3.0,3.0,0.5,0
3.0,Mobile Phone,3,18.0,Cash on Delivery,Female,2.0,3,Laptop & Accessory,3,Single,1,0,11.0,3.0,4.0,4.0,165.77,33.154,6.0,0.0,1.0,0.6,0
8.0,Mobile Phone,1,26.0,Credit Card,Male,4.0,4,Mobile Phone,1,Married,2,0,12.0,1.0,2.0,3.0,151.61,50.5367,16.0,0.0,0.3333,0.3333,0
12.0,Mobile Phone,3,10.0,Debit Card,Male,3.0,4,Laptop & Accessory,2,Single,10,1,13.0,2.0,2.0,1.0,193.61,64.5367,12.0,4.0,0.0769,0.6667,0
0.0,Mobile Phone,1,14.0,Credit Card,Male,2.0,3,Mobile Phone,1,Married,6,1,13.0,1.0,1.0,4.0,124.36,62.18,6.0,5.0,4.0,0.5,1
9.0,Mobile Phone,3,8.0,E wallet,Female,3.0,3,Mobile Phone,1,Married,2,0,13.0,2.0,2.0,2.0,120.14,40.0467,9.0,0.0,0.2,0.6667,0
10.0,Mobile Phone,1,28.0,Credit Card,Female,4.0,4,Laptop & Accessory,4,Married,6,0,23.0,2.0,4.0,3.0,214.26,42.852,16.0,0.0,0.2727,0.4,1
8.0,Mobile Phone,1,24.0,Debit Card,Male,2.0,1,Laptop & Accessory,5,Married,2,0,11.0,1.0,1.0,10.0,152.08,76.04,2.0,0.0,1.1111,0.5,0
2.0,Mobile Phone,3,25.0,Debit Card,Male,3.0,4,Laptop & Accessory,3,Married,2,0,14.0,1.0,1.0,4.0,186.2,93.1,12.0,0.0,1.3333,0.5,0
2.0,Computer,1,8.0,Debit Card,Female,2.0,4,Mobile Phone,5,Single,3,1,23.0,0.0,1.0,0.0,136.46,68.23,8.0,1.0,0.0,0.0,1
5.0,Mobile Phone,3,14.0,Cash on Delivery,Male,4.0,2,Laptop & Accessory,1,Married,6,0,12.0,4.0,8.0,8.0,194.29,21.5878,8.0,0.0,1.3333,0.4444,0
8.0,Computer,3,11.0,E wallet,Female,4.0,4,Laptop & Accessory,3,Married,11,0,16.0,1.0,2.0,3.0,190.38,63.46,16.0,0.0,0.3333,0.3333,0
9.0,Mobile Phone,1,13.0,Debit Card,Male,3.0,3,Mobile Phone,5,Single,4,1,14.0,0.0,1.0,3.0,121.66,60.83,9.0,1.0,0.3,0.0,1
11.0,Mobile Phone,3,17.0,Debit Card,Female,3.0,5,Laptop & Accessory,2,Married,4,1,15.0,1.0,2.0,1.0,191.94,63.98,15.0,4.0,0.0833,0.3333,0
1.0,Mobile Phone,1,18.0,Debit Card,Male,4.0,4,Mobile Phone,5,Divorced,2,0,15.0,2.0,2.0,5.0,145.99,48.6633,16.0,0.0,2.5,0.6667,0
9.0,Mobile Phone,1,17.0,UPI,Male,3.0,4,Mobile Phone,2,Married,3,0,21.0,2.0,2.0,3.0,164.17,54.7233,12.0,0.0,0.3,0.6667,0
10.0,Mobile Phone,1,20.0,Debit Card,Female,3.0,3,Mobile Phone,5,Married,2,0,12.0,10.0,12.0,17.0,130.34,10.0262,9.0,0.0,1.5455,0.7692,0
4.0,Computer,3,32.0,Cash on Delivery,Female,3.0,4,Laptop & Accessory,3,Divorced,9,1,13.0,2.0,3.0,3.0,172.36,43.09,12.0,3.0,0.6,0.5,0
0.0,Computer,1,14.0,UPI,Male,3.0,1,Mobile Phone,1,Married,1,0,18.0,2.0,7.0,7.0,125.44,15.68,3.0,0.0,7.0,0.25,0
13.0,Computer,1,14.0,Credit Card,Male,2.0,4,Fashion,4,Married,3,0,11.0,1.0,2.0,8.0,237.57,79.19,8.0,0.0,0.5714,0.3333,0
25.0,Mobile Phone,1,9.0,Credit Card,Male,3.0,6,Laptop & Accessory,4,Married,7,0,19.0,1.0,2.0,3.0,179.82,59.94,18.0,0.0,0.1154,0.3333,0
8.0,Mobile Phone,3,14.0,Cash on Delivery,Male,3.0,4,Mobile Phone,3,Married,2,1,26.0,4.0,6.0,8.0,148.08,21.1543,12.0,3.0,0.8889,0.5714,0
16.0,Mobile Phone,3,30.0,Debit Card,Male,3.0,3,Fashion,5,Single,7,1,13.0,0.0,2.0,2.0,204.48,68.16,9.0,1.0,0.1176,0.0,1
3.0,Mobile Phone,1,16.0,Debit Card,Male,4.0,2,Mobile Phone,3,Married,8,0,19.0,2.0,2.0,1.0,149.51,49.8367,8.0,0.0,0.25,0.6667,0
4.0,Computer,1,16.0,Credit Card,Male,4.0,4,Laptop & Accessory,5,Married,3,0,12.0,6.0,7.0,11.0,155.72,19.465,16.0,0.0,2.2,0.75,0
8.0,Mobile Phone,1,16.0,Debit Card,Male,3.0,4,Fashion,2,Married,2,0,12.0,2.0,2.0,3.0,210.0,70.0,12.0,0.0,0.3333,0.6667,0
14.0,Computer,3,7.0,Debit Card,Male,4.0,4,Laptop & Accessory,3,Married,9,0,13.0,2.0,2.0,2.0,192.28,64.0933,16.0,0.0,0.1333,0.6667,1
13.0,Computer,1,29.0,Credit Card,Female,3.0,4,Fashion,5,Single,3,1,14.0,2.0,2.0,9.0,233.8,77.9333,12.0,1.0,0.6429,0.6667,0
14.0,Computer,3,9.0,Credit Card,Male,4.0,4,Laptop & Accessory,4,Divorced,7,0,13.0,2.0,2.0,1.0,168.27,56.09,16.0,0.0,0.0667,0.6667,0
3.0,Computer,1,6.0,Debit Card,Male,2.0,4,Fashion,3,Single,2,0,22.0,4.0,5.0,8.0,184.74,30.79,8.0,0.0,2.0,0.6667,0
1.0,Computer,1,11.0,Cash on Delivery,Male,3.0,4,Mobile Phone,1,Single,11,1,24.0,2.0,2.0,1.0,147.85,49.2833,12.0,5.0,0.5,0.6667,1
4.0,Mobile Phone,1,30.0,Credit Card,Female,3.0,4,Laptop & Accessory,5,Single,2,0,19.0,0.0,1.0,8.0,168.12,84.06,12.0,0.0,1.6,0.0,0
1.0,Computer,3,7.0,Cash on Delivery,Female,3.0,5,Mobile Phone,4,Single,3,1,12.0,2.0,2.0,3.0,146.74,48.9133,15.0,2.0,1.5,0.6667,1
0.0,Mobile Phone,1,14.0,Debit Card,Male,3.0,5,Mobile Phone,5,Divorced,2,0,15.0,1.0,1.0,1.0,124.51,62.255,15.0,0.0,1.0,0.5,0
19.0,Mobile Phone,3,9.0,Debit Card,Female,2.0,3,Grocery,4,Divorced,9,0,12.0,1.0,5.0,1.0,266.06,44.3433,6.0,0.0,0.05,0.1667,0
21.0,Computer,1,7.0,Credit Card,Female,4.0,4,Fashion,4,Married,2,0,19.0,1.0,2.0,13.0,244.57,81.5233,16.0,0.0,0.5909,0.3333,0
0.0,Mobile Phone,3,35.0,Credit Card,Male,2.0,3,Laptop & Accessory,3,Married,6,0,12.0,1.0,1.0,0.0,143.06,71.53,6.0,0.0,0.0,0.5,0
10.0,Computer,3,6.0,Credit Card,Male,2.0,5,Laptop & Accessory,1,Married,2,0,14.0,0.0,1.0,3.0,195.25,97.625,10.0,0.0,0.2727,0.0,0
1.0,Computer,3,7.0,Cash on Delivery,Female,4.0,6,Mobile Phone,5,Single,2,0,22.0,2.0,2.0,1.0,148.25,49.4167,24.0,0.0,0.5,0.6667,1
8.0,Mobile Phone,2,7.0,Credit Card,Male,4.0,5,Fashion,5,Married,11,0,15.0,3.0,4.0,3.0,229.82,45.964,20.0,0.0,0.3333,0.6,1
13.0,Mobile Phone,3,20.0,Debit Card,Female,2.0,3,Laptop & Accessory,5,Married,2,0,15.0,0.0,1.0,2.0,146.39,73.195,6.0,0.0,0.1429,0.0,0
1.0,Mobile Phone,3,26.0,E wallet,Male,3.0,5,Mobile Phone,4,Married,3,1,19.0,1.0,2.0,1.0,149.13,49.71,15.0,2.0,0.5,0.3333,1
21.0,Mobile Phone,1,14.0,Credit Card,Female,3.0,5,Fashion,5,Married,9,1,15.0,2.0,6.0,3.0,225.08,32.1543,15.0,1.0,0.1364,0.2857,1
29.0,Mobile Phone,1,21.0,Credit Card,Male,4.0,2,Others,4,Single,10,0,15.0,3.0,3.0,16.0,312.22,78.055,8.0,0.0,0.5333,0.75,0
1.0,Computer,3,8.0,Debit Card,Female,3.0,4,Mobile Phone,4,Single,3,1,12.0,3.0,3.0,3.0,148.02,37.005,12.0,2.0,1.5,0.75,1
9.0,Mobile Phone,1,10.0,Cash on Delivery,Female,3.0,4,Mobile Phone,5,Married,2,0,13.0,0.0,1.0,0.0,121.09,60.545,12.0,0.0,0.0,0.0,0
13.0,Computer,3,6.0,UPI,Male,2.0,3,Laptop & Accessory,3,Single,4,1,14.0,1.0,1.0,0.0,147.28,73.64,6.0,3.0,0.0,0.5,1
8.0,Mobile Phone,1,26.0,Debit Card,Female,3.0,5,Mobile Phone,1,Married,3,0,13.0,2.0,9.0,8.0,154.29,15.429,15.0,0.0,0.8889,0.2,0
7.0,Mobile Phone,3,27.0,Debit Card,Male,3.0,2,Laptop & Accessory,2,Single,2,0,12.0,5.0,5.0,7.0,153.37,25.5617,6.0,0.0,0.875,0.8333,0
1.0,Mobile Phone,1,9.0,Credit Card,Female,3.0,3,Fashion,4,Married,1,0,17.0,0.0,1.0,7.0,176.55,88.275,9.0,0.0,3.5,0.0,0
1.0,Mobile Phone,3,34.0,E wallet,Female,3.0,4,Fashion,2,Divorced,3,0,23.0,2.0,2.0,10.0,201.39,67.13,12.0,0.0,5.0,0.6667,1
16.0,Mobile Phone,3,7.0,Debit Card,Male,2.0,4,Laptop & Accessory,3,Married,3,0,26.0,7.0,12.0,7.0,174.07,13.39,8.0,0.0,0.4118,0.5385,0
22.0,Mobile Phone,3,9.0,E wallet,Male,3.0,3,Laptop & Accessory,4,Divorced,5,0,13.0,3.0,3.0,3.0,206.2,51.55,9.0,0.0,0.1304,0.75,0
7.0,Mobile Phone,3,21.0,Credit Card,Female,3.0,3,Laptop & Accessory,5,Single,2,0,12.0,1.0,9.0,6.0,161.25,16.125,9.0,0.0,0.75,0.1,0
6.0,Mobile Phone,1,14.0,Debit Card,Male,2.0,3,Mobile Phone,1,Single,1,0,14.0,1.0,1.0,2.0,125.0,62.5,6.0,0.0,0.2857,0.5,0
18.0,Mobile Phone,1,8.0,UPI,Female,2.0,4,Laptop & Accessory,1,Married,2,0,19.0,2.0,3.0,9.0,157.7,39.425,8.0,0.0,0.4737,0.5,0
0.0,Mobile Phone,3,16.0,Debit Card,Male,2.0,3,Laptop & Accessory,2,Single,1,0,14.0,0.0,1.0,1.0,149.5,74.75,6.0,0.0,1.0,0.0,0
17.0,Mobile Phone,1,34.0,Cash on Delivery,Male,3.0,2,Mobile Phone,4,Married,7,0,13.0,2.0,2.0,3.0,173.76,57.92,6.0,0.0,0.1667,0.6667,0
24.0,Computer,1,29.0,Credit Card,Male,3.0,6,Grocery,1,Single,3,1,14.0,1.0,14.0,10.0,269.11,17.9407,18.0,5.0,0.4,0.0667,0
6.0,Computer,3,11.0,Debit Card,Male,3.0,3,Laptop & Accessory,1,Married,7,0,13.0,1.0,1.0,2.0,199.98,99.99,9.0,0.0,0.2857,0.5,0
0.0,Computer,1,15.0,Debit Card,Male,3.0,3,Laptop & Accessory,5,Married,5,0,17.0,0.0,1.0,7.0,153.46,76.73,9.0,0.0,7.0,0.0,1
12.0,Mobile Phone,1,12.0,Debit Card,Female,2.0,3,Fashion,4,Single,5,0,18.0,2.0,2.0,2.0,183.76,61.2533,6.0,0.0,0.1538,0.6667,0
18.0,Mobile Phone,1,26.0,Credit Card,Male,3.0,5,Fashion,5,Married,3,1,18.0,0.0,1.0,7.0,208.51,104.255,15.0,1.0,0.3684,0.0,0
10.0,Computer,1,15.0,Debit Card,Female,4.0,2,Fashion,5,Married,11,0,15.0,1.0,2.0,6.0,242.13,80.71,8.0,0.0,0.5455,0.3333,0
0.0,Mobile Phone,1,8.0,Credit Card,Male,2.0,4,Mobile Phone,1,Single,1,0,12.0,1.0,1.0,1.0,139.04,69.52,8.0,0.0,1.0,0.5,0
7.0,Computer,1,11.0,Cash on Delivery,Male,3.0,4,Laptop & Accessory,4,Married,7,0,16.0,1.0,2.0,8.0,155.55,51.85,12.0,0.0,1.0,0.3333,0
0.0,Mobile Phone,1,10.0,Debit Card,Male,3.0,3,Mobile Phone,2,Single,2,1,20.0,0.0,2.0,2.0,128.75,42.9167,9.0,4.0,2.0,0.0,0
17.0,Computer,1,34.0,Debit Card,Female,3.0,4,Fashion,5,Divorced,10,0,12.0,1.0,2.0,2.0,233.2,77.7333,12.0,0.0,0.1111,0.3333,0
17.0,Mobile Phone,3,23.0,E wallet,Female,4.0,4,Grocery,1,Married,7,1,23.0,1.0,2.0,10.0,285.64,95.2133,16.0,5.0,0.5556,0.3333,0
22.0,Mobile Phone,3,23.0,Debit Card,Female,4.0,4,Laptop & Accessory,3,Married,10,0,15.0,2.0,8.0,8.0,189.39,21.0433,16.0,0.0,0.3478,0.2222,0
10.0,Mobile Phone,2,20.0,UPI,Male,3.0,4,Mobile Phone,4,Divorced,5,0,14.0,2.0,2.0,5.0,146.43,48.81,12.0,0.0,0.4545,0.6667,0
9.0,Mobile Phone,3,14.0,Debit Card,Male,3.0,3,Mobile Phone,1,Single,4,1,21.0,1.0,1.0,2.0,126.44,63.22,9.0,5.0,0.2,0.5,0
5.0,Mobile Phone,3,19.0,Debit Card,Male,3.0,3,Laptop & Accessory,2,Married,3,0,11.0,0.0,1.0,3.0,144.03,72.015,9.0,0.0,0.5,0.0,0
15.0,Mobile Phone,1,12.0,Credit Card,Male,2.0,3,Fashion,5,Married,10,0,13.0,5.0,2.0,7.0,233.48,77.8267,6.0,0.0,0.4375,1.6667,0
8.0,Mobile Phone,1,6.0,Credit Card,Male,3.0,4,Mobile Phone,3,Single,2,0,18.0,1.0,1.0,4.0,128.59,64.295,12.0,0.0,0.4444,0.5,0
1.0,Mobile Phone,1,16.0,Credit Card,Female,3.0,4,Mobile Phone,5,Single,9,0,23.0,2.0,2.0,5.0,167.0,55.6667,12.0,0.0,2.5,0.6667,1
9.0,Mobile Phone,1,11.0,Debit Card,Female,2.0,4,Mobile Phone,5,Married,10,1,14.0,1.0,1.0,0.0,134.19,67.095,8.0,1.0,0.0,0.5,0
1.0,Mobile Phone,1,11.0,Debit Card,Male,4.0,4,Mobile Phone,3,Married,3,0,12.0,2.0,2.0,4.0,150.17,50.0567,16.0,0.0,2.0,0.6667,0
14.0,Mobile Phone,1,9.0,Credit Card,Male,4.0,4,Mobile Phone,3,Married,4,0,15.0,2.0,2.0,3.0,148.45,49.4833,16.0,0.0,0.2,0.6667,0
13.0,Mobile Phone,3,8.0,E wallet,Female,3.0,3,Laptop & Accessory,4,Married,4,0,14.0,1.0,5.0,10.0,156.77,26.1283,9.0,0.0,0.7143,0.1667,0
8.0,Computer,1,9.0,Debit Card,Male,3.0,5,Laptop & Accessory,3,Married,3,0,18.0,1.0,2.0,3.0,220.47,73.49,15.0,0.0,0.3333,0.3333,0
5.0,Mobile Phone,1,7.0,Debit Card,Male,4.0,5,Mobile Phone,5,Married,3,0,13.0,4.0,4.0,3.0,147.18,29.436,20.0,0.0,0.5,0.8,0
4.0,Computer,3,26.0,Debit Card,Male,3.0,1,Mobile Phone,1,Married,1,0,12.0,2.0,2.0,2.0,127.91,42.6367,3.0,0.0,0.4,0.6667,0
30.0,Computer,1,7.0,Debit Card,Male,3.0,4,Laptop & Accessory,3,Married,3,0,22.0,1.0,2.0,10.0,188.06,62.6867,12.0,0.0,0.3226,0.3333,0
19.0,Mobile Phone,3,18.0,Debit Card,Female,3.0,4,Grocery,2,Divorced,5,0,15.0,2.0,2.0,2.0,301.5,100.5,12.0,0.0,0.1,0.6667,0
9.0,Mobile Phone,3,7.0,Credit Card,Female,4.0,4,Laptop & Accessory,3,Single,3,0,17.0,2.0,2.0,4.0,173.59,57.8633,16.0,0.0,0.4,0.6667,0
13.0,Mobile Phone,1,7.0,Debit Card,Male,3.0,3,Grocery,5,Married,3,0,11.0,1.0,11.0,16.0,268.23,22.3525,9.0,0.0,1.1429,0.0833,0
31.0,Mobile Phone,3,32.0,Debit Card,Female,5.0,4,Fashion,5,Single,9,0,12.0,7.0,8.0,10.0,201.37,22.3744,20.0,0.0,0.3125,0.7778,0
12.0,Computer,1,15.0,Credit Card,Female,3.0,5,Laptop & Accessory,4,Married,3,1,17.0,2.0,2.0,8.0,146.33,48.7767,15.0,2.0,0.6154,0.6667,0
1.0,Mobile Phone,3,11.0,Cash on Delivery,Male,3.0,4,Fashion,5,Single,2,1,23.0,4.0,5.0,3.0,220.82,36.8033,12.0,1.0,1.5,0.6667,1
2.0,Mobile Phone,1,13.0,Debit Card,Male,2.0,3,Laptop & Accessory,2,Married,2,1,11.0,0.0,1.0,0.0,166.23,83.115,6.0,4.0,0.0,0.0,0
1.0,Mobile Phone,1,9.0,Credit Card,Male,3.0,6,Mobile Phone,1,Married,7,1,14.0,2.0,3.0,3.0,159.64,39.91,18.0,5.0,1.5,0.5,1
19.0,Mobile Phone,1,36.0,Cash on Delivery,Male,3.0,4,Fashion,1,Married,6,1,19.0,2.0,2.0,3.0,218.8,72.9333,12.0,5.0,0.15,0.6667,0
0.0,Mobile Phone,3,6.0,Debit Card,Male,3.0,4,Laptop & Accessory,5,Married,2,0,11.0,3.0,6.0,7.0,197.14,28.1629,12.0,0.0,7.0,0.4286,1
3.0,Mobile Phone,3,9.0,Credit Card,Male,4.0,5,Laptop & Accessory,4,Married,4,0,20.0,2.0,2.0,1.0,191.44,63.8133,20.0,0.0,0.25,0.6667,0
6.0,Computer,3,16.0,E wallet,Male,2.0,4,Laptop & Accessory,1,Single,4,0,14.0,1.0,1.0,1.0,146.82,73.41,8.0,0.0,0.1429,0.5,0
8.0,Computer,1,23.0,Debit Card,Female,4.0,5,Mobile Phone,1,Single,3,0,17.0,2.0,2.0,4.0,150.53,50.1767,20.0,0.0,0.4444,0.6667,0
5.0,Mobile Phone,1,14.0,Cash on Delivery,Male,3.0,3,Mobile Phone,5,Single,2,0,14.0,0.0,1.0,2.0,124.39,62.195,9.0,0.0,0.3333,0.0,0
11.0,Mobile Phone,1,7.0,Debit Card,Female,4.0,4,Laptop & Accessory,4,Divorced,8,0,13.0,4.0,5.0,4.0,189.47,31.5783,16.0,0.0,0.3333,0.6667,0
1.0,Computer,1,8.0,Debit Card,Male,2.0,4,Mobile Phone,1,Married,2,1,12.0,0.0,2.0,2.0,138.67,46.2233,8.0,5.0,1.0,0.0,0
27.0,Mobile Phone,1,28.0,Credit Card,Female,3.0,3,Grocery,3,Married,4,0,25.0,1.0,4.0,7.0,274.26,54.852,9.0,0.0,0.25,0.2,0
10.0,Mobile Phone,1,12.0,Credit Card,Male,2.0,2,Laptop & Accessory,5,Married,5,1,13.0,2.0,6.0,7.0,159.74,22.82,4.0,1.0,0.6364,0.2857,0
28.0,Mobile Phone,1,28.0,Cash on Delivery,Male,3.0,4,Mobile Phone,4,Married,6,0,12.0,1.0,1.0,2.0,135.37,67.685,12.0,0.0,0.069,0.5,0
24.0,Mobile Phone,1,7.0,Credit Card,Male,3.0,5,Mobile Phone,3,Divorced,4,0,16.0,1.0,2.0,3.0,161.9,53.9667,15.0,0.0,0.12,0.3333,0
14.0,Mobile Phone,1,18.0,Debit Card,Male,2.0,3,Mobile Phone,1,Married,4,1,11.0,1.0,1.0,0.0,147.66,73.83,6.0,5.0,0.0,0.5,0
19.0,Computer,1,32.0,Credit Card,Female,3.0,4,Others,4,Single,5,0,15.0,1.0,2.0,1.0,305.61,101.87,12.0,0.0,0.05,0.3333,0
11.0,Mobile Phone,1,26.0,Debit Card,Male,4.0,4,Mobile Phone,4,Married,6,0,22.0,1.0,2.0,1.0,155.22,51.74,16.0,0.0,0.0833,0.3333,0
0.0,Mobile Phone,3,16.0,Debit Card,Male,2.0,3,Laptop & Accessory,1,Single,1,0,14.0,1.0,1.0,1.0,149.5,74.75,6.0,0.0,1.0,0.5,0
15.0,Mobile Phone,3,9.0,Debit Card,Female,4.0,4,Grocery,5,Married,9,0,17.0,1.0,12.0,9.0,290.95,22.3808,16.0,0.0,0.5625,0.0769,0
17.0,Mobile Phone,1,10.0,Credit Card,Male,2.0,3,Laptop & Accessory,4,Single,10,0,12.0,1.0,2.0,3.0,159.33,53.11,6.0,0.0,0.1667,0.3333,0
1.0,Mobile Phone,3,29.0,Cash on Delivery,Male,3.0,4,Mobile Phone,3,Single,3,0,12.0,1.0,2.0,3.0,159.47,53.1567,12.0,0.0,1.5,0.3333,0
9.0,Computer,1,9.0,Credit Card,Female,3.0,4,Laptop & Accessory,4,Single,7,0,12.0,2.0,2.0,3.0,169.25,56.4167,12.0,0.0,0.3,0.6667,0
24.0,Computer,3,15.0,Debit Card,Male,2.0,3,Others,4,Married,5,1,15.0,6.0,11.0,10.0,298.47,24.8725,6.0,2.0,0.4,0.5,0
20.0,Mobile Phone,1,9.0,Debit Card,Male,3.0,4,Fashion,1,Married,5,0,15.0,2.0,5.0,3.0,210.78,35.13,12.0,0.0,0.1429,0.3333,0
5.0,Computer,3,16.0,E wallet,Male,3.0,3,Laptop & Accessory,1,Single,9,0,13.0,0.0,1.0,0.0,146.48,73.24,9.0,0.0,0.0,0.0,0
13.0,Computer,3,6.0,UPI,Male,2.0,3,Laptop & Accessory,3,Single,4,1,14.0,0.0,1.0,0.0,147.28,73.64,6.0,3.0,0.0,0.0,1
9.0,Mobile Phone,1,18.0,Credit Card,Female,2.0,4,Fashion,1,Single,1,0,11.0,5.0,7.0,8.0,188.58,23.5725,8.0,0.0,0.8,0.625,0
25.0,Mobile Phone,3,28.0,E wallet,Male,4.0,4,Laptop & Accessory,1,Single,2,1,23.0,1.0,2.0,1.0,179.41,59.8033,16.0,5.0,0.0385,0.3333,0
0.0,Mobile Phone,1,11.0,Cash on Delivery,Male,2.0,4,Fashion,1,Married,2,1,16.0,1.0,1.0,3.0,228.08,114.04,8.0,5.0,3.0,0.5,0
26.0,Computer,3,9.0,Debit Card,Male,4.0,5,Others,3,Single,3,1,15.0,2.0,16.0,13.0,315.68,18.5694,20.0,3.0,0.4815,0.1176,0
22.0,Mobile Phone,1,11.0,Debit Card,Male,4.0,5,Fashion,3,Single,9,0,15.0,2.0,2.0,9.0,234.99,78.33,20.0,0.0,0.3913,0.6667,0
11.0,Mobile Phone,2,15.0,UPI,Male,3.0,4,Laptop & Accessory,4,Married,4,0,14.0,4.0,5.0,8.0,165.71,27.6183,12.0,0.0,0.6667,0.6667,0
1.0,Mobile Phone,3,15.0,Debit Card,Male,3.0,3,Laptop & Accessory,2,Single,2,0,16.0,1.0,1.0,7.0,152.53,76.265,9.0,0.0,3.5,0.5,0
10.0,Mobile Phone,3,9.0,Debit Card,Male,2.0,3,Fashion,1,Single,3,0,12.0,0.0,1.0,3.0,174.28,87.14,6.0,0.0,0.2727,0.0,0
20.0,Computer,3,10.0,Credit Card,Male,3.0,3,Laptop & Accessory,3,Single,4,0,19.0,0.0,1.0,0.0,129.76,64.88,9.0,0.0,0.0,0.0,0
12.0,Computer,1,15.0,Debit Card,Male,2.0,3,Others,1,Single,3,0,15.0,1.0,1.0,3.0,294.31,147.155,6.0,0.0,0.2308,0.5,0
25.0,Mobile Phone,1,7.0,Debit Card,Male,4.0,4,Mobile Phone,1,Married,3,0,12.0,2.0,2.0,1.0,152.23,50.7433,16.0,0.0,0.0385,0.6667,0
11.0,Computer,2,16.0,UPI,Male,3.0,3,Laptop & Accessory,3,Married,4,0,11.0,0.0,1.0,2.0,160.77,80.385,9.0,0.0,0.1667,0.0,0
27.0,Mobile Phone,1,11.0,Credit Card,Male,2.0,3,Others,5,Married,5,0,15.0,1.0,1.0,2.0,294.06,147.03,6.0,0.0,0.0714,0.5,0
1.0,Computer,1,16.0,Credit Card,Male,3.0,4,Mobile Phone,4,Married,8,0,19.0,1.0,3.0,3.0,145.24,36.31,12.0,0.0,1.5,0.25,0
9.0,Mobile Phone,1,12.0,Cash on Delivery,Male,4.0,4,Fashion,4,Single,2,0,14.0,2.0,2.0,14.0,205.95,68.65,16.0,0.0,1.4,0.6667,0
1.0,Mobile Phone,1,19.0,UPI,Male,4.0,4,Mobile Phone,1,Single,3,0,14.0,2.0,2.0,5.0,151.47,50.49,16.0,0.0,2.5,0.6667,0
14.0,Computer,1,33.0,Credit Card,Female,4.0,5,Laptop & Accessory,2,Divorced,5,1,14.0,2.0,2.0,1.0,169.22,56.4067,20.0,4.0,0.0667,0.6667,0
22.0,Mobile Phone,1,11.0,Debit Card,Male,4.0,5,Fashion,3,Single,9,0,15.0,2.0,2.0,9.0,234.99,78.33,20.0,0.0,0.3913,0.6667,0
31.0,Mobile Phone,1,7.0,Credit Card,Female,4.0,4,Others,5,Divorced,5,1,15.0,2.0,2.0,6.0,322.01,107.3367,16.0,1.0,0.1875,0.6667,0
16.0,Computer,1,33.0,Debit Card,Female,2.0,3,Fashion,5,Divorced,9,0,11.0,0.0,1.0,1.0,208.2,104.1,6.0,0.0,0.0588,0.0,0
10.0,Mobile Phone,1,9.0,UPI,Female,4.0,4,Laptop & Accessory,4,Married,6,1,23.0,2.0,2.0,1.0,194.62,64.8733,16.0,2.0,0.0909,0.6667,0
30.0,Computer,1,8.0,Debit Card,Male,3.0,4,Laptop & Accessory,3,Married,3,0,22.0,1.0,2.0,10.0,188.06,62.6867,12.0,0.0,0.3226,0.3333,0
2.0,Mobile Phone,1,7.0,Debit Card,Male,4.0,5,Mobile Phone,3,Married,3,0,15.0,1.0,2.0,1.0,140.63,46.8767,20.0,0.0,0.3333,0.3333,0
25.0,Mobile Phone,1,10.0,Debit Card,Female,1.0,3,Grocery,2,Divorced,3,0,13.0,1.0,1.0,4.0,265.55,132.775,3.0,0.0,0.1538,0.5,0
18.0,Computer,3,15.0,Debit Card,Female,3.0,4,Laptop & Accessory,3,Divorced,2,0,13.0,0.0,4.0,12.0,155.93,31.186,12.0,0.0,0.6316,0.0,0
16.0,Mobile Phone,2,8.0,Debit Card,Male,3.0,3,Mobile Phone,1,Single,1,0,13.0,1.0,1.0,8.0,135.39,67.695,9.0,0.0,0.4706,0.5,0
19.0,Mobile Phone,3,9.0,Cash on Delivery,Male,3.0,6,Laptop & Accessory,3,Single,2,0,14.0,1.0,4.0,2.0,191.32,38.264,18.0,0.0,0.1,0.2,0
7.0,Computer,1,14.0,Credit Card,Male,3.0,3,Mobile Phone,4,Married,2,1,12.0,2.0,2.0,3.0,123.42,41.14,9.0,2.0,0.375,0.6667,1
4.0,Mobile Phone,3,8.0,Debit Card,Male,3.0,3,Laptop & Accessory,1,Single,5,1,13.0,1.0,1.0,5.0,165.82,82.91,9.0,5.0,1.0,0.5,0
7.0,Mobile Phone,1,7.0,UPI,Male,4.0,5,Mobile Phone,5,Single,5,1,12.0,2.0,2.0,3.0,152.99,50.9967,20.0,1.0,0.375,0.6667,0
18.0,Mobile Phone,3,10.0,Debit Card,Female,1.0,3,Laptop & Accessory,5,Married,5,1,11.0,0.0,1.0,3.0,150.06,75.03,3.0,1.0,0.1579,0.0,0
0.0,Mobile Phone,3,14.0,UPI,Female,2.0,3,Laptop & Accessory,3,Married,1,1,22.0,0.0,1.0,4.0,149.07,74.535,6.0,3.0,4.0,0.0,0
15.0,Mobile Phone,1,14.0,Credit Card,Female,3.0,1,Laptop & Accessory,4,Divorced,7,1,16.0,0.0,1.0,0.0,123.72,61.86,3.0,2.0,0.0,0.0,0
5.0,Mobile Phone,3,27.0,E wallet,Female,4.0,4,Mobile Phone,4,Single,3,1,23.0,1.0,2.0,3.0,156.4,52.1333,16.0,2.0,0.5,0.3333,1
17.0,Computer,1,17.0,Debit Card,Female,3.0,5,Laptop & Accessory,3,Married,3,0,12.0,1.0,2.0,1.0,177.57,59.19,15.0,0.0,0.0556,0.3333,0
0.0,Computer,1,14.0,UPI,Male,3.0,1,Mobile Phone,1,Married,1,0,18.0,2.0,7.0,7.0,125.44,15.68,3.0,0.0,7.0,0.25,0
16.0,Mobile Phone,3,11.0,E wallet,Male,3.0,4,Laptop & Accessory,5,Single,9,0,14.0,2.0,2.0,6.0,176.55,58.85,12.0,0.0,0.3529,0.6667,0
11.0,Mobile Phone,1,35.0,Cash on Delivery,Male,2.0,3,Laptop & Accessory,2,Divorced,4,0,18.0,0.0,1.0,7.0,162.61,81.305,6.0,0.0,0.5833,0.0,0
3.0,Mobile Phone,3,26.0,Debit Card,Male,4.0,5,Laptop & Accessory,3,Married,3,0,15.0,2.0,2.0,3.0,211.2,70.4,20.0,0.0,0.75,0.6667,0
11.0,Mobile Phone,3,8.0,E wallet,Female,3.0,5,Laptop & Accessory,1,Married,3,1,20.0,0.0,1.0,3.0,154.05,77.025,15.0,5.0,0.25,0.0,0
13.0,Mobile Phone,1,22.0,Debit Card,Female,2.0,3,Fashion,1,Single,7,1,15.0,1.0,3.0,3.0,179.45,44.8625,6.0,5.0,0.2143,0.25,0
16.0,Mobile Phone,1,31.0,Credit Card,Male,3.0,4,Fashion,5,Divorced,3,1,22.0,5.0,6.0,9.0,199.06,28.4371,12.0,1.0,0.5294,0.7143,0
14.0,Computer,2,10.0,UPI,Male,2.0,5,Laptop & Accessory,4,Married,7,0,19.0,0.0,1.0,2.0,164.3,82.15,10.0,0.0,0.1333,0.0,0
15.0,Mobile Phone,1,14.0,Credit Card,Female,2.0,4,Mobile Phone,5,Married,1,1,11.0,7.0,7.0,8.0,125.93,15.7412,8.0,1.0,0.5,0.875,0
18.0,Mobile Phone,3,17.0,Debit Card,Female,2.0,3,Grocery,1,Married,4,0,13.0,1.0,1.0,1.0,276.5,138.25,6.0,0.0,0.0526,0.5,0
12.0,Mobile Phone,1,12.0,Credit Card,Male,2.0,4,Fashion,5,Married,5,0,15.0,0.0,1.0,7.0,199.91,99.955,8.0,0.0,0.5385,0.0,0
1.0,Computer,1,13.0,Debit Card,Female,4.0,5,Mobile Phone,2,Single,3,1,19.0,2.0,2.0,1.0,154.26,51.42,20.0,4.0,0.5,0.6667,1
7.0,Mobile Phone,1,15.0,Debit Card,Male,3.0,2,Mobile Phone,5,Married,8,0,20.0,7.0,8.0,7.0,156.43,17.3811,6.0,0.0,0.875,0.7778,0
0.0,Mobile Phone,1,8.0,Debit Card,Male,3.0,3,Mobile Phone,3,Single,3,0,11.0,0.0,1.0,0.0,134.85,67.425,9.0,0.0,0.0,0.0,1
8.0,Mobile Phone,1,8.0,Debit Card,Male,2.0,4,Fashion,4,Married,3,0,18.0,6.0,6.0,4.0,202.74,28.9629,8.0,0.0,0.4444,0.8571,0
31.0,Computer,3,35.0,E wallet,Female,4.0,5,Fashion,5,Married,6,0,20.0,4.0,14.0,3.0,227.66,15.1773,20.0,0.0,0.0938,0.2667,0
30.0,Computer,1,6.0,Debit Card,Male,2.0,5,Laptop & Accessory,3,Married,3,1,13.0,1.0,1.0,2.0,156.6,78.3,10.0,3.0,0.0645,0.5,0
9.0,Mobile Phone,1,34.0,Cash on Delivery,Male,3.0,3,Mobile Phone,1,Married,5,0,20.0,1.0,1.0,3.0,121.32,60.66,9.0,0.0,0.3,0.5,0
7.0,Computer,1,14.0,Debit Card,Male,3.0,4,Laptop & Accessory,3,Married,3,0,21.0,3.0,3.0,9.0,184.68,46.17,12.0,0.0,1.125,0.75,0
21.0,Mobile Phone,3,22.0,Debit Card,Female,3.0,3,Laptop & Accessory,3,Married,9,0,14.0,1.0,7.0,7.0,164.39,20.5487,9.0,0.0,0.3182,0.125,0
10.0,Mobile Phone,1,16.0,Debit Card,Female,3.0,3,Mobile Phone,5,Married,1,1,13.0,4.0,4.0,3.0,127.82,25.564,9.0,1.0,0.2727,0.8,0
8.0,Mobile Phone,3,24.0,Credit Card,Female,2.0,3,Laptop & Accessory,3,Divorced,2,0,16.0,1.0,1.0,0.0,146.01,73.005,6.0,0.0,0.0,0.5,0
6.0,Mobile Phone,1,13.0,Credit Card,Male,2.0,3,Fashion,3,Divorced,1,0,11.0,0.0,3.0,3.0,216.91000000000005,54.2275,6.0,0.0,0.4286,0.0,0
10.0,Mobile Phone,2,14.0,UPI,Male,2.0,3,Laptop & Accessory,4,Married,3,0,13.0,3.0,4.0,7.0,140.71,28.142,6.0,0.0,0.6364,0.6,0
9.0,Mobile Phone,2,26.0,Credit Card,Female,3.0,3,Mobile Phone,4,Married,1,1,11.0,0.0,1.0,4.0,121.48,60.74,9.0,2.0,0.4,0.0,1
26.0,Mobile Phone,1,7.0,Debit Card,Male,4.0,4,Grocery,2,Divorced,4,0,15.0,8.0,8.0,9.0,295.99,32.8878,16.0,0.0,0.3333,0.8889,0
23.0,Computer,1,17.0,Debit Card,Female,3.0,4,Others,5,Single,11,1,15.0,1.0,2.0,3.0,311.65,103.8833,12.0,1.0,0.125,0.3333,0
3.0,Mobile Phone,2,24.0,UPI,Male,3.0,5,Fashion,5,Single,3,0,14.0,1.0,2.0,10.0,204.88,68.2933,15.0,0.0,2.5,0.3333,0
5.0,Computer,1,6.0,Debit Card,Male,3.0,3,Mobile Phone,2,Married,1,0,12.0,0.0,1.0,2.0,123.14,61.57,9.0,0.0,0.3333,0.0,0
0.0,Mobile Phone,3,9.0,Debit Card,Female,3.0,3,Laptop & Accessory,3,Single,10,0,14.0,1.0,2.0,0.0,145.77,48.59,9.0,0.0,0.0,0.3333,1
4.0,Mobile Phone,1,18.0,Credit Card,Female,2.0,3,Laptop & Accessory,2,Divorced,1,1,11.0,0.0,8.0,5.0,158.55,17.6167,6.0,4.0,1.0,0.0,0
1.0,Computer,1,16.0,Debit Card,Male,3.0,5,Mobile Phone,4,Married,3,0,12.0,1.0,2.0,1.0,151.94,50.6467,15.0,0.0,0.5,0.3333,0
2.0,Mobile Phone,1,7.0,Cash on Delivery,Male,3.0,4,Mobile Phone,5,Single,4,0,12.0,1.0,2.0,3.0,145.8,48.6,12.0,0.0,1.0,0.3333,0
9.0,Mobile Phone,1,32.0,UPI,Male,3.0,5,Laptop & Accessory,1,Single,6,0,15.0,2.0,2.0,3.0,161.81,53.9367,15.0,0.0,0.3,0.6667,0
7.0,Computer,3,16.0,Debit Card,Male,2.0,3,Laptop & Accessory,3,Married,2,1,14.0,1.0,1.0,7.0,140.01,70.005,6.0,3.0,0.875,0.5,0
24.0,Mobile Phone,1,8.0,Credit Card,Male,2.0,5,Laptop & Accessory,4,Married,6,0,18.0,0.0,1.0,2.0,154.82,77.41,10.0,0.0,0.08,0.0,0
7.0,Mobile Phone,3,15.0,Debit Card,Male,3.0,4,Laptop & Accessory,5,Married,4,0,14.0,3.0,3.0,3.0,188.92,47.23,12.0,0.0,0.375,0.75,0
20.0,Mobile Phone,1,7.0,Credit Card,Male,3.0,4,Others,2,Married,11,0,15.0,2.0,3.0,3.0,321.27,80.3175,12.0,0.0,0.1429,0.5,0
0.0,Mobile Phone,1,31.0,Debit Card,Female,3.0,1,Mobile Phone,2,Single,2,1,12.0,1.0,1.0,1.0,129.94,64.97,3.0,4.0,1.0,0.5,0
9.0,Computer,1,9.0,Credit Card,Male,4.0,5,Mobile Phone,1,Single,2,1,15.0,2.0,2.0,5.0,174.3,58.1,20.0,5.0,0.5,0.6667,0
11.0,Mobile Phone,1,18.0,Credit Card,Female,4.0,4,Mobile Phone,3,Single,6,0,19.0,1.0,2.0,3.0,161.29,53.7633,16.0,0.0,0.25,0.3333,0
22.0,Mobile Phone,1,10.0,Credit Card,Male,2.0,4,Others,3,Married,3,0,13.0,1.0,1.0,0.0,287.11,143.555,8.0,0.0,0.0,0.5,0
12.0,Mobile Phone,1,17.0,Credit Card,Female,3.0,6,Fashion,3,Married,5,0,13.0,2.0,2.0,12.0,257.06,85.6867,18.0,0.0,0.9231,0.6667,0
10.0,Mobile Phone,3,8.0,E wallet,Male,3.0,3,Laptop & Accessory,3,Married,5,1,11.0,0.0,1.0,0.0,196.02,98.01,9.0,3.0,0.0,0.0,0
2.0,Computer,1,6.0,Debit Card,Male,3.0,5,Mobile Phone,2,Married,2,0,18.0,2.0,2.0,8.0,127.2,42.4,15.0,0.0,2.6667,0.6667,0
11.0,Computer,3,8.0,Debit Card,Male,2.0,4,Laptop & Accessory,2,Divorced,4,0,18.0,6.0,7.0,5.0,152.49,19.0612,8.0,0.0,0.4167,0.75,0
26.0,Mobile Phone,1,13.0,Cash on Delivery,Male,4.0,4,Laptop & Accessory,5,Married,5,1,13.0,3.0,7.0,10.0,180.77,22.5962,16.0,1.0,0.3704,0.375,0
0.0,Computer,1,14.0,Debit Card,Female,2.0,4,Mobile Phone,3,Single,2,0,20.0,2.0,2.0,2.0,126.25,42.0833,8.0,0.0,2.0,0.6667,1
4.0,Mobile Phone,1,7.0,Debit Card,Male,3.0,5,Laptop & Accessory,1,Married,3,1,13.0,2.0,4.0,1.0,176.26,35.252,15.0,5.0,0.2,0.4,0
31.0,Mobile Phone,1,14.0,Debit Card,Female,3.0,4,Others,5,Married,7,0,15.0,2.0,12.0,11.0,320.66,24.6662,12.0,0.0,0.3438,0.1538,0
16.0,Mobile Phone,1,14.0,Credit Card,Female,4.0,2,Laptop & Accessory,4,Divorced,8,1,17.0,1.0,2.0,1.0,148.72,49.5733,8.0,2.0,0.0588,0.3333,0
30.0,Mobile Phone,3,22.0,E wallet,Male,2.0,3,Laptop & Accessory,5,Single,9,0,14.0,1.0,2.0,2.0,154.05,51.35,6.0,0.0,0.0645,0.3333,0
9.0,Computer,3,7.0,Debit Card,Female,2.0,3,Mobile Phone,4,Single,2,1,11.0,2.0,2.0,2.0,123.02,41.0067,6.0,2.0,0.2,0.6667,1
5.0,Mobile Phone,1,7.0,Credit Card,Male,3.0,4,Mobile Phone,4,Single,3,0,18.0,2.0,2.0,1.0,150.01,50.0033,12.0,0.0,0.1667,0.6667,0
0.0,Mobile Phone,1,9.0,Credit Card,Male,2.0,1,Mobile Phone,1,Married,2,0,22.0,1.0,1.0,7.0,144.2,72.1,2.0,0.0,7.0,0.5,0
3.0,Mobile Phone,1,26.0,Cash on Delivery,Male,3.0,4,Laptop & Accessory,2,Married,6,0,13.0,1.0,2.0,3.0,167.62,55.8733,12.0,0.0,0.75,0.3333,0
5.0,Computer,1,12.0,Credit Card,Male,4.0,4,Laptop & Accessory,5,Single,2,0,20.0,1.0,2.0,3.0,224.36,74.7867,16.0,0.0,0.5,0.3333,0
23.0,Mobile Phone,1,12.0,Cash on Delivery,Male,4.0,4,Laptop & Accessory,3,Married,4,0,15.0,1.0,2.0,3.0,191.51,63.8367,16.0,0.0,0.125,0.3333,0
1.0,Mobile Phone,1,28.0,Cash on Delivery,Male,3.0,5,Mobile Phone,5,Married,2,0,15.0,1.0,2.0,1.0,147.96,49.32,15.0,0.0,0.5,0.3333,0
0.0,Computer,3,17.0,UPI,Male,2.0,1,Laptop & Accessory,3,Married,9,0,12.0,1.0,1.0,2.0,147.07,73.535,2.0,0.0,2.0,0.5,1
2.0,Computer,3,11.0,Credit Card,Male,3.0,4,Laptop & Accessory,3,Married,3,0,16.0,1.0,2.0,5.0,167.21,55.7367,12.0,0.0,1.6667,0.3333,0
14.0,Computer,3,35.0,UPI,Male,3.0,6,Fashion,5,Married,5,0,16.0,1.0,2.0,2.0,234.32,78.1067,18.0,0.0,0.1333,0.3333,0
8.0,Mobile Phone,1,22.0,Debit Card,Male,3.0,3,Fashion,3,Married,5,1,12.0,0.0,1.0,0.0,176.32,88.16,9.0,3.0,0.0,0.0,0
6.0,Computer,1,9.0,Debit Card,Female,3.0,3,Mobile Phone,3,Married,2,1,11.0,2.0,3.0,0.0,129.09,32.2725,9.0,3.0,0.0,0.5,0
12.0,Mobile Phone,1,13.0,UPI,Female,3.0,5,Mobile Phone,3,Married,3,0,12.0,1.0,2.0,5.0,162.02,54.0067,15.0,0.0,0.3846,0.3333,0
13.0,Computer,1,6.0,Debit Card,Male,3.0,4,Grocery,4,Married,2,0,22.0,5.0,2.0,11.0,235.03,78.3433,12.0,0.0,0.7857,1.6667,0
5.0,Mobile Phone,1,11.0,Debit Card,Female,3.0,4,Laptop & Accessory,4,Married,4,0,12.0,1.0,2.0,5.0,158.78,52.9267,12.0,0.0,0.8333,0.3333,0
0.0,Computer,3,19.0,Cash on Delivery,Female,2.0,3,Laptop & Accessory,4,Single,6,0,11.0,1.0,1.0,0.0,157.65,78.825,6.0,0.0,0.0,0.5,1
15.0,Mobile Phone,3,18.0,E wallet,Male,3.0,3,Laptop & Accessory,1,Married,4,1,12.0,1.0,1.0,0.0,150.87,75.435,9.0,5.0,0.0,0.5,0
5.0,Computer,3,16.0,E wallet,Male,3.0,3,Laptop & Accessory,1,Single,9,0,13.0,1.0,1.0,0.0,146.48,73.24,9.0,0.0,0.0,0.5,0
0.0,Computer,3,8.0,Debit Card,Female,3.0,4,Mobile Phone,1,Single,8,0,14.0,0.0,1.0,0.0,127.85,63.925,12.0,0.0,0.0,0.0,1
19.0,Mobile Phone,1,8.0,Debit Card,Male,2.0,3,Grocery,3,Married,7,0,13.0,1.0,1.0,1.0,278.61,139.305,6.0,0.0,0.05,0.5,0
14.0,Mobile Phone,1,7.0,Debit Card,Female,3.0,4,Laptop & Accessory,1,Married,6,0,18.0,1.0,2.0,4.0,190.13,63.3767,12.0,0.0,0.2667,0.3333,0
16.0,Mobile Phone,3,10.0,E wallet,Female,2.0,4,Fashion,2,Single,4,0,14.0,10.0,15.0,17.0,202.31,12.6444,8.0,0.0,1.0,0.625,0
17.0,Mobile Phone,1,19.0,Debit Card,Male,3.0,5,Grocery,4,Married,3,0,12.0,1.0,4.0,10.0,268.36,53.672,15.0,0.0,0.5556,0.2,0
0.0,Computer,3,14.0,Credit Card,Male,2.0,3,Mobile Phone,1,Single,2,0,24.0,2.0,2.0,2.0,126.1,42.0333,6.0,0.0,2.0,0.6667,0
10.0,Computer,3,7.0,Credit Card,Female,3.0,4,Laptop & Accessory,1,Single,6,0,16.0,2.0,2.0,1.0,191.53,63.8433,12.0,0.0,0.0909,0.6667,0
26.0,Mobile Phone,3,13.0,E wallet,Female,3.0,4,Fashion,2,Divorced,8,1,18.0,0.0,1.0,3.0,209.34,104.67,12.0,4.0,0.1111,0.0,0
0.0,Mobile Phone,1,15.0,Credit Card,Male,3.0,1,Mobile Phone,3,Married,2,0,16.0,0.0,1.0,4.0,144.01,72.005,3.0,0.0,4.0,0.0,0
2.0,Mobile Phone,1,36.0,Debit Card,Male,4.0,6,Laptop & Accessory,4,Married,3,0,15.0,1.0,2.0,8.0,190.49,63.4967,24.0,0.0,2.6667,0.3333,0
10.0,Mobile Phone,1,11.0,Credit Card,Male,3.0,3,Laptop & Accessory,2,Married,8,0,16.0,0.0,1.0,4.0,163.47,81.735,9.0,0.0,0.3636,0.0,0
1.0,Mobile Phone,3,9.0,Credit Card,Female,3.0,3,Mobile Phone,4,Married,2,0,19.0,1.0,1.0,0.0,128.56,64.28,9.0,0.0,0.0,0.5,0
9.0,Mobile Phone,1,15.0,Debit Card,Female,3.0,3,Mobile Phone,1,Single,2,0,12.0,1.0,2.0,1.0,122.88,40.96,9.0,0.0,0.1,0.3333,0
3.0,Mobile Phone,3,12.0,Cash on Delivery,Male,3.0,4,Laptop & Accessory,1,Married,5,0,15.0,1.0,2.0,1.0,145.86,48.62,12.0,0.0,0.25,0.3333,1
0.0,Mobile Phone,1,14.0,Credit Card,Female,2.0,1,Mobile Phone,3,Married,8,0,17.0,0.0,1.0,2.0,135.17,67.585,2.0,0.0,2.0,0.0,0
16.0,Computer,1,17.0,Cash on Delivery,Male,3.0,4,Mobile Phone,3,Married,5,0,23.0,2.0,4.0,4.0,154.36,30.872,12.0,0.0,0.2353,0.4,0
1.0,Computer,1,15.0,Credit Card,Male,4.0,4,Mobile Phone,3,Single,3,0,13.0,2.0,2.0,1.0,144.04,48.0133,16.0,0.0,0.5,0.6667,1
7.0,Mobile Phone,3,17.0,E wallet,Male,3.0,2,Fashion,3,Married,2,1,15.0,2.0,2.0,9.0,208.8,69.6,6.0,3.0,1.125,0.6667,0
19.0,Mobile Phone,1,27.0,Credit Card,Male,4.0,4,Grocery,1,Married,2,1,15.0,3.0,2.0,11.0,259.96,86.6533,16.0,5.0,0.55,1.0,0
11.0,Computer,3,28.0,Credit Card,Female,3.0,4,Mobile Phone,1,Married,7,0,16.0,2.0,2.0,1.0,154.73,51.5767,12.0,0.0,0.0833,0.6667,0
11.0,Mobile Phone,3,13.0,E wallet,Female,2.0,4,Laptop & Accessory,1,Single,1,0,20.0,1.0,1.0,5.0,140.28,70.14,8.0,0.0,0.4167,0.5,0
9.0,Mobile Phone,3,16.0,Debit Card,Female,3.0,3,Fashion,4,Married,6,0,21.0,0.0,1.0,7.0,173.14,86.57,9.0,0.0,0.7,0.0,1
1.0,Mobile Phone,1,18.0,Credit Card,Female,3.0,4,Mobile Phone,4,Married,3,0,14.0,2.0,2.0,3.0,147.44,49.1467,12.0,0.0,1.5,0.6667,0
0.0,Computer,1,14.0,Credit Card,Female,2.0,3,Mobile Phone,4,Single,1,0,17.0,0.0,1.0,2.0,124.22,62.11,6.0,0.0,2.0,0.0,1
17.0,Mobile Phone,3,9.0,Credit Card,Male,4.0,4,Laptop & Accessory,1,Married,3,1,18.0,4.0,9.0,9.0,203.47,20.347,16.0,5.0,0.5,0.4,0
15.0,Mobile Phone,3,10.0,E wallet,Male,2.0,3,Laptop & Accessory,5,Single,8,0,13.0,1.0,1.0,5.0,151.55,75.775,6.0,0.0,0.3125,0.5,0
9.0,Mobile Phone,1,26.0,Credit Card,Male,2.0,3,Mobile Phone,3,Divorced,5,0,17.0,0.0,1.0,0.0,122.59,61.295,6.0,0.0,0.0,0.0,0
5.0,Mobile Phone,1,8.0,Credit Card,Female,3.0,1,Laptop & Accessory,1,Single,8,0,16.0,0.0,1.0,7.0,150.55,75.275,3.0,0.0,1.1667,0.0,0
12.0,Mobile Phone,2,8.0,Debit Card,Female,2.0,4,Laptop & Accessory,2,Divorced,9,0,11.0,0.0,1.0,4.0,152.04,76.02,8.0,0.0,0.3077,0.0,0
20.0,Mobile Phone,1,14.0,Cash on Delivery,Male,4.0,4,Mobile Phone,3,Married,10,0,12.0,7.0,10.0,9.0,148.39,13.49,16.0,0.0,0.4286,0.6364,1
4.0,Mobile Phone,3,34.0,E wallet,Male,3.0,4,Laptop & Accessory,2,Married,9,0,24.0,5.0,8.0,8.0,178.04,19.7822,12.0,0.0,1.6,0.5556,0
18.0,Mobile Phone,2,8.0,Debit Card,Female,3.0,4,Mobile Phone,1,Married,6,1,19.0,3.0,3.0,3.0,156.95,39.2375,12.0,5.0,0.1579,0.75,0
23.0,Mobile Phone,1,14.0,UPI,Male,3.0,5,Fashion,3,Single,10,0,25.0,2.0,2.0,1.0,170.0,56.6667,15.0,0.0,0.0417,0.6667,0
3.0,Mobile Phone,1,22.0,Debit Card,Female,3.0,5,Laptop & Accessory,3,Single,2,1,13.0,2.0,2.0,9.0,166.93,55.6433,15.0,3.0,2.25,0.6667,0
14.0,Computer,3,16.0,Debit Card,Male,2.0,3,Laptop & Accessory,2,Single,8,0,14.0,0.0,1.0,10.0,162.3,81.15,6.0,0.0,0.6667,0.0,0
7.0,Mobile Phone,1,9.0,Debit Card,Male,3.0,4,Mobile Phone,1,Single,2,0,15.0,2.0,2.0,3.0,150.0,50.0,12.0,0.0,0.375,0.6667,0
5.0,Mobile Phone,3,12.0,Cash on Delivery,Male,3.0,4,Laptop & Accessory,3,Married,3,0,20.0,2.0,2.0,3.0,208.46,69.4867,12.0,0.0,0.5,0.6667,0
1.0,Mobile Phone,3,15.0,Debit Card,Male,3.0,3,Laptop & Accessory,1,Single,2,0,16.0,1.0,1.0,7.0,152.53,76.265,9.0,0.0,3.5,0.5,0
1.0,Mobile Phone,1,7.0,Credit Card,Male,4.0,4,Mobile Phone,2,Divorced,4,1,17.0,3.0,3.0,1.0,147.93,36.9825,16.0,4.0,0.5,0.75,1
7.0,Computer,3,14.0,Debit Card,Female,2.0,4,Laptop & Accessory,4,Divorced,2,0,18.0,2.0,2.0,3.0,168.02,56.0067,8.0,0.0,0.375,0.6667,0
10.0,Computer,3,10.0,E wallet,Male,2.0,3,Mobile Phone,2,Married,5,0,17.0,1.0,5.0,8.0,0.0,0.0,6.0,0.0,0.7273,0.1667,0
21.0,Mobile Phone,1,14.0,UPI,Female,3.0,3,Mobile Phone,5,Married,9,0,12.0,7.0,7.0,6.0,123.67,15.4588,9.0,0.0,0.2727,0.875,0
3.0,Mobile Phone,3,13.0,E wallet,Male,3.0,3,Mobile Phone,4,Single,1,0,14.0,1.0,1.0,2.0,129.83,64.915,9.0,0.0,0.5,0.5,0
1.0,Mobile Phone,3,16.0,E wallet,Male,3.0,4,Laptop & Accessory,1,Single,3,0,15.0,1.0,2.0,8.0,166.05,55.35,12.0,0.0,4.0,0.3333,0
18.0,Mobile Phone,1,16.0,Debit Card,Male,4.0,4,Mobile Phone,5,Married,3,1,14.0,6.0,8.0,2.0,150.59,16.7322,16.0,1.0,0.1053,0.6667,0
13.0,Mobile Phone,1,22.0,Debit Card,Female,2.0,3,Fashion,1,Single,7,1,15.0,3.0,3.0,3.0,179.45,44.8625,6.0,5.0,0.2143,0.75,0
1.0,Computer,3,20.0,Cash on Delivery,Female,3.0,4,Laptop & Accessory,4,Single,7,0,12.0,1.0,2.0,1.0,182.65,60.8833,12.0,0.0,0.5,0.3333,1
11.0,Mobile Phone,1,8.0,Credit Card,Female,2.0,4,Fashion,3,Married,4,1,19.0,0.0,1.0,2.0,177.56,88.78,8.0,3.0,0.1667,0.0,0
24.0,Mobile Phone,1,9.0,Credit Card,Female,3.0,3,Grocery,4,Single,4,0,18.0,1.0,2.0,0.0,237.34,79.1133,9.0,0.0,0.0,0.3333,0
0.0,Mobile Phone,1,6.0,Debit Card,Male,3.0,4,Mobile Phone,3,Single,1,1,14.0,1.0,1.0,2.0,137.3,68.65,12.0,3.0,2.0,0.5,1
17.0,Mobile Phone,1,13.0,Credit Card,Female,4.0,5,Laptop & Accessory,3,Single,3,1,15.0,1.0,2.0,9.0,165.81,55.27,20.0,3.0,0.5,0.3333,0
3.0,Mobile Phone,3,26.0,Debit Card,Male,4.0,5,Laptop & Accessory,3,Married,3,0,15.0,2.0,2.0,3.0,211.2,70.4,20.0,0.0,0.75,0.6667,0
15.0,Computer,1,14.0,Credit Card,Male,2.0,3,Mobile Phone,2,Single,6,1,14.0,0.0,2.0,2.0,125.15,41.7167,6.0,4.0,0.125,0.0,0
1.0,Mobile Phone,3,20.0,E wallet,Female,3.0,4,Laptop & Accessory,3,Single,5,1,12.0,3.0,3.0,3.0,223.54,55.885,12.0,3.0,1.5,0.75,1
29.0,Mobile Phone,3,25.0,Debit Card,Female,3.0,4,Grocery,4,Single,5,0,15.0,1.0,8.0,8.0,293.35,32.5944,12.0,0.0,0.2667,0.1111,0
27.0,Mobile Phone,1,13.0,Credit Card,Female,3.0,3,Laptop & Accessory,1,Married,5,0,15.0,1.0,1.0,7.0,168.54,84.27,9.0,0.0,0.25,0.5,0
14.0,Computer,3,15.0,Cash on Delivery,Male,3.0,4,Laptop & Accessory,3,Divorced,5,1,15.0,2.0,2.0,4.0,192.96,64.32,12.0,3.0,0.2667,0.6667,1
12.0,Mobile Phone,1,13.0,UPI,Female,3.0,5,Mobile Phone,3,Married,3,0,12.0,2.0,2.0,5.0,162.02,54.0067,15.0,0.0,0.3846,0.6667,0
1.0,Mobile Phone,3,16.0,E wallet,Male,3.0,4,Laptop & Accessory,1,Single,3,0,15.0,2.0,2.0,8.0,166.05,55.35,12.0,0.0,4.0,0.6667,0
3.0,Mobile Phone,1,14.0,Debit Card,Female,3.0,3,Mobile Phone,3,Single,2,0,14.0,1.0,1.0,4.0,126.32,63.16,9.0,0.0,1.0,0.5,0
19.0,Mobile Phone,3,8.0,E wallet,Female,2.0,3,Others,5,Single,4,0,12.0,1.0,2.0,1.0,289.47,96.49,6.0,0.0,0.05,0.3333,0
15.0,Computer,1,35.0,Debit Card,Female,3.0,3,Laptop & Accessory,3,Married,3,0,11.0,1.0,1.0,2.0,145.56,72.78,9.0,0.0,0.125,0.5,0
8.0,Mobile Phone,3,28.0,Debit Card,Male,4.0,2,Laptop & Accessory,1,Single,3,0,13.0,1.0,6.0,8.0,178.37,25.4814,8.0,0.0,0.8889,0.1429,0
9.0,Computer,3,33.0,Debit Card,Female,4.0,4,Laptop & Accessory,5,Married,4,0,15.0,1.0,2.0,1.0,167.86,55.9533,16.0,0.0,0.1,0.3333,1
1.0,Mobile Phone,1,15.0,Credit Card,Male,4.0,5,Mobile Phone,3,Single,3,1,12.0,2.0,2.0,3.0,164.89,54.9633,20.0,3.0,1.5,0.6667,1
12.0,Mobile Phone,3,17.0,E wallet,Male,4.0,5,Fashion,3,Married,2,1,15.0,3.0,3.0,3.0,212.4,53.1,20.0,3.0,0.2308,0.75,0
31.0,Mobile Phone,3,36.0,E wallet,Male,3.0,5,Grocery,1,Married,5,0,13.0,1.0,2.0,1.0,266.18,88.7267,15.0,0.0,0.0312,0.3333,0
11.0,Mobile Phone,1,11.0,Debit Card,Male,3.0,4,Mobile Phone,3,Married,9,1,16.0,2.0,2.0,4.0,154.96,51.6533,12.0,3.0,0.3333,0.6667,0
9.0,Computer,3,14.0,Debit Card,Male,3.0,4,Fashion,5,Single,2,0,15.0,0.0,1.0,9.0,175.87,87.935,12.0,0.0,0.9,0.0,0
2.0,Mobile Phone,3,16.0,E wallet,Female,2.0,4,Laptop & Accessory,4,Married,2,1,14.0,0.0,1.0,7.0,182.68,91.34,8.0,2.0,2.3333,0.0,0
0.0,Mobile Phone,3,6.0,Credit Card,Female,3.0,4,Mobile Phone,3,Married,7,1,19.0,1.0,1.0,2.0,128.0,64.0,12.0,3.0,2.0,0.5,1
30.0,Mobile Phone,1,6.0,Credit Card,Male,2.0,3,Laptop & Accessory,3,Divorced,3,0,11.0,1.0,1.0,2.0,167.55,83.775,6.0,0.0,0.0645,0.5,0
7.0,Mobile Phone,1,14.0,Credit Card,Male,2.0,1,Laptop & Accessory,3,Married,3,0,12.0,1.0,1.0,2.0,144.04,72.02,2.0,0.0,0.25,0.5,0
9.0,Mobile Phone,1,27.0,Credit Card,Female,3.0,3,Laptop & Accessory,4,Married,5,0,22.0,1.0,3.0,7.0,189.26,47.315,9.0,0.0,0.7,0.25,1
1.0,Mobile Phone,3,11.0,Debit Card,Female,3.0,5,Laptop & Accessory,2,Single,3,1,12.0,1.0,2.0,4.0,169.87,56.6233,15.0,4.0,2.0,0.3333,0
1.0,Mobile Phone,1,22.0,UPI,Male,3.0,4,Laptop & Accessory,3,Married,9,0,15.0,1.0,2.0,1.0,173.34,57.78,12.0,0.0,0.5,0.3333,1
22.0,Mobile Phone,1,27.0,Credit Card,Male,3.0,4,Mobile Phone,3,Divorced,6,0,18.0,1.0,2.0,1.0,147.59,49.1967,12.0,0.0,0.0435,0.3333,0
3.0,Mobile Phone,3,13.0,E wallet,Female,3.0,3,Laptop & Accessory,5,Married,8,0,14.0,1.0,1.0,2.0,147.79,73.895,9.0,0.0,0.5,0.5,0
1.0,Mobile Phone,2,25.0,UPI,Male,3.0,2,Mobile Phone,5,Married,2,0,18.0,2.0,2.0,1.0,154.56,51.52,6.0,0.0,0.5,0.6667,1
9.0,Mobile Phone,1,14.0,UPI,Male,3.0,4,Fashion,3,Single,5,0,22.0,1.0,2.0,3.0,227.21,75.7367,12.0,0.0,0.3,0.3333,0
19.0,Mobile Phone,2,11.0,Debit Card,Female,3.0,6,Fashion,3,Married,6,0,22.0,2.0,2.0,3.0,222.56,74.1867,18.0,0.0,0.15,0.6667,0
6.0,Computer,3,19.0,Debit Card,Male,3.0,4,Grocery,5,Single,2,1,13.0,1.0,14.0,15.0,262.58,17.5053,12.0,1.0,2.1429,0.0667,1
6.0,Mobile Phone,3,8.0,E wallet,Female,3.0,4,Fashion,1,Married,3,0,20.0,1.0,6.0,3.0,229.22,32.7457,12.0,0.0,0.4286,0.1429,0
0.0,Mobile Phone,1,35.0,Credit Card,Male,3.0,3,Mobile Phone,5,Married,2,0,13.0,1.0,1.0,2.0,139.07,69.535,9.0,0.0,2.0,0.5,0
1.0,Mobile Phone,1,17.0,Credit Card,Male,3.0,4,Laptop & Accessory,5,Single,3,0,16.0,1.0,2.0,9.0,167.13,55.71,12.0,0.0,4.5,0.3333,1
6.0,Mobile Phone,1,6.0,Debit Card,Female,2.0,4,Laptop & Accessory,2,Single,1,0,14.0,0.0,1.0,4.0,169.49,84.745,8.0,0.0,0.5714,0.0,0
9.0,Mobile Phone,1,27.0,Credit Card,Male,3.0,1,Mobile Phone,4,Married,2,0,18.0,2.0,2.0,13.0,120.28,40.0933,3.0,0.0,1.3,0.6667,0
11.0,Mobile Phone,1,7.0,Debit Card,Female,3.0,5,Laptop & Accessory,2,Divorced,3,0,14.0,4.0,4.0,12.0,189.74,37.948,15.0,0.0,1.0,0.8,0
11.0,Mobile Phone,1,10.0,Credit Card,Female,2.0,3,Mobile Phone,3,Married,8,0,19.0,0.0,1.0,0.0,133.06,66.53,6.0,0.0,0.0,0.0,0
8.0,Computer,3,17.0,E wallet,Male,2.0,3,Laptop & Accessory,1,Married,2,0,11.0,1.0,1.0,2.0,149.68,74.84,6.0,0.0,0.2222,0.5,0
1.0,Mobile Phone,2,13.0,UPI,Male,4.0,4,Mobile Phone,5,Married,6,1,23.0,1.0,2.0,3.0,145.73,48.5767,16.0,1.0,1.5,0.3333,1
23.0,Computer,1,9.0,Debit Card,Male,3.0,4,Others,1,Married,5,0,15.0,3.0,5.0,4.0,316.61,52.7683,12.0,0.0,0.1667,0.5,0
28.0,Mobile Phone,3,9.0,Debit Card,Female,3.0,5,Fashion,3,Divorced,8,0,12.0,7.0,2.0,1.0,231.86,77.2867,15.0,0.0,0.0345,2.3333,0
13.0,Computer,1,9.0,Cash on Delivery,Female,4.0,4,Fashion,3,Single,2,0,26.0,7.0,2.0,9.0,234.38,78.1267,16.0,0.0,0.6429,2.3333,0
0.0,Computer,3,24.0,E wallet,Female,3.0,3,Laptop & Accessory,3,Married,1,1,18.0,0.0,3.0,2.0,146.14,36.535,9.0,3.0,2.0,0.0,1
1.0,Mobile Phone,1,6.0,Credit Card,Female,3.0,3,Mobile Phone,5,Married,2,0,25.0,1.0,1.0,2.0,135.91,67.955,9.0,0.0,1.0,0.5,0
14.0,Computer,1,16.0,Credit Card,Female,3.0,4,Fashion,3,Single,11,0,18.0,2.0,2.0,14.0,259.99,86.6633,12.0,0.0,0.9333,0.6667,0
11.0,Mobile Phone,1,14.0,Credit Card,Male,4.0,4,Laptop & Accessory,5,Married,7,1,23.0,1.0,2.0,5.0,167.84,55.9467,16.0,1.0,0.4167,0.3333,0
6.0,Computer,1,12.0,Cash on Delivery,Male,4.0,4,Mobile Phone,4,Single,4,0,15.0,2.0,2.0,8.0,152.18,50.7267,16.0,0.0,1.1429,0.6667,0
11.0,Mobile Phone,1,28.0,Debit Card,Male,4.0,2,Mobile Phone,5,Married,3,1,13.0,2.0,2.0,8.0,160.64,53.5467,8.0,1.0,0.6667,0.6667,0
9.0,Mobile Phone,1,30.0,Credit Card,Female,2.0,4,Mobile Phone,5,Married,5,1,16.0,1.0,3.0,3.0,165.14,41.285,8.0,1.0,0.3,0.25,0
12.0,Computer,3,14.0,Credit Card,Female,4.0,4,Mobile Phone,3,Married,4,1,12.0,5.0,8.0,8.0,151.55,16.8389,16.0,3.0,0.6154,0.5556,1
14.0,Mobile Phone,1,9.0,Credit Card,Male,4.0,4,Mobile Phone,3,Married,4,0,15.0,1.0,2.0,3.0,148.45,49.4833,16.0,0.0,0.2,0.3333,0
24.0,Mobile Phone,2,11.0,Debit Card,Male,2.0,3,Grocery,4,Married,2,1,11.0,0.0,2.0,10.0,240.26,80.0867,6.0,2.0,0.4,0.0,0
22.0,Mobile Phone,1,7.0,Debit Card,Female,3.0,5,Grocery,5,Divorced,9,0,12.0,1.0,2.0,3.0,279.02,93.0067,15.0,0.0,0.1304,0.3333,0
5.0,Computer,1,7.0,Cash on Delivery,Male,3.0,3,Laptop & Accessory,5,Married,5,0,14.0,0.0,1.0,2.0,140.87,70.435,9.0,0.0,0.3333,0.0,0
1.0,Computer,2,17.0,Credit Card,Male,3.0,4,Mobile Phone,1,Married,2,0,15.0,2.0,3.0,2.0,146.45,36.6125,12.0,0.0,1.0,0.5,0
9.0,Computer,1,11.0,UPI,Male,3.0,3,Mobile Phone,3,Divorced,5,0,17.0,2.0,2.0,0.0,120.93,40.31,9.0,0.0,0.0,0.6667,0
18.0,Mobile Phone,3,15.0,E wallet,Male,3.0,3,Fashion,5,Married,5,1,12.0,1.0,1.0,2.0,207.61,103.805,9.0,1.0,0.1053,0.5,0
2.0,Mobile Phone,1,21.0,Debit Card,Female,2.0,4,Laptop & Accessory,3,Single,1,1,12.0,1.0,1.0,8.0,141.93,70.965,8.0,3.0,2.6667,0.5,0
19.0,Mobile Phone,1,14.0,Debit Card,Female,3.0,4,Laptop & Accessory,5,Married,9,1,23.0,1.0,1.0,7.0,146.15,73.075,12.0,1.0,0.35,0.5,0
8.0,Mobile Phone,1,31.0,Credit Card,Female,2.0,3,Fashion,3,Married,2,1,11.0,2.0,10.0,1.0,203.88,18.5345,6.0,3.0,0.1111,0.1818,0
1.0,Mobile Phone,3,16.0,E wallet,Female,3.0,6,Mobile Phone,4,Single,3,0,14.0,3.0,3.0,3.0,152.6,38.15,18.0,0.0,1.5,0.75,1
13.0,Mobile Phone,1,7.0,Credit Card,Female,4.0,4,Mobile Phone,3,Married,9,0,15.0,2.0,2.0,3.0,147.32,49.1067,16.0,0.0,0.2143,0.6667,0
1.0,Mobile Phone,1,14.0,Credit Card,Female,3.0,5,Laptop & Accessory,5,Single,10,0,20.0,2.0,2.0,8.0,193.11,64.37,15.0,0.0,4.0,0.6667,0
0.0,Computer,3,30.0,Cash on Delivery,Male,2.0,1,Mobile Phone,5,Single,2,0,17.0,0.0,1.0,0.0,110.91,55.455,2.0,0.0,0.0,0.0,1
9.0,Mobile Phone,3,25.0,Credit Card,Female,3.0,4,Laptop & Accessory,3,Divorced,3,0,17.0,2.0,2.0,1.0,171.01,57.0033,12.0,0.0,0.1,0.6667,0
7.0,Mobile Phone,1,8.0,Credit Card,Male,3.0,1,Mobile Phone,1,Married,1,1,14.0,1.0,1.0,2.0,129.32,64.66,3.0,5.0,0.25,0.5,0
27.0,Mobile Phone,3,13.0,E wallet,Male,3.0,4,Laptop & Accessory,3,Divorced,4,1,21.0,1.0,5.0,6.0,148.06,24.6767,12.0,3.0,0.2143,0.1667,0
9.0,Mobile Phone,1,16.0,Debit Card,Male,4.0,5,Laptop & Accessory,4,Single,11,0,20.0,1.0,2.0,1.0,190.4,63.4667,20.0,0.0,0.1,0.3333,0
8.0,Mobile Phone,3,9.0,UPI,Male,3.0,4,Laptop & Accessory,1,Single,3,0,23.0,1.0,2.0,5.0,187.74,62.58,12.0,0.0,0.5556,0.3333,0
16.0,Mobile Phone,1,17.0,Debit Card,Male,1.0,3,Fashion,3,Married,2,0,17.0,1.0,1.0,9.0,175.1,87.55,3.0,0.0,0.5294,0.5,0
14.0,Mobile Phone,1,9.0,Credit Card,Male,3.0,4,Others,3,Married,2,0,15.0,1.0,4.0,10.0,319.36,63.872,12.0,0.0,0.6667,0.2,0
15.0,Computer,1,8.0,Debit Card,Male,2.0,3,Grocery,3,Divorced,1,1,13.0,1.0,2.0,10.0,278.61,92.87,6.0,3.0,0.625,0.3333,0
1.0,Mobile Phone,1,8.0,Credit Card,Male,3.0,4,Mobile Phone,1,Married,11,1,15.0,3.0,3.0,3.0,172.87,43.2175,12.0,5.0,1.5,0.75,1
10.0,Mobile Phone,1,16.0,Debit Card,Female,3.0,3,Mobile Phone,5,Married,1,1,13.0,3.0,4.0,3.0,127.82,25.564,9.0,1.0,0.2727,0.6,0
14.0,Mobile Phone,1,31.0,Cash on Delivery,Male,4.0,4,Laptop & Accessory,1,Married,3,0,18.0,3.0,5.0,8.0,158.19,26.365,16.0,0.0,0.5333,0.5,0
20.0,Mobile Phone,3,8.0,Debit Card,Female,3.0,4,Mobile Phone,1,Single,2,1,18.0,0.0,1.0,2.0,132.94,66.47,12.0,5.0,0.0952,0.0,0
4.0,Mobile Phone,1,18.0,Cash on Delivery,Female,2.0,3,Others,3,Married,2,0,15.0,1.0,15.0,8.0,295.45,18.4656,6.0,0.0,1.6,0.0625,1
8.0,Mobile Phone,1,7.0,Debit Card,Female,3.0,5,Mobile Phone,1,Married,2,0,12.0,1.0,1.0,1.0,129.77,64.885,15.0,0.0,0.1111,0.5,0
1.0,Computer,3,33.0,E wallet,Male,4.0,4,Laptop & Accessory,1,Married,3,1,12.0,1.0,2.0,9.0,181.17,60.39,16.0,5.0,4.5,0.3333,1
6.0,Mobile Phone,3,16.0,E wallet,Male,2.0,3,Laptop & Accessory,3,Single,2,0,14.0,0.0,1.0,9.0,154.87,77.435,6.0,0.0,1.2857,0.0,0
6.0,Computer,3,13.0,Credit Card,Male,2.0,3,Laptop & Accessory,5,Divorced,1,0,14.0,0.0,1.0,3.0,143.73,71.865,6.0,0.0,0.4286,0.0,0
24.0,Computer,3,8.0,E wallet,Male,2.0,3,Fashion,4,Married,3,0,11.0,3.0,3.0,2.0,205.96,51.49,6.0,0.0,0.08,0.75,0
1.0,Mobile Phone,3,11.0,Credit Card,Male,3.0,3,Laptop & Accessory,2,Single,2,0,14.0,1.0,1.0,2.0,149.08,74.54,9.0,0.0,1.0,0.5,0
0.0,Computer,3,30.0,Debit Card,Male,3.0,5,Mobile Phone,1,Single,2,1,14.0,1.0,1.0,0.0,111.18,55.59,15.0,5.0,0.0,0.5,1
20.0,Computer,1,6.0,Credit Card,Female,3.0,3,Fashion,4,Married,1,0,18.0,0.0,5.0,3.0,219.57,36.595,9.0,0.0,0.1429,0.0,0
26.0,Mobile Phone,3,6.0,Credit Card,Female,2.0,3,Laptop & Accessory,5,Single,8,0,20.0,6.0,8.0,10.0,183.81,20.4233,6.0,0.0,0.3704,0.6667,0
0.0,Mobile Phone,1,12.0,Credit Card,Male,3.0,3,Mobile Phone,3,Divorced,1,0,20.0,2.0,2.0,2.0,127.73,42.5767,9.0,0.0,2.0,0.6667,0
21.0,Mobile Phone,3,8.0,E wallet,Male,2.0,2,Laptop & Accessory,4,Divorced,4,0,12.0,2.0,2.0,2.0,181.2,60.4,4.0,0.0,0.0909,0.6667,0
9.0,Mobile Phone,1,7.0,Credit Card,Male,2.0,5,Mobile Phone,3,Single,3,0,19.0,2.0,2.0,5.0,153.59,51.1967,10.0,0.0,0.5,0.6667,0
26.0,Mobile Phone,1,9.0,Credit Card,Male,2.0,3,Grocery,3,Divorced,4,1,16.0,1.0,1.0,3.0,275.84,137.92,6.0,3.0,0.1111,0.5,0
0.0,Mobile Phone,3,34.0,E wallet,Male,3.0,3,Laptop & Accessory,4,Married,2,0,20.0,0.0,1.0,4.0,162.72,81.36,9.0,0.0,4.0,0.0,0
12.0,Computer,1,9.0,Credit Card,Female,3.0,5,Mobile Phone,4,Single,3,0,23.0,1.0,4.0,4.0,149.4,29.88,15.0,0.0,0.3077,0.2,0
22.0,Computer,1,11.0,Credit Card,Male,3.0,5,Grocery,1,Married,4,0,26.0,1.0,3.0,3.0,277.02,69.255,15.0,0.0,0.1304,0.25,0
23.0,Mobile Phone,1,14.0,Debit Card,Male,3.0,4,Fashion,4,Married,5,0,15.0,1.0,2.0,3.0,229.66,76.5533,12.0,0.0,0.125,0.3333,0
4.0,Mobile Phone,1,14.0,Debit Card,Male,2.0,3,Mobile Phone,2,Divorced,4,1,19.0,1.0,1.0,2.0,123.56,61.78,6.0,4.0,0.4,0.5,0
28.0,Mobile Phone,1,8.0,Credit Card,Female,2.0,5,Others,3,Divorced,5,0,14.0,1.0,9.0,11.0,291.87,29.187,10.0,0.0,0.3793,0.1,0
17.0,Mobile Phone,1,9.0,UPI,Male,2.0,3,Others,2,Divorced,5,1,15.0,1.0,1.0,1.0,295.13,147.565,6.0,4.0,0.0556,0.5,0
0.0,Mobile Phone,1,14.0,Debit Card,Male,3.0,3,Mobile Phone,3,Married,2,0,11.0,1.0,1.0,3.0,125.17,62.585,9.0,0.0,3.0,0.5,0
28.0,Mobile Phone,3,10.0,E wallet,Female,3.0,4,Laptop & Accessory,5,Married,4,0,15.0,2.0,2.0,6.0,184.4,61.4667,12.0,0.0,0.2069,0.6667,0
21.0,Computer,3,10.0,Credit Card,Female,3.0,4,Grocery,3,Married,11,1,13.0,1.0,12.0,14.0,262.7,20.2077,12.0,3.0,0.6364,0.0769,0
28.0,Mobile Phone,3,10.0,E wallet,Female,3.0,4,Laptop & Accessory,5,Divorced,4,0,15.0,2.0,2.0,6.0,184.4,61.4667,12.0,0.0,0.2069,0.6667,0
28.0,Mobile Phone,1,26.0,Credit Card,Female,4.0,4,Laptop & Accessory,5,Married,11,1,12.0,1.0,2.0,5.0,179.85,59.95,16.0,1.0,0.1724,0.3333,0
29.0,Computer,3,12.0,Debit Card,Female,2.0,2,Grocery,5,Divorced,10,0,11.0,2.0,2.0,7.0,232.12,77.3733,4.0,0.0,0.2333,0.6667,0
3.0,Mobile Phone,3,35.0,Cash on Delivery,Male,2.0,3,Fashion,4,Married,4,0,12.0,0.0,1.0,3.0,192.5,96.25,6.0,0.0,0.75,0.0,0
0.0,Mobile Phone,1,16.0,Credit Card,Male,2.0,3,Mobile Phone,3,Single,2,1,11.0,1.0,1.0,1.0,110.09,55.045,6.0,3.0,1.0,0.5,1
16.0,Mobile Phone,1,9.0,Debit Card,Male,3.0,4,Others,3,Married,7,0,15.0,1.0,5.0,15.0,313.8,52.3,12.0,0.0,0.8824,0.1667,0
28.0,Computer,1,24.0,Credit Card,Male,3.0,3,Laptop & Accessory,4,Divorced,4,1,14.0,6.0,6.0,7.0,163.85,23.4071,9.0,2.0,0.2414,0.8571,0
16.0,Mobile Phone,3,19.0,E wallet,Male,4.0,4,Laptop & Accessory,1,Married,5,1,13.0,1.0,2.0,1.0,175.87,58.6233,16.0,5.0,0.0588,0.3333,0
0.0,Mobile Phone,3,15.0,E wallet,Male,2.0,3,Laptop & Accessory,1,Single,2,0,14.0,1.0,1.0,7.0,141.05,70.525,6.0,0.0,7.0,0.5,0
14.0,Mobile Phone,3,12.0,E wallet,Male,2.0,3,Fashion,3,Single,2,0,12.0,3.0,8.0,7.0,192.41,21.3789,6.0,0.0,0.4667,0.3333,0
9.0,Mobile Phone,3,9.0,E wallet,Female,4.0,6,Others,4,Single,4,1,15.0,1.0,2.0,12.0,313.24,104.4133,24.0,2.0,1.2,0.3333,1
0.0,Mobile Phone,1,23.0,Cash on Delivery,Male,3.0,3,Mobile Phone,4,Divorced,1,1,16.0,1.0,1.0,1.0,130.58,65.29,9.0,2.0,1.0,0.5,0
8.0,Mobile Phone,1,13.0,Debit Card,Female,3.0,5,Laptop & Accessory,4,Married,8,0,16.0,2.0,2.0,1.0,170.05,56.6833,15.0,0.0,0.1111,0.6667,0
9.0,Mobile Phone,1,23.0,Debit Card,Male,4.0,4,Fashion,3,Divorced,6,1,13.0,1.0,2.0,1.0,201.32,67.1067,16.0,3.0,0.1,0.3333,0
12.0,Mobile Phone,3,12.0,Credit Card,Male,2.0,1,Fashion,3,Married,3,0,11.0,3.0,7.0,6.0,182.37,22.7962,2.0,0.0,0.4615,0.375,0
29.0,Mobile Phone,1,7.0,Credit Card,Male,3.0,2,Grocery,2,Married,4,0,14.0,1.0,2.0,1.0,272.32,90.7733,6.0,0.0,0.0333,0.3333,0
1.0,Mobile Phone,1,21.0,UPI,Male,3.0,5,Mobile Phone,4,Married,3,1,25.0,2.0,2.0,3.0,162.43,54.1433,15.0,2.0,1.5,0.6667,1
6.0,Computer,3,31.0,Credit Card,Female,2.0,3,Laptop & Accessory,3,Married,2,0,12.0,0.0,1.0,1.0,145.39,72.695,6.0,0.0,0.1429,0.0,0
1.0,Mobile Phone,3,36.0,Credit Card,Male,3.0,4,Laptop & Accessory,3,Married,7,0,13.0,2.0,2.0,1.0,168.06,56.02,12.0,0.0,0.5,0.6667,0
9.0,Mobile Phone,1,16.0,Cash on Delivery,Female,3.0,3,Fashion,3,Married,4,0,12.0,1.0,1.0,7.0,170.94,85.47,9.0,0.0,0.7,0.5,0
8.0,Computer,1,8.0,Credit Card,Female,2.0,3,Laptop & Accessory,4,Single,6,0,11.0,0.0,1.0,2.0,144.25,72.125,6.0,0.0,0.2222,0.0,0
9.0,Computer,1,16.0,Credit Card,Female,3.0,4,Mobile Phone,4,Single,2,1,25.0,0.0,1.0,0.0,118.59,59.295,12.0,2.0,0.0,0.0,1
4.0,Mobile Phone,1,26.0,Debit Card,Male,2.0,3,Laptop & Accessory,3,Married,2,0,11.0,0.0,1.0,2.0,141.97,70.985,6.0,0.0,0.4,0.0,0
5.0,Mobile Phone,3,15.0,Debit Card,Male,3.0,4,Fashion,1,Married,3,0,19.0,3.0,2.0,10.0,232.93,77.6433,12.0,0.0,1.6667,1.0,0
9.0,Mobile Phone,1,32.0,Cash on Delivery,Male,4.0,5,Fashion,4,Divorced,5,0,17.0,4.0,2.0,9.0,234.03,78.01,20.0,0.0,0.9,1.3333,0
1.0,Mobile Phone,3,31.0,Credit Card,Female,3.0,5,Laptop & Accessory,4,Single,2,1,24.0,5.0,11.0,11.0,170.99,14.2492,15.0,2.0,5.5,0.4167,1
9.0,Mobile Phone,3,13.0,Debit Card,Male,2.0,3,Mobile Phone,1,Married,2,1,21.0,1.0,1.0,2.0,122.75,61.375,6.0,5.0,0.2,0.5,1
4.0,Computer,1,12.0,Debit Card,Male,4.0,5,Mobile Phone,2,Married,11,0,13.0,1.0,2.0,4.0,162.61,54.2033,20.0,0.0,0.8,0.3333,0
13.0,Mobile Phone,3,22.0,E wallet,Male,4.0,4,Grocery,5,Single,2,0,13.0,5.0,2.0,11.0,258.41,86.1367,16.0,0.0,0.7857,1.6667,0
6.0,Mobile Phone,1,10.0,Debit Card,Female,3.0,4,Fashion,1,Single,5,0,16.0,7.0,2.0,8.0,236.59,78.8633,12.0,0.0,1.1429,2.3333,0
10.0,Mobile Phone,1,6.0,Cash on Delivery,Female,2.0,3,Fashion,2,Single,5,0,17.0,1.0,1.0,2.0,174.91,87.455,6.0,0.0,0.1818,0.5,0
0.0,Mobile Phone,1,14.0,Credit Card,Male,3.0,3,Mobile Phone,1,Married,2,0,24.0,2.0,2.0,2.0,123.23,41.0767,9.0,0.0,2.0,0.6667,0
20.0,Mobile Phone,2,32.0,Debit Card,Female,3.0,3,Others,3,Married,4,0,15.0,1.0,1.0,0.0,296.58,148.29,9.0,0.0,0.0,0.5,0
27.0,Mobile Phone,2,25.0,Credit Card,Male,2.0,3,Fashion,4,Divorced,3,0,15.0,3.0,7.0,1.0,207.25,25.9062,6.0,0.0,0.0357,0.375,0
6.0,Computer,1,26.0,Credit Card,Male,3.0,3,Mobile Phone,3,Married,8,1,13.0,3.0,3.0,3.0,152.59,38.1475,9.0,3.0,0.4286,0.75,1
15.0,Computer,2,8.0,Credit Card,Male,3.0,1,Laptop & Accessory,5,Married,8,0,16.0,1.0,1.0,3.0,162.72,81.36,3.0,0.0,0.1875,0.5,0
19.0,Mobile Phone,1,12.0,Credit Card,Female,3.0,6,Laptop & Accessory,5,Single,3,1,15.0,1.0,2.0,5.0,182.69,60.8967,18.0,1.0,0.25,0.3333,0
25.0,Mobile Phone,1,6.0,Debit Card,Male,3.0,4,Others,3,Married,1,0,15.0,7.0,11.0,9.0,299.99,24.9992,12.0,0.0,0.3462,0.5833,0
1.0,Mobile Phone,1,28.0,Credit Card,Male,3.0,4,Mobile Phone,3,Married,3,0,21.0,2.0,2.0,1.0,148.77,49.59,12.0,0.0,0.5,0.6667,1
9.0,Computer,1,32.0,Cash on Delivery,Female,3.0,4,Mobile Phone,3,Married,2,0,20.0,1.0,1.0,0.0,120.29,60.145,12.0,0.0,0.0,0.5,0
3.0,Mobile Phone,1,10.0,Credit Card,Male,3.0,4,Mobile Phone,5,Single,3,1,19.0,1.0,2.0,6.0,172.23,57.41,12.0,1.0,1.5,0.3333,0
19.0,Computer,1,9.0,Credit Card,Male,4.0,5,Grocery,2,Divorced,11,0,15.0,10.0,12.0,9.0,292.92,22.5323,20.0,0.0,0.45,0.7692,0
9.0,Mobile Phone,1,13.0,UPI,Male,3.0,3,Mobile Phone,2,Single,3,0,18.0,0.0,1.0,1.0,146.78,73.39,9.0,0.0,0.1,0.0,0
26.0,Computer,1,7.0,Credit Card,Female,2.0,4,Grocery,3,Married,5,1,20.0,1.0,1.0,3.0,229.65,114.825,8.0,3.0,0.1111,0.5,0
19.0,Mobile Phone,1,17.0,Debit Card,Male,4.0,4,Mobile Phone,2,Divorced,5,0,22.0,2.0,2.0,3.0,151.54,50.5133,16.0,0.0,0.15,0.6667,0
13.0,Computer,1,22.0,Debit Card,Male,3.0,3,Mobile Phone,3,Married,10,0,16.0,1.0,1.0,0.0,135.44,67.72,9.0,0.0,0.0,0.5,0
15.0,Mobile Phone,2,17.0,UPI,Male,4.0,5,Others,1,Married,5,0,15.0,4.0,13.0,7.0,316.41,22.6007,20.0,0.0,0.4375,0.2857,0
1.0,Mobile Phone,1,24.0,Cash on Delivery,Male,3.0,5,Mobile Phone,1,Married,7,0,13.0,1.0,2.0,4.0,148.67,49.5567,15.0,0.0,2.0,0.3333,1
6.0,Mobile Phone,1,9.0,Cash on Delivery,Male,4.0,4,Mobile Phone,5,Single,3,0,15.0,2.0,2.0,3.0,149.39,49.7967,16.0,0.0,0.4286,0.6667,0
20.0,Mobile Phone,1,10.0,Debit Card,Female,3.0,4,Fashion,4,Married,9,1,12.0,2.0,14.0,10.0,203.33,13.5553,12.0,2.0,0.4762,0.1333,0
6.0,Mobile Phone,1,9.0,Credit Card,Female,4.0,2,Laptop & Accessory,1,Single,9,0,17.0,1.0,2.0,8.0,175.55,58.5167,8.0,0.0,1.1429,0.3333,0
31.0,Computer,3,7.0,Debit Card,Female,3.0,5,Laptop & Accessory,3,Single,9,0,12.0,2.0,2.0,4.0,179.73,59.91,15.0,0.0,0.125,0.6667,0
16.0,Mobile Phone,3,15.0,E wallet,Male,3.0,4,Laptop & Accessory,4,Married,2,0,12.0,3.0,5.0,3.0,193.25,32.2083,12.0,0.0,0.1765,0.5,0
0.0,Mobile Phone,1,24.0,UPI,Female,3.0,3,Mobile Phone,2,Single,2,0,19.0,1.0,1.0,0.0,126.93,63.465,9.0,0.0,0.0,0.5,1
28.0,Mobile Phone,2,32.0,UPI,Male,3.0,1,Others,4,Married,5,1,15.0,1.0,1.0,4.0,296.36,148.18,3.0,2.0,0.1379,0.5,0
15.0,Mobile Phone,1,8.0,Debit Card,Female,2.0,3,Laptop & Accessory,1,Married,2,0,13.0,0.0,2.0,2.0,140.89,46.9633,6.0,0.0,0.125,0.0,0
8.0,Computer,1,33.0,Cash on Delivery,Female,4.0,5,Mobile Phone,3,Married,3,0,21.0,2.0,2.0,1.0,145.29,48.43,20.0,0.0,0.1111,0.6667,0
23.0,Mobile Phone,1,29.0,UPI,Female,4.0,4,Grocery,4,Married,5,0,17.0,1.0,2.0,3.0,289.13,96.3767,16.0,0.0,0.125,0.3333,0
16.0,Computer,1,16.0,Credit Card,Female,4.0,4,Mobile Phone,1,Single,3,0,14.0,1.0,6.0,9.0,161.73,23.1043,16.0,0.0,0.5294,0.1429,0
18.0,Mobile Phone,1,8.0,UPI,Female,2.0,4,Laptop & Accessory,1,Married,2,0,19.0,3.0,3.0,9.0,157.7,39.425,8.0,0.0,0.4737,0.75,0
13.0,Computer,3,7.0,Debit Card,Male,3.0,3,Laptop & Accessory,3,Married,8,0,12.0,1.0,1.0,1.0,167.28,83.64,9.0,0.0,0.0714,0.5,1
10.0,Mobile Phone,1,12.0,Debit Card,Male,4.0,4,Laptop & Accessory,4,Single,10,0,17.0,3.0,4.0,8.0,184.14,36.828,16.0,0.0,0.7273,0.6,0
5.0,Mobile Phone,1,8.0,Credit Card,Male,2.0,3,Laptop & Accessory,4,Married,1,0,13.0,1.0,1.0,6.0,154.7,77.35,6.0,0.0,1.0,0.5,0
8.0,Mobile Phone,3,9.0,UPI,Male,3.0,4,Laptop & Accessory,2,Single,3,0,23.0,1.0,2.0,5.0,187.74,62.58,12.0,0.0,0.5556,0.3333,0
6.0,Computer,1,12.0,Debit Card,Male,1.0,3,Laptop & Accessory,2,Married,4,0,23.0,4.0,4.0,7.0,177.25,35.45,3.0,0.0,1.0,0.8,0
8.0,Mobile Phone,3,14.0,Debit Card,Female,3.0,4,Mobile Phone,3,Married,1,0,23.0,2.0,4.0,2.0,124.3,24.86,12.0,0.0,0.2222,0.4,0
1.0,Mobile Phone,1,16.0,Credit Card,Male,4.0,2,Mobile Phone,3,Married,3,0,17.0,1.0,2.0,5.0,169.01,56.3367,8.0,0.0,2.5,0.3333,0
0.0,Computer,1,14.0,Credit Card,Male,2.0,4,Mobile Phone,5,Single,1,1,22.0,0.0,1.0,2.0,123.21,61.605,8.0,1.0,2.0,0.0,1
10.0,Computer,1,6.0,Credit Card,Female,3.0,3,Fashion,1,Married,3,1,18.0,0.0,2.0,2.0,236.03,78.6767,9.0,5.0,0.1818,0.0,0
5.0,Mobile Phone,1,11.0,Debit Card,Male,2.0,4,Laptop & Accessory,1,Single,9,0,24.0,1.0,1.0,0.0,196.79,98.395,8.0,0.0,0.0,0.5,0
15.0,Computer,1,32.0,Credit Card,Female,2.0,3,Fashion,5,Married,4,1,17.0,0.0,2.0,0.0,231.91000000000005,77.3033,6.0,1.0,0.0,0.0,0
2.0,Computer,3,8.0,Debit Card,Male,3.0,5,Laptop & Accessory,1,Married,3,1,13.0,2.0,2.0,8.0,193.34,64.4467,15.0,5.0,2.6667,0.6667,0
9.0,Mobile Phone,1,6.0,Cash on Delivery,Female,3.0,4,Mobile Phone,4,Single,2,1,11.0,0.0,2.0,2.0,120.7,40.2333,12.0,2.0,0.2,0.0,0
13.0,Mobile Phone,1,8.0,Credit Card,Female,2.0,1,Laptop & Accessory,3,Married,6,0,20.0,6.0,11.0,8.0,163.77,13.6475,2.0,0.0,0.5714,0.5,0
9.0,Mobile Phone,1,20.0,Debit Card,Male,3.0,3,Laptop & Accessory,1,Married,1,1,17.0,2.0,4.0,11.0,165.86,33.172,9.0,5.0,1.1,0.4,0
9.0,Mobile Phone,1,14.0,Cash on Delivery,Female,2.0,3,Fashion,3,Married,2,0,13.0,7.0,12.0,8.0,200.96,15.4585,6.0,0.0,0.8,0.5385,0
0.0,Mobile Phone,1,9.0,Credit Card,Male,3.0,4,Mobile Phone,3,Single,2,0,17.0,1.0,1.0,0.0,132.3,66.15,12.0,0.0,0.0,0.5,0
19.0,Computer,3,32.0,Debit Card,Male,3.0,4,Laptop & Accessory,4,Single,9,0,15.0,2.0,2.0,2.0,179.91,59.97,12.0,0.0,0.1,0.6667,0
0.0,Mobile Phone,1,8.0,Credit Card,Male,3.0,1,Mobile Phone,5,Single,8,0,13.0,1.0,1.0,1.0,134.24,67.12,3.0,0.0,1.0,0.5,0
18.0,Computer,3,8.0,Debit Card,Female,3.0,3,Laptop & Accessory,3,Married,5,0,22.0,3.0,5.0,7.0,151.54,25.2567,9.0,0.0,0.3684,0.5,0
2.0,Mobile Phone,1,14.0,Debit Card,Male,3.0,1,Mobile Phone,3,Married,7,0,18.0,1.0,1.0,0.0,124.51,62.255,3.0,0.0,0.0,0.5,0
9.0,Computer,1,9.0,Debit Card,Male,2.0,4,Mobile Phone,3,Divorced,2,0,18.0,1.0,1.0,0.0,112.81,56.405,8.0,0.0,0.0,0.5,0
1.0,Mobile Phone,3,14.0,E wallet,Male,3.0,4,Mobile Phone,4,Single,3,0,14.0,1.0,2.0,1.0,151.79,50.5967,12.0,0.0,0.5,0.3333,1
5.0,Computer,3,18.0,Debit Card,Male,2.0,3,Grocery,5,Single,1,1,12.0,7.0,2.0,14.0,237.58,79.1933,6.0,1.0,2.3333,2.3333,1
25.0,Mobile Phone,2,12.0,Debit Card,Male,3.0,4,Grocery,4,Married,3,1,12.0,1.0,2.0,11.0,265.26,88.42,12.0,2.0,0.4231,0.3333,0
28.0,Mobile Phone,3,24.0,Debit Card,Female,2.0,3,Grocery,4,Single,4,0,23.0,1.0,7.0,8.0,268.35,33.5438,6.0,0.0,0.2759,0.125,0
21.0,Mobile Phone,3,8.0,E wallet,Male,2.0,1,Laptop & Accessory,4,Married,4,0,12.0,0.0,2.0,2.0,181.2,60.4,2.0,0.0,0.0909,0.0,0
1.0,Mobile Phone,1,16.0,UPI,Female,2.0,3,Laptop & Accessory,3,Single,4,0,13.0,0.0,1.0,7.0,136.6,68.3,6.0,0.0,3.5,0.0,0
8.0,Mobile Phone,1,31.0,Cash on Delivery,Male,3.0,4,Fashion,4,Divorced,4,0,16.0,3.0,4.0,8.0,209.03,41.806,12.0,0.0,0.8889,0.6,0
18.0,Computer,1,31.0,Credit Card,Female,2.0,3,Others,4,Single,4,0,22.0,1.0,1.0,0.0,280.61,140.305,6.0,0.0,0.0,0.5,0
10.0,Computer,3,25.0,Credit Card,Male,2.0,3,Fashion,4,Single,2,1,13.0,0.0,1.0,9.0,176.42,88.21,6.0,2.0,0.8182,0.0,0
13.0,Computer,3,28.0,Debit Card,Female,3.0,6,Laptop & Accessory,3,Married,8,0,20.0,1.0,2.0,3.0,182.36,60.7867,18.0,0.0,0.2143,0.3333,0
10.0,Computer,3,10.0,E wallet,Male,3.0,3,Mobile Phone,1,Married,5,0,17.0,3.0,5.0,8.0,127.93,21.3217,9.0,0.0,0.7273,0.5,0
2.0,Mobile Phone,2,15.0,Credit Card,Male,4.0,5,Mobile Phone,2,Married,3,0,14.0,1.0,2.0,5.0,174.36,58.12,20.0,0.0,1.6667,0.3333,0
1.0,Computer,1,11.0,Cash on Delivery,Male,3.0,5,Mobile Phone,3,Single,7,0,17.0,2.0,2.0,3.0,163.94,54.6467,15.0,0.0,1.5,0.6667,1
3.0,Mobile Phone,1,35.0,Debit Card,Female,4.0,4,Mobile Phone,2,Married,6,0,23.0,1.0,2.0,8.0,150.14,50.0467,16.0,0.0,2.0,0.3333,0
7.0,Mobile Phone,1,12.0,Debit Card,Male,3.0,5,Fashion,1,Married,6,0,16.0,2.0,2.0,3.0,196.19,65.3967,15.0,0.0,0.375,0.6667,0
1.0,Computer,1,8.0,Debit Card,Female,4.0,2,Fashion,4,Single,3,0,12.0,2.0,5.0,8.0,199.46,33.2433,8.0,0.0,4.0,0.3333,1
1.0,Mobile Phone,3,23.0,E wallet,Female,4.0,4,Laptop & Accessory,5,Single,7,0,16.0,2.0,2.0,3.0,178.24,59.4133,16.0,0.0,1.5,0.6667,1
9.0,Mobile Phone,3,14.0,Debit Card,Female,3.0,4,Laptop & Accessory,1,Married,3,1,12.0,2.0,2.0,10.0,177.04,59.0133,12.0,5.0,1.0,0.6667,0
29.0,Mobile Phone,1,9.0,Cash on Delivery,Male,4.0,5,Mobile Phone,1,Married,10,0,21.0,2.0,2.0,5.0,151.62,50.54,20.0,0.0,0.1667,0.6667,0
1.0,Mobile Phone,1,24.0,Cash on Delivery,Male,3.0,5,Mobile Phone,1,Married,7,0,13.0,2.0,2.0,4.0,148.67,49.5567,15.0,0.0,2.0,0.6667,1
25.0,Computer,3,35.0,Debit Card,Male,2.0,3,Mobile Phone,1,Married,3,0,15.0,1.0,1.0,0.0,134.82,67.41,6.0,0.0,0.0,0.5,0
8.0,Mobile Phone,1,12.0,Debit Card,Male,2.0,5,Laptop & Accessory,1,Single,2,0,13.0,0.0,11.0,8.0,166.46,13.8717,10.0,0.0,0.8889,0.0,0
9.0,Mobile Phone,1,16.0,Credit Card,Male,3.0,4,Laptop & Accessory,3,Single,3,0,20.0,1.0,2.0,9.0,175.98,58.66,12.0,0.0,0.9,0.3333,0
10.0,Mobile Phone,1,16.0,Debit Card,Female,2.0,1,Fashion,1,Married,2,1,25.0,0.0,2.0,8.0,237.44,79.1467,2.0,5.0,0.7273,0.0,0
25.0,Computer,1,31.0,Credit Card,Female,2.0,4,Grocery,1,Married,4,0,22.0,0.0,2.0,0.0,238.26,79.42,8.0,0.0,0.0,0.0,0
16.0,Mobile Phone,1,15.0,Debit Card,Male,3.0,4,Mobile Phone,3,Single,6,0,14.0,2.0,2.0,1.0,164.68,54.8933,12.0,0.0,0.0588,0.6667,0
3.0,Computer,3,9.0,Debit Card,Male,3.0,4,Laptop & Accessory,1,Single,3,0,19.0,1.0,2.0,10.0,170.54,56.8467,12.0,0.0,2.5,0.3333,0
11.0,Mobile Phone,1,10.0,UPI,Female,3.0,4,Laptop & Accessory,4,Single,5,0,16.0,2.0,2.0,2.0,166.07,55.3567,12.0,0.0,0.1667,0.6667,0
2.0,Computer,1,8.0,Debit Card,Male,2.0,3,Grocery,2,Married,8,0,11.0,7.0,11.0,3.0,221.69,18.4742,6.0,0.0,1.0,0.5833,1
1.0,Mobile Phone,1,15.0,UPI,Male,4.0,6,Mobile Phone,5,Divorced,3,1,12.0,2.0,2.0,8.0,146.19,48.73,24.0,1.0,4.0,0.6667,1
14.0,Mobile Phone,2,16.0,UPI,Male,3.0,4,Others,1,Married,4,0,15.0,1.0,12.0,6.0,291.41,22.4162,12.0,0.0,0.4,0.0769,0
14.0,Mobile Phone,3,17.0,Cash on Delivery,Female,3.0,5,Laptop & Accessory,4,Married,9,0,13.0,2.0,2.0,4.0,193.52,64.5067,15.0,0.0,0.2667,0.6667,0
19.0,Mobile Phone,1,15.0,UPI,Male,4.0,4,Laptop & Accessory,2,Divorced,11,0,15.0,8.0,10.0,9.0,161.97,14.7245,16.0,0.0,0.45,0.7273,0
1.0,Mobile Phone,1,30.0,Debit Card,Female,3.0,4,Mobile Phone,1,Married,3,0,23.0,1.0,2.0,3.0,153.86,51.2867,12.0,0.0,1.5,0.3333,0
18.0,Mobile Phone,1,14.0,Debit Card,Male,3.0,3,Mobile Phone,2,Divorced,4,0,21.0,1.0,1.0,2.0,126.54,63.27,9.0,0.0,0.1053,0.5,0
13.0,Computer,1,16.0,Debit Card,Male,4.0,4,Laptop & Accessory,4,Single,22,0,16.0,2.0,2.0,4.0,192.82,64.2733,16.0,0.0,0.2857,0.6667,0
1.0,Mobile Phone,1,22.0,Debit Card,Male,4.0,4,Mobile Phone,1,Single,3,0,15.0,2.0,2.0,1.0,137.32,45.7733,16.0,0.0,0.5,0.6667,0
12.0,Mobile Phone,3,30.0,E wallet,Female,2.0,4,Grocery,1,Married,1,0,11.0,3.0,9.0,3.0,220.31,22.031,8.0,0.0,0.2308,0.3,0
2.0,Computer,1,7.0,Debit Card,Female,3.0,6,Laptop & Accessory,2,Divorced,2,0,12.0,8.0,8.0,6.0,191.74,21.3044,18.0,0.0,2.0,0.8889,0
1.0,Mobile Phone,1,13.0,Credit Card,Male,4.0,4,Mobile Phone,3,Married,2,0,21.0,2.0,3.0,3.0,152.73,38.1825,16.0,0.0,1.5,0.5,0
14.0,Computer,1,15.0,Credit Card,Male,3.0,3,Others,3,Married,3,0,15.0,1.0,1.0,11.0,294.19,147.095,9.0,0.0,0.7333,0.5,0
0.0,Mobile Phone,1,14.0,Debit Card,Female,3.0,4,Mobile Phone,5,Single,7,1,20.0,1.0,1.0,0.0,124.04,62.02,12.0,1.0,0.0,0.5,1
1.0,Computer,1,17.0,Credit Card,Female,4.0,5,Mobile Phone,4,Single,3,1,26.0,1.0,2.0,1.0,143.59,47.8633,20.0,2.0,0.5,0.3333,1
9.0,Computer,1,11.0,Debit Card,Male,3.0,4,Mobile Phone,5,Married,7,0,17.0,0.0,1.0,0.0,121.07,60.535,12.0,0.0,0.0,0.0,1
14.0,Mobile Phone,3,9.0,Debit Card,Male,2.0,4,Laptop & Accessory,4,Married,3,0,11.0,1.0,1.0,4.0,189.38,94.69,8.0,0.0,0.2667,0.5,0
1.0,Mobile Phone,3,15.0,UPI,Female,3.0,4,Laptop & Accessory,3,Married,2,1,23.0,2.0,2.0,5.0,174.07,58.0233,12.0,3.0,2.5,0.6667,0
5.0,Mobile Phone,1,31.0,Credit Card,Female,4.0,5,Laptop & Accessory,5,Single,3,0,20.0,2.0,2.0,9.0,193.12,64.3733,20.0,0.0,1.5,0.6667,0
2.0,Computer,1,13.0,Debit Card,Male,3.0,5,Mobile Phone,3,Married,3,1,15.0,2.0,2.0,3.0,152.03,50.6767,15.0,3.0,1.0,0.6667,0
4.0,Mobile Phone,1,15.0,Debit Card,Female,4.0,2,Fashion,5,Married,2,1,13.0,1.0,2.0,8.0,239.16000000000005,79.72,8.0,1.0,1.6,0.3333,0
3.0,Computer,1,9.0,Debit Card,Male,3.0,4,Grocery,2,Married,9,0,12.0,8.0,2.0,6.0,246.69,82.23,12.0,0.0,1.5,2.6667,1
3.0,Mobile Phone,3,21.0,E wallet,Male,3.0,4,Fashion,5,Married,3,0,11.0,0.0,1.0,7.0,171.4,85.7,12.0,0.0,1.75,0.0,0
15.0,Mobile Phone,1,21.0,Debit Card,Male,3.0,4,Mobile Phone,3,Married,6,0,13.0,2.0,2.0,9.0,149.51,49.8367,12.0,0.0,0.5625,0.6667,0
10.0,Computer,3,15.0,Credit Card,Male,3.0,3,Fashion,4,Married,2,0,13.0,6.0,7.0,7.0,188.34,23.5425,9.0,0.0,0.6364,0.75,0
8.0,Mobile Phone,1,8.0,Debit Card,Female,3.0,5,Mobile Phone,4,Married,7,0,18.0,2.0,2.0,3.0,157.94,52.6467,15.0,0.0,0.3333,0.6667,0
10.0,Mobile Phone,1,13.0,Credit Card,Male,3.0,3,Laptop & Accessory,5,Married,6,1,22.0,0.0,1.0,4.0,142.84,71.42,9.0,1.0,0.3636,0.0,0
6.0,Computer,1,13.0,Debit Card,Male,2.0,3,Laptop & Accessory,3,Married,2,0,20.0,2.0,2.0,8.0,159.68,53.2267,6.0,0.0,1.1429,0.6667,0
3.0,Computer,1,11.0,Debit Card,Male,3.0,4,Mobile Phone,1,Married,10,0,12.0,0.0,1.0,3.0,137.61,68.805,12.0,0.0,0.75,0.0,0
18.0,Computer,3,12.0,Credit Card,Female,2.0,4,Fashion,2,Single,7,0,12.0,12.0,12.0,8.0,188.65,14.5115,8.0,0.0,0.4211,0.9231,0
1.0,Mobile Phone,1,7.0,Debit Card,Male,4.0,5,Mobile Phone,3,Single,2,1,15.0,2.0,2.0,3.0,162.3,54.1,20.0,3.0,1.5,0.6667,1
6.0,Computer,3,23.0,Debit Card,Male,2.0,3,Grocery,3,Single,2,0,11.0,1.0,6.0,0.0,274.44,39.2057,6.0,0.0,0.0,0.1429,0
20.0,Mobile Phone,3,11.0,E wallet,Female,3.0,5,Others,4,Divorced,4,0,15.0,2.0,2.0,9.0,312.89,104.2967,15.0,0.0,0.4286,0.6667,0
9.0,Mobile Phone,3,7.0,E wallet,Male,3.0,5,Laptop & Accessory,5,Single,2,0,15.0,2.0,3.0,9.0,168.12,42.03,15.0,0.0,0.9,0.5,0
22.0,Computer,1,8.0,Debit Card,Male,2.0,3,Others,1,Married,4,0,15.0,1.0,4.0,3.0,291.61,58.322,6.0,0.0,0.1304,0.2,0
12.0,Computer,1,28.0,Credit Card,Female,2.0,3,Fashion,5,Single,2,1,13.0,1.0,2.0,8.0,208.8,69.6,6.0,1.0,0.6154,0.3333,0
7.0,Mobile Phone,1,12.0,Debit Card,Female,2.0,4,Laptop & Accessory,4,Married,7,0,15.0,1.0,1.0,0.0,145.05,72.525,8.0,0.0,0.0,0.5,0
5.0,Computer,1,12.0,Debit Card,Male,4.0,5,Mobile Phone,5,Married,8,0,18.0,2.0,2.0,1.0,146.07,48.69,20.0,0.0,0.1667,0.6667,1
16.0,Computer,1,33.0,Debit Card,Female,2.0,3,Fashion,5,Married,9,0,11.0,1.0,1.0,1.0,208.2,104.1,6.0,0.0,0.0588,0.5,0
0.0,Mobile Phone,1,14.0,Debit Card,Female,2.0,4,Mobile Phone,5,Divorced,2,1,11.0,0.0,1.0,0.0,123.19,61.595,8.0,1.0,0.0,0.0,1
4.0,Mobile Phone,1,16.0,Debit Card,Male,3.0,4,Mobile Phone,5,Single,5,0,15.0,2.0,2.0,1.0,145.18,48.3933,12.0,0.0,0.2,0.6667,1
0.0,Mobile Phone,1,17.0,Credit Card,Female,3.0,5,Laptop & Accessory,4,Divorced,6,0,15.0,1.0,1.0,0.0,147.77,73.885,15.0,0.0,0.0,0.5,1
9.0,Computer,3,17.0,Cash on Delivery,Female,3.0,3,Fashion,1,Married,1,0,14.0,0.0,2.0,8.0,197.38,65.7933,9.0,0.0,0.8,0.0,0
24.0,Mobile Phone,1,6.0,Debit Card,Male,3.0,3,Mobile Phone,1,Married,2,0,11.0,1.0,1.0,0.0,127.23,63.615,9.0,0.0,0.0,0.5,0
1.0,Mobile Phone,1,8.0,Credit Card,Male,4.0,4,Mobile Phone,5,Single,2,0,14.0,8.0,8.0,7.0,153.67,17.0744,16.0,0.0,3.5,0.8889,0
23.0,Mobile Phone,1,23.0,Debit Card,Female,2.0,4,Fashion,5,Married,6,0,15.0,0.0,2.0,11.0,232.69,77.5633,8.0,0.0,0.4583,0.0,0
0.0,Mobile Phone,3,29.0,Debit Card,Female,2.0,4,Fashion,5,Divorced,2,0,13.0,0.0,3.0,10.0,173.36,43.34,8.0,0.0,10.0,0.0,1
5.0,Computer,1,13.0,Debit Card,Male,3.0,2,Mobile Phone,4,Divorced,2,0,20.0,0.0,1.0,3.0,127.94,63.97,6.0,0.0,0.5,0.0,0
16.0,Mobile Phone,1,20.0,Credit Card,Male,4.0,2,Laptop & Accessory,5,Married,7,0,19.0,2.0,2.0,1.0,180.38,60.1267,8.0,0.0,0.0588,0.6667,0
5.0,Mobile Phone,1,12.0,Debit Card,Male,3.0,3,Mobile Phone,3,Single,4,0,20.0,0.0,1.0,4.0,130.38,65.19,9.0,0.0,0.6667,0.0,0
6.0,Mobile Phone,3,17.0,E wallet,Male,3.0,4,Laptop & Accessory,2,Single,3,0,13.0,1.0,2.0,9.0,178.96,59.6533,12.0,0.0,1.2857,0.3333,0
4.0,Mobile Phone,3,16.0,Credit Card,Female,2.0,3,Laptop & Accessory,1,Married,3,1,11.0,1.0,1.0,4.0,165.83,82.915,6.0,5.0,0.8,0.5,0
0.0,Mobile Phone,3,6.0,Debit Card,Male,2.0,3,Laptop & Accessory,3,Divorced,2,0,17.0,2.0,7.0,7.0,152.96,19.12,6.0,0.0,7.0,0.25,0
0.0,Mobile Phone,1,8.0,Debit Card,Male,2.0,4,Mobile Phone,1,Single,2,0,22.0,1.0,1.0,0.0,111.02,55.51,8.0,0.0,0.0,0.5,1
12.0,Mobile Phone,1,10.0,Cash on Delivery,Female,3.0,4,Laptop & Accessory,3,Single,5,1,21.0,3.0,3.0,3.0,168.17,42.0425,12.0,3.0,0.2308,0.75,0
1.0,Computer,3,16.0,Credit Card,Male,3.0,4,Mobile Phone,1,Single,3,0,25.0,3.0,3.0,3.0,151.1,37.775,12.0,0.0,1.5,0.75,0
9.0,Mobile Phone,3,9.0,E wallet,Female,4.0,4,Mobile Phone,1,Married,3,0,14.0,3.0,3.0,3.0,145.14,36.285,16.0,0.0,0.3,0.75,0
4.0,Mobile Phone,3,11.0,Debit Card,Female,3.0,3,Laptop & Accessory,1,Married,2,0,11.0,0.0,1.0,2.0,154.76,77.38,9.0,0.0,0.4,0.0,0
11.0,Mobile Phone,3,7.0,Debit Card,Male,2.0,3,Laptop & Accessory,4,Married,1,0,15.0,1.0,5.0,8.0,144.4,24.0667,6.0,0.0,0.6667,0.1667,0
3.0,Mobile Phone,1,8.0,Debit Card,Female,2.0,5,Laptop & Accessory,1,Single,3,0,20.0,1.0,1.0,2.0,160.91,80.455,10.0,0.0,0.5,0.5,0
7.0,Mobile Phone,1,7.0,Credit Card,Female,4.0,3,Grocery,3,Married,6,0,20.0,1.0,2.0,6.0,286.84,95.6133,12.0,0.0,0.75,0.3333,0
5.0,Mobile Phone,3,13.0,Credit Card,Male,4.0,3,Laptop & Accessory,2,Married,6,0,23.0,4.0,6.0,8.0,179.6,25.6571,12.0,0.0,1.3333,0.5714,0
30.0,Mobile Phone,3,18.0,E wallet,Female,3.0,5,Laptop & Accessory,5,Married,6,0,17.0,1.0,2.0,1.0,178.8,59.6,15.0,0.0,0.0323,0.3333,0
1.0,Mobile Phone,2,9.0,Cash on Delivery,Male,3.0,5,Mobile Phone,1,Single,3,0,13.0,1.0,2.0,1.0,150.64,50.2133,15.0,0.0,0.5,0.3333,1
6.0,Computer,3,19.0,Debit Card,Male,3.0,4,Grocery,5,Single,2,1,13.0,1.0,14.0,15.0,262.58,17.5053,12.0,1.0,2.1429,0.0667,1
8.0,Mobile Phone,1,14.0,Debit Card,Female,2.0,1,Mobile Phone,3,Single,4,0,13.0,2.0,2.0,2.0,125.06,41.6867,2.0,0.0,0.2222,0.6667,0
18.0,Mobile Phone,3,19.0,E wallet,Male,2.0,1,Grocery,3,Single,7,1,17.0,2.0,2.0,8.0,236.95,78.9833,2.0,3.0,0.4211,0.6667,1
0.0,Mobile Phone,1,14.0,Credit Card,Male,2.0,4,Mobile Phone,2,Single,2,1,13.0,0.0,1.0,1.0,123.89,61.945,8.0,4.0,1.0,0.0,1
31.0,Mobile Phone,1,7.0,Credit Card,Male,4.0,6,Fashion,1,Married,5,0,21.0,1.0,2.0,1.0,233.83,77.9433,24.0,0.0,0.0312,0.3333,0
12.0,Mobile Phone,1,18.0,Credit Card,Male,3.0,3,Laptop & Accessory,4,Married,5,0,21.0,1.0,1.0,0.0,152.95,76.475,9.0,0.0,0.0,0.5,0
6.0,Mobile Phone,1,12.0,UPI,Female,3.0,2,Mobile Phone,1,Married,5,0,18.0,2.0,2.0,3.0,158.12,52.7067,6.0,0.0,0.4286,0.6667,0
14.0,Mobile Phone,3,6.0,E wallet,Male,2.0,1,Fashion,5,Married,2,0,16.0,1.0,1.0,7.0,183.92,91.96,2.0,0.0,0.4667,0.5,0
1.0,Mobile Phone,3,11.0,Credit Card,Male,3.0,6,Fashion,2,Divorced,3,0,12.0,8.0,10.0,3.0,229.0,20.8182,18.0,0.0,1.5,0.7273,1
11.0,Computer,1,7.0,Credit Card,Female,1.0,4,Fashion,2,Married,4,1,19.0,1.0,2.0,3.0,261.03,87.01,4.0,4.0,0.25,0.3333,0
12.0,Computer,1,15.0,Debit Card,Male,3.0,3,Laptop & Accessory,4,Single,10,0,15.0,1.0,1.0,3.0,167.82,83.91,9.0,0.0,0.2308,0.5,0
12.0,Mobile Phone,1,30.0,Debit Card,Male,3.0,4,Laptop & Accessory,2,Married,11,0,15.0,1.0,2.0,3.0,182.45,60.8167,12.0,0.0,0.2308,0.3333,0
30.0,Mobile Phone,1,15.0,Credit Card,Female,3.0,4,Mobile Phone,4,Divorced,5,1,20.0,1.0,1.0,0.0,133.46,66.73,12.0,2.0,0.0,0.5,0
26.0,Mobile Phone,1,29.0,Debit Card,Female,3.0,3,Grocery,1,Single,7,0,18.0,3.0,2.0,8.0,242.75,80.9167,9.0,0.0,0.2963,1.0,0
13.0,Computer,3,34.0,UPI,Male,2.0,5,Fashion,5,Married,4,0,15.0,0.0,1.0,3.0,209.32,104.66,10.0,0.0,0.2143,0.0,0
0.0,Mobile Phone,2,24.0,UPI,Male,3.0,1,Mobile Phone,5,Married,1,0,17.0,1.0,1.0,0.0,129.56,64.78,3.0,0.0,0.0,0.5,1
15.0,Mobile Phone,1,13.0,Credit Card,Male,4.0,5,Laptop & Accessory,4,Single,8,1,16.0,2.0,2.0,3.0,185.32,61.7733,20.0,2.0,0.1875,0.6667,0
4.0,Mobile Phone,1,7.0,Debit Card,Male,3.0,6,Mobile Phone,3,Divorced,5,0,22.0,2.0,2.0,3.0,163.33,54.4433,18.0,0.0,0.6,0.6667,0
8.0,Mobile Phone,1,15.0,Credit Card,Male,3.0,2,Laptop & Accessory,3,Married,4,0,13.0,2.0,2.0,3.0,169.04,56.3467,6.0,0.0,0.3333,0.6667,0
26.0,Mobile Phone,1,7.0,Debit Card,Male,4.0,5,Others,3,Divorced,2,0,15.0,2.0,12.0,10.0,324.99,24.9992,20.0,0.0,0.3704,0.1538,0
4.0,Mobile Phone,1,8.0,Credit Card,Male,4.0,4,Mobile Phone,4,Married,3,0,14.0,2.0,2.0,8.0,162.48,54.16,16.0,0.0,1.6,0.6667,0
7.0,Mobile Phone,1,13.0,Credit Card,Male,3.0,3,Mobile Phone,1,Single,2,0,13.0,0.0,1.0,0.0,129.72,64.86,9.0,0.0,0.0,0.0,0
13.0,Mobile Phone,2,9.0,Debit Card,Female,3.0,5,Laptop & Accessory,1,Married,10,0,12.0,2.0,2.0,5.0,177.04,59.0133,15.0,0.0,0.3571,0.6667,0
0.0,Mobile Phone,1,11.0,Cash on Delivery,Male,2.0,3,Mobile Phone,3,Single,2,1,13.0,0.0,2.0,2.0,134.41,44.8033,6.0,3.0,2.0,0.0,1
8.0,Computer,1,17.0,Debit Card,Male,3.0,2,Laptop & Accessory,1,Married,3,0,14.0,6.0,8.0,3.0,172.24,19.1378,6.0,0.0,0.3333,0.6667,0
4.0,Mobile Phone,3,12.0,Credit Card,Male,3.0,2,Laptop & Accessory,2,Married,5,0,22.0,3.0,5.0,7.0,154.6,25.7667,6.0,0.0,1.4,0.5,0
6.0,Mobile Phone,3,8.0,Credit Card,Male,4.0,5,Mobile Phone,4,Married,2,0,15.0,3.0,3.0,3.0,147.69,36.9225,20.0,0.0,0.4286,0.75,0
9.0,Computer,3,21.0,E wallet,Male,2.0,5,Laptop & Accessory,1,Married,2,0,24.0,5.0,11.0,11.0,154.06,12.8383,10.0,0.0,1.1,0.4167,0
19.0,Mobile Phone,1,21.0,Debit Card,Male,2.0,3,Others,4,Married,6,0,11.0,1.0,1.0,3.0,290.81,145.405,6.0,0.0,0.15,0.5,0
25.0,Computer,1,31.0,Credit Card,Female,2.0,4,Grocery,2,Divorced,4,0,22.0,0.0,2.0,0.0,238.26,79.42,8.0,0.0,0.0,0.0,0
23.0,Mobile Phone,1,8.0,Debit Card,Male,3.0,4,Grocery,3,Single,6,0,15.0,1.0,2.0,1.0,278.79,92.93,12.0,0.0,0.0417,0.3333,0
13.0,Mobile Phone,3,8.0,Debit Card,Female,3.0,3,Others,3,Married,1,0,14.0,1.0,1.0,12.0,280.41,140.205,9.0,0.0,0.8571,0.5,0
17.0,Mobile Phone,3,23.0,E wallet,Female,4.0,4,Grocery,2,Divorced,7,1,23.0,1.0,2.0,10.0,285.64,95.2133,16.0,4.0,0.5556,0.3333,0
9.0,Computer,1,7.0,Credit Card,Male,4.0,4,Mobile Phone,5,Married,6,0,14.0,1.0,2.0,3.0,146.94,48.98,16.0,0.0,0.3,0.3333,0
1.0,Mobile Phone,1,17.0,Credit Card,Male,4.0,2,Mobile Phone,3,Single,3,0,19.0,1.0,2.0,3.0,160.05,53.35,8.0,0.0,1.5,0.3333,0
7.0,Mobile Phone,1,14.0,Credit Card,Female,3.0,3,Laptop & Accessory,3,Single,4,0,11.0,1.0,4.0,3.0,161.42,32.284,9.0,0.0,0.375,0.2,0
6.0,Mobile Phone,3,8.0,Credit Card,Male,3.0,3,Laptop & Accessory,1,Married,2,0,14.0,1.0,1.0,4.0,155.05,77.525,9.0,0.0,0.5714,0.5,0
1.0,Computer,3,13.0,Debit Card,Male,2.0,3,Laptop & Accessory,5,Single,1,0,14.0,1.0,1.0,3.0,148.98,74.49,6.0,0.0,1.5,0.5,0
10.0,Computer,3,27.0,Credit Card,Female,3.0,3,Mobile Phone,1,Married,6,0,15.0,1.0,1.0,0.0,129.73,64.865,9.0,0.0,0.0,0.5,0
2.0,Mobile Phone,1,9.0,Debit Card,Male,4.0,5,Mobile Phone,4,Divorced,2,0,18.0,1.0,2.0,5.0,157.01,52.3367,20.0,0.0,1.6667,0.3333,0
26.0,Mobile Phone,3,8.0,Credit Card,Male,2.0,3,Grocery,3,Married,7,0,13.0,11.0,2.0,2.0,248.52,82.84,6.0,0.0,0.0741,3.6667,0
6.0,Computer,1,31.0,Debit Card,Male,4.0,4,Laptop & Accessory,1,Married,3,0,16.0,2.0,5.0,8.0,178.09,29.6817,16.0,0.0,1.1429,0.3333,0
9.0,Mobile Phone,1,14.0,UPI,Male,3.0,5,Mobile Phone,5,Divorced,2,1,11.0,1.0,1.0,7.0,121.19,60.595,15.0,1.0,0.7,0.5,1
10.0,Mobile Phone,3,9.0,Debit Card,Male,4.0,4,Mobile Phone,1,Single,5,1,22.0,1.0,2.0,3.0,151.44,50.48,16.0,5.0,0.2727,0.3333,0
14.0,Computer,1,28.0,Debit Card,Female,3.0,3,Laptop & Accessory,2,Married,4,1,14.0,0.0,3.0,3.0,154.67,38.6675,9.0,4.0,0.2,0.0,0
11.0,Mobile Phone,1,21.0,Debit Card,Male,3.0,4,Fashion,1,Married,1,1,14.0,2.0,2.0,3.0,215.1,71.7,12.0,5.0,0.25,0.6667,0
0.0,Mobile Phone,3,33.0,Debit Card,Male,2.0,3,Laptop & Accessory,1,Single,2,1,18.0,3.0,7.0,7.0,158.13,19.7662,6.0,5.0,7.0,0.375,1
15.0,Mobile Phone,3,10.0,Debit Card,Male,3.0,5,Laptop & Accessory,4,Married,4,0,12.0,2.0,2.0,3.0,214.38,71.46,15.0,0.0,0.1875,0.6667,0
6.0,Mobile Phone,1,20.0,Credit Card,Female,3.0,3,Mobile Phone,4,Divorced,2,0,13.0,0.0,1.0,6.0,127.56,63.78,9.0,0.0,0.8571,0.0,0
0.0,Mobile Phone,3,8.0,Credit Card,Female,3.0,3,Mobile Phone,3,Single,2,0,19.0,0.0,2.0,2.0,127.83,42.61,9.0,0.0,2.0,0.0,0
0.0,Mobile Phone,1,16.0,Credit Card,Male,3.0,2,Mobile Phone,3,Single,2,0,18.0,1.0,1.0,2.0,135.05,67.525,6.0,0.0,2.0,0.5,0
10.0,Computer,1,31.0,Debit Card,Female,3.0,4,Laptop & Accessory,4,Married,9,0,16.0,2.0,2.0,9.0,181.74,60.58,12.0,0.0,0.8182,0.6667,0
1.0,Mobile Phone,1,10.0,Credit Card,Male,4.0,4,Mobile Phone,5,Married,7,0,14.0,2.0,2.0,3.0,165.31,55.1033,16.0,0.0,1.5,0.6667,1
2.0,Mobile Phone,1,9.0,Credit Card,Male,2.0,3,Mobile Phone,5,Single,2,1,18.0,0.0,1.0,5.0,147.23,73.615,6.0,1.0,1.6667,0.0,0
16.0,Computer,1,30.0,Debit Card,Male,3.0,5,Laptop & Accessory,3,Single,3,0,13.0,4.0,4.0,8.0,168.32,33.664,15.0,0.0,0.4706,0.8,0
7.0,Mobile Phone,1,11.0,Credit Card,Female,3.0,5,Mobile Phone,4,Divorced,8,0,22.0,1.0,2.0,2.0,151.22,50.4067,15.0,0.0,0.25,0.3333,0
10.0,Mobile Phone,1,13.0,Credit Card,Male,1.0,3,Fashion,3,Single,5,0,13.0,0.0,2.0,2.0,236.64,78.88,3.0,0.0,0.1818,0.0,0
28.0,Mobile Phone,3,32.0,E wallet,Male,2.0,4,Others,1,Married,2,0,15.0,0.0,2.0,13.0,295.86,98.62,8.0,0.0,0.4483,0.0,0
12.0,Mobile Phone,1,9.0,Debit Card,Male,3.0,4,Laptop & Accessory,3,Married,11,0,15.0,2.0,2.0,1.0,190.53,63.51,12.0,0.0,0.0769,0.6667,0
0.0,Mobile Phone,1,12.0,Credit Card,Male,3.0,3,Mobile Phone,5,Single,3,0,11.0,0.0,1.0,3.0,129.6,64.8,9.0,0.0,3.0,0.0,1
0.0,Computer,3,14.0,E wallet,Female,2.0,3,Mobile Phone,2,Single,2,1,14.0,0.0,1.0,2.0,123.23,61.615,6.0,4.0,2.0,0.0,1
0.0,Mobile Phone,1,6.0,Debit Card,Female,3.0,3,Laptop & Accessory,3,Married,1,0,12.0,1.0,1.0,2.0,148.98,74.49,9.0,0.0,2.0,0.5,0
4.0,Mobile Phone,2,8.0,UPI,Male,3.0,4,Laptop & Accessory,5,Married,4,0,12.0,0.0,1.0,0.0,164.1,82.05,12.0,0.0,0.0,0.0,0
5.0,Computer,3,11.0,Debit Card,Male,2.0,3,Laptop & Accessory,4,Divorced,2,0,14.0,2.0,5.0,3.0,165.24,27.54,6.0,0.0,0.5,0.3333,0
6.0,Mobile Phone,3,14.0,E wallet,Male,4.0,4,Laptop & Accessory,1,Married,6,0,13.0,1.0,2.0,3.0,217.04,72.3467,16.0,0.0,0.4286,0.3333,0
4.0,Computer,1,30.0,Cash on Delivery,Female,1.0,3,Laptop & Accessory,1,Single,3,0,20.0,0.0,1.0,4.0,152.38,76.19,3.0,0.0,0.8,0.0,0
8.0,Computer,3,32.0,Debit Card,Female,3.0,3,Laptop & Accessory,5,Married,3,0,14.0,0.0,1.0,0.0,142.86,71.43,9.0,0.0,0.0,0.0,1
10.0,Mobile Phone,1,9.0,UPI,Female,2.0,3,Laptop & Accessory,4,Single,4,0,15.0,1.0,1.0,1.0,141.07,70.535,6.0,0.0,0.0909,0.5,0
5.0,Computer,1,8.0,Debit Card,Male,3.0,3,Mobile Phone,1,Single,1,0,13.0,1.0,3.0,6.0,130.68,32.67,9.0,0.0,1.0,0.25,0
2.0,Mobile Phone,1,29.0,Credit Card,Male,3.0,3,Mobile Phone,5,Single,1,0,13.0,0.0,1.0,3.0,139.04,69.52,9.0,0.0,1.0,0.0,1
1.0,Computer,3,26.0,E wallet,Male,4.0,2,Laptop & Accessory,1,Single,10,1,14.0,1.0,2.0,5.0,178.04,59.3467,8.0,5.0,2.5,0.3333,1
2.0,Mobile Phone,3,33.0,Debit Card,Male,3.0,5,Laptop & Accessory,5,Married,3,0,12.0,2.0,2.0,5.0,172.24,57.4133,15.0,0.0,1.6667,0.6667,0
17.0,Mobile Phone,1,14.0,Debit Card,Male,3.0,3,Mobile Phone,5,Divorced,2,1,13.0,2.0,7.0,1.0,125.59,15.6988,9.0,1.0,0.0556,0.25,0
1.0,Mobile Phone,1,26.0,UPI,Male,4.0,5,Mobile Phone,5,Married,3,0,12.0,1.0,2.0,8.0,165.66,55.22,20.0,0.0,4.0,0.3333,0
15.0,Mobile Phone,1,9.0,Debit Card,Female,3.0,1,Laptop & Accessory,2,Divorced,3,1,13.0,0.0,1.0,3.0,152.31,76.155,3.0,4.0,0.1875,0.0,0
26.0,Mobile Phone,1,11.0,UPI,Female,2.0,3,Others,3,Married,5,0,11.0,1.0,4.0,8.0,290.94,58.188,6.0,0.0,0.2963,0.2,0
5.0,Computer,1,10.0,Credit Card,Male,3.0,4,Mobile Phone,5,Married,3,1,14.0,3.0,3.0,4.0,155.65,38.9125,12.0,1.0,0.6667,0.75,0
12.0,Computer,3,14.0,Credit Card,Female,4.0,4,Mobile Phone,3,Married,4,1,12.0,2.0,8.0,8.0,151.55,16.8389,16.0,3.0,0.6154,0.2222,1
17.0,Mobile Phone,3,31.0,Debit Card,Male,4.0,4,Fashion,5,Single,8,1,14.0,1.0,3.0,3.0,229.48,57.37,16.0,1.0,0.1667,0.25,1
31.0,Mobile Phone,1,8.0,Debit Card,Male,4.0,2,Laptop & Accessory,3,Married,2,0,25.0,2.0,3.0,9.0,174.0,43.5,8.0,0.0,0.2812,0.5,0
9.0,Mobile Phone,2,12.0,UPI,Male,3.0,3,Mobile Phone,5,Married,5,1,22.0,1.0,1.0,2.0,120.73,60.365,9.0,1.0,0.2,0.5,1
1.0,Mobile Phone,3,11.0,E wallet,Male,3.0,5,Laptop & Accessory,5,Married,3,0,13.0,2.0,2.0,4.0,167.56,55.8533,15.0,0.0,2.0,0.6667,0
13.0,Mobile Phone,1,14.0,Debit Card,Male,2.0,3,Mobile Phone,1,Married,9,0,19.0,1.0,1.0,0.0,124.06,62.03,6.0,0.0,0.0,0.5,0
19.0,Mobile Phone,2,11.0,Credit Card,Male,3.0,3,Laptop & Accessory,4,Married,2,1,22.0,1.0,1.0,2.0,150.21,75.105,9.0,2.0,0.1,0.5,0
9.0,Computer,3,13.0,E wallet,Female,2.0,1,Laptop & Accessory,5,Married,3,0,16.0,5.0,6.0,13.0,146.39,20.9129,2.0,0.0,1.3,0.7143,0
13.0,Mobile Phone,3,13.0,Credit Card,Male,2.0,3,Others,4,Single,2,0,15.0,12.0,12.0,8.0,298.33,22.9485,6.0,0.0,0.5714,0.9231,0
1.0,Mobile Phone,3,30.0,Debit Card,Female,3.0,5,Fashion,5,Married,3,0,14.0,2.0,4.0,11.0,198.36,39.672,15.0,0.0,5.5,0.4,1
1.0,Mobile Phone,1,16.0,Credit Card,Male,4.0,5,Mobile Phone,3,Married,2,1,18.0,2.0,2.0,1.0,158.88,52.96,20.0,3.0,0.5,0.6667,1
14.0,Mobile Phone,3,14.0,E wallet,Female,2.0,3,Laptop & Accessory,4,Married,6,0,21.0,0.0,1.0,4.0,143.93,71.965,6.0,0.0,0.2667,0.0,0
9.0,Mobile Phone,1,29.0,Debit Card,Female,4.0,2,Fashion,4,Married,9,0,19.0,6.0,2.0,3.0,244.96,81.6533,8.0,0.0,0.3,2.0,0
7.0,Mobile Phone,1,11.0,Credit Card,Female,3.0,5,Mobile Phone,4,Divorced,10,0,12.0,1.0,2.0,3.0,163.38,54.46,15.0,0.0,0.375,0.3333,0
15.0,Mobile Phone,1,19.0,Debit Card,Male,3.0,4,Mobile Phone,1,Married,5,1,12.0,2.0,2.0,1.0,172.66,57.5533,12.0,5.0,0.0625,0.6667,0
6.0,Mobile Phone,1,9.0,Cash on Delivery,Male,4.0,4,Mobile Phone,5,Single,3,0,15.0,1.0,2.0,3.0,149.39,49.7967,16.0,0.0,0.4286,0.3333,0
1.0,Mobile Phone,1,7.0,Credit Card,Male,3.0,4,Mobile Phone,1,Married,11,1,15.0,3.0,3.0,3.0,172.87,43.2175,12.0,5.0,1.5,0.75,1
14.0,Computer,1,15.0,Credit Card,Male,3.0,5,Fashion,4,Married,4,0,12.0,1.0,5.0,9.0,262.57,43.7617,15.0,0.0,0.6,0.1667,0
7.0,Computer,1,13.0,Debit Card,Male,2.0,4,Laptop & Accessory,1,Married,5,0,24.0,4.0,5.0,8.0,202.25,33.7083,8.0,0.0,1.0,0.6667,0
0.0,Computer,1,17.0,UPI,Female,3.0,1,Laptop & Accessory,3,Married,1,0,18.0,0.0,1.0,3.0,140.11,70.055,3.0,0.0,3.0,0.0,0
11.0,Computer,3,16.0,Cash on Delivery,Female,2.0,3,Laptop & Accessory,1,Single,2,1,13.0,1.0,1.0,3.0,156.66,78.33,6.0,5.0,0.25,0.5,0
9.0,Computer,1,13.0,Cash on Delivery,Male,3.0,3,Mobile Phone,3,Married,2,0,13.0,0.0,1.0,0.0,112.74,56.37,9.0,0.0,0.0,0.0,0
8.0,Computer,1,8.0,Debit Card,Female,3.0,3,Laptop & Accessory,5,Married,3,0,11.0,0.0,1.0,0.0,150.93,75.465,9.0,0.0,0.0,0.0,0
1.0,Computer,1,10.0,Debit Card,Female,3.0,4,Mobile Phone,3,Single,3,0,13.0,3.0,8.0,8.0,165.84,18.4267,12.0,0.0,4.0,0.3333,1
1.0,Computer,1,17.0,Credit Card,Female,4.0,5,Mobile Phone,4,Single,3,1,26.0,2.0,2.0,1.0,143.59,47.8633,20.0,2.0,0.5,0.6667,1
27.0,Computer,1,26.0,Debit Card,Female,2.0,3,Laptop & Accessory,3,Single,4,0,12.0,1.0,1.0,3.0,148.69,74.345,6.0,0.0,0.1071,0.5,0
1.0,Mobile Phone,3,11.0,Credit Card,Male,2.0,3,Laptop & Accessory,5,Single,1,0,18.0,1.0,1.0,3.0,184.63,92.315,6.0,0.0,1.5,0.5,0
16.0,Mobile Phone,1,21.0,Debit Card,Male,3.0,4,Grocery,3,Married,2,0,24.0,1.0,6.0,11.0,276.03,39.4329,12.0,0.0,0.6471,0.1429,0
1.0,Mobile Phone,2,16.0,Cash on Delivery,Female,3.0,4,Mobile Phone,3,Divorced,3,0,16.0,2.0,3.0,3.0,152.42,38.105,12.0,0.0,1.5,0.5,1
23.0,Computer,1,15.0,Debit Card,Male,4.0,5,Laptop & Accessory,4,Married,3,0,24.0,1.0,2.0,8.0,176.3,58.7667,20.0,0.0,0.3333,0.3333,0
13.0,Mobile Phone,1,25.0,Credit Card,Male,3.0,3,Laptop & Accessory,1,Married,9,1,15.0,3.0,3.0,7.0,127.41,31.8525,9.0,5.0,0.5,0.75,0
22.0,Computer,1,7.0,Credit Card,Male,3.0,2,Grocery,1,Single,4,0,15.0,1.0,3.0,2.0,293.85,73.4625,6.0,0.0,0.087,0.25,0
8.0,Computer,3,17.0,E wallet,Male,2.0,3,Laptop & Accessory,2,Married,2,0,11.0,0.0,1.0,2.0,149.68,74.84,6.0,0.0,0.2222,0.0,0
6.0,Mobile Phone,1,17.0,Credit Card,Male,4.0,4,Fashion,1,Single,4,0,26.0,1.0,2.0,1.0,237.44,79.1467,16.0,0.0,0.1429,0.3333,0
18.0,Computer,1,24.0,Debit Card,Male,4.0,6,Mobile Phone,3,Single,4,0,14.0,2.0,2.0,1.0,147.9,49.3,24.0,0.0,0.0526,0.6667,0
11.0,Computer,1,14.0,Credit Card,Female,3.0,4,Mobile Phone,4,Married,5,0,14.0,0.0,1.0,5.0,124.68,62.34,12.0,0.0,0.4167,0.0,0
1.0,Mobile Phone,1,13.0,Credit Card,Female,4.0,5,Mobile Phone,3,Married,2,0,13.0,1.0,2.0,4.0,146.87,48.9567,20.0,0.0,2.0,0.3333,0
6.0,Mobile Phone,1,34.0,Debit Card,Male,3.0,3,Laptop & Accessory,3,Married,2,1,12.0,4.0,5.0,7.0,152.07,25.345,9.0,3.0,1.0,0.6667,0
4.0,Mobile Phone,1,7.0,Debit Card,Male,3.0,6,Mobile Phone,3,Married,5,0,22.0,2.0,2.0,3.0,163.33,54.4433,18.0,0.0,0.6,0.6667,0
31.0,Computer,3,35.0,E wallet,Female,4.0,5,Fashion,5,Divorced,6,0,20.0,14.0,14.0,3.0,227.66,15.1773,20.0,0.0,0.0938,0.9333,0
15.0,Mobile Phone,2,8.0,Cash on Delivery,Male,3.0,3,Mobile Phone,3,Married,1,1,11.0,1.0,1.0,0.0,126.96,63.48,9.0,3.0,0.0,0.5,0
2.0,Mobile Phone,1,25.0,Cash on Delivery,Male,2.0,3,Laptop & Accessory,2,Married,5,0,12.0,0.0,1.0,2.0,142.62,71.31,6.0,0.0,0.6667,0.0,0
23.0,Mobile Phone,1,35.0,Debit Card,Male,2.0,4,Grocery,3,Married,1,0,15.0,1.0,15.0,7.0,270.46,16.9038,8.0,0.0,0.2917,0.0625,0
11.0,Mobile Phone,1,16.0,Credit Card,Female,3.0,3,Laptop & Accessory,3,Divorced,4,0,19.0,1.0,1.0,0.0,198.24,99.12,9.0,0.0,0.0,0.5,0
9.0,Mobile Phone,1,17.0,Credit Card,Female,2.0,3,Mobile Phone,4,Married,2,0,13.0,1.0,1.0,2.0,122.44,61.22,6.0,0.0,0.2,0.5,0
1.0,Mobile Phone,3,23.0,E wallet,Female,4.0,4,Laptop & Accessory,5,Single,7,0,16.0,2.0,2.0,3.0,178.24,59.4133,16.0,0.0,1.5,0.6667,1
24.0,Mobile Phone,1,16.0,Debit Card,Male,4.0,4,Mobile Phone,1,Married,6,0,19.0,2.0,2.0,1.0,148.8,49.6,16.0,0.0,0.04,0.6667,0
31.0,Mobile Phone,1,7.0,Credit Card,Male,3.0,4,Laptop & Accessory,3,Divorced,4,0,12.0,2.0,2.0,3.0,192.55,64.1833,12.0,0.0,0.0938,0.6667,0
29.0,Mobile Phone,1,7.0,Credit Card,Male,3.0,4,Others,5,Single,2,1,15.0,4.0,5.0,14.0,315.45,52.575,12.0,1.0,0.4667,0.6667,0
15.0,Mobile Phone,1,14.0,Credit Card,Female,3.0,4,Laptop & Accessory,3,Single,8,0,15.0,2.0,3.0,2.0,175.03,43.7575,12.0,0.0,0.125,0.5,0
16.0,Mobile Phone,3,7.0,Debit Card,Male,3.0,4,Laptop & Accessory,3,Divorced,3,0,26.0,5.0,12.0,7.0,174.07,13.39,12.0,0.0,0.4118,0.3846,0
12.0,Mobile Phone,1,17.0,Credit Card,Female,4.0,4,Laptop & Accessory,3,Married,5,0,20.0,1.0,2.0,3.0,223.24,74.4133,16.0,0.0,0.2308,0.3333,0
1.0,Mobile Phone,3,28.0,E wallet,Male,3.0,2,Mobile Phone,1,Single,3,0,18.0,3.0,3.0,3.0,151.78,37.945,6.0,0.0,1.5,0.75,0
24.0,Computer,1,9.0,Credit Card,Female,2.0,4,Grocery,5,Divorced,4,0,15.0,3.0,3.0,3.0,303.56,75.89,8.0,0.0,0.12,0.75,0
19.0,Computer,1,13.0,Credit Card,Female,1.0,3,Laptop & Accessory,3,Married,3,0,14.0,1.0,1.0,0.0,152.58,76.29,3.0,0.0,0.0,0.5,0
16.0,Computer,1,6.0,Debit Card,Female,2.0,3,Laptop & Accessory,1,Married,5,0,13.0,1.0,2.0,2.0,155.62,51.8733,6.0,0.0,0.1176,0.3333,0
11.0,Mobile Phone,1,7.0,Cash on Delivery,Female,3.0,4,Fashion,2,Single,6,0,18.0,2.0,2.0,3.0,199.91,66.6367,12.0,0.0,0.25,0.6667,0
7.0,Mobile Phone,1,6.0,Debit Card,Female,3.0,1,Mobile Phone,2,Single,3,0,16.0,0.0,1.0,3.0,132.8,66.4,3.0,0.0,0.375,0.0,0
2.0,Mobile Phone,1,12.0,Credit Card,Female,3.0,3,Mobile Phone,2,Divorced,2,0,13.0,0.0,1.0,8.0,131.31,65.655,9.0,0.0,2.6667,0.0,0
28.0,Mobile Phone,1,17.0,Credit Card,Female,4.0,4,Laptop & Accessory,5,Single,8,1,20.0,1.0,2.0,5.0,169.4,56.4667,16.0,1.0,0.1724,0.3333,0
10.0,Computer,1,7.0,Credit Card,Female,3.0,5,Laptop & Accessory,3,Married,2,0,16.0,2.0,2.0,3.0,168.74,56.2467,15.0,0.0,0.2727,0.6667,0
12.0,Mobile Phone,1,25.0,Credit Card,Male,3.0,6,Laptop & Accessory,1,Married,5,1,17.0,1.0,2.0,1.0,183.11,61.0367,18.0,5.0,0.0769,0.3333,0
31.0,Mobile Phone,3,10.0,Debit Card,Female,3.0,5,Laptop & Accessory,1,Single,7,0,18.0,1.0,2.0,6.0,176.71,58.9033,15.0,0.0,0.1875,0.3333,0
17.0,Mobile Phone,1,13.0,UPI,Male,3.0,5,Grocery,2,Married,6,1,15.0,1.0,2.0,1.0,291.27,97.09,15.0,4.0,0.0556,0.3333,0
18.0,Mobile Phone,1,8.0,Credit Card,Male,3.0,4,Mobile Phone,1,Single,8,1,13.0,2.0,2.0,3.0,149.36,49.7867,12.0,5.0,0.1579,0.6667,0
16.0,Mobile Phone,1,9.0,UPI,Male,4.0,5,Laptop & Accessory,2,Single,5,0,24.0,1.0,2.0,1.0,192.81,64.27,20.0,0.0,0.0588,0.3333,0
0.0,Computer,3,8.0,Debit Card,Female,3.0,4,Mobile Phone,2,Single,8,0,14.0,0.0,1.0,0.0,127.85,63.925,12.0,0.0,0.0,0.0,1
19.0,Mobile Phone,1,19.0,Debit Card,Male,2.0,3,Laptop & Accessory,4,Single,7,0,14.0,1.0,1.0,9.0,155.62,77.81,6.0,0.0,0.45,0.5,0
21.0,Mobile Phone,3,9.0,Debit Card,Female,3.0,2,Grocery,4,Married,8,0,15.0,1.0,2.0,3.0,284.72,94.9067,6.0,0.0,0.1364,0.3333,0
13.0,Mobile Phone,1,31.0,Debit Card,Male,3.0,4,Laptop & Accessory,1,Single,9,0,14.0,1.0,2.0,8.0,166.08,55.36,12.0,0.0,0.5714,0.3333,0
0.0,Mobile Phone,1,14.0,Credit Card,Male,2.0,3,Mobile Phone,4,Married,3,1,13.0,1.0,1.0,2.0,123.73,61.865,6.0,2.0,2.0,0.5,1
17.0,Mobile Phone,3,11.0,E wallet,Male,2.0,3,Others,4,Divorced,8,0,11.0,1.0,3.0,10.0,282.13,70.5325,6.0,0.0,0.5556,0.25,0
1.0,Computer,1,18.0,Credit Card,Male,3.0,4,Laptop & Accessory,5,Divorced,3,1,14.0,3.0,4.0,4.0,172.41,34.482,12.0,1.0,2.0,0.6,0
1.0,Computer,1,23.0,Credit Card,Male,4.0,2,Mobile Phone,1,Married,3,1,14.0,1.0,2.0,1.0,154.35,51.45,8.0,5.0,0.5,0.3333,0
9.0,Computer,1,14.0,Credit Card,Female,2.0,4,Laptop & Accessory,4,Married,2,1,16.0,1.0,1.0,7.0,121.33,60.665,8.0,2.0,0.7,0.5,0
3.0,Mobile Phone,1,20.0,UPI,Male,3.0,5,Laptop & Accessory,4,Married,6,1,14.0,1.0,2.0,4.0,165.25,55.0833,15.0,2.0,1.0,0.3333,0
0.0,Mobile Phone,1,14.0,Debit Card,Female,2.0,4,Mobile Phone,5,Married,2,1,11.0,0.0,1.0,0.0,123.19,61.595,8.0,1.0,0.0,0.0,1
7.0,Mobile Phone,1,15.0,Debit Card,Male,3.0,2,Mobile Phone,5,Married,8,0,20.0,4.0,8.0,7.0,156.43,17.3811,6.0,0.0,0.875,0.4444,0
0.0,Mobile Phone,2,14.0,UPI,Male,2.0,4,Mobile Phone,5,Married,5,1,15.0,1.0,2.0,0.0,123.35,41.1167,8.0,1.0,0.0,0.3333,1
13.0,Mobile Phone,3,28.0,Debit Card,Male,3.0,5,Laptop & Accessory,2,Divorced,5,1,13.0,1.0,2.0,5.0,186.2,62.0667,15.0,4.0,0.3571,0.3333,0
31.0,Mobile Phone,1,8.0,Credit Card,Male,4.0,6,Fashion,1,Married,5,0,21.0,2.0,2.0,1.0,233.83,77.9433,24.0,0.0,0.0312,0.6667,0
12.0,Mobile Phone,1,16.0,Credit Card,Male,2.0,3,Grocery,5,Divorced,2,1,14.0,1.0,11.0,10.0,270.68,22.5567,6.0,1.0,0.7692,0.0833,0
2.0,Mobile Phone,1,9.0,Credit Card,Male,3.0,4,Fashion,3,Married,2,0,18.0,0.0,1.0,3.0,219.35,109.675,12.0,0.0,1.0,0.0,0
1.0,Mobile Phone,1,7.0,Debit Card,Female,4.0,6,Mobile Phone,4,Single,9,1,14.0,2.0,4.0,8.0,147.16,29.432,24.0,2.0,4.0,0.4,1
7.0,Mobile Phone,1,7.0,Debit Card,Female,3.0,5,Laptop & Accessory,1,Single,2,0,15.0,2.0,2.0,5.0,194.49,64.83,15.0,0.0,0.625,0.6667,0
1.0,Mobile Phone,1,12.0,Credit Card,Male,4.0,4,Mobile Phone,1,Single,3,0,19.0,1.0,3.0,3.0,156.17,39.0425,16.0,0.0,1.5,0.25,0
11.0,Mobile Phone,1,10.0,UPI,Male,3.0,4,Fashion,3,Divorced,3,0,16.0,7.0,8.0,3.0,219.34,24.3711,12.0,0.0,0.25,0.7778,0
1.0,Computer,1,31.0,Debit Card,Male,4.0,5,Mobile Phone,1,Single,3,1,25.0,2.0,2.0,1.0,149.39,49.7967,20.0,5.0,0.5,0.6667,1
6.0,Mobile Phone,1,12.0,Debit Card,Male,3.0,5,Laptop & Accessory,1,Single,10,0,25.0,1.0,2.0,3.0,221.79,73.93,15.0,0.0,0.4286,0.3333,0
6.0,Mobile Phone,1,6.0,Credit Card,Female,3.0,1,Grocery,3,Married,5,0,19.0,1.0,1.0,5.0,261.84,130.92,3.0,0.0,0.7143,0.5,0
8.0,Computer,3,5.0,Debit Card,Male,3.0,3,Fashion,5,Married,2,0,22.0,0.0,1.0,8.0,190.69,95.345,9.0,0.0,0.8889,0.0,0
0.0,Mobile Phone,1,25.0,Credit Card,Male,3.0,3,Mobile Phone,1,Married,4,0,11.0,0.0,1.0,2.0,136.69,68.345,9.0,0.0,2.0,0.0,0
29.0,Mobile Phone,1,15.0,Credit Card,Female,3.0,4,Grocery,3,Married,4,1,15.0,1.0,2.0,3.0,272.56,90.8533,12.0,3.0,0.1,0.3333,0
9.0,Mobile Phone,3,15.0,E wallet,Male,2.0,3,Fashion,1,Married,5,0,11.0,4.0,4.0,3.0,200.96,40.192,6.0,0.0,0.3,0.8,1
9.0,Mobile Phone,1,8.0,Credit Card,Male,4.0,5,Mobile Phone,5,Single,3,0,20.0,2.0,2.0,3.0,149.5,49.8333,20.0,0.0,0.3,0.6667,0
23.0,Computer,1,8.0,Credit Card,Female,1.0,3,Grocery,5,Divorced,3,0,22.0,1.0,2.0,2.0,278.56,92.8533,3.0,0.0,0.0833,0.3333,0
1.0,Mobile Phone,2,9.0,UPI,Female,3.0,4,Mobile Phone,4,Married,6,0,15.0,1.0,2.0,3.0,146.87,48.9567,12.0,0.0,1.5,0.3333,0
0.0,Mobile Phone,3,34.0,E wallet,Male,3.0,3,Laptop & Accessory,4,Divorced,2,0,20.0,1.0,1.0,4.0,162.72,81.36,9.0,0.0,4.0,0.5,0
21.0,Mobile Phone,1,9.0,UPI,Female,3.0,4,Grocery,1,Married,3,1,15.0,4.0,4.0,1.0,292.52,58.504,12.0,5.0,0.0455,0.8,0
7.0,Computer,3,29.0,E wallet,Male,4.0,4,Laptop & Accessory,4,Married,2,0,14.0,1.0,2.0,8.0,186.46,62.1533,16.0,0.0,1.0,0.3333,0
0.0,Mobile Phone,3,8.0,Credit Card,Female,2.0,1,Laptop & Accessory,3,Single,1,0,14.0,0.0,1.0,7.0,165.0,82.5,2.0,0.0,7.0,0.0,0
9.0,Computer,3,26.0,Cash on Delivery,Female,2.0,3,Mobile Phone,2,Divorced,2,0,15.0,0.0,1.0,2.0,121.57,60.785,6.0,0.0,0.2,0.0,0
18.0,Computer,1,13.0,Debit Card,Male,3.0,3,Fashion,5,Married,2,0,18.0,2.0,9.0,11.0,152.1,15.21,9.0,0.0,0.5789,0.2,0
11.0,Computer,2,14.0,UPI,Male,3.0,3,Mobile Phone,4,Married,6,0,13.0,2.0,3.0,8.0,125.92,31.48,9.0,0.0,0.6667,0.5,0
8.0,Mobile Phone,1,14.0,Credit Card,Male,3.0,4,Mobile Phone,5,Single,2,0,19.0,1.0,1.0,2.0,124.5,62.25,12.0,0.0,0.2222,0.5,0
9.0,Mobile Phone,3,17.0,E wallet,Female,3.0,4,Laptop & Accessory,1,Married,5,0,13.0,1.0,1.0,0.0,166.52,83.26,12.0,0.0,0.0,0.5,0
9.0,Computer,1,11.0,Debit Card,Male,3.0,4,Laptop & Accessory,3,Single,3,1,12.0,2.0,2.0,2.0,167.49,55.83,12.0,3.0,0.2,0.6667,0
17.0,Computer,1,28.0,Credit Card,Male,4.0,4,Mobile Phone,1,Married,9,0,21.0,2.0,2.0,3.0,147.58,49.1933,16.0,0.0,0.1667,0.6667,0
27.0,Mobile Phone,3,14.0,E wallet,Female,4.0,5,Fashion,2,Divorced,9,1,19.0,1.0,2.0,5.0,234.34,78.1133,20.0,4.0,0.1786,0.3333,0
8.0,Computer,3,17.0,Debit Card,Male,3.0,4,Laptop & Accessory,3,Married,3,1,15.0,2.0,2.0,8.0,165.01,55.0033,12.0,3.0,0.8889,0.6667,0
1.0,Computer,1,12.0,Debit Card,Female,3.0,2,Mobile Phone,3,Single,5,1,15.0,1.0,2.0,4.0,149.32,49.7733,6.0,3.0,2.0,0.3333,1
9.0,Mobile Phone,1,8.0,Debit Card,Female,3.0,1,Mobile Phone,2,Divorced,2,0,13.0,6.0,7.0,7.0,120.11,15.0138,3.0,0.0,0.7,0.75,0
0.0,Computer,2,28.0,UPI,Female,3.0,4,Mobile Phone,4,Married,2,0,12.0,1.0,1.0,0.0,128.63,64.315,12.0,0.0,0.0,0.5,1
13.0,Mobile Phone,1,8.0,Credit Card,Female,2.0,1,Laptop & Accessory,3,Married,6,0,20.0,5.0,11.0,8.0,163.77,13.6475,2.0,0.0,0.5714,0.4167,0
1.0,Mobile Phone,1,9.0,Cash on Delivery,Male,3.0,4,Mobile Phone,4,Married,3,0,12.0,1.0,2.0,3.0,147.26,49.0867,12.0,0.0,1.5,0.3333,0
20.0,Mobile Phone,3,9.0,Debit Card,Male,4.0,4,Fashion,1,Married,6,1,13.0,1.0,2.0,3.0,228.68,76.2267,16.0,5.0,0.1429,0.3333,0
0.0,Computer,1,13.0,Debit Card,Male,3.0,5,Laptop & Accessory,3,Single,2,1,24.0,1.0,1.0,6.0,160.74,80.37,15.0,3.0,6.0,0.5,1
25.0,Mobile Phone,1,6.0,Debit Card,Male,3.0,4,Others,3,Divorced,1,0,15.0,1.0,11.0,9.0,299.99,24.9992,12.0,0.0,0.3462,0.0833,0
0.0,Mobile Phone,3,10.0,Cash on Delivery,Male,2.0,3,Fashion,5,Single,1,1,22.0,3.0,4.0,7.0,195.82,39.164,6.0,1.0,7.0,0.6,1
6.0,Computer,3,13.0,Debit Card,Female,1.0,3,Laptop & Accessory,4,Divorced,1,0,17.0,1.0,1.0,2.0,143.02,71.51,3.0,0.0,0.2857,0.5,0
4.0,Mobile Phone,1,11.0,Cash on Delivery,Male,2.0,3,Mobile Phone,2,Divorced,1,1,12.0,0.0,1.0,3.0,148.21,74.105,6.0,4.0,0.6,0.0,0
23.0,Computer,1,6.0,Debit Card,Female,3.0,3,Others,4,Married,4,1,19.0,1.0,1.0,7.0,281.72,140.86,9.0,2.0,0.2917,0.5,0
2.0,Mobile Phone,1,14.0,UPI,Female,2.0,5,Laptop & Accessory,5,Married,4,0,13.0,1.0,1.0,7.0,197.15,98.575,10.0,0.0,2.3333,0.5,0
1.0,Mobile Phone,1,8.0,Credit Card,Female,3.0,4,Mobile Phone,4,Single,3,0,19.0,2.0,3.0,2.0,145.96,36.49,12.0,0.0,1.0,0.5,0
6.0,Mobile Phone,1,20.0,Credit Card,Female,3.0,3,Mobile Phone,4,Married,2,0,13.0,1.0,1.0,6.0,127.56,63.78,9.0,0.0,0.8571,0.5,0
6.0,Mobile Phone,3,15.0,Credit Card,Male,3.0,2,Laptop & Accessory,1,Married,3,0,16.0,1.0,2.0,9.0,187.09,62.3633,6.0,0.0,1.2857,0.3333,0
11.0,Mobile Phone,1,15.0,Debit Card,Male,3.0,3,Mobile Phone,1,Married,3,0,19.0,1.0,1.0,3.0,147.71,73.855,9.0,0.0,0.25,0.5,0
9.0,Mobile Phone,1,31.0,Debit Card,Male,2.0,5,Mobile Phone,3,Single,2,0,12.0,1.0,1.0,1.0,122.93,61.465,10.0,0.0,0.1,0.5,1
9.0,Mobile Phone,1,16.0,Cash on Delivery,Male,2.0,1,Mobile Phone,3,Married,3,0,16.0,2.0,2.0,2.0,120.73,40.2433,2.0,0.0,0.2,0.6667,0
0.0,Computer,3,24.0,E wallet,Female,3.0,3,Laptop & Accessory,3,Divorced,1,1,18.0,3.0,3.0,2.0,146.14,36.535,9.0,3.0,2.0,0.75,1
28.0,Mobile Phone,1,8.0,Debit Card,Female,3.0,3,Grocery,2,Single,3,1,13.0,1.0,1.0,2.0,266.59,133.295,9.0,4.0,0.069,0.5,0
12.0,Mobile Phone,1,9.0,Debit Card,Male,3.0,4,Laptop & Accessory,3,Divorced,11,0,15.0,1.0,2.0,1.0,190.53,63.51,12.0,0.0,0.0769,0.3333,0
11.0,Mobile Phone,1,13.0,Credit Card,Male,3.0,3,Laptop & Accessory,5,Married,6,1,14.0,3.0,7.0,8.0,184.74,23.0925,9.0,1.0,0.6667,0.375,0
9.0,Mobile Phone,3,22.0,E wallet,Female,3.0,4,Laptop & Accessory,5,Married,5,0,13.0,1.0,1.0,2.0,156.47,78.235,12.0,0.0,0.2,0.5,0
16.0,Computer,1,15.0,Debit Card,Male,4.0,4,Others,1,Married,3,0,15.0,6.0,15.0,10.0,309.3,19.3312,16.0,0.0,0.5882,0.375,0
1.0,Mobile Phone,1,9.0,Debit Card,Female,3.0,4,Laptop & Accessory,1,Married,2,0,19.0,3.0,3.0,3.0,167.27,41.8175,12.0,0.0,1.5,0.75,0
28.0,Mobile Phone,1,17.0,Credit Card,Female,4.0,4,Laptop & Accessory,5,Single,8,1,20.0,1.0,2.0,5.0,169.4,56.4667,16.0,1.0,0.1724,0.3333,0
10.0,Computer,1,14.0,Credit Card,Male,2.0,3,Mobile Phone,2,Divorced,2,1,12.0,0.0,1.0,2.0,123.26,61.63,6.0,4.0,0.1818,0.0,0
19.0,Mobile Phone,3,8.0,Cash on Delivery,Female,3.0,5,Grocery,4,Divorced,4,1,12.0,1.0,7.0,7.0,268.72,33.59,15.0,2.0,0.35,0.125,0
0.0,Computer,3,25.0,E wallet,Male,3.0,2,Laptop & Accessory,2,Single,9,1,13.0,1.0,1.0,4.0,153.04,76.52,6.0,4.0,4.0,0.5,1
1.0,Computer,1,21.0,Credit Card,Female,3.0,4,Mobile Phone,3,Single,3,0,17.0,2.0,2.0,1.0,140.14,46.7133,12.0,0.0,0.5,0.6667,0
14.0,Mobile Phone,3,17.0,E wallet,Male,4.0,5,Fashion,4,Married,4,0,13.0,1.0,2.0,3.0,222.05,74.0167,20.0,0.0,0.2,0.3333,0
23.0,Mobile Phone,1,7.0,Cash on Delivery,Female,3.0,5,Grocery,3,Single,9,1,13.0,1.0,2.0,8.0,264.64,88.2133,15.0,3.0,0.3333,0.3333,0
11.0,Mobile Phone,3,13.0,Credit Card,Female,2.0,2,Laptop & Accessory,5,Married,2,1,24.0,0.0,7.0,7.0,156.05,19.5062,4.0,1.0,0.5833,0.0,0
8.0,Computer,3,32.0,Debit Card,Female,3.0,3,Laptop & Accessory,5,Divorced,3,0,14.0,0.0,1.0,0.0,142.86,71.43,9.0,0.0,0.0,0.0,1
10.0,Mobile Phone,1,17.0,Cash on Delivery,Female,4.0,4,Fashion,3,Divorced,5,0,13.0,1.0,2.0,8.0,195.94,65.3133,16.0,0.0,0.7273,0.3333,0
1.0,Mobile Phone,1,7.0,Debit Card,Female,4.0,4,Laptop & Accessory,3,Married,2,0,13.0,2.0,2.0,3.0,173.98,57.9933,16.0,0.0,1.5,0.6667,0
6.0,Computer,1,10.0,Cash on Delivery,Male,3.0,3,Laptop & Accessory,4,Married,6,0,15.0,0.0,1.0,7.0,130.55,65.275,9.0,0.0,1.0,0.0,0
1.0,Computer,3,12.0,E wallet,Male,4.0,4,Mobile Phone,4,Single,3,1,15.0,2.0,2.0,1.0,143.78,47.9267,16.0,2.0,0.5,0.6667,1
7.0,Computer,3,9.0,E wallet,Female,4.0,4,Laptop & Accessory,4,Single,10,0,16.0,1.0,2.0,8.0,176.47,58.8233,16.0,0.0,1.0,0.3333,0
2.0,Mobile Phone,1,15.0,UPI,Male,1.0,4,Mobile Phone,1,Single,1,0,17.0,1.0,2.0,2.0,139.83,46.61,4.0,0.0,0.6667,0.3333,0
8.0,Computer,1,8.0,Credit Card,Male,4.0,4,Mobile Phone,4,Married,3,1,13.0,3.0,3.0,4.0,148.42,37.105,16.0,2.0,0.4444,0.75,1
6.0,Mobile Phone,3,14.0,Debit Card,Male,2.0,3,Laptop & Accessory,5,Married,3,0,13.0,2.0,2.0,2.0,163.92,54.64,6.0,0.0,0.2857,0.6667,0
1.0,Mobile Phone,1,11.0,Debit Card,Female,4.0,4,Mobile Phone,3,Single,3,0,20.0,1.0,2.0,1.0,148.18,49.3933,16.0,0.0,0.5,0.3333,0
1.0,Mobile Phone,3,34.0,Debit Card,Male,3.0,4,Laptop & Accessory,1,Single,3,1,19.0,4.0,8.0,8.0,183.13,20.3478,12.0,5.0,4.0,0.4444,1
23.0,Computer,1,8.0,Debit Card,Male,3.0,3,Grocery,5,Married,2,0,11.0,1.0,14.0,7.0,279.24,18.616,9.0,0.0,0.2917,0.0667,0
13.0,Mobile Phone,3,34.0,E wallet,Male,2.0,4,Fashion,5,Married,5,1,13.0,2.0,2.0,0.0,208.54,69.5133,8.0,1.0,0.0,0.6667,1
8.0,Computer,1,29.0,UPI,Male,3.0,5,Laptop & Accessory,1,Married,3,1,16.0,4.0,7.0,12.0,182.47,22.8088,15.0,5.0,1.3333,0.5,0
8.0,Mobile Phone,3,24.0,Credit Card,Female,2.0,3,Laptop & Accessory,3,Married,2,0,16.0,1.0,1.0,0.0,146.01,73.005,6.0,0.0,0.0,0.5,0
29.0,Mobile Phone,2,14.0,Debit Card,Male,2.0,3,Others,4,Single,7,0,15.0,1.0,7.0,7.0,297.17,37.1462,6.0,0.0,0.2333,0.125,0
19.0,Computer,3,9.0,Debit Card,Female,4.0,4,Laptop & Accessory,3,Married,6,0,23.0,4.0,6.0,8.0,176.54,25.22,16.0,0.0,0.4,0.5714,0
1.0,Computer,1,12.0,Debit Card,Male,3.0,3,Laptop & Accessory,5,Married,3,0,13.0,2.0,2.0,6.0,165.0,55.0,9.0,0.0,3.0,0.6667,0
9.0,Computer,1,9.0,Cash on Delivery,Male,2.0,3,Mobile Phone,4,Divorced,2,0,12.0,1.0,1.0,7.0,136.92,68.46,6.0,0.0,0.7,0.5,0
10.0,Mobile Phone,1,16.0,Debit Card,Female,2.0,1,Fashion,1,Married,2,1,25.0,5.0,2.0,8.0,237.44,79.1467,2.0,5.0,0.7273,1.6667,0
2.0,Mobile Phone,1,25.0,Cash on Delivery,Male,2.0,3,Laptop & Accessory,1,Married,5,0,12.0,1.0,1.0,2.0,142.62,71.31,6.0,0.0,0.6667,0.5,0
13.0,Computer,1,15.0,Credit Card,Female,2.0,3,Fashion,3,Single,10,0,17.0,0.0,2.0,13.0,234.99,78.33,6.0,0.0,0.9286,0.0,0
4.0,Mobile Phone,3,14.0,E wallet,Male,3.0,4,Mobile Phone,4,Single,2,0,15.0,1.0,2.0,3.0,154.83,51.61,12.0,0.0,0.6,0.3333,0
23.0,Mobile Phone,1,7.0,Cash on Delivery,Female,3.0,5,Grocery,3,Single,9,1,13.0,1.0,2.0,8.0,264.64,88.2133,15.0,3.0,0.3333,0.3333,0
6.0,Mobile Phone,1,11.0,Debit Card,Female,4.0,5,Laptop & Accessory,3,Married,3,0,13.0,6.0,7.0,9.0,186.62,23.3275,20.0,0.0,1.2857,0.75,0
12.0,Mobile Phone,1,17.0,Credit Card,Female,4.0,6,Fashion,3,Married,5,0,13.0,1.0,2.0,12.0,257.06,85.6867,24.0,0.0,0.9231,0.3333,0
13.0,Mobile Phone,1,30.0,Cash on Delivery,Male,3.0,3,Laptop & Accessory,1,Married,2,0,17.0,2.0,4.0,7.0,133.19,26.638,9.0,0.0,0.5,0.4,0
19.0,Mobile Phone,1,27.0,Credit Card,Male,4.0,6,Fashion,5,Married,4,1,19.0,1.0,2.0,8.0,233.51,77.8367,24.0,1.0,0.4,0.3333,0
3.0,Computer,1,9.0,Debit Card,Female,4.0,4,Mobile Phone,4,Divorced,2,0,14.0,1.0,2.0,3.0,156.8,52.2667,16.0,0.0,0.75,0.3333,0
5.0,Mobile Phone,3,14.0,Cash on Delivery,Female,3.0,4,Laptop & Accessory,4,Married,2,1,11.0,11.0,11.0,9.0,152.28,12.69,12.0,2.0,1.5,0.9167,0
10.0,Mobile Phone,1,16.0,Credit Card,Female,3.0,3,Mobile Phone,5,Married,7,0,20.0,1.0,1.0,3.0,134.52,67.26,9.0,0.0,0.2727,0.5,0
8.0,Mobile Phone,1,16.0,Credit Card,Female,2.0,3,Laptop & Accessory,3,Single,4,1,16.0,0.0,1.0,4.0,161.42,80.71,6.0,3.0,0.4444,0.0,0
13.0,Mobile Phone,1,14.0,Debit Card,Male,2.0,3,Mobile Phone,1,Married,9,0,19.0,0.0,1.0,0.0,124.06,62.03,6.0,0.0,0.0,0.0,0
15.0,Mobile Phone,3,7.0,E wallet,Male,3.0,3,Fashion,5,Divorced,3,0,17.0,2.0,2.0,8.0,208.92,69.64,9.0,0.0,0.5,0.6667,0
3.0,Computer,1,8.0,Debit Card,Male,4.0,2,Laptop & Accessory,3,Single,10,1,13.0,2.0,2.0,3.0,187.94,62.6467,8.0,3.0,0.75,0.6667,0
6.0,Computer,1,7.0,Debit Card,Male,4.0,4,Mobile Phone,1,Married,2,0,13.0,2.0,2.0,3.0,148.14,49.38,16.0,0.0,0.4286,0.6667,0
5.0,Computer,3,27.0,Debit Card,Male,4.0,2,Mobile Phone,1,Married,2,0,13.0,3.0,3.0,3.0,152.91,38.2275,8.0,0.0,0.5,0.75,0
4.0,Mobile Phone,1,15.0,Debit Card,Male,2.0,3,Fashion,4,Married,2,0,25.0,1.0,1.0,8.0,206.48,103.24,6.0,0.0,1.6,0.5,0
0.0,Mobile Phone,1,14.0,Credit Card,Male,2.0,3,Mobile Phone,4,Married,3,1,13.0,1.0,1.0,2.0,123.73,61.865,6.0,2.0,2.0,0.5,1
0.0,Mobile Phone,1,14.0,Credit Card,Female,3.0,3,Mobile Phone,5,Married,2,1,17.0,0.0,1.0,0.0,123.98,61.99,9.0,1.0,0.0,0.0,1
10.0,Mobile Phone,1,9.0,Credit Card,Male,4.0,4,Mobile Phone,3,Single,6,0,22.0,3.0,4.0,10.0,150.19,30.038,16.0,0.0,0.9091,0.6,0
19.0,Mobile Phone,3,9.0,Cash on Delivery,Female,2.0,1,Grocery,5,Married,3,0,12.0,1.0,2.0,8.0,232.25,77.4167,2.0,0.0,0.4,0.3333,0
23.0,Mobile Phone,1,14.0,Debit Card,Male,3.0,3,Mobile Phone,1,Married,5,0,18.0,1.0,1.0,0.0,123.8,61.9,9.0,0.0,0.0,0.5,0
17.0,Computer,1,14.0,Credit Card,Male,3.0,2,Mobile Phone,1,Married,6,0,15.0,2.0,3.0,3.0,145.89,36.4725,6.0,0.0,0.1667,0.5,0
7.0,Mobile Phone,1,21.0,Credit Card,Female,3.0,3,Fashion,2,Divorced,2,0,11.0,0.0,1.0,5.0,179.78,89.89,9.0,0.0,0.625,0.0,1
6.0,Computer,3,16.0,Credit Card,Male,3.0,6,Laptop & Accessory,1,Married,2,0,18.0,1.0,2.0,8.0,171.68,57.2267,18.0,0.0,1.1429,0.3333,0
13.0,Computer,3,11.0,Debit Card,Male,2.0,4,Fashion,5,Married,6,1,21.0,0.0,1.0,12.0,204.75,102.375,8.0,1.0,0.8571,0.0,0
27.0,Mobile Phone,1,13.0,Debit Card,Male,3.0,4,Laptop & Accessory,1,Single,4,0,18.0,3.0,3.0,3.0,149.5,37.375,12.0,0.0,0.1071,0.75,0
0.0,Mobile Phone,1,14.0,Credit Card,Male,2.0,3,Mobile Phone,4,Married,2,1,17.0,0.0,1.0,0.0,124.08,62.04,6.0,2.0,0.0,0.0,1
12.0,Computer,1,30.0,Debit Card,Male,3.0,5,Fashion,3,Single,2,0,22.0,2.0,2.0,3.0,220.26,73.42,15.0,0.0,0.2308,0.6667,0
15.0,Computer,1,29.0,Debit Card,Female,4.0,4,Laptop & Accessory,1,Married,5,1,15.0,3.0,4.0,4.0,179.67,35.934,16.0,5.0,0.25,0.6,0
13.0,Mobile Phone,2,9.0,Debit Card,Female,3.0,5,Laptop & Accessory,2,Divorced,10,0,12.0,1.0,2.0,5.0,177.04,59.0133,15.0,0.0,0.3571,0.3333,0
0.0,Mobile Phone,1,9.0,Debit Card,Female,2.0,3,Laptop & Accessory,3,Divorced,1,1,19.0,1.0,1.0,2.0,141.71,70.855,6.0,3.0,2.0,0.5,1
14.0,Mobile Phone,3,17.0,Cash on Delivery,Female,3.0,5,Laptop & Accessory,4,Married,9,0,13.0,2.0,2.0,4.0,193.52,64.5067,15.0,0.0,0.2667,0.6667,0
6.0,Computer,1,14.0,Debit Card,Male,4.0,3,Mobile Phone,4,Divorced,3,0,21.0,1.0,2.0,4.0,152.94,50.98,12.0,0.0,0.5714,0.3333,0
21.0,Mobile Phone,3,9.0,Debit Card,Female,4.0,5,Mobile Phone,2,Single,3,1,19.0,2.0,2.0,3.0,157.94,52.6467,20.0,4.0,0.1364,0.6667,0
18.0,Mobile Phone,3,35.0,Credit Card,Female,3.0,2,Grocery,2,Divorced,5,1,19.0,2.0,2.0,12.0,258.2,86.0667,6.0,4.0,0.6316,0.6667,0
0.0,Computer,3,9.0,Credit Card,Female,3.0,1,Laptop & Accessory,1,Married,2,1,20.0,1.0,1.0,4.0,146.47,73.235,3.0,5.0,4.0,0.5,0
0.0,Mobile Phone,3,15.0,Debit Card,Male,3.0,3,Mobile Phone,5,Single,2,0,11.0,0.0,1.0,2.0,127.28,63.64,9.0,0.0,2.0,0.0,0
21.0,Mobile Phone,3,11.0,Debit Card,Female,3.0,4,Laptop & Accessory,2,Single,3,1,18.0,2.0,2.0,8.0,166.63,55.5433,12.0,4.0,0.3636,0.6667,0
12.0,Mobile Phone,3,8.0,Debit Card,Male,2.0,1,Fashion,3,Single,1,0,18.0,0.0,1.0,7.0,178.8,89.4,2.0,0.0,0.5385,0.0,0
0.0,Mobile Phone,3,11.0,E wallet,Male,2.0,3,Others,3,Married,7,0,13.0,1.0,1.0,0.0,283.03,141.515,6.0,0.0,0.0,0.5,0
6.0,Computer,1,14.0,Debit Card,Male,4.0,2,Mobile Phone,4,Married,3,0,21.0,1.0,2.0,4.0,152.94,50.98,8.0,0.0,0.5714,0.3333,0
2.0,Mobile Phone,1,15.0,Debit Card,Female,4.0,4,Mobile Phone,1,Single,3,0,22.0,2.0,2.0,3.0,158.1,52.7,16.0,0.0,1.0,0.6667,0
30.0,Mobile Phone,2,15.0,Debit Card,Male,4.0,4,Others,4,Single,8,0,15.0,3.0,8.0,8.0,322.17,35.7967,16.0,0.0,0.2581,0.3333,0
9.0,Mobile Phone,3,10.0,Debit Card,Male,4.0,4,Fashion,1,Married,8,0,14.0,1.0,2.0,9.0,203.23,67.7433,16.0,0.0,0.9,0.3333,0
1.0,Mobile Phone,3,28.0,E wallet,Male,3.0,2,Mobile Phone,2,Single,3,0,18.0,1.0,3.0,3.0,151.78,37.945,6.0,0.0,1.5,0.25,0
0.0,Mobile Phone,1,8.0,Credit Card,Male,2.0,3,Mobile Phone,3,Single,7,0,17.0,2.0,2.0,1.0,143.82,47.94,6.0,0.0,1.0,0.6667,1
14.0,Mobile Phone,3,9.0,E wallet,Female,4.0,4,Laptop & Accessory,4,Married,5,0,15.0,2.0,6.0,11.0,181.77,25.9671,16.0,0.0,0.7333,0.2857,0
8.0,Mobile Phone,3,8.0,E wallet,Female,3.0,5,Others,4,Single,3,1,16.0,1.0,1.0,11.0,288.24,144.12,15.0,2.0,1.2222,0.5,1
1.0,Mobile Phone,1,7.0,Credit Card,Male,3.0,4,Mobile Phone,4,Married,3,0,12.0,1.0,2.0,5.0,163.16,54.3867,12.0,0.0,2.5,0.3333,0
21.0,Mobile Phone,1,11.0,Debit Card,Female,4.0,5,Fashion,4,Married,10,1,13.0,6.0,15.0,3.0,228.33,14.2706,20.0,2.0,0.1364,0.375,0
8.0,Mobile Phone,3,7.0,Cash on Delivery,Male,4.0,5,Fashion,3,Divorced,3,1,15.0,8.0,9.0,7.0,195.83,19.583,20.0,3.0,0.7778,0.8,0
10.0,Computer,3,10.0,Credit Card,Male,3.0,5,Fashion,2,Divorced,6,0,12.0,1.0,2.0,3.0,221.99,73.9967,15.0,0.0,0.2727,0.3333,0
0.0,Computer,1,13.0,Debit Card,Female,3.0,3,Mobile Phone,3,Married,2,1,16.0,0.0,1.0,2.0,128.86,64.43,9.0,3.0,2.0,0.0,1
21.0,Mobile Phone,2,33.0,Debit Card,Female,4.0,4,Others,3,Married,5,0,15.0,2.0,2.0,1.0,321.58,107.1933,16.0,0.0,0.0455,0.6667,0
19.0,Mobile Phone,1,8.0,Credit Card,Male,2.0,3,Others,1,Married,8,1,15.0,2.0,2.0,2.0,293.28,97.76,6.0,5.0,0.1,0.6667,0
10.0,Mobile Phone,3,16.0,E wallet,Male,3.0,4,Fashion,1,Married,6,0,12.0,5.0,5.0,3.0,225.96,37.66,12.0,0.0,0.2727,0.8333,1
25.0,Mobile Phone,1,10.0,Cash on Delivery,Female,3.0,4,Fashion,3,Married,4,0,12.0,3.0,2.0,3.0,256.16,85.3867,12.0,0.0,0.1154,1.0,0
1.0,Mobile Phone,3,15.0,UPI,Female,3.0,4,Laptop & Accessory,3,Married,2,1,23.0,1.0,2.0,5.0,174.07,58.0233,12.0,3.0,2.5,0.3333,0
0.0,Computer,3,14.0,E wallet,Female,2.0,3,Mobile Phone,1,Single,2,1,14.0,1.0,1.0,2.0,123.23,61.615,6.0,5.0,2.0,0.5,1
9.0,Mobile Phone,3,7.0,Credit Card,Male,3.0,4,Mobile Phone,4,Married,1,0,14.0,2.0,2.0,2.0,122.69,40.8967,12.0,0.0,0.2,0.6667,0
0.0,Computer,1,35.0,Credit Card,Female,2.0,4,Laptop & Accessory,3,Single,2,0,22.0,3.0,3.0,8.0,145.08,36.27,8.0,0.0,8.0,0.75,1
19.0,Mobile Phone,1,20.0,Debit Card,Female,3.0,3,Mobile Phone,4,Married,10,1,18.0,3.0,4.0,3.0,149.63,29.926,9.0,2.0,0.15,0.6,1
1.0,Mobile Phone,3,15.0,Cash on Delivery,Male,3.0,5,Laptop & Accessory,5,Single,8,0,18.0,2.0,2.0,3.0,178.26,59.42,15.0,0.0,1.5,0.6667,1
14.0,Mobile Phone,1,8.0,Debit Card,Male,4.0,4,Grocery,5,Married,4,0,15.0,3.0,12.0,17.0,293.23,22.5562,16.0,0.0,1.1333,0.2308,0
19.0,Mobile Phone,1,14.0,Cash on Delivery,Male,3.0,3,Mobile Phone,3,Married,9,0,11.0,6.0,9.0,8.0,123.39,12.339,9.0,0.0,0.4,0.6,1
7.0,Computer,1,30.0,Debit Card,Female,4.0,4,Fashion,1,Single,3,1,13.0,4.0,2.0,13.0,259.58,86.5267,16.0,5.0,1.625,1.3333,0
4.0,Mobile Phone,1,26.0,Debit Card,Male,2.0,3,Laptop & Accessory,3,Married,2,0,11.0,0.0,1.0,2.0,141.97,70.985,6.0,0.0,0.4,0.0,0
13.0,Mobile Phone,3,16.0,Cash on Delivery,Female,2.0,4,Laptop & Accessory,4,Married,8,0,12.0,1.0,1.0,3.0,168.52,84.26,8.0,0.0,0.2143,0.5,0
9.0,Mobile Phone,1,23.0,UPI,Male,3.0,4,Mobile Phone,4,Married,2,0,21.0,1.0,1.0,0.0,121.27,60.635,12.0,0.0,0.0,0.5,0
9.0,Mobile Phone,1,28.0,Debit Card,Female,2.0,3,Mobile Phone,3,Divorced,5,1,11.0,0.0,1.0,1.0,121.32,60.66,6.0,3.0,0.1,0.0,1
1.0,Computer,3,7.0,Cash on Delivery,Female,4.0,5,Mobile Phone,4,Single,3,1,12.0,2.0,2.0,3.0,146.74,48.9133,20.0,2.0,1.5,0.6667,1
1.0,Computer,1,18.0,Credit Card,Male,3.0,4,Laptop & Accessory,5,Married,3,1,14.0,2.0,4.0,4.0,172.41,34.482,12.0,1.0,2.0,0.4,0
7.0,Mobile Phone,2,9.0,UPI,Male,3.0,4,Mobile Phone,3,Divorced,3,0,14.0,1.0,2.0,5.0,161.0,53.6667,12.0,0.0,0.625,0.3333,0
17.0,Mobile Phone,1,15.0,Debit Card,Female,3.0,4,Laptop & Accessory,4,Married,6,0,22.0,2.0,2.0,1.0,172.65,57.55,12.0,0.0,0.0556,0.6667,0
7.0,Mobile Phone,1,22.0,Credit Card,Female,4.0,4,Laptop & Accessory,1,Married,2,1,14.0,6.0,9.0,2.0,37.0,3.7,16.0,5.0,0.25,0.6,0
28.0,Mobile Phone,1,8.0,Debit Card,Female,3.0,3,Grocery,1,Single,3,1,13.0,1.0,1.0,2.0,266.59,133.295,9.0,5.0,0.069,0.5,0
0.0,Computer,1,14.0,Credit Card,Male,3.0,3,Mobile Phone,1,Single,2,0,20.0,0.0,5.0,7.0,125.7,20.95,9.0,0.0,7.0,0.0,0
20.0,Computer,3,33.0,Debit Card,Male,4.0,5,Laptop & Accessory,4,Single,10,0,16.0,2.0,3.0,3.0,204.91,51.2275,20.0,0.0,0.1429,0.5,0
12.0,Mobile Phone,3,12.0,Credit Card,Male,2.0,1,Fashion,3,Married,3,0,11.0,4.0,7.0,6.0,182.37,22.7962,2.0,0.0,0.4615,0.5,0
9.0,Mobile Phone,1,14.0,Debit Card,Female,2.0,4,Mobile Phone,4,Single,2,0,12.0,0.0,1.0,0.0,112.61,56.305,8.0,0.0,0.0,0.0,1
5.0,Mobile Phone,2,15.0,Credit Card,Female,4.0,2,Mobile Phone,4,Single,11,0,19.0,1.0,2.0,3.0,146.09,48.6967,8.0,0.0,0.5,0.3333,0
18.0,Computer,1,6.0,Debit Card,Male,3.0,4,Fashion,3,Married,4,0,23.0,3.0,14.0,4.0,207.48,13.832,12.0,0.0,0.2105,0.2,0
9.0,Mobile Phone,1,13.0,Debit Card,Male,3.0,6,Laptop & Accessory,1,Single,3,0,14.0,1.0,12.0,9.0,191.46,14.7277,18.0,0.0,0.9,0.0769,0
1.0,Mobile Phone,1,7.0,Debit Card,Male,3.0,5,Laptop & Accessory,1,Married,8,0,23.0,3.0,3.0,3.0,172.75,43.1875,15.0,0.0,1.5,0.75,0
13.0,Mobile Phone,1,14.0,Credit Card,Female,2.0,4,Mobile Phone,2,Single,1,1,20.0,2.0,2.0,3.0,123.42,41.14,8.0,4.0,0.2143,0.6667,0
1.0,Mobile Phone,1,14.0,UPI,Male,4.0,2,Mobile Phone,5,Single,2,0,13.0,2.0,2.0,8.0,160.78,53.5933,8.0,0.0,4.0,0.6667,0
29.0,Mobile Phone,1,29.0,Cash on Delivery,Male,4.0,5,Mobile Phone,4,Married,7,0,13.0,2.0,2.0,3.0,160.37,53.4567,20.0,0.0,0.1,0.6667,0
1.0,Mobile Phone,1,26.0,Credit Card,Male,4.0,4,Mobile Phone,1,Married,3,0,25.0,3.0,3.0,3.0,148.23,37.0575,16.0,0.0,1.5,0.75,0
1.0,Mobile Phone,1,18.0,Debit Card,Male,4.0,4,Mobile Phone,5,Married,2,0,15.0,2.0,2.0,5.0,145.99,48.6633,16.0,0.0,2.5,0.6667,0
6.0,Computer,3,15.0,E wallet,Female,3.0,4,Fashion,2,Single,3,0,15.0,3.0,4.0,3.0,214.98,42.996,12.0,0.0,0.4286,0.6,0
0.0,Mobile Phone,3,9.0,UPI,Female,2.0,3,Laptop & Accessory,3,Married,1,0,21.0,0.0,1.0,2.0,149.99,74.995,6.0,0.0,2.0,0.0,0
15.0,Mobile Phone,3,9.0,Debit Card,Female,4.0,4,Grocery,5,Divorced,9,0,17.0,1.0,12.0,9.0,290.95,22.3808,16.0,0.0,0.5625,0.0769,0
8.0,Mobile Phone,3,10.0,Credit Card,Female,4.0,5,Laptop & Accessory,1,Married,5,1,13.0,1.0,2.0,2.0,206.03,68.6767,20.0,5.0,0.2222,0.3333,0
10.0,Mobile Phone,3,16.0,E wallet,Male,3.0,4,Fashion,1,Married,6,0,12.0,1.0,5.0,3.0,225.96,37.66,12.0,0.0,0.2727,0.1667,1
6.0,Mobile Phone,3,20.0,Debit Card,Male,4.0,4,Laptop & Accessory,2,Married,4,0,12.0,1.0,2.0,4.0,169.03,56.3433,16.0,0.0,0.5714,0.3333,0
9.0,Mobile Phone,1,11.0,Debit Card,Male,3.0,3,Laptop & Accessory,4,Single,9,0,16.0,2.0,3.0,7.0,159.14,39.785,9.0,0.0,0.7,0.5,0
0.0,Mobile Phone,1,9.0,Debit Card,Female,2.0,3,Laptop & Accessory,3,Married,1,1,19.0,1.0,1.0,2.0,141.71,70.855,6.0,3.0,2.0,0.5,1
23.0,Mobile Phone,1,25.0,Debit Card,Male,3.0,5,Others,3,Married,3,1,15.0,2.0,2.0,10.0,320.02,106.6733,15.0,3.0,0.4167,0.6667,0
15.0,Mobile Phone,3,15.0,E wallet,Female,3.0,4,Laptop & Accessory,4,Married,7,0,22.0,2.0,2.0,5.0,168.93,56.31,12.0,0.0,0.3125,0.6667,0
21.0,Mobile Phone,1,7.0,Cash on Delivery,Male,4.0,4,Mobile Phone,2,Divorced,9,0,13.0,2.0,2.0,3.0,159.2,53.0667,16.0,0.0,0.1364,0.6667,0
2.0,Mobile Phone,1,8.0,Debit Card,Male,4.0,5,Mobile Phone,3,Married,3,0,15.0,1.0,2.0,1.0,140.63,46.8767,20.0,0.0,0.3333,0.3333,0
20.0,Mobile Phone,3,10.0,Debit Card,Female,3.0,4,Grocery,4,Divorced,10,0,13.0,1.0,6.0,2.0,291.06,41.58,12.0,0.0,0.0952,0.1429,0
14.0,Mobile Phone,1,9.0,Credit Card,Female,4.0,5,Laptop & Accessory,3,Divorced,8,0,23.0,2.0,2.0,1.0,159.48,53.16,20.0,0.0,0.0667,0.6667,0
3.0,Mobile Phone,3,10.0,Credit Card,Female,3.0,4,Laptop & Accessory,3,Married,6,1,19.0,2.0,2.0,1.0,177.38,59.1267,12.0,3.0,0.25,0.6667,1
14.0,Mobile Phone,1,9.0,Debit Card,Male,4.0,4,Laptop & Accessory,2,Single,3,0,14.0,4.0,9.0,9.0,171.61,17.161,16.0,0.0,0.6,0.4,0
7.0,Computer,3,10.0,E wallet,Female,3.0,3,Laptop & Accessory,3,Married,10,0,15.0,0.0,1.0,2.0,165.38,82.69,9.0,0.0,0.25,0.0,0
7.0,Mobile Phone,3,9.0,Credit Card,Female,3.0,4,Laptop & Accessory,1,Married,4,1,12.0,0.0,1.0,1.0,181.03,90.515,12.0,5.0,0.125,0.0,0
19.0,Mobile Phone,3,16.0,E wallet,Female,3.0,4,Fashion,2,Divorced,3,1,19.0,1.0,1.0,2.0,190.71,95.355,12.0,4.0,0.1,0.5,0
0.0,Computer,3,14.0,E wallet,Male,2.0,3,Laptop & Accessory,1,Married,1,0,19.0,1.0,1.0,1.0,143.42,71.71,6.0,0.0,1.0,0.5,0
19.0,Computer,1,24.0,Credit Card,Female,2.0,3,Fashion,3,Divorced,6,0,11.0,1.0,1.0,2.0,205.27,102.635,6.0,0.0,0.1,0.5,0
1.0,Mobile Phone,3,14.0,Debit Card,Male,3.0,4,Mobile Phone,1,Married,3,1,22.0,2.0,2.0,3.0,147.75,49.25,12.0,5.0,1.5,0.6667,1
6.0,Computer,1,26.0,Credit Card,Male,3.0,2,Mobile Phone,3,Married,8,1,13.0,1.0,3.0,3.0,152.59,38.1475,6.0,3.0,0.4286,0.25,1
5.0,Mobile Phone,1,16.0,Debit Card,Male,3.0,5,Mobile Phone,4,Single,2,1,17.0,2.0,3.0,3.0,151.57,37.8925,15.0,2.0,0.5,0.5,0
9.0,Computer,1,13.0,Cash on Delivery,Male,3.0,3,Mobile Phone,3,Married,2,0,13.0,0.0,1.0,0.0,112.74,56.37,9.0,0.0,0.0,0.0,0
26.0,Mobile Phone,1,9.0,Debit Card,Female,3.0,5,Mobile Phone,2,Single,9,0,16.0,1.0,3.0,3.0,157.12,39.28,15.0,0.0,0.1111,0.25,0
0.0,Mobile Phone,1,11.0,Cash on Delivery,Male,2.0,4,Fashion,2,Married,2,1,16.0,0.0,1.0,3.0,228.08,114.04,8.0,4.0,3.0,0.0,0
17.0,Mobile Phone,1,34.0,Cash on Delivery,Male,3.0,2,Mobile Phone,4,Married,7,0,13.0,2.0,2.0,3.0,173.76,57.92,6.0,0.0,0.1667,0.6667,0
7.0,Computer,1,6.0,Credit Card,Male,3.0,4,Laptop & Accessory,5,Single,1,0,20.0,1.0,4.0,9.0,153.43,30.686,12.0,0.0,1.125,0.2,0
7.0,Mobile Phone,1,7.0,Credit Card,Female,4.0,2,Grocery,3,Married,6,0,20.0,1.0,2.0,6.0,286.84,95.6133,8.0,0.0,0.75,0.3333,0
1.0,Computer,1,9.0,Debit Card,Male,4.0,2,Laptop & Accessory,3,Married,3,0,18.0,1.0,2.0,8.0,177.06,59.02,8.0,0.0,4.0,0.3333,0
11.0,Mobile Phone,1,14.0,Debit Card,Female,2.0,3,Mobile Phone,5,Single,4,0,17.0,1.0,1.0,0.0,126.19,63.095,6.0,0.0,0.0,0.5,0
22.0,Mobile Phone,1,6.0,Cash on Delivery,Female,2.0,4,Grocery,3,Single,8,1,12.0,0.0,2.0,7.0,239.64,79.88,8.0,3.0,0.3043,0.0,0
13.0,Mobile Phone,1,17.0,Credit Card,Male,4.0,4,Laptop & Accessory,5,Married,4,0,14.0,5.0,8.0,8.0,178.77,19.8633,16.0,0.0,0.5714,0.5556,0
0.0,Mobile Phone,1,32.0,Debit Card,Male,3.0,3,Mobile Phone,1,Married,2,0,12.0,0.0,1.0,2.0,129.04,64.52,9.0,0.0,2.0,0.0,0
4.0,Computer,1,12.0,Debit Card,Male,3.0,4,Mobile Phone,3,Married,2,1,14.0,1.0,1.0,2.0,127.03,63.515,12.0,3.0,0.4,0.5,0
1.0,Computer,1,23.0,Debit Card,Female,4.0,6,Mobile Phone,5,Single,3,1,23.0,5.0,7.0,8.0,164.19,20.5238,24.0,1.0,4.0,0.625,1
9.0,Mobile Phone,2,28.0,UPI,Male,2.0,5,Mobile Phone,3,Married,2,0,11.0,0.0,1.0,0.0,115.55,57.775,10.0,0.0,0.0,0.0,1
16.0,Mobile Phone,1,9.0,Debit Card,Male,3.0,4,Others,3,Married,7,0,15.0,2.0,5.0,15.0,313.8,52.3,12.0,0.0,0.8824,0.3333,0
24.0,Mobile Phone,3,20.0,Debit Card,Female,2.0,3,Laptop & Accessory,1,Married,5,0,11.0,1.0,1.0,7.0,149.36,74.68,6.0,0.0,0.28,0.5,0
10.0,Computer,3,17.0,Credit Card,Male,3.0,4,Fashion,1,Single,3,0,15.0,9.0,10.0,3.0,224.8,20.4364,12.0,0.0,0.2727,0.8182,0
23.0,Computer,2,9.0,Credit Card,Male,3.0,3,Others,4,Married,2,0,11.0,1.0,10.0,7.0,282.0,25.6364,9.0,0.0,0.2917,0.0909,0
1.0,Mobile Phone,1,9.0,Debit Card,Female,3.0,4,Laptop & Accessory,2,Divorced,2,0,19.0,1.0,3.0,3.0,167.27,41.8175,12.0,0.0,1.5,0.25,0
3.0,Computer,1,9.0,Debit Card,Male,3.0,4,Laptop & Accessory,1,Married,3,0,20.0,2.0,2.0,3.0,213.53,71.1767,12.0,0.0,0.75,0.6667,0
9.0,Mobile Phone,1,15.0,Debit Card,Female,3.0,3,Mobile Phone,3,Single,5,0,12.0,0.0,2.0,0.0,121.05,40.35,9.0,0.0,0.0,0.0,0
3.0,Mobile Phone,1,8.0,Credit Card,Female,2.0,4,Laptop & Accessory,1,Single,6,1,24.0,1.0,1.0,0.0,168.77,84.385,8.0,5.0,0.0,0.5,0
1.0,Mobile Phone,1,21.0,Credit Card,Male,3.0,4,Mobile Phone,1,Married,7,1,14.0,2.0,2.0,5.0,149.36,49.7867,12.0,5.0,2.5,0.6667,1
9.0,Mobile Phone,1,17.0,Credit Card,Female,3.0,4,Laptop & Accessory,3,Single,5,1,17.0,2.0,2.0,5.0,186.42,62.14,12.0,3.0,0.5,0.6667,0
4.0,Mobile Phone,1,10.0,Credit Card,Female,3.0,1,Mobile Phone,3,Married,9,0,12.0,2.0,2.0,2.0,139.78,46.5933,3.0,0.0,0.4,0.6667,0
0.0,Mobile Phone,3,16.0,Credit Card,Male,2.0,3,Laptop & Accessory,1,Single,2,0,13.0,1.0,1.0,2.0,146.84,73.42,6.0,0.0,2.0,0.5,0
1.0,Mobile Phone,1,33.0,Credit Card,Female,2.0,5,Laptop & Accessory,5,Married,1,0,21.0,1.0,1.0,0.0,0.0,0.0,10.0,0.0,0.0,0.5,0
11.0,Mobile Phone,1,23.0,Debit Card,Female,3.0,4,Fashion,3,Married,1,0,18.0,1.0,1.0,9.0,188.23,94.115,12.0,0.0,0.75,0.5,0
4.0,Computer,1,9.0,Credit Card,Female,3.0,4,Mobile Phone,2,Single,2,0,15.0,6.0,7.0,8.0,150.64,18.83,12.0,0.0,1.6,0.75,0
3.0,Computer,1,7.0,Debit Card,Male,4.0,6,Mobile Phone,2,Married,3,0,19.0,3.0,3.0,9.0,152.2,38.05,24.0,0.0,2.25,0.75,0
13.0,Mobile Phone,1,25.0,Credit Card,Male,3.0,3,Laptop & Accessory,2,Divorced,9,1,15.0,1.0,3.0,7.0,127.41,31.8525,9.0,4.0,0.5,0.25,0
3.0,Mobile Phone,1,13.0,Credit Card,Male,4.0,4,Mobile Phone,5,Divorced,9,1,22.0,2.0,3.0,3.0,149.04,37.26,16.0,1.0,0.75,0.5,1
1.0,Mobile Phone,1,9.0,Credit Card,Male,4.0,2,Mobile Phone,5,Single,9,0,14.0,1.0,2.0,2.0,159.24,53.08,8.0,0.0,1.0,0.3333,0
3.0,Computer,3,27.0,Cash on Delivery,Female,3.0,4,Mobile Phone,1,Married,3,0,16.0,1.0,2.0,3.0,146.57,48.8567,12.0,0.0,0.75,0.3333,0
28.0,Mobile Phone,3,9.0,Debit Card,Female,3.0,5,Fashion,3,Married,8,0,12.0,7.0,2.0,1.0,231.86,77.2867,15.0,0.0,0.0345,2.3333,0
18.0,Mobile Phone,3,12.0,E wallet,Male,3.0,4,Others,4,Divorced,9,0,15.0,2.0,4.0,11.0,307.13,61.426,12.0,0.0,0.5789,0.4,0
18.0,Mobile Phone,1,14.0,Debit Card,Male,3.0,3,Mobile Phone,1,Married,4,0,21.0,0.0,1.0,2.0,126.54,63.27,9.0,0.0,0.1053,0.0,0
1.0,Computer,3,9.0,Debit Card,Male,3.0,6,Laptop & Accessory,2,Single,5,0,21.0,2.0,2.0,1.0,175.71,58.57,18.0,0.0,0.5,0.6667,0
8.0,Mobile Phone,1,10.0,Debit Card,Male,3.0,4,Mobile Phone,5,Married,6,0,13.0,2.0,2.0,3.0,148.62,49.54,12.0,0.0,0.3333,0.6667,1
2.0,Mobile Phone,3,9.0,Credit Card,Female,2.0,3,Laptop & Accessory,3,Divorced,5,1,18.0,1.0,1.0,0.0,152.38,76.19,6.0,3.0,0.0,0.5,1
14.0,Mobile Phone,1,9.0,Credit Card,Female,4.0,4,Mobile Phone,3,Married,4,0,15.0,1.0,2.0,3.0,145.01,48.3367,16.0,0.0,0.2,0.3333,0
10.0,Mobile Phone,2,20.0,UPI,Male,3.0,4,Mobile Phone,4,Married,6,0,14.0,2.0,2.0,5.0,146.43,48.81,12.0,0.0,0.4545,0.6667,0
18.0,Mobile Phone,3,26.0,Debit Card,Female,2.0,3,Laptop & Accessory,3,Single,9,0,15.0,1.0,1.0,1.0,148.5,74.25,6.0,0.0,0.0526,0.5,0
9.0,Mobile Phone,1,15.0,Debit Card,Female,3.0,3,Mobile Phone,3,Single,5,0,12.0,1.0,2.0,0.0,121.05,40.35,9.0,0.0,0.0,0.3333,0
9.0,Computer,1,22.0,Cash on Delivery,Male,2.0,5,Mobile Phone,5,Married,2,1,23.0,0.0,3.0,0.0,123.07,30.7675,10.0,1.0,0.0,0.0,1
23.0,Mobile Phone,1,7.0,Cash on Delivery,Female,3.0,4,Mobile Phone,5,Married,4,0,17.0,1.0,2.0,3.0,160.8,53.6,12.0,0.0,0.125,0.3333,0
0.0,Mobile Phone,3,9.0,UPI,Male,3.0,3,Laptop & Accessory,5,Married,2,1,18.0,0.0,1.0,3.0,141.94,70.97,9.0,1.0,3.0,0.0,0
13.0,Computer,1,8.0,Credit Card,Female,2.0,1,Laptop & Accessory,4,Divorced,2,0,24.0,0.0,3.0,7.0,142.44,35.61,2.0,0.0,0.5,0.0,0
5.0,Mobile Phone,1,16.0,Credit Card,Male,0.0,3,Fashion,1,Single,3,0,25.0,0.0,1.0,3.0,212.44,106.22,0.0,0.0,0.5,0.0,0
22.0,Mobile Phone,1,11.0,Cash on Delivery,Male,3.0,3,Laptop & Accessory,3,Divorced,3,0,14.0,0.0,1.0,2.0,166.51,83.255,9.0,0.0,0.087,0.0,0
9.0,Mobile Phone,1,7.0,Debit Card,Female,3.0,2,Mobile Phone,3,Single,5,0,14.0,1.0,3.0,3.0,150.06,37.515,6.0,0.0,0.3,0.25,0
1.0,Mobile Phone,1,32.0,Credit Card,Male,3.0,5,Mobile Phone,4,Single,6,1,21.0,2.0,3.0,3.0,148.13,37.0325,15.0,2.0,1.5,0.5,1
0.0,Mobile Phone,1,21.0,Credit Card,Male,2.0,3,Fashion,3,Divorced,8,1,12.0,0.0,2.0,7.0,236.1,78.7,6.0,3.0,7.0,0.0,1
6.0,Mobile Phone,1,12.0,UPI,Female,3.0,2,Mobile Phone,1,Married,5,0,18.0,2.0,2.0,3.0,158.12,52.7067,6.0,0.0,0.4286,0.6667,0
15.0,Mobile Phone,3,11.0,Debit Card,Male,3.0,3,Fashion,4,Single,10,1,19.0,5.0,7.0,7.0,184.46,23.0575,9.0,2.0,0.4375,0.625,1
0.0,Mobile Phone,3,13.0,E wallet,Male,3.0,3,Mobile Phone,4,Single,2,0,13.0,1.0,1.0,0.0,126.79,63.395,9.0,0.0,0.0,0.5,1
16.0,Mobile Phone,1,7.0,Debit Card,Female,3.0,5,Laptop & Accessory,2,Divorced,11,1,14.0,1.0,2.0,3.0,185.62,61.8733,15.0,4.0,0.1765,0.3333,0
5.0,Mobile Phone,1,9.0,Debit Card,Female,3.0,6,Mobile Phone,2,Married,6,1,14.0,1.0,2.0,1.0,152.78,50.9267,18.0,4.0,0.1667,0.3333,1
8.0,Mobile Phone,1,16.0,UPI,Male,2.0,3,Mobile Phone,2,Married,2,0,20.0,1.0,1.0,2.0,139.17,69.585,6.0,0.0,0.2222,0.5,0
11.0,Mobile Phone,1,17.0,Debit Card,Male,4.0,3,Mobile Phone,2,Single,5,0,18.0,2.0,2.0,1.0,171.8,57.2667,12.0,0.0,0.0833,0.6667,0
0.0,Mobile Phone,1,29.0,Debit Card,Male,2.0,4,Laptop & Accessory,3,Married,4,1,13.0,1.0,1.0,1.0,159.16,79.58,8.0,3.0,1.0,0.5,1
28.0,Mobile Phone,1,24.0,Cash on Delivery,Female,3.0,4,Fashion,3,Divorced,10,0,12.0,2.0,2.0,9.0,232.39,77.4633,12.0,0.0,0.3103,0.6667,0
9.0,Computer,3,15.0,E wallet,Male,2.0,3,Mobile Phone,5,Married,2,0,19.0,1.0,1.0,0.0,117.9,58.95,6.0,0.0,0.0,0.5,1
0.0,Mobile Phone,1,6.0,Debit Card,Male,2.0,4,Laptop & Accessory,3,Single,2,0,12.0,1.0,1.0,2.0,146.17,73.085,8.0,0.0,2.0,0.5,0
11.0,Mobile Phone,3,8.0,Debit Card,Female,2.0,3,Laptop & Accessory,5,Married,4,0,15.0,0.0,1.0,7.0,168.93,84.465,6.0,0.0,0.5833,0.0,0
0.0,Computer,3,32.0,E wallet,Female,2.0,4,Laptop & Accessory,5,Single,6,0,15.0,0.0,1.0,1.0,166.96,83.48,8.0,0.0,1.0,0.0,1
7.0,Computer,3,16.0,Debit Card,Male,2.0,3,Laptop & Accessory,3,Married,2,1,14.0,1.0,1.0,7.0,140.01,70.005,6.0,3.0,0.875,0.5,0
1.0,Mobile Phone,3,32.0,Debit Card,Male,2.0,4,Laptop & Accessory,5,Married,2,0,11.0,1.0,1.0,4.0,147.24,73.62,8.0,0.0,2.0,0.5,0
21.0,Mobile Phone,1,11.0,Debit Card,Female,4.0,5,Fashion,4,Married,10,1,13.0,3.0,15.0,3.0,228.33,14.2706,20.0,2.0,0.1364,0.1875,0
28.0,Mobile Phone,1,10.0,Debit Card,Male,1.0,3,Laptop & Accessory,3,Divorced,1,1,16.0,0.0,1.0,2.0,140.35,70.175,3.0,3.0,0.069,0.0,0
0.0,Mobile Phone,1,14.0,Cash on Delivery,Female,2.0,3,Mobile Phone,5,Single,6,1,11.0,1.0,1.0,4.0,126.57,63.285,6.0,1.0,4.0,0.5,1
10.0,Computer,1,25.0,Debit Card,Male,4.0,4,Laptop & Accessory,1,Single,4,0,21.0,1.0,2.0,10.0,202.79,67.5967,16.0,0.0,0.9091,0.3333,0
27.0,Mobile Phone,2,25.0,Credit Card,Male,2.0,3,Fashion,4,Married,3,0,15.0,2.0,7.0,1.0,207.25,25.9062,6.0,0.0,0.0357,0.25,0
16.0,Computer,1,16.0,Credit Card,Female,4.0,4,Mobile Phone,1,Single,3,0,14.0,5.0,6.0,9.0,161.73,23.1043,16.0,0.0,0.5294,0.7143,0
6.0,Mobile Phone,1,12.0,Debit Card,Female,4.0,5,Laptop & Accessory,4,Married,5,0,13.0,2.0,3.0,6.0,183.78,45.945,20.0,0.0,0.8571,0.5,0
24.0,Mobile Phone,1,7.0,Credit Card,Male,4.0,4,Grocery,2,Married,11,0,15.0,1.0,2.0,4.0,298.99,99.6633,16.0,0.0,0.16,0.3333,0
10.0,Mobile Phone,1,17.0,Debit Card,Male,3.0,4,Fashion,5,Married,9,1,14.0,3.0,6.0,8.0,208.21,29.7443,12.0,1.0,0.7273,0.4286,0
12.0,Mobile Phone,1,16.0,Debit Card,Male,4.0,4,Mobile Phone,1,Married,4,0,20.0,1.0,2.0,4.0,172.71,57.57,16.0,0.0,0.3077,0.3333,0
23.0,Mobile Phone,1,17.0,Debit Card,Female,2.0,3,Others,4,Single,4,0,15.0,2.0,4.0,4.0,299.26,59.852,6.0,0.0,0.1667,0.4,0
1.0,Computer,1,36.0,Credit Card,Female,3.0,5,Laptop & Accessory,3,Single,3,0,23.0,4.0,4.0,9.0,170.08,34.016,15.0,0.0,4.5,0.8,1
9.0,Mobile Phone,3,23.0,E wallet,Male,2.0,4,Laptop & Accessory,4,Married,3,0,16.0,1.0,1.0,3.0,155.07,77.535,8.0,0.0,0.3,0.5,0
8.0,Mobile Phone,1,31.0,UPI,Male,2.0,4,Laptop & Accessory,2,Single,5,0,14.0,0.0,1.0,2.0,136.81,68.405,8.0,0.0,0.2222,0.0,0
3.0,Mobile Phone,1,11.0,Cash on Delivery,Female,2.0,3,Mobile Phone,5,Married,6,0,14.0,0.0,2.0,22.0,132.04,44.0133,6.0,0.0,5.5,0.0,0
8.0,Mobile Phone,1,22.0,Credit Card,Female,4.0,4,Fashion,1,Married,3,0,12.0,1.0,2.0,6.0,204.78,68.26,16.0,0.0,0.6667,0.3333,1
0.0,Mobile Phone,3,33.0,E wallet,Female,2.0,3,Fashion,2,Divorced,2,0,22.0,1.0,1.0,9.0,176.39,88.195,6.0,0.0,9.0,0.5,1
5.0,Computer,1,14.0,Debit Card,Female,3.0,4,Mobile Phone,4,Married,7,0,20.0,0.0,1.0,2.0,123.32,61.66,12.0,0.0,0.3333,0.0,0
0.0,Mobile Phone,3,8.0,E wallet,Male,2.0,4,Laptop & Accessory,4,Single,8,1,12.0,1.0,2.0,2.0,199.07,66.3567,8.0,2.0,2.0,0.3333,1
15.0,Mobile Phone,3,10.0,Debit Card,Male,3.0,5,Laptop & Accessory,4,Married,4,0,12.0,1.0,2.0,3.0,214.38,71.46,15.0,0.0,0.1875,0.3333,0
3.0,Mobile Phone,1,34.0,Credit Card,Female,4.0,4,Laptop & Accessory,3,Divorced,6,0,13.0,2.0,2.0,2.0,168.35,56.1167,16.0,0.0,0.5,0.6667,0
23.0,Mobile Phone,3,14.0,E wallet,Male,2.0,3,Mobile Phone,4,Divorced,8,0,15.0,1.0,2.0,2.0,138.75,46.25,6.0,0.0,0.0833,0.3333,0
8.0,Mobile Phone,1,15.0,Credit Card,Female,4.0,4,Laptop & Accessory,3,Single,5,0,12.0,2.0,5.0,4.0,186.42,31.07,16.0,0.0,0.4444,0.3333,0
11.0,Computer,3,34.0,Debit Card,Female,4.0,2,Laptop & Accessory,3,Single,6,1,13.0,1.0,2.0,4.0,188.97,62.99,8.0,3.0,0.3333,0.3333,1
4.0,Mobile Phone,3,23.0,Debit Card,Male,4.0,4,Laptop & Accessory,3,Married,10,0,16.0,2.0,3.0,3.0,178.01,44.5025,16.0,0.0,0.6,0.5,0
0.0,Computer,1,14.0,Debit Card,Male,3.0,4,Mobile Phone,1,Single,2,1,24.0,1.0,1.0,0.0,124.39,62.195,12.0,5.0,0.0,0.5,1
9.0,Computer,3,7.0,E wallet,Female,4.0,4,Fashion,3,Single,3,0,15.0,2.0,2.0,3.0,212.89,70.9633,16.0,0.0,0.3,0.6667,0
1.0,Mobile Phone,1,17.0,Debit Card,Female,4.0,5,Mobile Phone,5,Single,8,1,21.0,2.0,2.0,1.0,149.04,49.68,20.0,1.0,0.5,0.6667,1
7.0,Computer,3,24.0,Debit Card,Male,3.0,4,Grocery,3,Single,3,0,15.0,6.0,7.0,1.0,299.44,37.43,12.0,0.0,0.125,0.75,0
11.0,Mobile Phone,3,23.0,E wallet,Male,4.0,5,Laptop & Accessory,3,Married,6,0,20.0,2.0,2.0,1.0,188.34,62.78,20.0,0.0,0.0833,0.6667,0
5.0,Mobile Phone,1,30.0,Credit Card,Male,4.0,5,Laptop & Accessory,2,Divorced,2,0,22.0,2.0,8.0,9.0,180.82,20.0911,20.0,0.0,1.5,0.2222,0
1.0,Computer,1,16.0,Debit Card,Male,4.0,4,Laptop & Accessory,5,Married,6,0,18.0,1.0,2.0,8.0,178.46,59.4867,16.0,0.0,4.0,0.3333,1
28.0,Mobile Phone,1,12.0,Credit Card,Male,3.0,4,Others,5,Married,6,0,15.0,2.0,2.0,3.0,319.06,106.3533,12.0,0.0,0.1034,0.6667,0
13.0,Mobile Phone,1,13.0,Credit Card,Male,3.0,5,Fashion,5,Married,6,0,16.0,1.0,2.0,3.0,224.91,74.97,15.0,0.0,0.2143,0.3333,0
30.0,Mobile Phone,1,15.0,Debit Card,Female,4.0,4,Mobile Phone,5,Married,6,1,19.0,2.0,3.0,3.0,167.57,41.8925,16.0,1.0,0.0968,0.5,0
6.0,Mobile Phone,1,21.0,Credit Card,Female,3.0,3,Laptop & Accessory,1,Married,1,1,13.0,5.0,8.0,1.0,12.0,1.3333,9.0,5.0,0.1429,0.5556,0
14.0,Mobile Phone,1,13.0,Credit Card,Female,2.0,3,Laptop & Accessory,3,Single,7,0,14.0,1.0,2.0,1.0,150.03,50.01,6.0,0.0,0.0667,0.3333,0
13.0,Mobile Phone,1,21.0,Debit Card,Female,3.0,4,Fashion,3,Married,2,0,13.0,1.0,14.0,12.0,204.35,13.6233,12.0,0.0,0.8571,0.0667,0
0.0,Mobile Phone,3,10.0,E wallet,Male,2.0,4,Laptop & Accessory,2,Single,2,1,12.0,7.0,7.0,4.0,158.28,19.785,8.0,4.0,4.0,0.875,1
4.0,Computer,3,32.0,Cash on Delivery,Female,3.0,4,Laptop & Accessory,3,Married,9,1,13.0,3.0,3.0,3.0,172.36,43.09,12.0,3.0,0.6,0.75,0
0.0,Mobile Phone,1,21.0,UPI,Male,2.0,3,Laptop & Accessory,3,Married,8,0,14.0,0.0,1.0,0.0,148.34,74.17,6.0,0.0,0.0,0.0,1
16.0,Mobile Phone,1,18.0,Debit Card,Male,2.0,4,Grocery,4,Married,2,0,11.0,3.0,2.0,9.0,243.36,81.12,8.0,0.0,0.5294,1.0,0
2.0,Mobile Phone,1,13.0,Debit Card,Male,2.0,3,Laptop & Accessory,1,Married,2,1,11.0,1.0,1.0,0.0,166.23,83.115,6.0,5.0,0.0,0.5,0
1.0,Mobile Phone,3,7.0,Debit Card,Male,3.0,6,Laptop & Accessory,4,Single,8,0,16.0,1.0,2.0,1.0,192.35,64.1167,18.0,0.0,0.5,0.3333,1
12.0,Computer,2,8.0,UPI,Male,3.0,4,Mobile Phone,4,Married,2,1,12.0,1.0,2.0,3.0,154.91,51.6367,12.0,2.0,0.2308,0.3333,0
9.0,Mobile Phone,1,25.0,Debit Card,Male,3.0,2,Laptop & Accessory,5,Married,3,0,12.0,2.0,2.0,11.0,177.08,59.0267,6.0,0.0,1.1,0.6667,0
9.0,Mobile Phone,1,16.0,Debit Card,Male,2.0,3,Mobile Phone,4,Married,2,0,14.0,1.0,1.0,0.0,120.08,60.04,6.0,0.0,0.0,0.5,0
18.0,Mobile Phone,1,26.0,Credit Card,Male,3.0,3,Grocery,1,Married,1,1,14.0,2.0,2.0,10.0,234.96,78.32,9.0,5.0,0.5263,0.6667,0
5.0,Mobile Phone,3,13.0,Credit Card,Male,4.0,2,Laptop & Accessory,1,Married,6,0,23.0,6.0,6.0,8.0,179.6,25.6571,8.0,0.0,1.3333,0.8571,0
2.0,Computer,1,26.0,Credit Card,Male,2.0,3,Mobile Phone,1,Married,2,0,13.0,1.0,3.0,10.0,138.12,34.53,6.0,0.0,3.3333,0.25,0
5.0,Mobile Phone,1,9.0,Credit Card,Female,3.0,3,Laptop & Accessory,5,Divorced,2,0,12.0,6.0,6.0,3.0,167.25,23.8929,9.0,0.0,0.5,0.8571,0
21.0,Mobile Phone,1,9.0,Credit Card,Female,4.0,4,Laptop & Accessory,2,Married,7,0,14.0,1.0,2.0,5.0,175.7,58.5667,16.0,0.0,0.2273,0.3333,0
11.0,Computer,1,18.0,UPI,Male,3.0,4,Fashion,2,Married,3,1,15.0,1.0,2.0,8.0,246.85,82.2833,12.0,4.0,0.6667,0.3333,0
16.0,Computer,1,36.0,Debit Card,Female,4.0,4,Laptop & Accessory,3,Married,4,0,12.0,2.0,2.0,3.0,170.56,56.8533,16.0,0.0,0.1765,0.6667,0
12.0,Mobile Phone,1,16.0,Credit Card,Male,3.0,3,Laptop & Accessory,5,Married,3,0,13.0,3.0,7.0,7.0,153.77,19.2212,9.0,0.0,0.5385,0.375,0
2.0,Mobile Phone,1,7.0,Credit Card,Female,4.0,4,Mobile Phone,5,Married,3,0,26.0,2.0,2.0,3.0,160.91,53.6367,16.0,0.0,1.0,0.6667,0
9.0,Computer,1,9.0,Credit Card,Male,3.0,4,Laptop & Accessory,1,Married,4,0,15.0,2.0,2.0,8.0,182.62,60.8733,12.0,0.0,0.8,0.6667,0
12.0,Mobile Phone,3,14.0,E wallet,Female,3.0,5,Laptop & Accessory,2,Single,2,0,21.0,2.0,2.0,6.0,165.28,55.0933,15.0,0.0,0.4615,0.6667,0
1.0,Mobile Phone,1,7.0,UPI,Male,4.0,4,Mobile Phone,2,Single,3,1,14.0,6.0,8.0,9.0,151.86,16.8733,16.0,4.0,4.5,0.6667,1
0.0,Mobile Phone,1,17.0,Credit Card,Female,3.0,5,Laptop & Accessory,4,Married,6,0,15.0,1.0,1.0,0.0,147.77,73.885,15.0,0.0,0.0,0.5,1
9.0,Computer,1,9.0,Debit Card,Male,2.0,3,Mobile Phone,2,Divorced,5,0,15.0,0.0,1.0,4.0,120.97,60.485,6.0,0.0,0.4,0.0,0
20.0,Computer,1,20.0,Cash on Delivery,Male,3.0,3,Laptop & Accessory,4,Married,9,0,18.0,0.0,1.0,7.0,154.67,77.335,9.0,0.0,0.3333,0.0,0
7.0,Mobile Phone,1,12.0,UPI,Female,2.0,3,Laptop & Accessory,3,Single,2,0,14.0,0.0,2.0,10.0,148.09,49.3633,6.0,0.0,1.25,0.0,0
9.0,Mobile Phone,2,30.0,Credit Card,Male,2.0,3,Mobile Phone,4,Single,2,0,16.0,0.0,1.0,4.0,121.77,60.885,6.0,0.0,0.4,0.0,0
27.0,Computer,1,7.0,Credit Card,Female,3.0,5,Grocery,3,Married,6,1,21.0,1.0,2.0,3.0,254.65,84.8833,15.0,3.0,0.1071,0.3333,0
15.0,Mobile Phone,1,29.0,Debit Card,Female,2.0,3,Grocery,2,Single,3,0,14.0,0.0,2.0,0.0,259.92,86.64,6.0,0.0,0.0,0.0,0
3.0,Mobile Phone,1,11.0,Cash on Delivery,Female,4.0,5,Mobile Phone,5,Married,3,0,14.0,1.0,2.0,1.0,146.09,48.6967,20.0,0.0,0.25,0.3333,0
12.0,Mobile Phone,3,21.0,E wallet,Male,3.0,3,Grocery,5,Single,1,0,12.0,4.0,2.0,10.0,233.41000000000005,77.8033,9.0,0.0,0.7692,1.3333,0
19.0,Mobile Phone,3,9.0,Cash on Delivery,Female,2.0,1,Grocery,5,Married,3,0,12.0,2.0,2.0,8.0,232.25,77.4167,2.0,0.0,0.4,0.6667,0
18.0,Computer,1,31.0,Credit Card,Female,2.0,3,Others,4,Single,4,0,22.0,1.0,1.0,0.0,280.61,140.305,6.0,0.0,0.0,0.5,0
9.0,Mobile Phone,1,26.0,Debit Card,Male,3.0,3,Laptop & Accessory,3,Single,1,0,14.0,1.0,1.0,2.0,122.72,61.36,9.0,0.0,0.2,0.5,0
29.0,Mobile Phone,1,11.0,Debit Card,Male,2.0,4,Laptop & Accessory,3,Married,2,1,17.0,2.0,2.0,3.0,165.35,55.1167,8.0,3.0,0.1,0.6667,0
12.0,Computer,3,26.0,Debit Card,Male,2.0,3,Laptop & Accessory,1,Married,3,0,18.0,1.0,2.0,2.0,141.27,47.09,6.0,0.0,0.1538,0.3333,0
19.0,Mobile Phone,1,9.0,UPI,Female,3.0,5,Laptop & Accessory,1,Married,3,0,20.0,3.0,4.0,10.0,182.7,36.54,15.0,0.0,0.5,0.6,0
14.0,Mobile Phone,2,6.0,UPI,Male,2.0,4,Others,3,Married,2,0,12.0,1.0,2.0,10.0,291.89,97.2967,8.0,0.0,0.6667,0.3333,0
9.0,Mobile Phone,1,7.0,Debit Card,Female,4.0,6,Mobile Phone,1,Married,3,0,13.0,1.0,2.0,2.0,154.77,51.59,24.0,0.0,0.2,0.3333,0
10.0,Computer,1,35.0,Debit Card,Male,2.0,3,Fashion,4,Married,2,1,12.0,4.0,9.0,3.0,218.49,21.849,6.0,2.0,0.2727,0.4,1
6.0,Mobile Phone,1,10.0,Debit Card,Female,3.0,4,Fashion,2,Single,5,0,16.0,4.0,2.0,8.0,236.59,78.8633,12.0,0.0,1.1429,1.3333,0
9.0,Mobile Phone,1,20.0,Debit Card,Male,3.0,3,Laptop & Accessory,2,Divorced,1,1,17.0,4.0,4.0,11.0,165.86,33.172,9.0,4.0,1.1,0.8,0
1.0,Mobile Phone,2,9.0,UPI,Female,3.0,4,Mobile Phone,4,Married,6,0,15.0,1.0,2.0,3.0,146.87,48.9567,12.0,0.0,1.5,0.3333,0
29.0,Computer,1,9.0,Credit Card,Male,3.0,5,Grocery,5,Single,9,0,15.0,3.0,7.0,3.0,292.56,36.57,15.0,0.0,0.1,0.375,0
20.0,Mobile Phone,1,9.0,Credit Card,Male,3.0,4,Others,1,Married,9,1,15.0,3.0,3.0,3.0,318.28,79.57,12.0,5.0,0.1429,0.75,0
28.0,Computer,1,8.0,Debit Card,Male,3.0,3,Fashion,4,Married,4,0,18.0,0.0,1.0,3.0,209.76,104.88,9.0,0.0,0.1034,0.0,0
6.0,Mobile Phone,1,13.0,Debit Card,Male,3.0,4,Mobile Phone,3,Single,5,0,21.0,1.0,2.0,5.0,155.38,51.7933,12.0,0.0,0.7143,0.3333,0
1.0,Mobile Phone,3,9.0,Debit Card,Male,4.0,4,Laptop & Accessory,3,Single,3,1,12.0,1.0,2.0,5.0,169.78,56.5933,16.0,3.0,2.5,0.3333,0
5.0,Computer,1,19.0,UPI,Female,3.0,4,Mobile Phone,4,Married,2,0,20.0,2.0,2.0,2.0,134.0,44.6667,12.0,0.0,0.3333,0.6667,0
0.0,Mobile Phone,3,11.0,E wallet,Female,3.0,3,Mobile Phone,3,Single,2,1,13.0,0.0,1.0,0.0,128.51,64.255,9.0,3.0,0.0,0.0,1
0.0,Mobile Phone,3,14.0,Cash on Delivery,Male,3.0,3,Mobile Phone,5,Married,4,0,13.0,1.0,1.0,0.0,123.22,61.61,9.0,0.0,0.0,0.5,0
5.0,Computer,1,21.0,Credit Card,Female,2.0,3,Laptop & Accessory,1,Married,6,0,18.0,0.0,1.0,2.0,166.67,83.335,6.0,0.0,0.3333,0.0,0
16.0,Computer,1,30.0,Debit Card,Male,3.0,5,Laptop & Accessory,3,Single,3,0,13.0,3.0,4.0,8.0,168.32,33.664,15.0,0.0,0.4706,0.6,0
5.0,Mobile Phone,3,16.0,E wallet,Female,3.0,4,Fashion,1,Married,3,1,19.0,0.0,1.0,2.0,190.71,95.355,12.0,5.0,0.3333,0.0,0
13.0,Mobile Phone,1,16.0,Credit Card,Male,3.0,4,Laptop & Accessory,5,Married,3,0,26.0,1.0,8.0,10.0,176.51,19.6122,12.0,0.0,0.7143,0.1111,0
1.0,Mobile Phone,1,10.0,Debit Card,Female,3.0,4,Mobile Phone,1,Married,3,0,22.0,2.0,2.0,1.0,145.61,48.5367,12.0,0.0,0.5,0.6667,0
0.0,Computer,1,6.0,Debit Card,Female,3.0,1,Fashion,4,Single,2,0,11.0,3.0,4.0,7.0,174.46,34.892,3.0,0.0,7.0,0.6,1
2.0,Mobile Phone,1,29.0,Credit Card,Male,3.0,3,Mobile Phone,5,Single,1,0,13.0,0.0,1.0,3.0,139.04,69.52,9.0,0.0,1.0,0.0,1
21.0,Mobile Phone,3,21.0,Credit Card,Female,4.0,4,Laptop & Accessory,3,Divorced,5,1,18.0,2.0,2.0,3.0,170.91,56.97,16.0,3.0,0.1364,0.6667,0
4.0,Mobile Phone,1,27.0,UPI,Male,3.0,4,Laptop & Accessory,5,Married,2,0,16.0,1.0,2.0,3.0,224.57,74.8567,12.0,0.0,0.6,0.3333,0
29.0,Mobile Phone,1,7.0,Credit Card,Male,3.0,4,Others,5,Single,2,1,15.0,5.0,5.0,14.0,315.45,52.575,12.0,1.0,0.4667,0.8333,0
3.0,Mobile Phone,1,22.0,Debit Card,Male,3.0,4,Mobile Phone,1,Single,3,0,20.0,2.0,2.0,6.0,148.4,49.4667,12.0,0.0,1.5,0.6667,0
8.0,Computer,1,10.0,Debit Card,Male,3.0,5,Mobile Phone,2,Divorced,5,0,18.0,2.0,2.0,1.0,154.79,51.5967,15.0,0.0,0.1111,0.6667,0
0.0,Mobile Phone,3,28.0,Cash on Delivery,Male,2.0,3,Mobile Phone,3,Single,2,0,11.0,1.0,1.0,2.0,134.47,67.235,6.0,0.0,2.0,0.5,0
26.0,Mobile Phone,1,9.0,Debit Card,Female,3.0,5,Mobile Phone,1,Single,9,0,16.0,3.0,3.0,3.0,157.12,39.28,15.0,0.0,0.1111,0.75,0
22.0,Computer,1,8.0,Debit Card,Male,2.0,3,Others,1,Married,4,0,15.0,1.0,4.0,3.0,291.61,58.322,6.0,0.0,0.1304,0.2,0
0.0,Computer,3,30.0,Cash on Delivery,Male,2.0,1,Mobile Phone,5,Single,2,0,17.0,1.0,1.0,0.0,110.91,55.455,2.0,0.0,0.0,0.5,1
6.0,Computer,1,14.0,Cash on Delivery,Male,2.0,4,Mobile Phone,3,Married,10,1,16.0,1.0,1.0,0.0,124.37,62.185,8.0,3.0,0.0,0.5,1
31.0,Mobile Phone,1,31.0,Debit Card,Male,3.0,2,Fashion,1,Married,5,1,17.0,2.0,2.0,3.0,219.39,73.13,6.0,5.0,0.0938,0.6667,0
31.0,Mobile Phone,1,14.0,Debit Card,Female,3.0,4,Others,5,Divorced,7,0,15.0,1.0,12.0,11.0,320.66,24.6662,12.0,0.0,0.3438,0.0769,0
3.0,Mobile Phone,3,12.0,Credit Card,Male,3.0,5,Laptop & Accessory,4,Married,3,1,14.0,1.0,2.0,10.0,166.87,55.6233,15.0,2.0,2.5,0.3333,0
13.0,Computer,3,14.0,Cash on Delivery,Male,2.0,3,Laptop & Accessory,3,Married,4,1,14.0,0.0,1.0,3.0,167.96,83.98,6.0,3.0,0.2143,0.0,1
15.0,Computer,3,17.0,Credit Card,Male,3.0,6,Laptop & Accessory,4,Single,3,0,14.0,4.0,12.0,10.0,186.51,14.3469,18.0,0.0,0.625,0.3077,0
5.0,Mobile Phone,3,15.0,Debit Card,Male,3.0,4,Fashion,2,Married,3,0,19.0,3.0,2.0,10.0,232.93,77.6433,12.0,0.0,1.6667,1.0,0
0.0,Computer,2,28.0,UPI,Female,3.0,4,Mobile Phone,4,Married,2,0,12.0,1.0,1.0,0.0,128.63,64.315,12.0,0.0,0.0,0.5,1
1.0,Mobile Phone,1,17.0,Credit Card,Male,3.0,4,Laptop & Accessory,5,Single,3,0,16.0,1.0,2.0,9.0,167.13,55.71,12.0,0.0,4.5,0.3333,1
23.0,Mobile Phone,1,34.0,Debit Card,Female,2.0,3,Grocery,5,Married,5,1,11.0,1.0,1.0,2.0,268.8,134.4,6.0,1.0,0.0833,0.5,0
19.0,Mobile Phone,1,19.0,Debit Card,Male,2.0,3,Laptop & Accessory,4,Single,7,0,14.0,1.0,1.0,9.0,155.62,77.81,6.0,0.0,0.45,0.5,0
11.0,Computer,3,14.0,Credit Card,Female,3.0,3,Mobile Phone,3,Married,3,1,11.0,4.0,7.0,7.0,126.55,15.8188,9.0,3.0,0.5833,0.5,1
0.0,Computer,1,6.0,Debit Card,Female,3.0,5,Mobile Phone,1,Married,4,0,14.0,2.0,2.0,0.0,143.64,47.88,15.0,0.0,0.0,0.6667,0
12.0,Mobile Phone,1,16.0,Debit Card,Female,4.0,4,Mobile Phone,2,Single,3,0,13.0,2.0,3.0,2.0,147.88,36.97,16.0,0.0,0.1538,0.5,0
0.0,Computer,1,8.0,Debit Card,Male,3.0,3,Mobile Phone,1,Divorced,7,1,13.0,2.0,2.0,2.0,137.22,45.74,9.0,5.0,2.0,0.6667,1
5.0,Computer,1,31.0,Cash on Delivery,Female,2.0,4,Laptop & Accessory,1,Single,4,0,21.0,1.0,2.0,5.0,177.38,59.1267,8.0,0.0,0.8333,0.3333,0
15.0,Mobile Phone,1,6.0,Debit Card,Female,2.0,4,Laptop & Accessory,1,Married,10,1,13.0,0.0,1.0,2.0,160.62,80.31,8.0,5.0,0.125,0.0,0
9.0,Computer,3,11.0,E wallet,Male,3.0,3,Mobile Phone,4,Single,2,1,14.0,1.0,1.0,0.0,118.78,59.39,9.0,2.0,0.0,0.5,1
1.0,Computer,1,7.0,Credit Card,Male,3.0,5,Mobile Phone,4,Married,3,0,16.0,2.0,2.0,1.0,150.96,50.32,15.0,0.0,0.5,0.6667,1
0.0,Mobile Phone,1,23.0,Credit Card,Female,2.0,4,Laptop & Accessory,3,Married,2,0,15.0,2.0,3.0,2.0,143.77,35.9425,8.0,0.0,2.0,0.5,0
1.0,Mobile Phone,1,7.0,Credit Card,Male,3.0,5,Mobile Phone,5,Divorced,3,0,17.0,1.0,2.0,4.0,164.55,54.85,15.0,0.0,2.0,0.3333,0
1.0,Mobile Phone,1,18.0,Credit Card,Female,4.0,6,Laptop & Accessory,4,Married,7,0,16.0,2.0,2.0,1.0,172.77,57.59,24.0,0.0,0.5,0.6667,1
26.0,Mobile Phone,1,11.0,Debit Card,Female,2.0,4,Grocery,1,Married,4,0,14.0,1.0,2.0,5.0,290.55,96.85,8.0,0.0,0.1852,0.3333,0
13.0,Mobile Phone,1,8.0,Debit Card,Female,3.0,3,Mobile Phone,5,Married,5,0,17.0,1.0,1.0,2.0,133.77,66.885,9.0,0.0,0.1429,0.5,0
4.0,Mobile Phone,1,14.0,Debit Card,Male,2.0,4,Mobile Phone,4,Single,1,1,16.0,1.0,2.0,2.0,126.57,42.19,8.0,2.0,0.4,0.3333,0
9.0,Mobile Phone,1,23.0,Debit Card,Female,3.0,3,Mobile Phone,4,Married,2,0,13.0,1.0,1.0,0.0,122.1,61.05,9.0,0.0,0.0,0.5,1
21.0,Mobile Phone,1,16.0,Debit Card,Female,4.0,4,Mobile Phone,3,Single,6,0,13.0,2.0,3.0,1.0,146.05,36.5125,16.0,0.0,0.0455,0.5,0
7.0,Mobile Phone,1,9.0,Credit Card,Male,4.0,4,Mobile Phone,1,Single,6,0,12.0,1.0,2.0,1.0,149.96,49.9867,16.0,0.0,0.125,0.3333,0
8.0,Mobile Phone,3,6.0,E wallet,Male,3.0,3,Fashion,4,Married,2,0,13.0,0.0,1.0,6.0,172.95,86.475,9.0,0.0,0.6667,0.0,0
11.0,Mobile Phone,1,23.0,Debit Card,Female,3.0,4,Fashion,3,Divorced,1,0,18.0,0.0,1.0,9.0,188.23,94.115,12.0,0.0,0.75,0.0,0
27.0,Mobile Phone,3,9.0,Credit Card,Male,3.0,4,Grocery,3,Married,8,0,14.0,1.0,16.0,3.0,273.52,16.0894,12.0,0.0,0.1071,0.0588,0
0.0,Mobile Phone,3,14.0,Debit Card,Male,2.0,1,Laptop & Accessory,4,Married,1,0,22.0,1.0,1.0,2.0,148.51,74.255,2.0,0.0,2.0,0.5,0
0.0,Mobile Phone,1,29.0,Credit Card,Male,3.0,2,Mobile Phone,2,Divorced,2,1,11.0,0.0,1.0,4.0,127.25,63.625,6.0,4.0,4.0,0.0,0
8.0,Mobile Phone,3,15.0,Cash on Delivery,Male,4.0,2,Laptop & Accessory,3,Married,3,0,22.0,3.0,5.0,9.0,192.99,32.165,8.0,0.0,1.0,0.5,0
1.0,Mobile Phone,1,32.0,Debit Card,Male,3.0,6,Mobile Phone,3,Single,3,0,13.0,2.0,2.0,2.0,147.93,49.31,18.0,0.0,1.0,0.6667,1
9.0,Mobile Phone,2,19.0,UPI,Male,2.0,3,Mobile Phone,4,Married,5,0,13.0,1.0,1.0,4.0,121.43,60.715,6.0,0.0,0.4,0.5,0
27.0,Mobile Phone,1,30.0,Debit Card,Female,4.0,4,Grocery,1,Single,8,0,19.0,1.0,4.0,9.0,267.75,53.55,16.0,0.0,0.3214,0.2,0
4.0,Mobile Phone,1,14.0,Debit Card,Female,3.0,3,Grocery,4,Single,4,0,11.0,1.0,1.0,0.0,264.22,132.11,9.0,0.0,0.0,0.5,0
24.0,Mobile Phone,1,35.0,Debit Card,Female,3.0,4,Grocery,5,Divorced,6,1,15.0,1.0,2.0,3.0,293.8,97.9333,12.0,1.0,0.12,0.3333,0
1.0,Mobile Phone,1,16.0,Debit Card,Male,3.0,4,Mobile Phone,5,Single,3,0,26.0,1.0,2.0,1.0,150.52,50.1733,12.0,0.0,0.5,0.3333,0
1.0,Mobile Phone,1,17.0,Credit Card,Male,4.0,4,Grocery,5,Married,3,1,15.0,2.0,12.0,11.0,295.68,22.7446,16.0,1.0,5.5,0.1538,0
4.0,Mobile Phone,1,24.0,Credit Card,Female,4.0,4,Fashion,5,Married,3,1,24.0,2.0,2.0,9.0,244.16000000000005,81.3867,16.0,1.0,1.8,0.6667,0
16.0,Mobile Phone,1,20.0,Credit Card,Male,4.0,2,Laptop & Accessory,5,Married,7,0,19.0,2.0,2.0,1.0,180.38,60.1267,8.0,0.0,0.0588,0.6667,0
2.0,Mobile Phone,1,14.0,Debit Card,Female,3.0,3,Mobile Phone,1,Married,5,0,22.0,1.0,1.0,7.0,125.14,62.57,9.0,0.0,2.3333,0.5,0
22.0,Computer,3,8.0,Credit Card,Male,3.0,4,Laptop & Accessory,4,Married,3,0,14.0,1.0,1.0,8.0,153.9,76.95,12.0,0.0,0.3478,0.5,0
17.0,Computer,1,17.0,Debit Card,Female,3.0,4,Mobile Phone,2,Single,2,0,20.0,1.0,2.0,8.0,149.55,49.85,12.0,0.0,0.4444,0.3333,0
17.0,Computer,1,17.0,Debit Card,Female,3.0,5,Laptop & Accessory,3,Married,3,0,12.0,2.0,2.0,1.0,177.57,59.19,15.0,0.0,0.0556,0.6667,0
14.0,Mobile Phone,3,8.0,Debit Card,Male,2.0,3,Grocery,4,Single,2,0,19.0,1.0,2.0,4.0,260.15,86.7167,6.0,0.0,0.2667,0.3333,0
1.0,Mobile Phone,3,30.0,Credit Card,Female,3.0,5,Laptop & Accessory,3,Married,3,0,22.0,5.0,6.0,9.0,160.4,22.9143,15.0,0.0,4.5,0.7143,0
13.0,Mobile Phone,1,10.0,Credit Card,Male,4.0,5,Laptop & Accessory,3,Married,2,0,16.0,1.0,2.0,8.0,155.69,51.8967,20.0,0.0,0.5714,0.3333,0
30.0,Computer,3,6.0,Debit Card,Female,2.0,4,Laptop & Accessory,3,Single,8,0,11.0,1.0,1.0,3.0,154.73,77.365,8.0,0.0,0.0968,0.5,0
0.0,Mobile Phone,1,9.0,Debit Card,Male,3.0,4,Mobile Phone,3,Single,2,0,12.0,0.0,1.0,2.0,130.33,65.165,12.0,0.0,2.0,0.0,0
26.0,Mobile Phone,1,10.0,Credit Card,Male,3.0,5,Fashion,3,Divorced,4,1,15.0,1.0,2.0,5.0,204.69,68.23,15.0,3.0,0.1852,0.3333,0
14.0,Mobile Phone,1,13.0,Credit Card,Female,2.0,3,Laptop & Accessory,3,Single,7,0,14.0,2.0,2.0,1.0,150.03,50.01,6.0,0.0,0.0667,0.6667,0
11.0,Mobile Phone,1,8.0,Credit Card,Female,2.0,4,Fashion,3,Married,4,1,19.0,1.0,1.0,2.0,177.56,88.78,8.0,3.0,0.1667,0.5,0
8.0,Mobile Phone,1,31.0,Credit Card,Female,2.0,3,Fashion,3,Married,2,1,11.0,0.0,10.0,1.0,203.88,18.5345,6.0,3.0,0.1111,0.0,0
1.0,Mobile Phone,1,7.0,Debit Card,Male,4.0,4,Mobile Phone,3,Single,2,0,13.0,1.0,2.0,3.0,158.75,52.9167,16.0,0.0,1.5,0.3333,0
4.0,Computer,1,9.0,Credit Card,Male,3.0,3,Fashion,3,Married,10,0,12.0,1.0,2.0,2.0,236.75,78.9167,9.0,0.0,0.4,0.3333,0
21.0,Computer,1,28.0,Credit Card,Female,2.0,3,Grocery,1,Married,4,0,11.0,1.0,4.0,7.0,271.74,54.348,6.0,0.0,0.3182,0.2,0
21.0,Mobile Phone,1,6.0,Debit Card,Female,2.0,4,Grocery,5,Married,8,0,11.0,0.0,2.0,2.0,254.02,84.6733,8.0,0.0,0.0909,0.0,0
26.0,Mobile Phone,1,8.0,Credit Card,Male,2.0,1,Grocery,4,Single,5,0,12.0,1.0,8.0,8.0,265.98,29.5533,2.0,0.0,0.2963,0.1111,0
5.0,Mobile Phone,3,14.0,Debit Card,Male,3.0,5,Fashion,1,Married,11,0,22.0,2.0,2.0,2.0,240.57,80.19,15.0,0.0,0.3333,0.6667,0
3.0,Computer,1,7.0,Cash on Delivery,Male,3.0,4,Laptop & Accessory,3,Divorced,3,0,14.0,1.0,2.0,10.0,168.19,56.0633,12.0,0.0,2.5,0.3333,0
14.0,Computer,1,23.0,Debit Card,Male,4.0,4,Mobile Phone,3,Married,11,0,17.0,2.0,2.0,1.0,160.44,53.48,16.0,0.0,0.0667,0.6667,0
6.0,Computer,1,31.0,Debit Card,Male,4.0,4,Laptop & Accessory,2,Divorced,3,0,16.0,3.0,5.0,8.0,178.09,29.6817,16.0,0.0,1.1429,0.5,0
15.0,Computer,3,32.0,E wallet,Female,3.0,3,Grocery,4,Married,6,0,14.0,3.0,2.0,8.0,235.25,78.4167,9.0,0.0,0.5,1.0,0
25.0,Computer,1,7.0,Credit Card,Female,2.0,5,Fashion,5,Single,5,0,21.0,5.0,13.0,9.0,199.84,14.2743,10.0,0.0,0.3462,0.3571,0
22.0,Mobile Phone,1,17.0,Debit Card,Male,4.0,5,Others,4,Married,6,0,15.0,4.0,13.0,10.0,321.65,22.975,20.0,0.0,0.4348,0.2857,0
5.0,Computer,1,14.0,Debit Card,Female,3.0,4,Mobile Phone,4,Divorced,7,0,20.0,1.0,1.0,2.0,123.32,61.66,12.0,0.0,0.3333,0.5,0
14.0,Mobile Phone,3,21.0,Debit Card,Female,3.0,4,Laptop & Accessory,5,Married,3,0,16.0,1.0,2.0,3.0,171.39,57.13,12.0,0.0,0.2,0.3333,0
0.0,Computer,2,29.0,UPI,Female,2.0,3,Fashion,5,Married,10,1,15.0,1.0,1.0,2.0,199.5,99.75,6.0,1.0,2.0,0.5,1
1.0,Mobile Phone,1,11.0,Cash on Delivery,Male,3.0,4,Mobile Phone,5,Single,3,0,20.0,2.0,2.0,1.0,154.73,51.5767,12.0,0.0,0.5,0.6667,1
0.0,Mobile Phone,1,31.0,Debit Card,Male,3.0,3,Mobile Phone,2,Single,2,1,24.0,1.0,1.0,1.0,127.95,63.975,9.0,4.0,1.0,0.5,1
25.0,Mobile Phone,1,10.0,Credit Card,Female,4.0,4,Grocery,4,Single,5,0,19.0,1.0,2.0,1.0,262.34,87.4467,16.0,0.0,0.0385,0.3333,0
13.0,Computer,1,32.0,Debit Card,Male,4.0,4,Fashion,3,Divorced,5,0,22.0,1.0,2.0,6.0,234.2,78.0667,16.0,0.0,0.4286,0.3333,0
21.0,Mobile Phone,1,12.0,Debit Card,Male,3.0,4,Laptop & Accessory,3,Single,3,0,13.0,0.0,2.0,2.0,142.4,47.4667,12.0,0.0,0.0909,0.0,0
19.0,Mobile Phone,3,18.0,Debit Card,Female,3.0,4,Grocery,1,Married,5,0,15.0,1.0,2.0,2.0,301.5,100.5,12.0,0.0,0.1,0.3333,0
14.0,Mobile Phone,1,18.0,Debit Card,Male,2.0,3,Mobile Phone,2,Divorced,4,1,11.0,1.0,1.0,0.0,147.66,73.83,6.0,4.0,0.0,0.5,0
0.0,Mobile Phone,1,6.0,Credit Card,Male,3.0,3,Mobile Phone,5,Single,1,0,13.0,3.0,7.0,6.0,128.67,16.0837,9.0,0.0,6.0,0.375,0
0.0,Mobile Phone,3,19.0,Credit Card,Male,2.0,3,Laptop & Accessory,5,Married,3,0,17.0,0.0,1.0,2.0,142.33,71.165,6.0,0.0,2.0,0.0,1
8.0,Computer,1,9.0,Debit Card,Male,4.0,4,Laptop & Accessory,3,Single,4,0,12.0,2.0,2.0,3.0,165.33,55.11,16.0,0.0,0.3333,0.6667,0
1.0,Computer,1,33.0,UPI,Female,3.0,5,Mobile Phone,3,Married,3,1,15.0,1.0,2.0,4.0,153.14,51.0467,15.0,3.0,2.0,0.3333,0
24.0,Computer,1,9.0,Debit Card,Male,4.0,4,Grocery,5,Married,3,0,15.0,14.0,15.0,8.0,304.24,19.015,16.0,0.0,0.32,0.875,0
17.0,Computer,3,33.0,Debit Card,Male,4.0,4,Grocery,1,Married,3,1,15.0,2.0,5.0,13.0,294.59,49.0983,16.0,5.0,0.7222,0.3333,0
18.0,Mobile Phone,2,7.0,Debit Card,Female,3.0,5,Laptop & Accessory,3,Single,6,0,12.0,2.0,2.0,3.0,184.85,61.6167,15.0,0.0,0.1579,0.6667,0
0.0,Computer,3,6.0,Credit Card,Male,2.0,4,Laptop & Accessory,5,Single,2,0,12.0,1.0,1.0,7.0,142.94,71.47,8.0,0.0,7.0,0.5,0
20.0,Mobile Phone,1,7.0,Credit Card,Male,4.0,4,Fashion,5,Married,9,0,17.0,1.0,2.0,3.0,218.96,72.9867,16.0,0.0,0.1429,0.3333,0
9.0,Computer,1,7.0,Credit Card,Male,2.0,4,Mobile Phone,3,Married,2,0,12.0,0.0,1.0,0.0,120.08,60.04,8.0,0.0,0.0,0.0,0
4.0,Mobile Phone,3,14.0,Debit Card,Male,2.0,4,Mobile Phone,3,Divorced,4,0,15.0,3.0,5.0,2.0,123.29,20.5483,8.0,0.0,0.4,0.5,0
8.0,Mobile Phone,3,9.0,E wallet,Female,3.0,4,Laptop & Accessory,5,Single,2,1,13.0,2.0,2.0,3.0,170.38,56.7933,12.0,1.0,0.3333,0.6667,0
20.0,Computer,3,10.0,Credit Card,Male,3.0,3,Laptop & Accessory,3,Single,4,0,19.0,0.0,1.0,0.0,129.76,64.88,9.0,0.0,0.0,0.0,0
12.0,Computer,1,9.0,Debit Card,Male,3.0,4,Mobile Phone,2,Divorced,3,1,24.0,2.0,2.0,1.0,142.02,47.34,12.0,4.0,0.0769,0.6667,0
9.0,Mobile Phone,1,8.0,UPI,Male,3.0,4,Mobile Phone,3,Single,7,1,15.0,0.0,1.0,0.0,120.9,60.45,12.0,3.0,0.0,0.0,1
3.0,Computer,1,15.0,Credit Card,Male,3.0,3,Laptop & Accessory,5,Married,2,0,11.0,0.0,6.0,10.0,130.72,18.6743,9.0,0.0,2.5,0.0,0
17.0,Mobile Phone,1,14.0,Debit Card,Female,3.0,4,Fashion,5,Divorced,10,0,17.0,2.0,2.0,3.0,224.85,74.95,12.0,0.0,0.1667,0.6667,0
7.0,Computer,1,14.0,Debit Card,Male,3.0,4,Laptop & Accessory,3,Married,3,0,21.0,1.0,3.0,9.0,184.68,46.17,12.0,0.0,1.125,0.25,0
8.0,Mobile Phone,1,9.0,Cash on Delivery,Female,4.0,4,Laptop & Accessory,1,Single,3,0,12.0,5.0,5.0,12.0,191.87,31.9783,16.0,0.0,1.3333,0.8333,0
26.0,Computer,1,35.0,Credit Card,Female,3.0,2,Grocery,3,Married,4,1,12.0,2.0,2.0,3.0,257.47,85.8233,6.0,3.0,0.1111,0.6667,0
28.0,Computer,1,7.0,Debit Card,Female,3.0,4,Fashion,3,Married,9,0,18.0,2.0,2.0,3.0,230.02,76.6733,12.0,0.0,0.1034,0.6667,0
4.0,Mobile Phone,1,14.0,Debit Card,Female,3.0,3,Grocery,4,Single,4,0,11.0,1.0,1.0,0.0,264.22,132.11,9.0,0.0,0.0,0.5,0
16.0,Computer,1,33.0,Credit Card,Female,3.0,4,Fashion,5,Divorced,5,1,18.0,1.0,2.0,1.0,256.91,85.6367,12.0,1.0,0.0588,0.3333,0
24.0,Mobile Phone,1,35.0,Credit Card,Male,4.0,2,Mobile Phone,3,Married,3,1,12.0,1.0,4.0,9.0,157.21,31.442,8.0,3.0,0.36,0.2,0
0.0,Mobile Phone,3,9.0,Debit Card,Female,3.0,3,Laptop & Accessory,3,Single,10,0,14.0,1.0,2.0,0.0,145.77,48.59,9.0,0.0,0.0,0.3333,1
9.0,Mobile Phone,3,14.0,Debit Card,Female,3.0,4,Laptop & Accessory,1,Married,3,1,12.0,2.0,2.0,10.0,177.04,59.0133,12.0,5.0,1.0,0.6667,0
1.0,Computer,1,11.0,Cash on Delivery,Male,3.0,4,Mobile Phone,2,Single,20,1,24.0,2.0,2.0,1.0,147.85,49.2833,12.0,4.0,0.5,0.6667,1
24.0,Mobile Phone,1,9.0,Credit Card,Male,4.0,4,Grocery,3,Married,7,0,15.0,1.0,2.0,4.0,301.39,100.4633,16.0,0.0,0.16,0.3333,0
11.0,Mobile Phone,1,13.0,Credit Card,Male,3.0,2,Laptop & Accessory,5,Married,6,1,14.0,7.0,7.0,8.0,184.74,23.0925,6.0,1.0,0.6667,0.875,0
21.0,Mobile Phone,1,16.0,Debit Card,Male,3.0,4,Others,4,Married,5,0,15.0,3.0,12.0,9.0,296.65,22.8192,12.0,0.0,0.4091,0.2308,0
10.0,Mobile Phone,3,16.0,Debit Card,Female,2.0,4,Laptop & Accessory,1,Married,3,1,14.0,1.0,1.0,0.0,166.94,83.47,8.0,5.0,0.0,0.5,0
8.0,Computer,3,11.0,E wallet,Female,4.0,4,Laptop & Accessory,3,Divorced,11,0,16.0,2.0,2.0,3.0,190.38,63.46,16.0,0.0,0.3333,0.6667,0
13.0,Mobile Phone,1,7.0,Debit Card,Female,2.0,3,Laptop & Accessory,1,Married,5,0,17.0,0.0,1.0,3.0,165.13,82.565,6.0,0.0,0.2143,0.0,0
7.0,Computer,1,9.0,Debit Card,Male,2.0,3,Laptop & Accessory,1,Single,1,0,17.0,1.0,1.0,4.0,177.56,88.78,6.0,0.0,0.5,0.5,0
9.0,Computer,1,9.0,Credit Card,Male,4.0,5,Mobile Phone,1,Single,2,1,15.0,2.0,2.0,5.0,174.3,58.1,20.0,5.0,0.5,0.6667,0
20.0,Mobile Phone,3,20.0,E wallet,Male,2.0,3,Laptop & Accessory,5,Single,3,0,12.0,0.0,1.0,7.0,149.6,74.8,6.0,0.0,0.3333,0.0,0
22.0,Mobile Phone,1,28.0,UPI,Female,3.0,3,Grocery,4,Married,4,0,16.0,1.0,1.0,2.0,264.13,132.065,9.0,0.0,0.087,0.5,0
7.0,Mobile Phone,3,9.0,UPI,Male,2.0,5,Laptop & Accessory,5,Single,4,0,18.0,2.0,3.0,12.0,147.59,36.8975,10.0,0.0,1.5,0.5,0
10.0,Mobile Phone,1,33.0,Debit Card,Male,4.0,4,Laptop & Accessory,3,Married,8,0,15.0,2.0,2.0,3.0,178.47,59.49,16.0,0.0,0.2727,0.6667,0
17.0,Mobile Phone,1,14.0,Debit Card,Female,3.0,4,Fashion,5,Married,10,0,17.0,2.0,2.0,3.0,224.85,74.95,12.0,0.0,0.1667,0.6667,0
11.0,Mobile Phone,1,12.0,UPI,Female,2.0,4,Mobile Phone,3,Married,2,0,11.0,0.0,1.0,4.0,137.02,68.51,8.0,0.0,0.3333,0.0,0
8.0,Mobile Phone,1,22.0,UPI,Female,2.0,4,Laptop & Accessory,4,Married,1,1,11.0,0.0,1.0,2.0,147.88,73.94,8.0,2.0,0.2222,0.0,0
14.0,Mobile Phone,1,31.0,Cash on Delivery,Male,4.0,4,Laptop & Accessory,2,Married,3,0,18.0,3.0,5.0,8.0,158.19,26.365,16.0,0.0,0.5333,0.5,0
9.0,Mobile Phone,1,11.0,Credit Card,Male,2.0,1,Mobile Phone,3,Married,3,1,12.0,0.0,1.0,3.0,121.27,60.635,2.0,3.0,0.3,0.0,0
1.0,Computer,1,18.0,UPI,Female,4.0,2,Laptop & Accessory,3,Married,2,0,19.0,1.0,2.0,4.0,165.11,55.0367,8.0,0.0,2.0,0.3333,0
27.0,Mobile Phone,1,11.0,Credit Card,Male,2.0,3,Others,5,Divorced,5,0,15.0,1.0,1.0,2.0,294.06,147.03,6.0,0.0,0.0714,0.5,0
4.0,Mobile Phone,3,22.0,E wallet,Male,4.0,5,Fashion,5,Married,4,0,12.0,2.0,2.0,8.0,196.4,65.4667,20.0,0.0,1.6,0.6667,0
7.0,Computer,3,10.0,E wallet,Female,3.0,3,Laptop & Accessory,3,Divorced,10,0,15.0,1.0,1.0,2.0,165.38,82.69,9.0,0.0,0.25,0.5,0
7.0,Mobile Phone,1,14.0,Cash on Delivery,Female,2.0,1,Mobile Phone,3,Married,1,0,17.0,1.0,1.0,0.0,125.85,62.925,2.0,0.0,0.0,0.5,0
14.0,Mobile Phone,2,6.0,UPI,Male,2.0,4,Others,3,Divorced,2,0,12.0,1.0,2.0,10.0,291.89,97.2967,8.0,0.0,0.6667,0.3333,0
0.0,Mobile Phone,3,15.0,Debit Card,Male,3.0,3,Mobile Phone,5,Single,2,0,11.0,0.0,1.0,2.0,127.28,63.64,9.0,0.0,2.0,0.0,0
18.0,Mobile Phone,1,6.0,Cash on Delivery,Male,3.0,3,Fashion,4,Married,2,0,12.0,6.0,7.0,7.0,174.41,21.8012,9.0,0.0,0.3684,0.75,0
11.0,Computer,3,8.0,Debit Card,Male,2.0,4,Laptop & Accessory,1,Married,4,0,18.0,1.0,7.0,5.0,152.49,19.0612,8.0,0.0,0.4167,0.125,0
11.0,Mobile Phone,1,6.0,Debit Card,Female,2.0,2,Laptop & Accessory,2,Single,1,0,13.0,1.0,1.0,8.0,176.25,88.125,4.0,0.0,0.6667,0.5,0
1.0,Mobile Phone,3,9.0,Cash on Delivery,Male,4.0,4,Mobile Phone,5,Married,5,0,14.0,2.0,2.0,1.0,148.22,49.4067,16.0,0.0,0.5,0.6667,0
6.0,Mobile Phone,1,14.0,Debit Card,Male,2.0,3,Mobile Phone,2,Single,1,0,14.0,0.0,1.0,2.0,125.0,62.5,6.0,0.0,0.2857,0.0,0
20.0,Mobile Phone,1,7.0,Cash on Delivery,Male,3.0,3,Mobile Phone,1,Married,8,0,12.0,1.0,1.0,2.0,134.2,67.1,9.0,0.0,0.0952,0.5,0
8.0,Computer,1,10.0,Debit Card,Male,3.0,4,Laptop & Accessory,1,Single,2,0,18.0,2.0,2.0,5.0,202.56,67.52,12.0,0.0,0.5556,0.6667,0
12.0,Computer,1,14.0,Debit Card,Female,2.0,3,Mobile Phone,3,Married,2,0,11.0,1.0,1.0,7.0,137.55,68.775,6.0,0.0,0.5385,0.5,0
18.0,Computer,3,12.0,Credit Card,Female,2.0,4,Fashion,1,Single,7,0,12.0,5.0,12.0,8.0,188.65,14.5115,8.0,0.0,0.4211,0.3846,0
5.0,Mobile Phone,1,18.0,Credit Card,Male,4.0,4,Laptop & Accessory,5,Married,3,1,13.0,2.0,2.0,2.0,193.33,64.4433,16.0,1.0,0.3333,0.6667,0
1.0,Mobile Phone,1,8.0,Debit Card,Female,3.0,5,Mobile Phone,3,Married,3,1,14.0,1.0,2.0,1.0,154.33,51.4433,15.0,3.0,0.5,0.3333,0
30.0,Computer,1,16.0,Credit Card,Female,4.0,4,Mobile Phone,3,Married,4,0,20.0,2.0,2.0,4.0,154.42,51.4733,16.0,0.0,0.129,0.6667,0
0.0,Mobile Phone,1,10.0,Debit Card,Male,3.0,3,Mobile Phone,1,Single,2,1,20.0,2.0,2.0,2.0,128.75,42.9167,9.0,5.0,2.0,0.6667,0
24.0,Mobile Phone,1,18.0,Debit Card,Female,3.0,4,Others,4,Single,5,0,16.0,3.0,5.0,5.0,324.26,54.0433,12.0,0.0,0.2,0.5,0
6.0,Mobile Phone,1,11.0,Debit Card,Male,2.0,4,Fashion,2,Married,5,0,15.0,0.0,1.0,2.0,171.19,85.595,8.0,0.0,0.2857,0.0,0
23.0,Mobile Phone,1,8.0,Credit Card,Male,3.0,3,Grocery,3,Divorced,6,0,16.0,1.0,1.0,3.0,276.39,138.195,9.0,0.0,0.125,0.5,0
1.0,Mobile Phone,1,22.0,Credit Card,Male,3.0,2,Laptop & Accessory,5,Single,1,0,19.0,0.0,1.0,7.0,156.61,78.305,6.0,0.0,3.5,0.0,0
7.0,Mobile Phone,3,8.0,E wallet,Female,2.0,3,Laptop & Accessory,5,Single,1,1,12.0,1.0,1.0,2.0,145.38,72.69,6.0,1.0,0.25,0.5,0
9.0,Computer,2,16.0,Credit Card,Male,2.0,3,Mobile Phone,1,Married,1,0,14.0,1.0,2.0,1.0,121.45,40.4833,6.0,0.0,0.1,0.3333,0
14.0,Mobile Phone,1,26.0,Credit Card,Male,3.0,4,Laptop & Accessory,2,Divorced,10,1,16.0,2.0,4.0,8.0,152.41,30.482,12.0,4.0,0.5333,0.4,0
0.0,Computer,1,22.0,Debit Card,Female,3.0,5,Mobile Phone,5,Single,2,1,22.0,0.0,6.0,7.0,139.19,19.8843,15.0,1.0,7.0,0.0,1
4.0,Mobile Phone,1,13.0,Cash on Delivery,Female,3.0,5,Laptop & Accessory,2,Divorced,2,0,13.0,6.0,7.0,8.0,171.27,21.4088,15.0,0.0,1.6,0.75,0
10.0,Mobile Phone,1,13.0,Debit Card,Female,3.0,2,Mobile Phone,1,Married,5,0,13.0,1.0,2.0,1.0,155.38,51.7933,6.0,0.0,0.0909,0.3333,0
17.0,Mobile Phone,2,6.0,Debit Card,Female,2.0,4,Laptop & Accessory,3,Single,5,0,11.0,1.0,1.0,2.0,159.85,79.925,8.0,0.0,0.1111,0.5,0
9.0,Mobile Phone,1,12.0,Debit Card,Male,3.0,5,Mobile Phone,3,Married,2,0,14.0,1.0,1.0,7.0,127.41,63.705,15.0,0.0,0.7,0.5,0
3.0,Mobile Phone,3,17.0,E wallet,Male,3.0,4,Mobile Phone,4,Married,3,0,15.0,1.0,3.0,3.0,147.97,36.9925,12.0,0.0,0.75,0.25,0
9.0,Mobile Phone,1,21.0,Debit Card,Female,3.0,5,Mobile Phone,1,Married,1,1,18.0,1.0,1.0,3.0,121.68,60.84,15.0,5.0,0.3,0.5,0
1.0,Mobile Phone,1,7.0,Debit Card,Female,4.0,4,Fashion,5,Married,3,0,12.0,1.0,2.0,8.0,199.12,66.3733,16.0,0.0,4.0,0.3333,0
0.0,Mobile Phone,3,19.0,E wallet,Female,2.0,3,Laptop & Accessory,3,Single,4,1,11.0,2.0,2.0,2.0,198.54,66.18,6.0,3.0,2.0,0.6667,1
1.0,Mobile Phone,1,9.0,Debit Card,Male,4.0,4,Mobile Phone,3,Single,4,0,12.0,2.0,2.0,1.0,159.85,53.2833,16.0,0.0,0.5,0.6667,1
6.0,Computer,1,7.0,Debit Card,Male,4.0,4,Mobile Phone,2,Married,2,0,13.0,1.0,2.0,3.0,148.14,49.38,16.0,0.0,0.4286,0.3333,0
1.0,Mobile Phone,1,16.0,Credit Card,Female,3.0,4,Mobile Phone,4,Single,3,0,17.0,2.0,2.0,4.0,147.79,49.2633,12.0,0.0,2.0,0.6667,0
9.0,Mobile Phone,1,27.0,Cash on Delivery,Male,2.0,4,Mobile Phone,5,Married,1,0,14.0,0.0,1.0,0.0,122.96,61.48,8.0,0.0,0.0,0.0,0
10.0,Mobile Phone,3,7.0,Debit Card,Female,4.0,4,Laptop & Accessory,3,Single,8,0,14.0,2.0,2.0,1.0,193.15,64.3833,16.0,0.0,0.0909,0.6667,0
1.0,Mobile Phone,3,17.0,E wallet,Female,4.0,4,Laptop & Accessory,3,Married,3,1,13.0,1.0,2.0,4.0,167.6,55.8667,16.0,3.0,2.0,0.3333,0
18.0,Mobile Phone,1,26.0,Credit Card,Male,3.0,3,Grocery,2,Divorced,1,1,14.0,0.0,2.0,10.0,234.96,78.32,9.0,4.0,0.5263,0.0,0
1.0,Mobile Phone,1,15.0,Credit Card,Female,4.0,4,Mobile Phone,5,Married,3,1,18.0,1.0,2.0,1.0,148.98,49.66,16.0,1.0,0.5,0.3333,1
13.0,Mobile Phone,1,13.0,Debit Card,Female,3.0,4,Fashion,4,Single,6,0,19.0,1.0,3.0,3.0,208.76,52.19,12.0,0.0,0.2143,0.25,0
8.0,Mobile Phone,3,23.0,Debit Card,Male,3.0,3,Laptop & Accessory,5,Divorced,4,1,15.0,1.0,1.0,7.0,189.66,94.83,9.0,1.0,0.7778,0.5,0
0.0,Mobile Phone,3,27.0,E wallet,Male,3.0,1,Mobile Phone,1,Single,2,0,17.0,2.0,2.0,2.0,126.78,42.26,3.0,0.0,2.0,0.6667,0
0.0,Mobile Phone,1,11.0,Credit Card,Male,3.0,3,Mobile Phone,1,Single,2,0,18.0,1.0,2.0,2.0,131.17,43.7233,9.0,0.0,2.0,0.3333,0
22.0,Mobile Phone,1,6.0,Cash on Delivery,Female,2.0,3,Mobile Phone,5,Married,3,0,16.0,0.0,1.0,2.0,135.8,67.9,6.0,0.0,0.087,0.0,0
5.0,Mobile Phone,1,10.0,Debit Card,Female,3.0,4,Laptop & Accessory,3,Married,2,0,12.0,5.0,6.0,8.0,161.62,23.0886,12.0,0.0,1.3333,0.7143,0
5.0,Computer,1,35.0,Credit Card,Female,3.0,3,Mobile Phone,3,Single,10,0,12.0,5.0,7.0,7.0,140.25,17.5312,9.0,0.0,1.1667,0.625,0
29.0,Mobile Phone,3,17.0,E wallet,Female,2.0,4,Laptop & Accessory,5,Married,5,0,16.0,0.0,1.0,0.0,153.8,76.9,8.0,0.0,0.0,0.0,0
7.0,Computer,3,29.0,E wallet,Male,3.0,3,Laptop & Accessory,3,Single,1,0,20.0,0.0,8.0,7.0,145.68,16.1867,9.0,0.0,0.875,0.0,0
14.0,Computer,3,16.0,Credit Card,Male,2.0,5,Laptop & Accessory,4,Single,2,0,13.0,3.0,11.0,9.0,161.51,13.4592,10.0,0.0,0.6,0.25,0
18.0,Computer,1,13.0,Debit Card,Male,3.0,2,Laptop & Accessory,3,Divorced,5,0,17.0,0.0,1.0,2.0,164.34,82.17,6.0,0.0,0.1053,0.0,0
0.0,Mobile Phone,1,14.0,Debit Card,Male,3.0,5,Mobile Phone,5,Married,2,0,15.0,0.0,1.0,1.0,124.51,62.255,15.0,0.0,1.0,0.0,0
5.0,Mobile Phone,1,33.0,Debit Card,Male,3.0,4,Mobile Phone,3,Married,3,0,18.0,4.0,5.0,4.0,154.11,25.685,12.0,0.0,0.6667,0.6667,0
1.0,Mobile Phone,3,10.0,UPI,Male,4.0,4,Laptop & Accessory,5,Married,3,1,19.0,1.0,2.0,4.0,166.94,55.6467,16.0,1.0,2.0,0.3333,0
24.0,Mobile Phone,1,17.0,Cash on Delivery,Male,4.0,5,Fashion,2,Single,8,0,16.0,1.0,2.0,3.0,229.96,76.6533,20.0,0.0,0.12,0.3333,0
10.0,Mobile Phone,1,13.0,Debit Card,Male,3.0,4,Mobile Phone,2,Divorced,2,0,12.0,5.0,11.0,12.0,157.1,13.0917,12.0,0.0,1.0909,0.4167,0
4.0,Computer,1,11.0,Credit Card,Male,3.0,3,Laptop & Accessory,5,Single,1,0,19.0,1.0,1.0,7.0,199.36,99.68,9.0,0.0,1.4,0.5,0
27.0,Mobile Phone,1,13.0,Debit Card,Male,3.0,4,Laptop & Accessory,2,Single,4,0,18.0,2.0,3.0,3.0,149.5,37.375,12.0,0.0,0.1071,0.5,0
0.0,Mobile Phone,1,25.0,UPI,Male,3.0,4,Mobile Phone,5,Married,2,0,11.0,0.0,1.0,7.0,140.66,70.33,12.0,0.0,7.0,0.0,0
26.0,Mobile Phone,1,7.0,Debit Card,Male,4.0,5,Others,3,Married,2,0,15.0,8.0,12.0,10.0,324.99,24.9992,20.0,0.0,0.3704,0.6154,0
16.0,Computer,1,12.0,UPI,Male,4.0,4,Mobile Phone,3,Divorced,6,0,18.0,3.0,3.0,1.0,145.93,36.4825,16.0,0.0,0.0588,0.75,0
30.0,Mobile Phone,1,11.0,Cash on Delivery,Female,4.0,4,Others,5,Married,6,0,14.0,5.0,5.0,3.0,324.43,54.0717,16.0,0.0,0.0968,0.8333,0
11.0,Computer,1,12.0,Credit Card,Female,3.0,5,Laptop & Accessory,1,Married,8,1,12.0,0.0,1.0,9.0,153.29,76.645,15.0,5.0,0.75,0.0,0
1.0,Mobile Phone,2,27.0,Credit Card,Female,4.0,4,Mobile Phone,4,Married,2,1,12.0,1.0,2.0,5.0,146.48,48.8267,16.0,2.0,2.5,0.3333,1
12.0,Computer,1,13.0,Debit Card,Male,4.0,5,Laptop & Accessory,3,Married,4,0,12.0,3.0,8.0,8.0,178.21,19.8011,20.0,0.0,0.6154,0.3333,0
24.0,Computer,2,10.0,Credit Card,Male,3.0,4,Others,4,Divorced,3,0,15.0,7.0,11.0,8.0,307.0,25.5833,12.0,0.0,0.32,0.5833,0
9.0,Mobile Phone,3,13.0,Cash on Delivery,Male,2.0,3,Mobile Phone,3,Married,1,1,25.0,3.0,5.0,7.0,123.08,20.5133,6.0,3.0,0.7,0.5,0
16.0,Computer,1,9.0,Debit Card,Male,3.0,4,Fashion,1,Married,4,1,15.0,5.0,14.0,3.0,226.24,15.0827,12.0,5.0,0.1765,0.3333,0
0.0,Mobile Phone,1,29.0,Debit Card,Female,3.0,3,Mobile Phone,1,Married,2,0,22.0,0.0,1.0,2.0,128.86,64.43,9.0,0.0,2.0,0.0,0
30.0,Mobile Phone,3,31.0,Debit Card,Female,4.0,3,Fashion,5,Single,8,0,11.0,6.0,7.0,9.0,176.37,22.0462,12.0,0.0,0.2903,0.75,0
1.0,Computer,3,7.0,Cash on Delivery,Male,4.0,4,Mobile Phone,3,Divorced,5,0,16.0,2.0,2.0,3.0,154.09,51.3633,16.0,0.0,1.5,0.6667,1
1.0,Mobile Phone,1,33.0,Debit Card,Male,3.0,4,Mobile Phone,2,Married,3,0,13.0,2.0,2.0,3.0,154.04,51.3467,12.0,0.0,1.5,0.6667,0
12.0,Mobile Phone,1,18.0,Credit Card,Male,3.0,3,Laptop & Accessory,4,Married,5,0,21.0,1.0,1.0,0.0,152.95,76.475,9.0,0.0,0.0,0.5,0
23.0,Mobile Phone,1,13.0,Credit Card,Female,2.0,4,Others,3,Married,6,1,12.0,1.0,13.0,8.0,287.4,20.5286,8.0,3.0,0.3333,0.0714,0
28.0,Mobile Phone,1,7.0,Credit Card,Female,3.0,4,Grocery,2,Single,8,0,15.0,6.0,13.0,8.0,298.28,21.3057,12.0,0.0,0.2759,0.4286,0
16.0,Computer,1,9.0,Credit Card,Male,3.0,4,Mobile Phone,2,Single,7,1,15.0,1.0,3.0,3.0,150.15,37.5375,12.0,4.0,0.1765,0.25,0
0.0,Computer,3,26.0,Debit Card,Female,2.0,3,Laptop & Accessory,3,Single,2,0,14.0,1.0,1.0,7.0,199.81,99.905,6.0,0.0,7.0,0.5,0
10.0,Mobile Phone,1,31.0,Credit Card,Female,2.0,4,Laptop & Accessory,2,Married,8,0,13.0,0.0,1.0,3.0,157.31,78.655,8.0,0.0,0.2727,0.0,0
16.0,Mobile Phone,1,33.0,Cash on Delivery,Male,2.0,1,Mobile Phone,4,Married,6,0,12.0,1.0,1.0,2.0,148.76,74.38,2.0,0.0,0.1176,0.5,0
9.0,Mobile Phone,3,15.0,Credit Card,Male,3.0,4,Fashion,2,Single,2,0,16.0,0.0,4.0,7.0,196.19,39.238,12.0,0.0,0.7,0.0,1
20.0,Mobile Phone,3,8.0,Debit Card,Male,3.0,2,Grocery,5,Single,3,0,15.0,1.0,2.0,13.0,300.67,100.2233,6.0,0.0,0.619,0.3333,0
8.0,Mobile Phone,1,6.0,Debit Card,Female,3.0,5,Mobile Phone,1,Married,2,0,12.0,0.0,1.0,1.0,129.77,64.885,15.0,0.0,0.1111,0.0,0
1.0,Mobile Phone,1,12.0,Credit Card,Male,4.0,4,Mobile Phone,1,Single,3,0,19.0,2.0,3.0,3.0,156.17,39.0425,16.0,0.0,1.5,0.5,0
24.0,Computer,1,27.0,Credit Card,Male,3.0,4,Grocery,3,Married,4,1,16.0,4.0,2.0,14.0,237.45,79.15,12.0,3.0,0.56,1.3333,0
0.0,Computer,1,20.0,UPI,Female,2.0,3,Fashion,2,Single,1,1,12.0,2.0,7.0,7.0,175.53,21.9412,6.0,4.0,7.0,0.25,1
30.0,Mobile Phone,1,30.0,Debit Card,Male,4.0,4,Grocery,4,Divorced,6,1,13.0,12.0,2.0,10.0,259.02,86.34,16.0,2.0,0.3226,4.0,0
1.0,Mobile Phone,1,9.0,Credit Card,Male,4.0,2,Mobile Phone,5,Single,9,0,14.0,2.0,2.0,2.0,159.24,53.08,8.0,0.0,1.0,0.6667,0
1.0,Mobile Phone,1,27.0,Debit Card,Male,4.0,4,Laptop & Accessory,3,Single,2,0,15.0,2.0,2.0,3.0,147.72,49.24,16.0,0.0,1.5,0.6667,0
17.0,Mobile Phone,1,34.0,Debit Card,Male,2.0,3,Grocery,5,Married,4,0,13.0,1.0,14.0,17.0,263.28,17.552,6.0,0.0,0.9444,0.0667,0
10.0,Mobile Phone,1,7.0,UPI,Female,3.0,4,Laptop & Accessory,4,Divorced,2,0,16.0,1.0,2.0,6.0,177.28,59.0933,12.0,0.0,0.5455,0.3333,0
21.0,Mobile Phone,1,7.0,Debit Card,Male,3.0,4,Others,1,Single,7,0,12.0,1.0,1.0,0.0,282.65,141.325,12.0,0.0,0.0,0.5,0
9.0,Mobile Phone,3,7.0,Debit Card,Female,3.0,3,Laptop & Accessory,3,Single,7,0,13.0,1.0,1.0,0.0,168.15,84.075,9.0,0.0,0.0,0.5,0
9.0,Computer,3,6.0,Credit Card,Female,2.0,3,Laptop & Accessory,2,Single,5,0,15.0,1.0,1.0,0.0,166.53,83.265,6.0,0.0,0.0,0.5,0
22.0,Mobile Phone,3,17.0,E wallet,Female,3.0,3,Laptop & Accessory,1,Single,4,0,12.0,0.0,1.0,4.0,145.07,72.535,9.0,0.0,0.1739,0.0,0
6.0,Mobile Phone,3,14.0,E wallet,Male,2.0,3,Laptop & Accessory,3,Married,1,0,12.0,1.0,1.0,2.0,171.04,85.52,6.0,0.0,0.2857,0.5,0
21.0,Mobile Phone,3,9.0,E wallet,Female,3.0,4,Laptop & Accessory,2,Divorced,2,1,23.0,6.0,8.0,8.0,170.37,18.93,12.0,4.0,0.3636,0.6667,0
25.0,Computer,3,9.0,E wallet,Male,3.0,4,Fashion,4,Married,4,0,12.0,4.0,4.0,3.0,230.96,46.192,12.0,0.0,0.1154,0.8,0
5.0,Mobile Phone,1,10.0,Debit Card,Female,3.0,4,Laptop & Accessory,3,Divorced,2,0,12.0,1.0,6.0,8.0,161.62,23.0886,12.0,0.0,1.3333,0.1429,0
23.0,Computer,3,9.0,Credit Card,Male,4.0,5,Laptop & Accessory,4,Married,4,0,15.0,2.0,2.0,9.0,178.9,59.6333,20.0,0.0,0.375,0.6667,0
5.0,Computer,1,7.0,Debit Card,Female,4.0,4,Laptop & Accessory,5,Divorced,3,0,13.0,2.0,2.0,4.0,166.48,55.4933,16.0,0.0,0.6667,0.6667,0
9.0,Mobile Phone,2,15.0,Cash on Delivery,Male,4.0,4,Mobile Phone,3,Single,3,0,18.0,1.0,2.0,5.0,168.23,56.0767,16.0,0.0,0.5,0.3333,0
10.0,Mobile Phone,3,17.0,Debit Card,Female,4.0,4,Fashion,4,Married,7,0,22.0,1.0,2.0,8.0,198.14,66.0467,16.0,0.0,0.7273,0.3333,1
16.0,Computer,2,9.0,Credit Card,Male,4.0,2,Laptop & Accessory,5,Married,9,0,17.0,2.0,2.0,4.0,187.72,62.5733,8.0,0.0,0.2353,0.6667,0
6.0,Computer,1,36.0,Credit Card,Female,4.0,4,Mobile Phone,3,Single,11,0,13.0,7.0,8.0,8.0,165.25,18.3611,16.0,0.0,1.1429,0.7778,0
1.0,Computer,3,27.0,Debit Card,Female,3.0,4,Laptop & Accessory,3,Single,3,0,15.0,2.0,2.0,3.0,224.81,74.9367,12.0,0.0,1.5,0.6667,0
14.0,Mobile Phone,1,21.0,Credit Card,Male,3.0,5,Others,3,Single,3,0,15.0,4.0,5.0,10.0,321.26,53.5433,15.0,0.0,0.6667,0.6667,0
9.0,Computer,1,9.0,Debit Card,Female,4.0,4,Laptop & Accessory,5,Married,4,0,12.0,1.0,2.0,1.0,175.93,58.6433,16.0,0.0,0.1,0.3333,0
1.0,Mobile Phone,3,12.0,E wallet,Male,3.0,5,Laptop & Accessory,3,Single,3,1,12.0,1.0,2.0,4.0,182.44,60.8133,15.0,3.0,2.0,0.3333,1
4.0,Computer,1,9.0,Credit Card,Male,3.0,3,Fashion,3,Married,10,0,12.0,2.0,2.0,2.0,236.75,78.9167,9.0,0.0,0.4,0.6667,0
1.0,Mobile Phone,3,14.0,Debit Card,Male,4.0,4,Mobile Phone,1,Married,3,1,22.0,2.0,2.0,3.0,147.75,49.25,16.0,5.0,1.5,0.6667,1
6.0,Computer,3,31.0,Credit Card,Female,2.0,3,Laptop & Accessory,3,Divorced,2,0,12.0,0.0,1.0,1.0,145.39,72.695,6.0,0.0,0.1429,0.0,0
7.0,Mobile Phone,1,6.0,Debit Card,Female,3.0,1,Mobile Phone,1,Single,3,0,16.0,1.0,1.0,3.0,132.8,66.4,3.0,0.0,0.375,0.5,0
0.0,Mobile Phone,2,14.0,UPI,Male,2.0,4,Mobile Phone,5,Married,5,1,15.0,2.0,2.0,0.0,123.35,41.1167,8.0,1.0,0.0,0.6667,1
5.0,Mobile Phone,3,8.0,E wallet,Male,2.0,3,Laptop & Accessory,4,Divorced,1,1,13.0,0.0,1.0,2.0,140.78,70.39,6.0,2.0,0.3333,0.0,0
1.0,Mobile Phone,1,36.0,Credit Card,Male,4.0,4,Mobile Phone,5,Married,3,0,14.0,2.0,2.0,3.0,164.07,54.69,16.0,0.0,1.5,0.6667,0
19.0,Mobile Phone,1,8.0,Debit Card,Male,2.0,3,Fashion,1,Married,4,0,14.0,0.0,4.0,7.0,185.78,37.156,6.0,0.0,0.35,0.0,0
9.0,Computer,1,9.0,Credit Card,Male,1.0,3,Mobile Phone,4,Single,5,0,12.0,4.0,7.0,2.0,120.88,15.11,3.0,0.0,0.2,0.5,0
4.0,Mobile Phone,1,18.0,Credit Card,Female,2.0,3,Laptop & Accessory,1,Married,1,1,11.0,6.0,8.0,5.0,158.55,17.6167,6.0,5.0,1.0,0.6667,0
7.0,Mobile Phone,3,8.0,UPI,Male,2.0,3,Laptop & Accessory,2,Single,2,0,22.0,0.0,1.0,4.0,162.74,81.37,6.0,0.0,0.5,0.0,0
0.0,Mobile Phone,3,16.0,Credit Card,Male,2.0,4,Fashion,5,Married,10,0,17.0,0.0,6.0,0.0,203.06,29.0086,8.0,0.0,0.0,0.0,1
13.0,Mobile Phone,1,21.0,Debit Card,Female,3.0,4,Fashion,3,Married,2,0,13.0,6.0,14.0,12.0,204.35,13.6233,12.0,0.0,0.8571,0.4,0
0.0,Mobile Phone,3,22.0,E wallet,Female,3.0,3,Laptop & Accessory,5,Single,6,0,15.0,1.0,1.0,2.0,153.24,76.62,9.0,0.0,2.0,0.5,1
20.0,Mobile Phone,2,32.0,Debit Card,Female,3.0,3,Others,3,Married,4,0,15.0,1.0,1.0,0.0,296.58,148.29,9.0,0.0,0.0,0.5,0
3.0,Computer,3,7.0,Credit Card,Female,3.0,4,Fashion,2,Divorced,3,0,15.0,5.0,5.0,2.0,204.18,34.03,12.0,0.0,0.5,0.8333,0
28.0,Mobile Phone,1,6.0,Debit Card,Female,3.0,4,Laptop & Accessory,3,Single,9,0,12.0,1.0,2.0,1.0,162.8,54.2667,12.0,0.0,0.0345,0.3333,0
11.0,Computer,1,14.0,Debit Card,Male,2.0,1,Mobile Phone,3,Married,2,0,11.0,0.0,1.0,3.0,126.1,63.05,2.0,0.0,0.25,0.0,0
28.0,Mobile Phone,1,9.0,Cash on Delivery,Female,3.0,4,Fashion,3,Married,11,0,13.0,1.0,2.0,4.0,260.49,86.83,12.0,0.0,0.1379,0.3333,0
13.0,Mobile Phone,3,32.0,E wallet,Male,3.0,3,Laptop & Accessory,5,Divorced,2,0,14.0,5.0,7.0,5.0,183.96,22.995,9.0,0.0,0.3571,0.625,0
7.0,Mobile Phone,1,21.0,Credit Card,Female,3.0,3,Fashion,1,Married,2,0,11.0,0.0,1.0,5.0,179.78,89.89,9.0,0.0,0.625,0.0,1
5.0,Mobile Phone,1,12.0,Cash on Delivery,Male,3.0,4,Mobile Phone,1,Married,2,1,13.0,2.0,2.0,4.0,173.21,57.7367,12.0,5.0,0.6667,0.6667,0
1.0,Computer,3,31.0,Debit Card,Male,4.0,6,Mobile Phone,2,Single,3,1,15.0,2.0,2.0,1.0,136.18,45.3933,24.0,4.0,0.5,0.6667,1
1.0,Mobile Phone,3,25.0,Debit Card,Male,4.0,2,Laptop & Accessory,3,Divorced,4,0,12.0,1.0,2.0,3.0,187.32,62.44,8.0,0.0,1.5,0.3333,0
7.0,Mobile Phone,3,16.0,E wallet,Female,3.0,6,Laptop & Accessory,3,Single,10,0,14.0,2.0,2.0,4.0,178.46,59.4867,18.0,0.0,0.5,0.6667,1
26.0,Mobile Phone,1,10.0,Credit Card,Male,3.0,5,Fashion,3,Married,4,1,15.0,2.0,2.0,5.0,204.69,68.23,15.0,3.0,0.1852,0.6667,0
10.0,Mobile Phone,1,7.0,UPI,Female,3.0,4,Laptop & Accessory,4,Married,2,0,16.0,2.0,2.0,6.0,177.28,59.0933,12.0,0.0,0.5455,0.6667,0
18.0,Mobile Phone,1,36.0,UPI,Male,3.0,4,Laptop & Accessory,2,Single,3,0,26.0,2.0,2.0,18.0,170.41,56.8033,12.0,0.0,0.9474,0.6667,0
8.0,Mobile Phone,1,7.0,Debit Card,Female,4.0,2,Mobile Phone,1,Single,4,0,17.0,2.0,2.0,4.0,157.8,52.6,8.0,0.0,0.4444,0.6667,0
4.0,Computer,3,26.0,Debit Card,Male,3.0,1,Mobile Phone,2,Divorced,1,0,12.0,1.0,2.0,2.0,127.91,42.6367,3.0,0.0,0.4,0.3333,0
21.0,Mobile Phone,2,33.0,Debit Card,Female,4.0,4,Others,3,Married,5,0,15.0,2.0,2.0,1.0,321.58,107.1933,16.0,0.0,0.0455,0.6667,0
23.0,Computer,3,9.0,Credit Card,Male,4.0,5,Laptop & Accessory,4,Married,4,0,15.0,2.0,2.0,9.0,178.9,59.6333,20.0,0.0,0.375,0.6667,0
0.0,Mobile Phone,3,14.0,Cash on Delivery,Male,2.0,4,Laptop & Accessory,5,Single,7,0,17.0,0.0,1.0,2.0,153.26,76.63,8.0,0.0,2.0,0.0,1
1.0,Computer,3,7.0,E wallet,Male,4.0,4,Laptop & Accessory,4,Married,2,1,14.0,1.0,2.0,5.0,188.49,62.83,16.0,2.0,2.5,0.3333,0
0.0,Computer,1,26.0,Debit Card,Male,3.0,3,Fashion,3,Divorced,4,0,12.0,1.0,1.0,0.0,198.24,99.12,9.0,0.0,0.0,0.5,1
1.0,Computer,3,7.0,Credit Card,Male,3.0,5,Laptop & Accessory,5,Single,3,0,13.0,1.0,2.0,8.0,167.94,55.98,15.0,0.0,4.0,0.3333,0
0.0,Mobile Phone,1,7.0,Debit Card,Male,2.0,4,Laptop & Accessory,3,Single,2,0,12.0,1.0,1.0,2.0,146.17,73.085,8.0,0.0,2.0,0.5,0
18.0,Mobile Phone,3,8.0,Cash on Delivery,Male,2.0,5,Laptop & Accessory,3,Single,1,0,13.0,1.0,3.0,1.0,166.32,41.58,10.0,0.0,0.0526,0.25,0
0.0,Computer,3,14.0,Credit Card,Male,2.0,3,Mobile Phone,1,Married,1,0,13.0,1.0,2.0,1.0,124.0,41.3333,6.0,0.0,1.0,0.3333,0
5.0,Mobile Phone,1,15.0,Debit Card,Female,4.0,4,Grocery,4,Single,5,0,12.0,1.0,2.0,1.0,289.22,96.4067,16.0,0.0,0.1667,0.3333,0
2.0,Mobile Phone,1,14.0,Credit Card,Male,3.0,4,Laptop & Accessory,1,Married,2,1,15.0,1.0,1.0,2.0,150.56,75.28,12.0,5.0,0.6667,0.5,0
5.0,Mobile Phone,3,14.0,Debit Card,Male,3.0,5,Mobile Phone,3,Divorced,5,0,16.0,4.0,6.0,3.0,148.29,21.1843,15.0,0.0,0.5,0.5714,0
20.0,Mobile Phone,3,8.0,E wallet,Female,2.0,3,Laptop & Accessory,2,Divorced,1,1,22.0,5.0,7.0,7.0,145.37,18.1712,6.0,4.0,0.3333,0.625,0
7.0,Mobile Phone,3,6.0,E wallet,Male,3.0,1,Laptop & Accessory,1,Married,1,0,11.0,0.0,1.0,9.0,197.25,98.625,3.0,0.0,1.125,0.0,0
4.0,Computer,3,29.0,UPI,Female,4.0,4,Fashion,5,Divorced,2,0,12.0,3.0,8.0,9.0,209.12,23.2356,16.0,0.0,1.8,0.3333,0
15.0,Mobile Phone,1,11.0,Debit Card,Male,3.0,4,Mobile Phone,3,Divorced,11,1,13.0,2.0,3.0,8.0,149.61,37.4025,12.0,3.0,0.5,0.5,1
3.0,Computer,1,11.0,Debit Card,Male,3.0,4,Mobile Phone,2,Married,10,0,12.0,0.0,1.0,3.0,137.61,68.805,12.0,0.0,0.75,0.0,0
5.0,Mobile Phone,1,15.0,Debit Card,Female,3.0,3,Laptop & Accessory,1,Married,2,1,12.0,1.0,1.0,5.0,163.22,81.61,9.0,5.0,0.8333,0.5,0
7.0,Mobile Phone,1,11.0,Credit Card,Female,2.0,4,Fashion,5,Single,3,0,12.0,2.0,5.0,3.0,216.31,36.0517,8.0,0.0,0.375,0.3333,0
1.0,Mobile Phone,3,20.0,E wallet,Male,4.0,5,Laptop & Accessory,5,Married,7,1,14.0,2.0,3.0,3.0,186.34,46.585,20.0,1.0,1.5,0.5,1
10.0,Computer,3,25.0,Credit Card,Male,2.0,3,Fashion,4,Single,2,1,13.0,0.0,1.0,9.0,176.42,88.21,6.0,2.0,0.8182,0.0,0
20.0,Mobile Phone,1,13.0,Credit Card,Female,2.0,4,Fashion,5,Married,8,1,14.0,1.0,5.0,9.0,200.08,33.3467,8.0,1.0,0.4286,0.1667,1
9.0,Mobile Phone,1,16.0,Debit Card,Male,2.0,3,Fashion,5,Married,8,1,13.0,1.0,5.0,7.0,183.21,30.535,6.0,1.0,0.7,0.1667,0
14.0,Mobile Phone,3,35.0,E wallet,Male,3.0,5,Fashion,5,Married,6,1,14.0,1.0,2.0,1.0,233.54,77.8467,15.0,1.0,0.0667,0.3333,1
1.0,Computer,2,29.0,UPI,Female,3.0,5,Mobile Phone,4,Married,3,0,13.0,2.0,2.0,1.0,153.63,51.21,15.0,0.0,0.5,0.6667,1
19.0,Computer,1,30.0,Debit Card,Male,3.0,4,Laptop & Accessory,5,Divorced,3,1,16.0,2.0,2.0,9.0,161.33,53.7767,12.0,1.0,0.45,0.6667,0
5.0,Computer,3,12.0,E wallet,Female,3.0,4,Mobile Phone,4,Married,3,0,12.0,1.0,3.0,3.0,152.89,38.2225,12.0,0.0,0.5,0.25,0
1.0,Mobile Phone,1,21.0,UPI,Male,3.0,5,Mobile Phone,4,Married,3,1,25.0,2.0,2.0,3.0,162.43,54.1433,15.0,2.0,1.5,0.6667,1
15.0,Mobile Phone,2,8.0,Cash on Delivery,Male,3.0,3,Mobile Phone,3,Married,1,1,11.0,1.0,1.0,0.0,126.96,63.48,9.0,3.0,0.0,0.5,0
7.0,Computer,3,23.0,Debit Card,Female,3.0,4,Laptop & Accessory,1,Married,3,1,26.0,1.0,2.0,3.0,178.68,59.56,12.0,5.0,0.375,0.3333,0
5.0,Mobile Phone,3,12.0,Debit Card,Female,4.0,4,Laptop & Accessory,1,Married,3,0,12.0,1.0,2.0,3.0,179.76,59.92,16.0,0.0,0.5,0.3333,0
31.0,Mobile Phone,3,23.0,E wallet,Male,3.0,4,Laptop & Accessory,5,Single,10,0,15.0,2.0,3.0,3.0,179.05,44.7625,12.0,0.0,0.0938,0.5,0
2.0,Mobile Phone,1,36.0,Debit Card,Male,4.0,6,Laptop & Accessory,4,Divorced,3,0,15.0,2.0,2.0,8.0,190.49,63.4967,24.0,0.0,2.6667,0.6667,0
17.0,Mobile Phone,2,6.0,Debit Card,Female,2.0,4,Laptop & Accessory,3,Single,5,0,11.0,1.0,1.0,2.0,159.85,79.925,8.0,0.0,0.1111,0.5,0
1.0,Computer,3,9.0,Debit Card,Male,3.0,6,Laptop & Accessory,1,Single,5,0,21.0,1.0,2.0,1.0,175.71,58.57,18.0,0.0,0.5,0.3333,0
15.0,Mobile Phone,2,17.0,UPI,Male,4.0,5,Others,2,Married,5,0,15.0,13.0,13.0,7.0,316.41,22.6007,20.0,0.0,0.4375,0.9286,0
1.0,Mobile Phone,3,7.0,Debit Card,Male,3.0,4,Laptop & Accessory,3,Married,3,0,18.0,1.0,8.0,8.0,177.96,19.7733,12.0,0.0,4.0,0.1111,0
3.0,Mobile Phone,3,11.0,E wallet,Female,1.0,4,Laptop & Accessory,3,Married,2,0,13.0,1.0,1.0,2.0,161.18,80.59,4.0,0.0,0.5,0.5,0
6.0,Computer,3,12.0,Debit Card,Male,3.0,4,Laptop & Accessory,4,Divorced,3,0,15.0,3.0,6.0,4.0,190.24,27.1771,12.0,0.0,0.5714,0.4286,0
7.0,Computer,1,16.0,Cash on Delivery,Male,3.0,4,Laptop & Accessory,3,Married,2,0,14.0,2.0,7.0,7.0,150.63,18.8288,12.0,0.0,0.875,0.25,0
9.0,Mobile Phone,1,33.0,Credit Card,Female,3.0,3,Mobile Phone,4,Single,3,0,15.0,0.0,1.0,2.0,123.11,61.555,9.0,0.0,0.2,0.0,0
15.0,Mobile Phone,3,11.0,E wallet,Male,2.0,3,Others,3,Divorced,7,0,13.0,1.0,1.0,0.0,283.03,141.515,6.0,0.0,0.0,0.5,0
26.0,Computer,3,9.0,Debit Card,Male,4.0,5,Others,3,Single,3,1,15.0,8.0,16.0,13.0,315.68,18.5694,20.0,3.0,0.4815,0.4706,0
10.0,Mobile Phone,1,31.0,Credit Card,Female,2.0,4,Laptop & Accessory,1,Married,8,0,13.0,1.0,1.0,3.0,157.31,78.655,8.0,0.0,0.2727,0.5,0
19.0,Mobile Phone,1,14.0,Debit Card,Male,3.0,4,Fashion,5,Married,4,0,18.0,1.0,2.0,3.0,222.24,74.08,12.0,0.0,0.15,0.3333,0
9.0,Mobile Phone,1,7.0,Debit Card,Male,3.0,4,Mobile Phone,3,Married,2,0,14.0,0.0,1.0,0.0,115.63,57.815,12.0,0.0,0.0,0.0,0
8.0,Mobile Phone,3,22.0,E wallet,Male,3.0,3,Fashion,4,Divorced,1,0,15.0,3.0,6.0,9.0,180.2,25.7429,9.0,0.0,1.0,0.4286,0
5.0,Mobile Phone,1,9.0,Credit Card,Female,3.0,6,Mobile Phone,1,Married,3,1,12.0,2.0,2.0,1.0,136.29,45.43,18.0,5.0,0.1667,0.6667,0
10.0,Mobile Phone,1,13.0,Credit Card,Male,3.0,3,Laptop & Accessory,5,Married,6,1,22.0,0.0,1.0,4.0,142.84,71.42,9.0,1.0,0.3636,0.0,0
2.0,Computer,1,16.0,Debit Card,Female,3.0,3,Mobile Phone,4,Married,1,0,14.0,1.0,1.0,1.0,132.91,66.455,9.0,0.0,0.3333,0.5,0
4.0,Mobile Phone,1,7.0,Credit Card,Male,4.0,4,Mobile Phone,4,Divorced,2,1,22.0,2.0,6.0,8.0,160.79,22.97,16.0,2.0,1.6,0.2857,0
1.0,Computer,1,14.0,Debit Card,Male,4.0,6,Laptop & Accessory,3,Single,3,1,25.0,2.0,2.0,7.0,185.74,61.9133,24.0,3.0,3.5,0.6667,1
19.0,Mobile Phone,1,12.0,Credit Card,Female,3.0,6,Laptop & Accessory,5,Single,3,1,15.0,2.0,2.0,5.0,182.69,60.8967,18.0,1.0,0.25,0.6667,0
9.0,Mobile Phone,1,9.0,Debit Card,Male,3.0,1,Laptop & Accessory,5,Married,7,0,20.0,1.0,1.0,4.0,168.42,84.21,3.0,0.0,0.4,0.5,0
11.0,Mobile Phone,2,6.0,UPI,Male,3.0,1,Mobile Phone,3,Married,2,0,13.0,3.0,5.0,0.0,128.44,21.4067,3.0,0.0,0.0,0.5,0
28.0,Mobile Phone,1,20.0,Credit Card,Male,3.0,1,Others,4,Single,9,0,11.0,1.0,2.0,15.0,287.22,95.74,3.0,0.0,0.5172,0.3333,0
15.0,Computer,1,14.0,Debit Card,Female,3.0,6,Others,3,Married,3,0,23.0,6.0,6.0,11.0,324.73,46.39,18.0,0.0,0.6875,0.8571,0
11.0,Mobile Phone,3,7.0,Debit Card,Male,3.0,4,Mobile Phone,5,Single,5,0,14.0,1.0,1.0,0.0,128.58,64.29,12.0,0.0,0.0,0.5,0
1.0,Computer,1,5.0,Credit Card,Male,3.0,5,Mobile Phone,4,Married,3,0,16.0,1.0,2.0,1.0,150.96,50.32,15.0,0.0,0.5,0.3333,1
13.0,Mobile Phone,1,20.0,Credit Card,Female,4.0,5,Grocery,4,Married,8,1,15.0,14.0,16.0,3.0,296.23,17.4253,20.0,2.0,0.2143,0.8235,0
1.0,Mobile Phone,1,16.0,Credit Card,Male,4.0,5,Mobile Phone,3,Divorced,2,1,18.0,1.0,2.0,1.0,158.88,52.96,20.0,3.0,0.5,0.3333,1
4.0,Mobile Phone,3,12.0,Debit Card,Female,3.0,4,Fashion,1,Married,4,0,13.0,2.0,8.0,3.0,219.19,24.3544,12.0,0.0,0.6,0.2222,0
13.0,Mobile Phone,1,20.0,Credit Card,Male,2.0,4,Others,3,Single,2,0,15.0,3.0,4.0,9.0,296.26,59.252,8.0,0.0,0.6429,0.6,0
16.0,Mobile Phone,1,14.0,UPI,Female,3.0,3,Laptop & Accessory,3,Married,5,1,14.0,1.0,1.0,2.0,145.22,72.61,9.0,3.0,0.1176,0.5,0
1.0,Mobile Phone,3,17.0,Credit Card,Male,3.0,4,Laptop & Accessory,1,Single,3,0,14.0,2.0,2.0,3.0,171.84,57.28,12.0,0.0,1.5,0.6667,0
5.0,Computer,3,14.0,E wallet,Female,4.0,4,Fashion,5,Married,4,0,15.0,3.0,3.0,3.0,221.37,55.3425,16.0,0.0,0.5,0.75,0
2.0,Mobile Phone,1,14.0,Credit Card,Male,3.0,3,Mobile Phone,5,Divorced,8,1,21.0,1.0,2.0,2.0,124.04,41.3467,9.0,1.0,0.6667,0.3333,1
9.0,Mobile Phone,3,6.0,Credit Card,Male,3.0,4,Mobile Phone,4,Married,1,0,14.0,0.0,2.0,2.0,122.69,40.8967,12.0,0.0,0.2,0.0,0
11.0,Mobile Phone,1,12.0,Credit Card,Male,4.0,4,Laptop & Accessory,1,Married,9,0,17.0,2.0,2.0,5.0,188.47,62.8233,16.0,0.0,0.4167,0.6667,0
5.0,Mobile Phone,1,14.0,Credit Card,Female,3.0,1,Laptop & Accessory,3,Married,6,0,12.0,1.0,1.0,3.0,151.75,75.875,3.0,0.0,0.5,0.5,0
9.0,Mobile Phone,3,11.0,Cash on Delivery,Male,2.0,3,Laptop & Accessory,2,Divorced,4,0,14.0,0.0,1.0,0.0,120.86,60.43,6.0,0.0,0.0,0.0,1
8.0,Mobile Phone,3,8.0,E wallet,Male,3.0,4,Fashion,1,Single,3,0,22.0,3.0,3.0,3.0,223.88,55.97,12.0,0.0,0.3333,0.75,0
23.0,Mobile Phone,1,14.0,Debit Card,Male,3.0,4,Fashion,4,Married,5,0,15.0,1.0,2.0,3.0,229.66,76.5533,12.0,0.0,0.125,0.3333,0
21.0,Mobile Phone,1,12.0,Debit Card,Male,3.0,4,Others,3,Married,6,0,15.0,2.0,2.0,2.0,308.0,102.6667,12.0,0.0,0.0909,0.6667,0
13.0,Mobile Phone,3,22.0,E wallet,Male,4.0,4,Grocery,5,Single,2,0,13.0,5.0,2.0,11.0,258.41,86.1367,16.0,0.0,0.7857,1.6667,0
1.0,Mobile Phone,3,9.0,Credit Card,Female,3.0,5,Mobile Phone,3,Single,3,0,14.0,1.0,2.0,3.0,145.44,48.48,15.0,0.0,1.5,0.3333,1
1.0,Mobile Phone,3,17.0,Credit Card,Male,3.0,5,Fashion,5,Married,11,0,18.0,5.0,7.0,3.0,228.06,28.5075,15.0,0.0,1.5,0.625,1
10.0,Mobile Phone,3,7.0,Debit Card,Male,3.0,4,Laptop & Accessory,2,Divorced,3,1,15.0,3.0,5.0,12.0,187.01,31.1683,12.0,4.0,1.0909,0.5,0
0.0,Computer,1,14.0,Credit Card,Male,2.0,3,Mobile Phone,1,Single,3,0,13.0,0.0,1.0,2.0,125.8,62.9,6.0,0.0,2.0,0.0,0
21.0,Computer,3,9.0,E wallet,Male,3.0,4,Laptop & Accessory,4,Married,9,0,12.0,1.0,2.0,1.0,174.78,58.26,12.0,0.0,0.0455,0.3333,0
15.0,Mobile Phone,1,16.0,Debit Card,Male,4.0,4,Mobile Phone,5,Married,3,0,21.0,1.0,2.0,5.0,147.89,49.2967,16.0,0.0,0.3125,0.3333,0
7.0,Mobile Phone,3,9.0,Credit Card,Female,3.0,4,Laptop & Accessory,1,Married,4,1,12.0,0.0,1.0,1.0,181.03,90.515,12.0,5.0,0.125,0.0,0
31.0,Mobile Phone,1,10.0,Debit Card,Male,4.0,5,Mobile Phone,2,Divorced,5,0,18.0,1.0,2.0,1.0,146.77,48.9233,20.0,0.0,0.0312,0.3333,0
2.0,Mobile Phone,1,22.0,Debit Card,Male,3.0,4,Mobile Phone,3,Married,3,0,17.0,1.0,3.0,3.0,147.07,36.7675,12.0,0.0,1.0,0.25,0
5.0,Mobile Phone,3,12.0,Debit Card,Female,4.0,4,Laptop & Accessory,1,Married,3,0,12.0,1.0,2.0,3.0,179.76,59.92,16.0,0.0,0.5,0.3333,0
8.0,Mobile Phone,1,14.0,Credit Card,Male,2.0,1,Mobile Phone,4,Married,1,0,13.0,1.0,1.0,3.0,124.26,62.13,2.0,0.0,0.3333,0.5,0
25.0,Mobile Phone,1,10.0,Debit Card,Female,1.0,3,Grocery,1,Married,3,0,13.0,1.0,1.0,4.0,265.55,132.775,3.0,0.0,0.1538,0.5,0
12.0,Mobile Phone,1,6.0,Debit Card,Female,3.0,4,Grocery,1,Married,2,0,16.0,9.0,11.0,3.0,227.42,18.9517,12.0,0.0,0.2308,0.75,0
12.0,Mobile Phone,1,9.0,Credit Card,Female,3.0,5,Fashion,3,Married,5,1,20.0,1.0,2.0,3.0,202.56,67.52,15.0,3.0,0.2308,0.3333,0
7.0,Mobile Phone,1,16.0,Credit Card,Male,3.0,4,Mobile Phone,1,Married,2,0,14.0,1.0,5.0,11.0,152.81,25.4683,12.0,0.0,1.375,0.1667,0
1.0,Mobile Phone,1,14.0,Debit Card,Male,4.0,4,Laptop & Accessory,3,Married,3,0,19.0,1.0,2.0,2.0,173.83,57.9433,16.0,0.0,1.0,0.3333,1
1.0,Mobile Phone,1,15.0,Credit Card,Female,4.0,4,Mobile Phone,1,Single,3,0,12.0,2.0,2.0,5.0,159.45,53.15,16.0,0.0,2.5,0.6667,0
8.0,Mobile Phone,1,15.0,Credit Card,Male,2.0,3,Laptop & Accessory,3,Single,2,0,19.0,0.0,1.0,8.0,150.98,75.49,6.0,0.0,0.8889,0.0,0
6.0,Mobile Phone,1,11.0,Debit Card,Male,2.0,4,Fashion,1,Married,5,0,15.0,1.0,1.0,2.0,171.19,85.595,8.0,0.0,0.2857,0.5,0
6.0,Mobile Phone,1,9.0,Credit Card,Male,3.0,4,Laptop & Accessory,4,Married,2,0,14.0,1.0,2.0,7.0,179.7,59.9,12.0,0.0,1.0,0.3333,0
9.0,Computer,3,26.0,Cash on Delivery,Female,2.0,3,Mobile Phone,1,Married,2,0,15.0,0.0,1.0,2.0,121.57,60.785,6.0,0.0,0.2,0.0,0
19.0,Mobile Phone,3,8.0,Debit Card,Male,3.0,3,Fashion,1,Married,5,1,12.0,0.0,1.0,3.0,203.68,101.84,9.0,5.0,0.15,0.0,0
8.0,Mobile Phone,1,10.0,Debit Card,Male,3.0,4,Mobile Phone,5,Divorced,6,0,13.0,2.0,2.0,3.0,148.62,49.54,12.0,0.0,0.3333,0.6667,1
3.0,Computer,1,9.0,Debit Card,Male,3.0,4,Grocery,1,Married,9,0,12.0,11.0,2.0,6.0,246.69,82.23,12.0,0.0,1.5,3.6667,1
2.0,Computer,1,7.0,Debit Card,Male,3.0,1,Laptop & Accessory,3,Single,9,1,12.0,1.0,1.0,2.0,162.94,81.47,3.0,3.0,0.6667,0.5,0
9.0,Computer,3,9.0,Credit Card,Male,2.0,4,Fashion,1,Married,5,0,11.0,0.0,1.0,12.0,196.99,98.495,8.0,0.0,1.2,0.0,0
0.0,Mobile Phone,2,15.0,Cash on Delivery,Female,3.0,3,Mobile Phone,3,Married,2,0,15.0,2.0,2.0,2.0,127.42,42.4733,9.0,0.0,2.0,0.6667,1
6.0,Mobile Phone,1,16.0,Debit Card,Female,4.0,4,Laptop & Accessory,2,Divorced,3,1,13.0,2.0,2.0,6.0,188.22,62.74,16.0,4.0,0.8571,0.6667,0
8.0,Mobile Phone,1,16.0,Credit Card,Female,3.0,5,Fashion,4,Single,3,0,15.0,5.0,8.0,3.0,211.21,23.4678,15.0,0.0,0.3333,0.5556,0
21.0,Mobile Phone,3,8.0,E wallet,Female,2.0,3,Laptop & Accessory,1,Married,3,0,14.0,6.0,6.0,7.0,140.51,20.0729,6.0,0.0,0.3182,0.8571,0
1.0,Computer,1,14.0,Debit Card,Male,4.0,6,Laptop & Accessory,3,Single,3,1,25.0,2.0,2.0,7.0,185.74,61.9133,24.0,3.0,3.5,0.6667,1
1.0,Computer,1,13.0,UPI,Male,4.0,2,Mobile Phone,1,Married,2,0,19.0,3.0,8.0,8.0,150.44,16.7156,8.0,0.0,4.0,0.3333,0
1.0,Computer,1,14.0,Credit Card,Male,4.0,4,Mobile Phone,1,Single,3,0,21.0,1.0,6.0,8.0,150.7,21.5286,16.0,0.0,4.0,0.1429,0
10.0,Mobile Phone,1,19.0,Credit Card,Female,3.0,5,Fashion,2,Single,2,0,12.0,6.0,8.0,3.0,213.58,23.7311,15.0,0.0,0.2727,0.6667,0
14.0,Mobile Phone,2,13.0,Credit Card,Male,3.0,4,Grocery,1,Single,3,1,22.0,1.0,8.0,8.0,289.37,32.1522,12.0,5.0,0.5333,0.1111,0
9.0,Mobile Phone,3,8.0,Debit Card,Female,2.0,3,Laptop & Accessory,1,Single,4,0,15.0,6.0,6.0,7.0,145.02,20.7171,6.0,0.0,0.7,0.8571,0
29.0,Computer,1,6.0,Debit Card,Male,2.0,3,Laptop & Accessory,3,Married,2,0,21.0,0.0,1.0,9.0,163.06,81.53,6.0,0.0,0.3,0.0,0
6.0,Mobile Phone,3,11.0,Debit Card,Female,3.0,4,Mobile Phone,4,Married,4,0,12.0,2.0,2.0,3.0,164.31,54.77,12.0,0.0,0.4286,0.6667,0
12.0,Mobile Phone,1,24.0,Debit Card,Female,4.0,5,Fashion,3,Married,2,0,19.0,2.0,2.0,3.0,213.23,71.0767,20.0,0.0,0.2308,0.6667,0
8.0,Computer,1,26.0,Credit Card,Female,3.0,4,Laptop & Accessory,4,Married,6,0,14.0,1.0,6.0,11.0,169.44,24.2057,12.0,0.0,1.2222,0.1429,0
23.0,Mobile Phone,1,16.0,Cash on Delivery,Male,3.0,4,Fashion,2,Single,7,0,15.0,0.0,1.0,3.0,204.96,102.48,12.0,0.0,0.125,0.0,0
0.0,Mobile Phone,1,6.0,Debit Card,Female,3.0,4,Mobile Phone,4,Single,2,0,13.0,0.0,1.0,0.0,128.36,64.18,12.0,0.0,0.0,0.0,0
11.0,Mobile Phone,3,6.0,Debit Card,Female,2.0,4,Laptop & Accessory,2,Single,5,0,22.0,1.0,1.0,1.0,186.86,93.43,8.0,0.0,0.0833,0.5,0
9.0,Computer,3,33.0,Debit Card,Female,4.0,4,Laptop & Accessory,5,Divorced,4,0,15.0,1.0,2.0,1.0,167.86,55.9533,16.0,0.0,0.1,0.3333,1
0.0,Mobile Phone,3,27.0,E wallet,Male,3.0,1,Mobile Phone,2,Single,2,0,17.0,0.0,2.0,2.0,126.78,42.26,3.0,0.0,2.0,0.0,0
10.0,Mobile Phone,1,25.0,Debit Card,Male,2.0,3,Laptop & Accessory,3,Married,4,0,17.0,0.0,1.0,2.0,157.68,78.84,6.0,0.0,0.1818,0.0,0
4.0,Computer,1,7.0,Debit Card,Male,2.0,5,Laptop & Accessory,5,Married,2,0,21.0,6.0,8.0,7.0,150.03,16.67,10.0,0.0,1.4,0.6667,0
12.0,Computer,1,31.0,Debit Card,Male,3.0,3,Fashion,3,Divorced,4,0,21.0,0.0,1.0,5.0,209.2,104.6,9.0,0.0,0.3846,0.0,0
0.0,Computer,1,16.0,Debit Card,Male,2.0,3,Fashion,5,Married,2,0,21.0,0.0,1.0,7.0,187.93,93.965,6.0,0.0,7.0,0.0,0
6.0,Mobile Phone,1,7.0,Credit Card,Male,3.0,4,Laptop & Accessory,1,Married,3,1,23.0,6.0,8.0,9.0,186.62,20.7356,12.0,5.0,1.2857,0.6667,0
12.0,Mobile Phone,1,16.0,Credit Card,Male,3.0,3,Laptop & Accessory,5,Married,3,0,13.0,4.0,7.0,7.0,153.77,19.2212,9.0,0.0,0.5385,0.5,0
22.0,Mobile Phone,3,14.0,Cash on Delivery,Male,2.0,4,Grocery,4,Married,7,0,17.0,1.0,2.0,3.0,231.2,77.0667,8.0,0.0,0.1304,0.3333,0
15.0,Mobile Phone,1,30.0,Credit Card,Male,2.0,3,Fashion,5,Divorced,2,1,21.0,4.0,5.0,8.0,174.06,29.01,6.0,1.0,0.5,0.6667,0
15.0,Mobile Phone,3,18.0,E wallet,Male,3.0,3,Laptop & Accessory,1,Married,4,1,12.0,0.0,1.0,0.0,150.87,75.435,9.0,5.0,0.0,0.0,0
14.0,Mobile Phone,3,12.0,Debit Card,Female,3.0,3,Fashion,2,Single,4,1,18.0,0.0,2.0,0.0,235.91000000000005,78.6367,9.0,4.0,0.0,0.0,0
10.0,Computer,3,15.0,Debit Card,Male,4.0,5,Fashion,5,Single,3,0,16.0,1.0,2.0,10.0,200.87,66.9567,20.0,0.0,0.9091,0.3333,0
3.0,Computer,1,8.0,Cash on Delivery,Female,3.0,4,Mobile Phone,5,Single,1,0,16.0,0.0,1.0,7.0,149.68,74.84,12.0,0.0,1.75,0.0,0
6.0,Mobile Phone,1,15.0,Credit Card,Male,3.0,3,Mobile Phone,1,Married,1,0,13.0,0.0,4.0,10.0,127.81,25.562,9.0,0.0,1.4286,0.0,0
18.0,Computer,1,7.0,Credit Card,Male,2.0,3,Laptop & Accessory,3,Single,5,0,12.0,0.0,1.0,3.0,153.99,76.995,6.0,0.0,0.1579,0.0,0
16.0,Mobile Phone,1,9.0,Debit Card,Female,3.0,4,Laptop & Accessory,2,Divorced,3,0,14.0,3.0,3.0,3.0,165.89,41.4725,12.0,0.0,0.1765,0.75,0
13.0,Computer,1,22.0,Credit Card,Male,2.0,4,Laptop & Accessory,3,Single,7,0,14.0,1.0,1.0,0.0,150.94,75.47,8.0,0.0,0.0,0.5,0
0.0,Mobile Phone,3,6.0,Debit Card,Male,2.0,4,Fashion,3,Married,6,0,11.0,5.0,11.0,22.0,206.09,17.1742,8.0,0.0,22.0,0.4167,1
23.0,Mobile Phone,1,34.0,Credit Card,Male,3.0,2,Mobile Phone,3,Divorced,2,1,11.0,3.0,3.0,8.0,132.21,33.0525,6.0,3.0,0.3333,0.75,0
1.0,Computer,1,9.0,Debit Card,Male,3.0,4,Mobile Phone,5,Divorced,8,1,15.0,2.0,2.0,3.0,145.42,48.4733,12.0,1.0,1.5,0.6667,1
1.0,Computer,1,10.0,Credit Card,Male,4.0,5,Mobile Phone,3,Married,3,1,16.0,1.0,2.0,2.0,150.66,50.22,20.0,3.0,1.0,0.3333,0
9.0,Computer,1,10.0,Debit Card,Female,3.0,3,Laptop & Accessory,4,Married,8,0,13.0,0.0,1.0,2.0,151.31,75.655,9.0,0.0,0.2,0.0,0
0.0,Computer,1,12.0,Debit Card,Female,3.0,4,Mobile Phone,2,Single,2,1,18.0,1.0,1.0,0.0,129.26,64.63,12.0,4.0,0.0,0.5,1
0.0,Mobile Phone,3,15.0,E wallet,Male,2.0,3,Laptop & Accessory,1,Single,2,0,14.0,0.0,1.0,7.0,141.05,70.525,6.0,0.0,7.0,0.0,0
20.0,Mobile Phone,1,9.0,Debit Card,Male,3.0,4,Fashion,1,Married,5,0,15.0,1.0,5.0,3.0,210.78,35.13,12.0,0.0,0.1429,0.1667,0
10.0,Mobile Phone,3,22.0,E wallet,Male,3.0,4,Laptop & Accessory,3,Married,5,0,19.0,1.0,1.0,0.0,163.34,81.67,12.0,0.0,0.0,0.5,0
13.0,Mobile Phone,1,19.0,Credit Card,Male,4.0,4,Laptop & Accessory,4,Married,6,0,22.0,2.0,2.0,1.0,177.95,59.3167,16.0,0.0,0.0714,0.6667,0
1.0,Mobile Phone,3,23.0,Debit Card,Female,4.0,4,Fashion,5,Single,4,1,21.0,1.0,2.0,3.0,210.64,70.2133,16.0,1.0,1.5,0.3333,1
12.0,Mobile Phone,1,22.0,Debit Card,Male,4.0,5,Fashion,2,Married,2,1,15.0,2.0,2.0,10.0,240.1,80.0333,20.0,4.0,0.7692,0.6667,0
20.0,Mobile Phone,3,10.0,Debit Card,Female,2.0,3,Laptop & Accessory,2,Single,2,1,17.0,1.0,1.0,7.0,141.63,70.815,6.0,4.0,0.3333,0.5,0
14.0,Computer,3,15.0,Cash on Delivery,Male,3.0,4,Laptop & Accessory,3,Married,5,1,15.0,1.0,2.0,4.0,192.96,64.32,12.0,3.0,0.2667,0.3333,1
1.0,Mobile Phone,1,17.0,Credit Card,Male,3.0,6,Mobile Phone,2,Married,9,0,14.0,1.0,2.0,4.0,159.08,53.0267,18.0,0.0,2.0,0.3333,1
0.0,Mobile Phone,1,10.0,Credit Card,Male,3.0,1,Mobile Phone,5,Married,3,0,16.0,0.0,1.0,2.0,128.19,64.095,3.0,0.0,2.0,0.0,0
0.0,Mobile Phone,1,10.0,Debit Card,Male,2.0,1,Laptop & Accessory,4,Married,2,1,20.0,1.0,1.0,3.0,161.42,80.71,2.0,2.0,3.0,0.5,0
17.0,Mobile Phone,1,22.0,Debit Card,Male,4.0,5,Grocery,3,Married,3,0,15.0,5.0,7.0,12.0,301.03,37.6287,20.0,0.0,0.6667,0.625,0
3.0,Mobile Phone,3,28.0,E wallet,Male,3.0,4,Laptop & Accessory,3,Married,3,1,12.0,1.0,1.0,0.0,163.8,81.9,12.0,3.0,0.0,0.5,1
17.0,Mobile Phone,1,18.0,Debit Card,Male,2.0,4,Fashion,3,Married,3,0,18.0,2.0,2.0,10.0,200.1,66.7,8.0,0.0,0.5556,0.6667,0
1.0,Mobile Phone,1,29.0,Credit Card,Male,4.0,4,Laptop & Accessory,3,Married,3,1,16.0,6.0,7.0,8.0,186.79,23.3488,16.0,3.0,4.0,0.75,1
7.0,Computer,1,8.0,Debit Card,Male,3.0,3,Laptop & Accessory,3,Single,3,0,11.0,1.0,1.0,2.0,140.33,70.165,9.0,0.0,0.25,0.5,0
6.0,Mobile Phone,1,14.0,Credit Card,Female,2.0,4,Mobile Phone,4,Married,7,0,21.0,0.0,1.0,1.0,126.22,63.11,8.0,0.0,0.1429,0.0,0
1.0,Mobile Phone,1,10.0,Credit Card,Female,4.0,4,Mobile Phone,4,Single,3,0,15.0,2.0,2.0,1.0,139.83,46.61,16.0,0.0,0.5,0.6667,0
26.0,Computer,3,36.0,Debit Card,Male,3.0,4,Mobile Phone,1,Married,4,0,16.0,2.0,2.0,1.0,159.82,53.2733,12.0,0.0,0.037,0.6667,0
1.0,Computer,1,12.0,Debit Card,Male,3.0,2,Laptop & Accessory,5,Married,3,0,13.0,2.0,2.0,6.0,165.0,55.0,6.0,0.0,3.0,0.6667,0
5.0,Computer,1,13.0,Debit Card,Male,3.0,1,Mobile Phone,4,Married,2,0,20.0,0.0,1.0,3.0,127.94,63.97,3.0,0.0,0.5,0.0,0
9.0,Mobile Phone,3,15.0,Debit Card,Female,4.0,4,Mobile Phone,1,Married,3,0,17.0,2.0,2.0,3.0,150.72,50.24,16.0,0.0,0.3,0.6667,0
24.0,Computer,1,9.0,Credit Card,Female,2.0,4,Grocery,5,Married,4,0,15.0,1.0,3.0,3.0,303.56,75.89,8.0,0.0,0.12,0.25,0
17.0,Mobile Phone,3,34.0,Credit Card,Female,2.0,1,Grocery,2,Divorced,4,1,18.0,1.0,2.0,11.0,233.2,77.7333,2.0,4.0,0.6111,0.3333,0
1.0,Mobile Phone,1,19.0,Debit Card,Female,4.0,4,Mobile Phone,2,Divorced,3,1,12.0,2.0,2.0,1.0,150.15,50.05,16.0,4.0,0.5,0.6667,1
16.0,Mobile Phone,1,25.0,Debit Card,Male,3.0,4,Laptop & Accessory,5,Married,8,1,18.0,2.0,2.0,3.0,179.1,59.7,12.0,1.0,0.1765,0.6667,0
0.0,Mobile Phone,1,8.0,Debit Card,Male,2.0,4,Mobile Phone,2,Single,2,0,22.0,0.0,1.0,0.0,111.02,55.51,8.0,0.0,0.0,0.0,1
18.0,Mobile Phone,1,6.0,UPI,Male,3.0,2,Others,2,Divorced,1,0,15.0,1.0,1.0,7.0,292.02,146.01,6.0,0.0,0.3684,0.5,0
15.0,Computer,1,8.0,Debit Card,Male,2.0,3,Fashion,1,Married,3,1,14.0,12.0,13.0,9.0,201.24,14.3743,6.0,5.0,0.5625,0.8571,0
1.0,Computer,3,31.0,Cash on Delivery,Male,3.0,2,Mobile Phone,5,Single,3,0,18.0,1.0,2.0,1.0,135.91,45.3033,6.0,0.0,0.5,0.3333,1
7.0,Mobile Phone,3,14.0,Cash on Delivery,Female,2.0,3,Mobile Phone,3,Married,2,1,18.0,1.0,1.0,6.0,125.79,62.895,6.0,3.0,0.75,0.5,0
5.0,Mobile Phone,3,36.0,E wallet,Female,4.0,5,Laptop & Accessory,1,Married,3,0,15.0,1.0,6.0,8.0,179.68,25.6686,20.0,0.0,1.3333,0.1429,0
23.0,Computer,1,25.0,Debit Card,Male,4.0,4,Laptop & Accessory,1,Married,3,1,16.0,1.0,2.0,8.0,193.04,64.3467,16.0,5.0,0.3333,0.3333,0
2.0,Mobile Phone,3,9.0,Credit Card,Female,3.0,3,Laptop & Accessory,3,Divorced,2,0,14.0,0.0,1.0,2.0,155.61,77.805,9.0,0.0,0.6667,0.0,0
4.0,Computer,3,8.0,UPI,Male,2.0,3,Laptop & Accessory,5,Single,8,0,13.0,0.0,1.0,3.0,153.32,76.66,6.0,0.0,0.6,0.0,0
8.0,Mobile Phone,1,8.0,Debit Card,Male,3.0,4,Laptop & Accessory,1,Married,11,0,18.0,1.0,3.0,2.0,179.84,44.96,12.0,0.0,0.2222,0.25,0
20.0,Mobile Phone,1,21.0,Debit Card,Female,4.0,4,Mobile Phone,4,Married,11,1,19.0,4.0,5.0,4.0,174.63,29.105,16.0,2.0,0.1905,0.6667,1
9.0,Computer,1,10.0,Cash on Delivery,Male,2.0,3,Mobile Phone,1,Single,10,1,23.0,1.0,1.0,0.0,122.85,61.425,6.0,5.0,0.0,0.5,1
25.0,Mobile Phone,1,9.0,Credit Card,Male,3.0,6,Laptop & Accessory,4,Married,7,0,19.0,1.0,2.0,3.0,179.82,59.94,18.0,0.0,0.1154,0.3333,0
1.0,Computer,2,17.0,Credit Card,Male,3.0,4,Mobile Phone,1,Married,2,0,15.0,1.0,3.0,2.0,146.45,36.6125,12.0,0.0,1.0,0.25,0
3.0,Computer,3,9.0,Debit Card,Male,4.0,4,Laptop & Accessory,3,Divorced,3,0,15.0,2.0,2.0,3.0,171.49,57.1633,16.0,0.0,0.75,0.6667,0
1.0,Mobile Phone,3,16.0,Debit Card,Male,3.0,5,Laptop & Accessory,5,Single,9,0,24.0,1.0,2.0,4.0,159.07,53.0233,15.0,0.0,2.0,0.3333,1
27.0,Computer,1,7.0,Debit Card,Female,2.0,3,Fashion,3,Married,8,0,17.0,0.0,1.0,4.0,205.02,102.51,6.0,0.0,0.1429,0.0,0
10.0,Computer,2,9.0,UPI,Male,4.0,5,Laptop & Accessory,1,Single,3,0,22.0,2.0,2.0,9.0,163.86,54.62,20.0,0.0,0.8182,0.6667,0
20.0,Mobile Phone,1,8.0,Debit Card,Male,2.0,3,Others,4,Single,8,1,15.0,7.0,13.0,8.0,292.46,20.89,6.0,2.0,0.381,0.5,1
9.0,Mobile Phone,1,11.0,Debit Card,Female,2.0,3,Fashion,5,Married,5,0,12.0,1.0,1.0,2.0,180.08,90.04,6.0,0.0,0.2,0.5,0
9.0,Mobile Phone,1,27.0,Cash on Delivery,Male,2.0,4,Mobile Phone,5,Married,1,0,14.0,0.0,1.0,0.0,122.96,61.48,8.0,0.0,0.0,0.0,0
9.0,Computer,1,7.0,Debit Card,Female,3.0,3,Mobile Phone,1,Single,2,0,15.0,1.0,1.0,0.0,116.11,58.055,9.0,0.0,0.0,0.5,0
1.0,Mobile Phone,1,14.0,Debit Card,Female,3.0,3,Mobile Phone,1,Single,2,0,21.0,1.0,1.0,2.0,133.1,66.55,9.0,0.0,1.0,0.5,0
12.0,Computer,2,7.0,UPI,Male,3.0,4,Mobile Phone,4,Married,2,1,12.0,2.0,2.0,3.0,154.91,51.6367,12.0,2.0,0.2308,0.6667,0
9.0,Mobile Phone,1,9.0,Debit Card,Male,3.0,5,Fashion,4,Married,4,0,19.0,7.0,7.0,3.0,227.74,28.4675,15.0,0.0,0.3,0.875,0
30.0,Mobile Phone,1,30.0,Debit Card,Male,2.0,1,Fashion,1,Married,4,1,16.0,1.0,1.0,4.0,194.39,97.195,2.0,5.0,0.129,0.5,0
2.0,Mobile Phone,1,35.0,Debit Card,Male,3.0,5,Laptop & Accessory,3,Married,9,0,17.0,1.0,1.0,6.0,163.84,81.92,15.0,0.0,2.0,0.5,0
14.0,Mobile Phone,1,34.0,Debit Card,Female,2.0,4,Grocery,4,Married,1,0,23.0,1.0,2.0,10.0,235.7,78.5667,8.0,0.0,0.6667,0.3333,0
16.0,Mobile Phone,1,14.0,UPI,Female,3.0,3,Laptop & Accessory,3,Married,5,1,14.0,0.0,1.0,2.0,145.22,72.61,9.0,3.0,0.1176,0.0,0
7.0,Mobile Phone,1,11.0,Credit Card,Male,2.0,4,Laptop & Accessory,1,Married,2,0,14.0,0.0,4.0,13.0,139.86,27.972,8.0,0.0,1.625,0.0,0
0.0,Mobile Phone,3,8.0,E wallet,Male,3.0,3,Mobile Phone,5,Married,1,0,11.0,0.0,1.0,2.0,130.41,65.205,9.0,0.0,2.0,0.0,1
13.0,Mobile Phone,1,17.0,Credit Card,Male,4.0,4,Fashion,3,Single,9,0,22.0,3.0,2.0,3.0,259.64,86.5467,16.0,0.0,0.2143,1.0,0
0.0,Mobile Phone,1,14.0,Debit Card,Female,3.0,3,Mobile Phone,3,Single,2,0,19.0,0.0,1.0,0.0,123.18,61.59,9.0,0.0,0.0,0.0,0
2.0,Computer,1,23.0,Credit Card,Male,3.0,4,Mobile Phone,3,Single,3,0,15.0,1.0,2.0,5.0,146.44,48.8133,12.0,0.0,1.6667,0.3333,0
0.0,Mobile Phone,1,14.0,Credit Card,Male,2.0,3,Mobile Phone,3,Married,2,0,20.0,1.0,1.0,0.0,123.77,61.885,6.0,0.0,0.0,0.5,1
0.0,Mobile Phone,1,14.0,Credit Card,Male,3.0,4,Mobile Phone,3,Single,2,1,11.0,1.0,1.0,2.0,139.89,69.945,12.0,3.0,2.0,0.5,1
21.0,Mobile Phone,3,9.0,E wallet,Female,3.0,4,Laptop & Accessory,1,Married,2,1,23.0,4.0,8.0,8.0,170.37,18.93,12.0,5.0,0.3636,0.4444,0
5.0,Computer,1,7.0,Credit Card,Male,3.0,6,Laptop & Accessory,3,Divorced,2,0,13.0,2.0,2.0,5.0,168.45,56.15,18.0,0.0,0.8333,0.6667,0
11.0,Mobile Phone,1,8.0,Debit Card,Female,3.0,5,Laptop & Accessory,1,Married,3,0,14.0,1.0,4.0,12.0,189.74,37.948,15.0,0.0,1.0,0.2,0
0.0,Mobile Phone,1,14.0,Cash on Delivery,Male,3.0,3,Mobile Phone,1,Married,1,0,14.0,2.0,2.0,1.0,125.23,41.7433,9.0,0.0,1.0,0.6667,0
30.0,Mobile Phone,1,16.0,Credit Card,Male,3.0,4,Grocery,2,Divorced,9,0,12.0,1.0,2.0,2.0,236.03,78.6767,12.0,0.0,0.0645,0.3333,0
16.0,Mobile Phone,1,9.0,Credit Card,Female,3.0,5,Mobile Phone,5,Married,2,1,12.0,5.0,8.0,9.0,150.93,16.77,15.0,1.0,0.5294,0.5556,0
9.0,Mobile Phone,1,12.0,Credit Card,Female,3.0,4,Mobile Phone,3,Married,1,0,12.0,1.0,1.0,3.0,121.87,60.935,12.0,0.0,0.3,0.5,0
22.0,Mobile Phone,3,9.0,E wallet,Male,3.0,2,Laptop & Accessory,4,Married,5,0,13.0,1.0,3.0,3.0,206.2,51.55,6.0,0.0,0.1304,0.25,0
5.0,Mobile Phone,1,14.0,Credit Card,Female,3.0,3,Mobile Phone,4,Married,2,0,13.0,0.0,1.0,7.0,123.7,61.85,9.0,0.0,1.1667,0.0,0
1.0,Computer,3,19.0,Debit Card,Male,4.0,5,Mobile Phone,5,Divorced,3,0,19.0,2.0,2.0,1.0,145.33,48.4433,20.0,0.0,0.5,0.6667,1
1.0,Computer,1,7.0,Debit Card,Female,4.0,2,Fashion,4,Single,3,0,12.0,4.0,5.0,8.0,199.46,33.2433,8.0,0.0,4.0,0.6667,1
5.0,Computer,1,30.0,Debit Card,Male,3.0,3,Laptop & Accessory,2,Divorced,2,0,15.0,2.0,4.0,7.0,153.09,30.618,9.0,0.0,1.1667,0.4,0
22.0,Computer,1,16.0,Debit Card,Female,2.0,3,Others,5,Single,10,1,11.0,1.0,1.0,2.0,286.65,143.325,6.0,1.0,0.087,0.5,0
1.0,Mobile Phone,1,14.0,Credit Card,Male,3.0,5,Laptop & Accessory,3,Divorced,4,0,18.0,2.0,2.0,1.0,186.32,62.1067,15.0,0.0,0.5,0.6667,0
7.0,Mobile Phone,1,8.0,Credit Card,Male,3.0,1,Mobile Phone,1,Married,1,1,14.0,0.0,1.0,2.0,129.32,64.66,3.0,5.0,0.25,0.0,0
2.0,Mobile Phone,1,14.0,Credit Card,Female,3.0,4,Mobile Phone,2,Married,7,0,14.0,1.0,1.0,3.0,125.32,62.66,12.0,0.0,1.0,0.5,0
13.0,Mobile Phone,3,9.0,E wallet,Male,3.0,4,Mobile Phone,3,Married,2,1,14.0,1.0,1.0,2.0,126.83,63.415,12.0,3.0,0.1429,0.5,1
18.0,Mobile Phone,1,15.0,Debit Card,Male,4.0,2,Mobile Phone,2,Divorced,4,1,25.0,2.0,2.0,3.0,153.18,51.06,8.0,4.0,0.1579,0.6667,0
0.0,Mobile Phone,1,14.0,Cash on Delivery,Female,2.0,3,Mobile Phone,5,Single,6,1,11.0,0.0,1.0,4.0,126.57,63.285,6.0,1.0,4.0,0.0,1
10.0,Mobile Phone,1,12.0,Debit Card,Male,4.0,4,Laptop & Accessory,4,Single,10,0,17.0,1.0,4.0,8.0,184.14,36.828,16.0,0.0,0.7273,0.2,0
5.0,Computer,1,6.0,Debit Card,Male,3.0,3,Mobile Phone,1,Married,1,0,12.0,1.0,1.0,2.0,123.14,61.57,9.0,0.0,0.3333,0.5,0
1.0,Mobile Phone,3,12.0,E wallet,Male,3.0,5,Laptop & Accessory,3,Single,3,1,12.0,2.0,2.0,4.0,182.44,60.8133,15.0,3.0,2.0,0.6667,1
19.0,Mobile Phone,3,9.0,Credit Card,Male,3.0,4,Laptop & Accessory,1,Single,6,0,17.0,2.0,8.0,4.0,176.6,19.6222,12.0,0.0,0.2,0.2222,1
0.0,Computer,1,16.0,Credit Card,Male,3.0,3,Fashion,3,Married,7,0,11.0,0.0,1.0,0.0,200.48,100.24,9.0,0.0,0.0,0.0,1
12.0,Computer,1,9.0,Debit Card,Male,3.0,4,Mobile Phone,1,Married,3,1,24.0,2.0,2.0,1.0,142.02,47.34,12.0,5.0,0.0769,0.6667,0
1.0,Mobile Phone,1,10.0,Credit Card,Male,3.0,2,Mobile Phone,2,Divorced,3,0,23.0,2.0,2.0,8.0,169.2,56.4,6.0,0.0,4.0,0.6667,0
5.0,Mobile Phone,1,16.0,Debit Card,Male,3.0,5,Mobile Phone,4,Single,2,1,17.0,3.0,3.0,3.0,151.57,37.8925,15.0,2.0,0.5,0.75,0
10.0,Computer,1,18.0,Debit Card,Male,4.0,5,Laptop & Accessory,4,Single,3,0,14.0,2.0,2.0,4.0,189.99,63.33,20.0,0.0,0.3636,0.6667,0
9.0,Mobile Phone,1,7.0,Cash on Delivery,Male,2.0,3,Mobile Phone,5,Single,3,0,11.0,1.0,1.0,2.0,120.8,60.4,6.0,0.0,0.2,0.5,0
14.0,Mobile Phone,1,15.0,Debit Card,Female,4.0,4,Laptop & Accessory,5,Married,4,1,17.0,1.0,2.0,1.0,190.16,63.3867,16.0,1.0,0.0667,0.3333,0
1.0,Mobile Phone,1,30.0,Debit Card,Male,3.0,5,Laptop & Accessory,3,Divorced,5,1,14.0,2.0,2.0,2.0,184.16,61.3867,15.0,3.0,1.0,0.6667,1
7.0,Mobile Phone,3,35.0,Cash on Delivery,Male,2.0,3,Fashion,4,Married,4,0,12.0,1.0,1.0,3.0,192.5,96.25,6.0,0.0,0.375,0.5,0
24.0,Mobile Phone,1,17.0,Cash on Delivery,Female,2.0,4,Grocery,4,Single,4,0,16.0,0.0,1.0,3.0,231.42,115.71,8.0,0.0,0.12,0.0,0
9.0,Computer,3,14.0,Cash on Delivery,Male,2.0,3,Laptop & Accessory,1,Married,5,0,13.0,1.0,1.0,7.0,150.79,75.395,6.0,0.0,0.7,0.5,0
31.0,Mobile Phone,1,16.0,Credit Card,Female,4.0,5,Mobile Phone,4,Married,6,1,21.0,2.0,2.0,1.0,158.46,52.82,20.0,2.0,0.0312,0.6667,0
50.0,Mobile Phone,1,6.0,Debit Card,Male,3.0,1,Laptop & Accessory,3,Divorced,1,0,24.0,1.0,2.0,8.0,149.0,49.6667,3.0,0.0,0.1569,0.3333,0
7.0,Mobile Phone,1,8.0,Debit Card,Male,2.0,4,Laptop & Accessory,5,Divorced,7,0,13.0,0.0,5.0,9.0,159.57,26.595,8.0,0.0,1.125,0.0,0
1.0,Mobile Phone,1,11.0,Debit Card,Female,4.0,4,Mobile Phone,3,Single,3,0,20.0,2.0,2.0,1.0,148.18,49.3933,16.0,0.0,0.5,0.6667,0
4.0,Mobile Phone,1,12.0,Cash on Delivery,Female,3.0,4,Mobile Phone,5,Married,7,0,15.0,1.0,3.0,22.0,157.04,39.26,12.0,0.0,4.4,0.25,0
27.0,Mobile Phone,1,9.0,Credit Card,Male,3.0,2,Grocery,4,Single,6,0,13.0,1.0,9.0,9.0,290.98,29.098,6.0,0.0,0.3214,0.1,0
0.0,Mobile Phone,1,6.0,Debit Card,Female,3.0,3,Fashion,5,Married,2,0,11.0,0.0,1.0,7.0,174.12,87.06,9.0,0.0,7.0,0.0,0
4.0,Mobile Phone,1,23.0,Debit Card,Male,3.0,4,Mobile Phone,1,Married,3,0,13.0,1.0,2.0,9.0,153.62,51.2067,12.0,0.0,1.8,0.3333,0
13.0,Computer,1,15.0,Credit Card,Female,2.0,3,Fashion,3,Single,10,0,17.0,1.0,2.0,13.0,234.99,78.33,6.0,0.0,0.9286,0.3333,0
26.0,Computer,3,53.0,Debit Card,Male,3.0,4,Mobile Phone,1,Married,4,0,16.0,2.0,2.0,1.0,159.82,53.2733,12.0,0.0,0.037,0.6667,0
15.0,Mobile Phone,1,21.0,Debit Card,Male,3.0,4,Mobile Phone,3,Married,6,0,13.0,2.0,2.0,9.0,149.51,49.8367,12.0,0.0,0.5625,0.6667,0
14.0,Mobile Phone,3,17.0,E wallet,Male,4.0,5,Fashion,4,Married,4,0,13.0,2.0,2.0,3.0,222.05,74.0167,20.0,0.0,0.2,0.6667,0
14.0,Mobile Phone,1,9.0,Credit Card,Female,4.0,4,Mobile Phone,3,Married,4,0,15.0,2.0,2.0,3.0,145.01,48.3367,16.0,0.0,0.2,0.6667,0
1.0,Computer,1,7.0,Debit Card,Female,4.0,6,Mobile Phone,2,Married,5,0,15.0,3.0,3.0,1.0,168.64,42.16,24.0,0.0,0.5,0.75,0
5.0,Computer,1,12.0,Debit Card,Male,4.0,5,Mobile Phone,5,Married,8,0,18.0,1.0,2.0,1.0,146.07,48.69,20.0,0.0,0.1667,0.3333,1
1.0,Mobile Phone,3,7.0,Debit Card,Male,3.0,5,Fashion,3,Married,7,0,12.0,6.0,12.0,3.0,231.09,17.7762,15.0,0.0,1.5,0.4615,1
0.0,Mobile Phone,3,15.0,E wallet,Female,3.0,3,Laptop & Accessory,5,Single,4,1,17.0,0.0,1.0,3.0,182.24,91.12,9.0,1.0,3.0,0.0,1
20.0,Mobile Phone,1,13.0,Credit Card,Female,2.0,4,Fashion,5,Divorced,8,1,14.0,4.0,5.0,9.0,200.08,33.3467,8.0,1.0,0.4286,0.6667,1
23.0,Mobile Phone,1,13.0,Debit Card,Female,3.0,5,Grocery,3,Married,4,1,20.0,1.0,3.0,13.0,264.66,66.165,15.0,3.0,0.5417,0.25,0
28.0,Mobile Phone,1,8.0,Cash on Delivery,Male,3.0,4,Mobile Phone,1,Married,9,0,20.0,0.0,1.0,4.0,126.62,63.31,12.0,0.0,0.1379,0.0,0
0.0,Mobile Phone,3,15.0,Debit Card,Male,2.0,4,Mobile Phone,5,Single,8,0,23.0,0.0,1.0,3.0,134.07,67.035,8.0,0.0,3.0,0.0,1
1.0,Mobile Phone,3,23.0,Debit Card,Female,4.0,4,Fashion,5,Single,4,1,21.0,2.0,2.0,3.0,210.64,70.2133,16.0,1.0,1.5,0.6667,1
16.0,Mobile Phone,1,25.0,Debit Card,Male,3.0,4,Laptop & Accessory,5,Married,8,1,18.0,1.0,2.0,3.0,179.1,59.7,12.0,1.0,0.1765,0.3333,0
8.0,Mobile Phone,3,22.0,E wallet,Male,3.0,3,Fashion,4,Married,1,0,15.0,3.0,6.0,9.0,180.2,25.7429,9.0,0.0,1.0,0.4286,0
8.0,Computer,3,30.0,E wallet,Male,4.0,4,Laptop & Accessory,3,Single,2,0,21.0,1.0,9.0,8.0,170.68,17.068,16.0,0.0,0.8889,0.1,0
8.0,Computer,1,17.0,Credit Card,Male,3.0,4,Mobile Phone,3,Married,3,1,18.0,3.0,3.0,1.0,163.15,40.7875,12.0,3.0,0.1111,0.75,0
1.0,Mobile Phone,3,30.0,Credit Card,Female,3.0,5,Laptop & Accessory,3,Married,3,0,22.0,4.0,6.0,9.0,160.4,22.9143,15.0,0.0,4.5,0.5714,0
26.0,Mobile Phone,3,6.0,Credit Card,Female,2.0,3,Laptop & Accessory,5,Single,8,0,20.0,4.0,8.0,10.0,183.81,20.4233,6.0,0.0,0.3704,0.4444,0
2.0,Mobile Phone,1,28.0,Debit Card,Female,3.0,2,Fashion,4,Married,8,0,18.0,5.0,6.0,3.0,219.96,31.4229,6.0,0.0,1.0,0.7143,0
9.0,Mobile Phone,1,13.0,Debit Card,Male,3.0,6,Laptop & Accessory,2,Single,3,0,14.0,12.0,12.0,9.0,191.46,14.7277,18.0,0.0,0.9,0.9231,0
19.0,Mobile Phone,3,6.0,Debit Card,Male,2.0,1,Grocery,5,Single,2,0,15.0,1.0,1.0,12.0,275.67,137.835,2.0,0.0,0.6,0.5,0
23.0,Mobile Phone,1,7.0,Cash on Delivery,Female,3.0,4,Mobile Phone,5,Divorced,4,0,17.0,2.0,2.0,3.0,160.8,53.6,12.0,0.0,0.125,0.6667,0
15.0,Mobile Phone,1,8.0,Credit Card,Male,3.0,4,Mobile Phone,4,Married,5,0,14.0,0.0,1.0,0.0,148.41,74.205,12.0,0.0,0.0,0.0,0
13.0,Mobile Phone,1,16.0,Credit Card,Male,3.0,4,Laptop & Accessory,5,Married,3,0,26.0,5.0,8.0,10.0,176.51,19.6122,12.0,0.0,0.7143,0.5556,0
1.0,Mobile Phone,1,22.0,Credit Card,Male,3.0,4,Fashion,3,Married,9,1,13.0,1.0,8.0,8.0,261.1,29.0111,12.0,3.0,4.0,0.1111,1
0.0,Mobile Phone,3,30.0,Credit Card,Female,2.0,4,Laptop & Accessory,4,Single,1,1,23.0,4.0,10.0,10.0,145.99,13.2718,8.0,2.0,10.0,0.3636,1
3.0,Computer,1,9.0,Debit Card,Female,3.0,5,Mobile Phone,5,Single,4,1,24.0,1.0,2.0,1.0,161.46,53.82,15.0,1.0,0.25,0.3333,1
4.0,Mobile Phone,1,17.0,Credit Card,Female,4.0,4,Fashion,3,Single,11,0,15.0,1.0,2.0,3.0,221.67,73.89,16.0,0.0,0.6,0.3333,0
30.0,Mobile Phone,1,15.0,Credit Card,Female,3.0,4,Mobile Phone,4,Married,5,1,20.0,1.0,1.0,0.0,133.46,66.73,12.0,2.0,0.0,0.5,0
9.0,Mobile Phone,3,15.0,Debit Card,Female,4.0,4,Mobile Phone,2,Divorced,3,0,17.0,1.0,2.0,3.0,150.72,50.24,16.0,0.0,0.3,0.3333,0
14.0,Mobile Phone,1,23.0,Debit Card,Female,3.0,4,Fashion,1,Single,8,1,16.0,2.0,4.0,4.0,204.45,40.89,12.0,5.0,0.2667,0.4,0
12.0,Mobile Phone,3,7.0,Debit Card,Female,3.0,5,Laptop & Accessory,2,Single,6,0,23.0,2.0,2.0,3.0,211.86,70.62,15.0,0.0,0.2308,0.6667,0
18.0,Mobile Phone,1,34.0,Cash on Delivery,Female,2.0,4,Grocery,4,Single,2,0,11.0,1.0,8.0,6.0,267.04,29.6711,8.0,0.0,0.3158,0.1111,0
10.0,Computer,3,17.0,Credit Card,Male,3.0,4,Fashion,2,Single,3,0,15.0,2.0,10.0,3.0,224.8,20.4364,12.0,0.0,0.2727,0.1818,0
10.0,Computer,3,10.0,Credit Card,Male,3.0,5,Fashion,1,Married,6,0,12.0,1.0,2.0,3.0,221.99,73.9967,15.0,0.0,0.2727,0.3333,0
1.0,Mobile Phone,1,21.0,Debit Card,Male,3.0,4,Mobile Phone,5,Married,3,1,15.0,6.0,7.0,9.0,147.35,18.4188,12.0,1.0,4.5,0.75,0
9.0,Mobile Phone,3,13.0,Debit Card,Male,3.0,3,Mobile Phone,1,Married,2,1,21.0,1.0,1.0,2.0,122.75,61.375,9.0,5.0,0.2,0.5,1
27.0,Mobile Phone,1,12.0,UPI,Female,3.0,4,Others,3,Married,6,0,15.0,2.0,5.0,9.0,315.94,52.6567,12.0,0.0,0.3214,0.3333,0
10.0,Computer,1,11.0,Debit Card,Female,4.0,4,Laptop & Accessory,4,Married,9,0,14.0,2.0,2.0,3.0,176.31,58.77,16.0,0.0,0.2727,0.6667,0
11.0,Computer,2,14.0,UPI,Male,3.0,3,Mobile Phone,4,Married,6,0,13.0,3.0,3.0,8.0,125.92,31.48,9.0,0.0,0.6667,0.75,0
1.0,Mobile Phone,1,7.0,Cash on Delivery,Male,3.0,4,Mobile Phone,3,Single,2,0,15.0,1.0,2.0,6.0,145.58,48.5267,12.0,0.0,3.0,0.3333,1
18.0,Mobile Phone,1,14.0,UPI,Male,3.0,3,Laptop & Accessory,1,Married,10,0,14.0,8.0,9.0,8.0,136.97,13.697,9.0,0.0,0.4211,0.8,0
25.0,Mobile Phone,3,33.0,E wallet,Female,4.0,4,Grocery,3,Married,4,0,15.0,1.0,5.0,18.0,288.07,48.0117,16.0,0.0,0.6923,0.1667,0
14.0,Computer,3,7.0,E wallet,Female,3.0,3,Laptop & Accessory,5,Married,1,0,17.0,0.0,1.0,7.0,141.03,70.515,9.0,0.0,0.4667,0.0,0
17.0,Mobile Phone,1,18.0,Debit Card,Male,2.0,4,Fashion,3,Married,3,0,18.0,2.0,2.0,10.0,200.1,66.7,8.0,0.0,0.5556,0.6667,0
24.0,Mobile Phone,3,15.0,E wallet,Male,3.0,4,Mobile Phone,4,Divorced,9,0,16.0,2.0,3.0,3.0,163.75,40.9375,12.0,0.0,0.12,0.5,0
9.0,Mobile Phone,1,30.0,Debit Card,Male,2.0,4,Mobile Phone,3,Single,6,1,14.0,0.0,1.0,3.0,120.28,60.14,8.0,3.0,0.3,0.0,1
15.0,Computer,3,17.0,Debit Card,Male,3.0,4,Laptop & Accessory,2,Single,9,0,15.0,1.0,2.0,11.0,187.3,62.4333,12.0,0.0,0.6875,0.3333,0
28.0,Mobile Phone,1,16.0,Debit Card,Female,4.0,4,Laptop & Accessory,3,Married,5,0,12.0,1.0,3.0,4.0,153.97,38.4925,16.0,0.0,0.1379,0.25,0
1.0,Mobile Phone,1,15.0,Credit Card,Female,3.0,2,Mobile Phone,3,Married,9,0,18.0,1.0,2.0,3.0,160.17,53.39,6.0,0.0,1.5,0.3333,0
26.0,Computer,1,26.0,Credit Card,Male,3.0,4,Mobile Phone,1,Married,2,0,19.0,2.0,2.0,3.0,167.58,55.86,12.0,0.0,0.1111,0.6667,0
10.0,Mobile Phone,1,10.0,Debit Card,Male,4.0,2,Laptop & Accessory,5,Married,8,0,21.0,2.0,2.0,5.0,193.42,64.4733,8.0,0.0,0.4545,0.6667,0
11.0,Mobile Phone,1,10.0,UPI,Female,3.0,4,Laptop & Accessory,4,Single,5,0,16.0,2.0,2.0,2.0,166.07,55.3567,12.0,0.0,0.1667,0.6667,0
15.0,Computer,1,14.0,Credit Card,Male,2.0,3,Mobile Phone,1,Single,6,1,14.0,1.0,2.0,2.0,125.15,41.7167,6.0,5.0,0.125,0.3333,0
8.0,Mobile Phone,1,13.0,Debit Card,Male,3.0,4,Mobile Phone,1,Married,2,0,18.0,1.0,1.0,1.0,126.9,63.45,12.0,0.0,0.1111,0.5,0
12.0,Computer,3,17.0,Cash on Delivery,Female,3.0,4,Laptop & Accessory,1,Single,3,1,14.0,2.0,2.0,4.0,181.66,60.5533,12.0,5.0,0.3077,0.6667,0
1.0,Mobile Phone,1,13.0,Credit Card,Male,3.0,4,Mobile Phone,5,Single,4,0,12.0,1.0,2.0,4.0,154.6,51.5333,12.0,0.0,2.0,0.3333,1
2.0,Mobile Phone,1,8.0,Credit Card,Female,4.0,4,Mobile Phone,5,Married,3,0,26.0,2.0,2.0,3.0,160.91,53.6367,16.0,0.0,1.0,0.6667,0
0.0,Mobile Phone,1,9.0,Credit Card,Male,3.0,3,Mobile Phone,5,Married,6,0,13.0,1.0,1.0,2.0,140.31,70.155,9.0,0.0,2.0,0.5,1
30.0,Mobile Phone,3,27.0,Debit Card,Female,3.0,3,Grocery,1,Married,5,1,13.0,1.0,1.0,0.0,278.75,139.375,9.0,5.0,0.0,0.5,0
0.0,Computer,3,8.0,Debit Card,Male,2.0,5,Laptop & Accessory,2,Single,4,0,20.0,1.0,1.0,0.0,150.71,75.355,10.0,0.0,0.0,0.5,0
8.0,Mobile Phone,3,23.0,Debit Card,Male,3.0,3,Laptop & Accessory,5,Married,4,1,15.0,0.0,1.0,7.0,189.66,94.83,9.0,1.0,0.7778,0.0,0
14.0,Mobile Phone,1,27.0,Cash on Delivery,Male,4.0,4,Fashion,1,Married,6,0,21.0,4.0,12.0,3.0,228.22,17.5554,16.0,0.0,0.2,0.3077,0
1.0,Computer,1,10.0,Credit Card,Male,3.0,4,Mobile Phone,1,Married,3,0,12.0,1.0,2.0,1.0,142.06,47.3533,12.0,0.0,0.5,0.3333,0
1.0,Mobile Phone,3,16.0,Credit Card,Male,3.0,3,Mobile Phone,4,Divorced,2,0,22.0,1.0,1.0,0.0,110.52,55.26,9.0,0.0,0.0,0.5,0
1.0,Computer,3,19.0,UPI,Male,3.0,4,Laptop & Accessory,1,Single,5,1,25.0,4.0,7.0,8.0,170.81,21.3512,12.0,5.0,4.0,0.5,1
12.0,Computer,1,15.0,Debit Card,Male,2.0,3,Others,1,Single,3,0,15.0,0.0,1.0,3.0,294.31,147.155,6.0,0.0,0.2308,0.0,0
9.0,Mobile Phone,1,6.0,Credit Card,Female,2.0,3,Mobile Phone,4,Single,2,0,18.0,1.0,2.0,1.0,120.96,40.32,6.0,0.0,0.1,0.3333,0
5.0,Computer,1,8.0,Debit Card,Female,2.0,3,Laptop & Accessory,3,Single,5,1,14.0,1.0,1.0,7.0,149.98,74.99,6.0,3.0,1.1667,0.5,0
20.0,Mobile Phone,3,8.0,Debit Card,Female,3.0,4,Mobile Phone,2,Single,2,1,18.0,1.0,1.0,2.0,132.94,66.47,12.0,4.0,0.0952,0.5,0
26.0,Mobile Phone,3,14.0,E wallet,Male,3.0,3,Grocery,2,Divorced,6,0,14.0,0.0,2.0,3.0,218.36,72.7867,9.0,0.0,0.1111,0.0,0
6.0,Mobile Phone,1,14.0,Debit Card,Male,3.0,1,Mobile Phone,5,Married,7,0,19.0,6.0,7.0,6.0,131.43,16.4288,3.0,0.0,0.8571,0.75,0
1.0,Mobile Phone,1,26.0,Credit Card,Male,4.0,4,Mobile Phone,2,Divorced,3,0,25.0,1.0,3.0,3.0,148.23,37.0575,16.0,0.0,1.5,0.25,0
19.0,Computer,1,13.0,Credit Card,Female,1.0,3,Laptop & Accessory,3,Divorced,3,0,14.0,0.0,1.0,0.0,152.58,76.29,3.0,0.0,0.0,0.0,0
13.0,Computer,1,6.0,Credit Card,Male,3.0,5,Others,2,Divorced,3,0,15.0,10.0,14.0,4.0,317.72,21.1813,15.0,0.0,0.2857,0.6667,0
3.0,Mobile Phone,3,31.0,E wallet,Male,2.0,4,Fashion,4,Single,3,1,12.0,0.0,1.0,0.0,190.94,95.47,8.0,2.0,0.0,0.0,1
20.0,Computer,1,25.0,Credit Card,Female,3.0,4,Fashion,3,Divorced,7,0,12.0,2.0,2.0,3.0,230.27,76.7567,12.0,0.0,0.1429,0.6667,0
1.0,Computer,1,10.0,Debit Card,Male,3.0,5,Mobile Phone,2,Divorced,2,1,12.0,1.0,2.0,1.0,153.53,51.1767,15.0,4.0,0.5,0.3333,1
0.0,Mobile Phone,3,6.0,Credit Card,Female,3.0,4,Mobile Phone,3,Married,7,1,19.0,0.0,1.0,2.0,128.0,64.0,12.0,3.0,2.0,0.0,1
4.0,Mobile Phone,3,11.0,Cash on Delivery,Male,2.0,3,Laptop & Accessory,3,Married,2,0,19.0,1.0,1.0,2.0,183.46,91.73,6.0,0.0,0.4,0.5,0
27.0,Mobile Phone,1,28.0,Credit Card,Female,3.0,3,Grocery,3,Married,4,0,25.0,1.0,4.0,7.0,274.26,54.852,9.0,0.0,0.25,0.2,0
4.0,Computer,1,30.0,Cash on Delivery,Female,1.0,3,Laptop & Accessory,1,Single,3,0,20.0,1.0,1.0,4.0,152.38,76.19,3.0,0.0,0.8,0.5,0
1.0,Mobile Phone,1,32.0,Credit Card,Male,3.0,5,Mobile Phone,4,Single,6,1,21.0,1.0,3.0,3.0,148.13,37.0325,15.0,2.0,1.5,0.25,1
7.0,Mobile Phone,2,10.0,UPI,Male,3.0,4,Mobile Phone,4,Married,5,1,12.0,1.0,2.0,4.0,147.77,49.2567,12.0,2.0,0.5,0.3333,0
6.0,Computer,3,9.0,Debit Card,Female,4.0,4,Mobile Phone,5,Married,3,0,13.0,2.0,2.0,1.0,153.27,51.09,16.0,0.0,0.1429,0.6667,0
4.0,Mobile Phone,1,18.0,Credit Card,Female,3.0,3,Mobile Phone,1,Married,9,1,23.0,1.0,1.0,2.0,139.29,69.645,9.0,5.0,0.4,0.5,0
9.0,Mobile Phone,1,10.0,Debit Card,Male,2.0,4,Laptop & Accessory,2,Single,2,0,16.0,1.0,1.0,8.0,158.1,79.05,8.0,0.0,0.8,0.5,0
1.0,Mobile Phone,1,33.0,Credit Card,Female,2.0,5,Laptop & Accessory,5,Married,1,0,21.0,1.0,1.0,0.0,148.77,74.385,10.0,0.0,0.0,0.5,0
13.0,Computer,3,8.0,Credit Card,Male,3.0,3,Laptop & Accessory,4,Married,6,0,12.0,1.0,1.0,0.0,143.27,71.635,9.0,0.0,0.0,0.5,0
6.0,Computer,1,22.0,Credit Card,Female,3.0,4,Laptop & Accessory,1,Married,7,0,19.0,1.0,2.0,3.0,191.67,63.89,12.0,0.0,0.4286,0.3333,0
18.0,Mobile Phone,3,8.0,UPI,Male,3.0,3,Laptop & Accessory,4,Divorced,1,0,19.0,3.0,3.0,7.0,148.05,37.0125,9.0,0.0,0.3684,0.75,0
0.0,Mobile Phone,3,14.0,E wallet,Male,2.0,4,Mobile Phone,4,Divorced,2,1,18.0,0.0,1.0,0.0,124.13,62.065,8.0,2.0,0.0,0.0,1
2.0,Mobile Phone,1,26.0,Credit Card,Male,4.0,5,Mobile Phone,5,Divorced,3,0,13.0,2.0,4.0,4.0,156.96,31.392,20.0,0.0,1.3333,0.4,0
18.0,Mobile Phone,3,7.0,E wallet,Female,4.0,4,Laptop & Accessory,5,Married,7,1,22.0,2.0,2.0,4.0,179.54,59.8467,16.0,1.0,0.2105,0.6667,0
16.0,Mobile Phone,2,17.0,UPI,Female,3.0,4,Grocery,5,Married,2,0,15.0,1.0,2.0,10.0,292.99,97.6633,12.0,0.0,0.5882,0.3333,0
16.0,Mobile Phone,1,12.0,Credit Card,Female,3.0,4,Laptop & Accessory,3,Single,2,1,14.0,1.0,1.0,8.0,140.81,70.405,12.0,3.0,0.4706,0.5,0
15.0,Mobile Phone,1,7.0,Debit Card,Male,4.0,4,Mobile Phone,1,Married,5,0,23.0,1.0,2.0,1.0,152.82,50.94,16.0,0.0,0.0625,0.3333,0
0.0,Mobile Phone,1,10.0,Credit Card,Male,3.0,2,Mobile Phone,5,Divorced,3,0,16.0,0.0,1.0,2.0,128.19,64.095,6.0,0.0,2.0,0.0,0
1.0,Mobile Phone,3,28.0,UPI,Male,3.0,5,Mobile Phone,4,Single,3,1,14.0,1.0,2.0,1.0,146.21,48.7367,15.0,2.0,0.5,0.3333,1
20.0,Mobile Phone,1,11.0,Debit Card,Male,2.0,3,Others,3,Divorced,5,0,11.0,1.0,1.0,1.0,283.0,141.5,6.0,0.0,0.0476,0.5,0
8.0,Mobile Phone,1,31.0,UPI,Male,2.0,4,Laptop & Accessory,1,Single,5,0,14.0,1.0,1.0,2.0,136.81,68.405,8.0,0.0,0.2222,0.5,0
0.0,Mobile Phone,1,10.0,Cash on Delivery,Male,3.0,3,Mobile Phone,5,Single,2,0,19.0,1.0,1.0,0.0,129.73,64.865,9.0,0.0,0.0,0.5,1
8.0,Mobile Phone,3,13.0,Debit Card,Female,2.0,3,Laptop & Accessory,1,Married,2,1,11.0,1.0,1.0,9.0,152.04,76.02,6.0,5.0,1.0,0.5,0
6.0,Mobile Phone,3,14.0,E wallet,Male,4.0,4,Laptop & Accessory,2,Divorced,6,0,13.0,2.0,2.0,3.0,217.04,72.3467,16.0,0.0,0.4286,0.6667,0
16.0,Computer,3,33.0,E wallet,Female,4.0,4,Grocery,4,Married,7,0,15.0,4.0,2.0,9.0,260.25,86.75,16.0,0.0,0.5294,1.3333,0
9.0,Computer,3,19.0,Debit Card,Female,3.0,3,Mobile Phone,4,Married,2,0,13.0,0.0,1.0,0.0,120.33,60.165,9.0,0.0,0.0,0.0,0
10.0,Computer,1,30.0,Credit Card,Male,3.0,2,Laptop & Accessory,1,Married,6,0,18.0,1.0,2.0,4.0,150.71,50.2367,6.0,0.0,0.3636,0.3333,0
14.0,Mobile Phone,3,10.0,E wallet,Male,3.0,5,Mobile Phone,3,Divorced,3,1,15.0,1.0,2.0,3.0,151.83,50.61,15.0,3.0,0.2,0.3333,1
19.0,Mobile Phone,1,35.0,Cash on Delivery,Female,3.0,5,Grocery,4,Single,3,0,15.0,4.0,9.0,7.0,292.04,29.204,15.0,0.0,0.35,0.4,0
1.0,Mobile Phone,3,11.0,Credit Card,Male,2.0,3,Laptop & Accessory,5,Single,1,0,18.0,0.0,1.0,3.0,184.63,92.315,6.0,0.0,1.5,0.0,0
31.0,Mobile Phone,1,9.0,Debit Card,Female,4.0,5,Grocery,2,Single,5,1,14.0,1.0,5.0,4.0,262.26,43.71,20.0,4.0,0.125,0.1667,0
28.0,Mobile Phone,3,24.0,Debit Card,Female,2.0,3,Grocery,4,Single,4,0,23.0,1.0,7.0,7.0,268.35,33.5438,6.0,0.0,0.2414,0.125,0
1.0,Mobile Phone,3,16.0,Credit Card,Male,3.0,4,Mobile Phone,1,Single,3,0,14.0,1.0,2.0,1.0,135.81,45.27,12.0,0.0,0.5,0.3333,1
16.0,Mobile Phone,3,22.0,E wallet,Female,3.0,3,Grocery,2,Divorced,6,1,22.0,0.0,2.0,9.0,260.64,86.88,9.0,4.0,0.5294,0.0,0
1.0,Computer,1,32.0,Debit Card,Female,4.0,4,Mobile Phone,4,Married,3,1,20.0,7.0,8.0,9.0,145.22,16.1356,16.0,2.0,4.5,0.7778,1
12.0,Mobile Phone,3,30.0,E wallet,Female,2.0,4,Grocery,1,Married,1,0,11.0,1.0,9.0,3.0,220.31,22.031,8.0,0.0,0.2308,0.1,0
1.0,Mobile Phone,1,31.0,Debit Card,Male,3.0,5,Mobile Phone,3,Single,7,1,15.0,1.0,2.0,4.0,145.28,48.4267,15.0,3.0,2.0,0.3333,1
27.0,Mobile Phone,1,7.0,Credit Card,Female,2.0,3,Grocery,1,Single,7,0,19.0,1.0,12.0,7.0,273.28,21.0215,6.0,0.0,0.25,0.0769,0
22.0,Computer,3,8.0,Credit Card,Male,3.0,4,Laptop & Accessory,4,Married,3,0,14.0,1.0,1.0,8.0,153.9,76.95,12.0,0.0,0.3478,0.5,0
18.0,Mobile Phone,1,14.0,Credit Card,Female,3.0,5,Fashion,1,Married,5,0,15.0,1.0,6.0,3.0,227.48,32.4971,15.0,0.0,0.1579,0.1429,0
2.0,Computer,1,7.0,Credit Card,Male,3.0,4,Mobile Phone,3,Single,2,1,12.0,1.0,2.0,3.0,146.54,48.8467,12.0,3.0,1.0,0.3333,0
0.0,Mobile Phone,3,14.0,E wallet,Male,2.0,4,Mobile Phone,4,Married,2,1,18.0,0.0,1.0,0.0,124.13,62.065,8.0,2.0,0.0,0.0,1
8.0,Computer,1,17.0,Debit Card,Male,3.0,2,Laptop & Accessory,1,Married,3,0,14.0,4.0,8.0,3.0,172.24,19.1378,6.0,0.0,0.3333,0.4444,0
5.0,Mobile Phone,1,11.0,Debit Card,Female,3.0,4,Laptop & Accessory,4,Married,4,0,12.0,1.0,2.0,5.0,158.78,52.9267,12.0,0.0,0.8333,0.3333,0
15.0,Mobile Phone,3,8.0,E wallet,Female,2.0,5,Others,1,Married,2,0,15.0,3.0,6.0,9.0,298.45,42.6357,10.0,0.0,0.5625,0.4286,1
9.0,Mobile Phone,3,6.0,Debit Card,Male,2.0,3,Laptop & Accessory,2,Divorced,2,1,14.0,2.0,4.0,11.0,162.01,32.402,6.0,4.0,1.1,0.4,0
17.0,Mobile Phone,1,26.0,Debit Card,Male,2.0,3,Mobile Phone,4,Single,2,0,13.0,1.0,1.0,3.0,134.2,67.1,6.0,0.0,0.1667,0.5,0
17.0,Mobile Phone,1,10.0,Debit Card,Male,3.0,1,Others,5,Married,2,0,14.0,1.0,14.0,13.0,291.9,19.46,3.0,0.0,0.7222,0.0667,0
10.0,Mobile Phone,1,6.0,Debit Card,Female,3.0,3,Laptop & Accessory,4,Divorced,7,0,12.0,3.0,4.0,3.0,164.47,32.894,9.0,0.0,0.2727,0.6,0
9.0,Mobile Phone,1,15.0,Credit Card,Male,3.0,3,Mobile Phone,2,Divorced,2,0,23.0,1.0,1.0,4.0,120.7,60.35,9.0,0.0,0.4,0.5,0
0.0,Computer,1,11.0,Debit Card,Male,2.0,2,Laptop & Accessory,5,Married,2,0,12.0,1.0,1.0,5.0,140.0,70.0,4.0,0.0,5.0,0.5,0
13.0,Mobile Phone,3,13.0,Credit Card,Male,2.0,3,Others,4,Single,2,0,15.0,1.0,12.0,8.0,298.33,22.9485,6.0,0.0,0.5714,0.0769,0
18.0,Computer,1,8.0,Credit Card,Male,3.0,4,Grocery,2,Divorced,10,0,23.0,1.0,11.0,8.0,267.92,22.3267,12.0,0.0,0.4211,0.0833,0
19.0,Computer,1,8.0,Debit Card,Male,4.0,5,Fashion,3,Married,5,0,24.0,5.0,2.0,5.0,232.48,77.4933,20.0,0.0,0.25,1.6667,0
13.0,Computer,1,15.0,Credit Card,Male,2.0,3,Mobile Phone,4,Married,9,1,14.0,0.0,1.0,0.0,136.17,68.085,6.0,2.0,0.0,0.0,0
1.0,Mobile Phone,1,13.0,Credit Card,Male,4.0,4,Mobile Phone,3,Divorced,2,0,21.0,3.0,3.0,3.0,152.73,38.1825,16.0,0.0,1.5,0.75,0
22.0,Mobile Phone,1,27.0,Credit Card,Male,3.0,4,Mobile Phone,3,Married,6,0,18.0,2.0,2.0,1.0,147.59,49.1967,12.0,0.0,0.0435,0.6667,0
5.0,Mobile Phone,1,12.0,Debit Card,Male,3.0,3,Mobile Phone,3,Single,4,0,20.0,0.0,1.0,4.0,130.38,65.19,9.0,0.0,0.6667,0.0,0
1.0,Mobile Phone,1,7.0,Credit Card,Male,3.0,5,Mobile Phone,5,Married,3,0,17.0,2.0,2.0,4.0,164.55,54.85,15.0,0.0,2.0,0.6667,0
20.0,Mobile Phone,1,20.0,Debit Card,Male,3.0,4,Laptop & Accessory,4,Single,8,0,15.0,2.0,2.0,10.0,180.62,60.2067,12.0,0.0,0.4762,0.6667,0
25.0,Mobile Phone,1,12.0,Cash on Delivery,Male,3.0,3,Laptop & Accessory,5,Married,4,1,12.0,2.0,6.0,9.0,155.77,22.2529,9.0,1.0,0.3462,0.2857,0
13.0,Mobile Phone,1,8.0,Credit Card,Female,3.0,4,Laptop & Accessory,3,Married,7,0,22.0,1.0,1.0,0.0,134.48,67.24,12.0,0.0,0.0,0.5,0
9.0,Mobile Phone,1,29.0,Debit Card,Male,2.0,3,Mobile Phone,1,Single,10,0,16.0,0.0,1.0,2.0,122.01,61.005,6.0,0.0,0.2,0.0,0
20.0,Mobile Phone,1,14.0,Credit Card,Male,4.0,4,Fashion,3,Married,8,0,14.0,1.0,2.0,8.0,233.45,77.8167,16.0,0.0,0.381,0.3333,0
1.0,Mobile Phone,1,13.0,Credit Card,Female,4.0,5,Mobile Phone,3,Married,2,0,13.0,2.0,2.0,4.0,146.87,48.9567,20.0,0.0,2.0,0.6667,0
1.0,Mobile Phone,3,15.0,Debit Card,Male,3.0,3,Laptop & Accessory,4,Divorced,2,0,23.0,1.0,2.0,3.0,173.51,57.8367,9.0,0.0,1.5,0.3333,0
2.0,Computer,3,7.0,Debit Card,Male,3.0,5,Laptop & Accessory,1,Married,3,1,13.0,1.0,2.0,8.0,193.34,64.4467,15.0,5.0,2.6667,0.3333,0
4.0,Computer,1,16.0,Credit Card,Female,2.0,3,Fashion,3,Married,5,0,20.0,3.0,4.0,3.0,210.31,42.062,6.0,0.0,0.6,0.6,0
15.0,Mobile Phone,1,10.0,Cash on Delivery,Male,2.0,3,Others,2,Divorced,2,0,15.0,0.0,11.0,15.0,292.32,24.36,6.0,0.0,0.9375,0.0,0
9.0,Computer,3,8.0,E wallet,Female,3.0,3,Mobile Phone,3,Divorced,7,0,18.0,1.0,1.0,2.0,122.31,61.155,9.0,0.0,0.2,0.5,0
26.0,Computer,1,26.0,Credit Card,Male,3.0,4,Mobile Phone,2,Divorced,2,0,19.0,2.0,2.0,3.0,167.58,55.86,12.0,0.0,0.1111,0.6667,0
0.0,Mobile Phone,1,6.0,Credit Card,Male,2.0,4,Mobile Phone,5,Divorced,2,0,16.0,0.0,1.0,3.0,139.55,69.775,8.0,0.0,3.0,0.0,0
8.0,Mobile Phone,3,11.0,Debit Card,Male,4.0,4,Fashion,1,Married,4,1,14.0,1.0,2.0,3.0,222.13,74.0433,16.0,5.0,0.3333,0.3333,0
14.0,Mobile Phone,1,9.0,Credit Card,Female,3.0,5,Mobile Phone,2,Single,2,1,21.0,3.0,3.0,4.0,148.42,37.105,15.0,4.0,0.2667,0.75,0
8.0,Mobile Phone,3,22.0,Credit Card,Female,4.0,4,Laptop & Accessory,5,Single,3,0,13.0,5.0,10.0,7.0,186.25,16.9318,16.0,0.0,0.7778,0.4545,0
5.0,Computer,3,27.0,E wallet,Female,3.0,4,Laptop & Accessory,3,Divorced,3,0,14.0,2.0,2.0,1.0,194.32,64.7733,12.0,0.0,0.1667,0.6667,0
1.0,Mobile Phone,1,25.0,UPI,Female,4.0,4,Mobile Phone,2,Single,3,0,20.0,2.0,2.0,1.0,151.93,50.6433,16.0,0.0,0.5,0.6667,1
0.0,Computer,1,10.0,Debit Card,Male,2.0,4,Mobile Phone,1,Married,1,0,17.0,0.0,3.0,4.0,131.62,32.905,8.0,0.0,4.0,0.0,0
0.0,Computer,3,26.0,Debit Card,Female,2.0,3,Laptop & Accessory,3,Single,2,0,14.0,1.0,1.0,7.0,199.81,99.905,6.0,0.0,7.0,0.5,0
1.0,Computer,3,13.0,E wallet,Female,3.0,6,Mobile Phone,3,Married,2,0,17.0,2.0,2.0,1.0,148.51,49.5033,18.0,0.0,0.5,0.6667,1
1.0,Computer,1,23.0,Cash on Delivery,Male,3.0,6,Mobile Phone,5,Married,3,1,24.0,1.0,4.0,1.0,148.07,29.614,18.0,1.0,0.5,0.2,1
17.0,Computer,1,30.0,Credit Card,Male,2.0,5,Mobile Phone,3,Single,3,0,14.0,0.0,1.0,4.0,137.08,68.54,10.0,0.0,0.2222,0.0,0
6.0,Mobile Phone,1,10.0,Credit Card,Female,4.0,4,Laptop & Accessory,5,Married,3,0,13.0,2.0,7.0,4.0,192.25,24.0312,16.0,0.0,0.5714,0.25,0
10.0,Mobile Phone,1,9.0,Debit Card,Female,4.0,4,Mobile Phone,3,Divorced,6,0,14.0,2.0,3.0,3.0,150.43,37.6075,16.0,0.0,0.2727,0.5,0
2.0,Mobile Phone,1,9.0,Credit Card,Male,3.0,4,Laptop & Accessory,4,Married,6,0,12.0,1.0,2.0,5.0,173.55,57.85,12.0,0.0,1.6667,0.3333,1
9.0,Mobile Phone,1,7.0,Debit Card,Male,2.0,3,Mobile Phone,1,Married,2,0,11.0,0.0,1.0,3.0,120.44,60.22,6.0,0.0,0.3,0.0,0
21.0,Mobile Phone,1,8.0,Cash on Delivery,Male,4.0,4,Mobile Phone,1,Married,9,0,13.0,2.0,2.0,3.0,159.2,53.0667,16.0,0.0,0.1364,0.6667,0
18.0,Mobile Phone,3,10.0,Debit Card,Female,1.0,3,Laptop & Accessory,5,Married,5,1,11.0,0.0,1.0,3.0,150.06,75.03,3.0,1.0,0.1579,0.0,0
1.0,Computer,1,16.0,Credit Card,Male,3.0,4,Mobile Phone,5,Single,4,1,12.0,1.0,2.0,1.0,156.72,52.24,12.0,1.0,0.5,0.3333,1
8.0,Mobile Phone,3,10.0,UPI,Male,3.0,6,Laptop & Accessory,5,Single,5,0,19.0,3.0,4.0,13.0,172.59,34.518,18.0,0.0,1.4444,0.6,0
16.0,Computer,1,28.0,Credit Card,Female,3.0,4,Laptop & Accessory,3,Married,4,0,17.0,1.0,2.0,3.0,177.65,59.2167,12.0,0.0,0.1765,0.3333,0
7.0,Computer,3,15.0,Debit Card,Female,3.0,5,Mobile Phone,1,Single,2,0,20.0,1.0,3.0,3.0,148.42,37.105,15.0,0.0,0.375,0.25,0
15.0,Computer,1,15.0,Credit Card,Female,3.0,3,Mobile Phone,1,Single,2,0,13.0,4.0,5.0,8.0,136.73,22.7883,9.0,0.0,0.5,0.6667,0
15.0,Mobile Phone,1,16.0,Debit Card,Male,4.0,4,Mobile Phone,5,Married,4,0,22.0,1.0,2.0,5.0,147.38,49.1267,16.0,0.0,0.3125,0.3333,0
0.0,Computer,3,30.0,Debit Card,Male,3.0,5,Mobile Phone,2,Single,2,1,14.0,1.0,1.0,0.0,111.18,55.59,15.0,4.0,0.0,0.5,1
15.0,Mobile Phone,1,29.0,Debit Card,Female,2.0,3,Grocery,1,Single,3,0,14.0,0.0,2.0,0.0,259.92,86.64,6.0,0.0,0.0,0.0,0
10.0,Computer,1,10.0,Credit Card,Male,2.0,4,Mobile Phone,4,Single,6,0,13.0,5.0,8.0,3.0,145.88,16.2089,8.0,0.0,0.2727,0.5556,0
13.0,Mobile Phone,3,18.0,E wallet,Female,3.0,4,Fashion,2,Divorced,3,0,19.0,1.0,8.0,8.0,201.54,22.3933,12.0,0.0,0.5714,0.1111,1
8.0,Computer,1,17.0,Cash on Delivery,Male,4.0,5,Laptop & Accessory,3,Married,3,0,15.0,3.0,8.0,8.0,175.63,19.5144,20.0,0.0,0.8889,0.3333,0
0.0,Computer,1,15.0,Debit Card,Male,3.0,3,Laptop & Accessory,5,Married,5,0,17.0,0.0,1.0,7.0,153.46,76.73,9.0,0.0,7.0,0.0,1
9.0,Mobile Phone,3,13.0,Cash on Delivery,Male,2.0,3,Mobile Phone,3,Married,1,1,25.0,0.0,5.0,7.0,123.08,20.5133,6.0,3.0,0.7,0.0,0
15.0,Mobile Phone,3,14.0,E wallet,Male,2.0,3,Laptop & Accessory,4,Married,1,0,11.0,2.0,4.0,2.0,168.25,33.65,6.0,0.0,0.125,0.4,0
1.0,Mobile Phone,1,24.0,Debit Card,Female,4.0,4,Mobile Phone,4,Married,3,0,14.0,2.0,2.0,1.0,147.1,49.0333,16.0,0.0,0.5,0.6667,1
1.0,Mobile Phone,1,27.0,Credit Card,Male,3.0,3,Mobile Phone,1,Married,2,0,11.0,0.0,1.0,2.0,127.13,63.565,9.0,0.0,1.0,0.0,0
1.0,Mobile Phone,3,16.0,E wallet,Female,3.0,6,Mobile Phone,4,Single,3,0,14.0,2.0,3.0,3.0,152.6,38.15,18.0,0.0,1.5,0.5,1
11.0,Mobile Phone,1,11.0,Debit Card,Male,3.0,4,Mobile Phone,3,Divorced,9,1,16.0,2.0,2.0,4.0,154.96,51.6533,12.0,3.0,0.3333,0.6667,0
7.0,Mobile Phone,3,9.0,Credit Card,Male,4.0,4,Laptop & Accessory,1,Married,3,0,15.0,2.0,2.0,5.0,180.05,60.0167,16.0,0.0,0.625,0.6667,0
12.0,Mobile Phone,1,16.0,Credit Card,Male,3.0,3,Fashion,3,Single,8,0,21.0,2.0,2.0,2.0,234.64,78.2133,9.0,0.0,0.1538,0.6667,0
10.0,Mobile Phone,3,16.0,Debit Card,Female,2.0,4,Laptop & Accessory,2,Married,3,1,14.0,0.0,1.0,0.0,166.94,83.47,8.0,4.0,0.0,0.0,0
10.0,Mobile Phone,3,17.0,Cash on Delivery,Female,4.0,5,Laptop & Accessory,3,Married,3,1,14.0,2.0,2.0,8.0,181.73,60.5767,20.0,3.0,0.7273,0.6667,0
10.0,Computer,3,15.0,Debit Card,Male,4.0,5,Fashion,5,Single,3,0,16.0,1.0,2.0,10.0,200.87,66.9567,20.0,0.0,0.9091,0.3333,0
24.0,Mobile Phone,1,36.0,Debit Card,Male,3.0,5,Grocery,3,Married,2,0,15.0,16.0,16.0,8.0,295.46,17.38,15.0,0.0,0.32,0.9412,0
3.0,Mobile Phone,3,17.0,Credit Card,Male,3.0,5,Laptop & Accessory,3,Single,11,0,12.0,2.0,2.0,5.0,183.69,61.23,15.0,0.0,1.25,0.6667,0
0.0,Computer,3,6.0,Cash on Delivery,Male,3.0,3,Mobile Phone,3,Divorced,4,0,15.0,1.0,1.0,2.0,129.09,64.545,9.0,0.0,2.0,0.5,1
9.0,Mobile Phone,3,12.0,E wallet,Male,2.0,3,Laptop & Accessory,3,Divorced,3,1,20.0,0.0,4.0,5.0,123.06,24.612,6.0,3.0,0.5,0.0,0
13.0,Mobile Phone,3,8.0,E wallet,Female,2.0,3,Laptop & Accessory,4,Married,8,0,12.0,0.0,1.0,3.0,157.15,78.575,6.0,0.0,0.2143,0.0,0
5.0,Computer,1,35.0,Credit Card,Female,3.0,3,Mobile Phone,3,Single,10,0,12.0,6.0,7.0,7.0,140.25,17.5312,9.0,0.0,1.1667,0.75,0
19.0,Mobile Phone,3,10.0,E wallet,Female,2.0,4,Others,4,Married,3,0,14.0,1.0,1.0,8.0,287.89,143.945,8.0,0.0,0.4,0.5,0
0.0,Computer,1,14.0,Credit Card,Male,2.0,4,Mobile Phone,4,Married,2,0,15.0,0.0,1.0,0.0,125.96,62.98,8.0,0.0,0.0,0.0,1
1.0,Computer,3,16.0,E wallet,Female,3.0,4,Mobile Phone,2,Single,3,1,15.0,1.0,2.0,3.0,148.23,49.41,12.0,4.0,1.5,0.3333,1
11.0,Computer,3,26.0,Credit Card,Male,3.0,4,Fashion,4,Single,3,1,14.0,1.0,2.0,10.0,201.42,67.14,12.0,2.0,0.8333,0.3333,0
12.0,Mobile Phone,1,8.0,Cash on Delivery,Female,3.0,4,Laptop & Accessory,3,Single,2,0,11.0,1.0,11.0,10.0,145.53,12.1275,12.0,0.0,0.7692,0.0833,0
13.0,Mobile Phone,1,30.0,Cash on Delivery,Male,3.0,3,Laptop & Accessory,2,Married,2,0,17.0,2.0,4.0,7.0,133.19,26.638,9.0,0.0,0.5,0.4,0
9.0,Computer,1,7.0,Credit Card,Male,2.0,3,Mobile Phone,3,Single,1,1,11.0,1.0,1.0,2.0,121.54,60.77,6.0,3.0,0.2,0.5,0
5.0,Mobile Phone,1,14.0,Credit Card,Female,3.0,4,Fashion,1,Single,3,1,15.0,5.0,5.0,11.0,196.43,32.7383,12.0,5.0,1.8333,0.8333,0
20.0,Mobile Phone,1,10.0,Debit Card,Female,3.0,4,Fashion,4,Married,9,1,12.0,5.0,14.0,10.0,203.33,13.5553,12.0,2.0,0.4762,0.3333,0
6.0,Mobile Phone,3,15.0,Credit Card,Male,3.0,2,Laptop & Accessory,2,Divorced,3,0,16.0,1.0,2.0,9.0,187.09,62.3633,6.0,0.0,1.2857,0.3333,0
0.0,Computer,1,9.0,Debit Card,Male,3.0,4,Mobile Phone,1,Married,1,1,11.0,0.0,1.0,0.0,128.53,64.265,12.0,5.0,0.0,0.0,1
11.0,Mobile Phone,3,9.0,Debit Card,Male,3.0,3,Fashion,3,Married,1,0,12.0,1.0,5.0,13.0,206.09,34.3483,9.0,0.0,1.0833,0.1667,0
24.0,Mobile Phone,1,17.0,Cash on Delivery,Male,4.0,5,Fashion,1,Single,8,0,16.0,2.0,2.0,3.0,229.96,76.6533,20.0,0.0,0.12,0.6667,0
12.0,Computer,1,36.0,Debit Card,Female,3.0,4,Laptop & Accessory,1,Single,3,0,12.0,7.0,10.0,10.0,149.06,13.5509,12.0,0.0,0.7692,0.6364,0
14.0,Mobile Phone,1,14.0,Debit Card,Male,2.0,3,Mobile Phone,3,Married,5,0,12.0,1.0,1.0,8.0,124.51,62.255,6.0,0.0,0.5333,0.5,0
0.0,Computer,3,18.0,UPI,Male,2.0,3,Laptop & Accessory,1,Single,4,1,24.0,3.0,6.0,7.0,145.81,20.83,6.0,5.0,7.0,0.4286,1
5.0,Computer,3,8.0,Debit Card,Female,3.0,3,Mobile Phone,5,Married,2,0,12.0,1.0,1.0,0.0,128.27,64.135,9.0,0.0,0.0,0.5,0
27.0,Mobile Phone,3,8.0,Debit Card,Female,2.0,4,Fashion,3,Divorced,7,0,11.0,6.0,7.0,0.0,206.86,25.8575,8.0,0.0,0.0,0.75,0
8.0,Computer,1,17.0,Cash on Delivery,Male,4.0,5,Laptop & Accessory,3,Married,3,0,15.0,2.0,8.0,8.0,175.63,19.5144,20.0,0.0,0.8889,0.2222,0
27.0,Mobile Phone,1,6.0,Credit Card,Female,2.0,3,Grocery,2,Single,7,0,19.0,1.0,12.0,7.0,273.28,21.0215,6.0,0.0,0.25,0.0769,0
0.0,Mobile Phone,3,22.0,Debit Card,Female,3.0,3,Fashion,5,Single,3,1,20.0,0.0,1.0,0.0,185.64,92.82,9.0,1.0,0.0,0.0,1
9.0,Mobile Phone,2,19.0,UPI,Male,2.0,3,Mobile Phone,4,Divorced,4,0,13.0,1.0,1.0,4.0,121.43,60.715,6.0,0.0,0.4,0.5,0
17.0,Mobile Phone,3,11.0,E wallet,Female,3.0,5,Fashion,2,Single,5,0,15.0,11.0,16.0,3.0,227.31,13.3712,15.0,0.0,0.1667,0.6471,0
13.0,Mobile Phone,3,16.0,E wallet,Male,3.0,4,Fashion,4,Married,3,0,12.0,1.0,1.0,0.0,197.05,98.525,12.0,0.0,0.0,0.5,0
11.0,Computer,1,32.0,Credit Card,Female,4.0,4,Laptop & Accessory,3,Divorced,5,1,16.0,4.0,11.0,8.0,169.49,14.1242,16.0,3.0,0.6667,0.3333,0
13.0,Mobile Phone,3,9.0,Debit Card,Male,3.0,2,Fashion,3,Single,2,0,19.0,2.0,2.0,8.0,203.8,67.9333,6.0,0.0,0.5714,0.6667,0
22.0,Computer,1,24.0,Debit Card,Male,3.0,3,Laptop & Accessory,2,Married,2,1,15.0,0.0,1.0,7.0,168.04,84.02,9.0,4.0,0.3043,0.0,0
23.0,Mobile Phone,3,18.0,E wallet,Female,4.0,4,Laptop & Accessory,1,Single,5,0,13.0,1.0,2.0,5.0,170.07,56.69,16.0,0.0,0.2083,0.3333,0
1.0,Computer,3,31.0,Debit Card,Male,4.0,6,Mobile Phone,1,Single,3,1,15.0,2.0,2.0,1.0,136.18,45.3933,24.0,5.0,0.5,0.6667,1
9.0,Mobile Phone,1,13.0,Credit Card,Male,2.0,4,Mobile Phone,4,Married,2,0,12.0,0.0,1.0,1.0,121.41,60.705,8.0,0.0,0.1,0.0,0
5.0,Computer,1,14.0,Debit Card,Female,3.0,5,Fashion,3,Married,3,0,25.0,8.0,9.0,3.0,214.43,21.443,15.0,0.0,0.5,0.8,0
9.0,Mobile Phone,1,33.0,Credit Card,Female,3.0,3,Mobile Phone,4,Single,3,0,15.0,1.0,1.0,2.0,123.11,61.555,9.0,0.0,0.2,0.5,0
16.0,Mobile Phone,1,30.0,Debit Card,Female,3.0,4,Grocery,2,Single,4,0,15.0,1.0,2.0,1.0,284.92,94.9733,12.0,0.0,0.0588,0.3333,0
7.0,Mobile Phone,3,7.0,E wallet,Male,2.0,3,Fashion,1,Single,2,0,21.0,2.0,2.0,1.0,198.88,66.2933,6.0,0.0,0.125,0.6667,0
17.0,Mobile Phone,3,34.0,Credit Card,Female,2.0,1,Grocery,1,Married,4,1,18.0,4.0,2.0,11.0,233.2,77.7333,2.0,5.0,0.6111,1.3333,0
10.0,Computer,1,16.0,Debit Card,Male,4.0,2,Mobile Phone,4,Married,3,0,23.0,2.0,2.0,3.0,153.1,51.0333,8.0,0.0,0.2727,0.6667,0
18.0,Computer,3,8.0,E wallet,Female,4.0,4,Laptop & Accessory,3,Married,9,0,13.0,1.0,2.0,1.0,172.68,57.56,16.0,0.0,0.0526,0.3333,0
9.0,Mobile Phone,1,7.0,Credit Card,Male,4.0,5,Mobile Phone,5,Single,3,0,20.0,1.0,2.0,3.0,149.5,49.8333,20.0,0.0,0.3,0.3333,0
1.0,Mobile Phone,3,16.0,Debit Card,Male,3.0,4,Mobile Phone,5,Single,3,0,12.0,1.0,2.0,3.0,152.28,50.76,12.0,0.0,1.5,0.3333,0
29.0,Mobile Phone,1,9.0,Credit Card,Female,3.0,6,Others,3,Divorced,6,0,15.0,6.0,10.0,12.0,316.87,28.8064,18.0,0.0,0.4,0.5455,0
1.0,Mobile Phone,2,27.0,Credit Card,Female,4.0,4,Mobile Phone,4,Married,2,1,12.0,1.0,2.0,5.0,146.48,48.8267,16.0,2.0,2.5,0.3333,1
15.0,Mobile Phone,3,11.0,E wallet,Female,3.0,4,Fashion,3,Married,2,1,14.0,1.0,14.0,3.0,229.47,15.298,12.0,3.0,0.1875,0.0667,0
4.0,Mobile Phone,1,16.0,Credit Card,Male,3.0,5,Mobile Phone,3,Single,3,0,14.0,1.0,2.0,9.0,147.06,49.02,15.0,0.0,1.8,0.3333,0
9.0,Computer,1,9.0,Credit Card,Female,3.0,4,Laptop & Accessory,4,Single,7,0,12.0,1.0,2.0,3.0,169.25,56.4167,12.0,0.0,0.3,0.3333,0
2.0,Mobile Phone,1,33.0,Credit Card,Female,3.0,3,Laptop & Accessory,3,Married,5,0,12.0,0.0,1.0,1.0,143.35,71.675,9.0,0.0,0.3333,0.0,0
1.0,Mobile Phone,1,9.0,Debit Card,Male,4.0,4,Mobile Phone,4,Single,3,0,13.0,2.0,2.0,1.0,138.93,46.31,16.0,0.0,0.5,0.6667,1
8.0,Mobile Phone,1,29.0,Credit Card,Female,1.0,3,Mobile Phone,5,Married,4,1,15.0,0.0,2.0,2.0,140.14,46.7133,3.0,1.0,0.2222,0.0,0
14.0,Mobile Phone,3,6.0,E wallet,Male,2.0,2,Fashion,5,Divorced,2,0,16.0,1.0,1.0,7.0,183.92,91.96,4.0,0.0,0.4667,0.5,0
9.0,Mobile Phone,1,15.0,Credit Card,Female,4.0,3,Mobile Phone,4,Single,2,0,16.0,0.0,1.0,3.0,122.79,61.395,12.0,0.0,0.3,0.0,0
2.0,Mobile Phone,1,34.0,Credit Card,Female,3.0,4,Mobile Phone,5,Single,2,0,14.0,0.0,1.0,4.0,137.85,68.925,12.0,0.0,1.3333,0.0,0
4.0,Computer,3,13.0,E wallet,Female,3.0,3,Fashion,5,Married,3,0,14.0,2.0,2.0,2.0,196.37,65.4567,9.0,0.0,0.4,0.6667,0
10.0,Mobile Phone,1,13.0,Debit Card,Male,3.0,6,Mobile Phone,3,Married,3,0,15.0,2.0,2.0,8.0,152.41,50.8033,18.0,0.0,0.7273,0.6667,0
9.0,Mobile Phone,1,28.0,Debit Card,Female,2.0,3,Mobile Phone,3,Married,5,1,11.0,0.0,1.0,1.0,121.32,60.66,6.0,3.0,0.1,0.0,1
12.0,Mobile Phone,2,9.0,UPI,Female,2.0,2,Laptop & Accessory,4,Divorced,10,0,15.0,3.0,3.0,6.0,163.89,40.9725,4.0,0.0,0.4615,0.75,0
17.0,Mobile Phone,1,22.0,Debit Card,Male,4.0,5,Grocery,3,Married,3,0,15.0,3.0,7.0,12.0,301.03,37.6287,20.0,0.0,0.6667,0.375,0
5.0,Mobile Phone,3,9.0,Debit Card,Male,3.0,4,Mobile Phone,3,Married,2,0,20.0,2.0,2.0,3.0,155.67,51.89,12.0,0.0,0.5,0.6667,0
30.0,Computer,2,8.0,UPI,Female,2.0,4,Others,1,Married,10,0,21.0,1.0,2.0,2.0,288.44,96.1467,8.0,0.0,0.0645,0.3333,0
29.0,Mobile Phone,1,9.0,Credit Card,Male,3.0,5,Others,5,Married,10,0,15.0,2.0,2.0,1.0,315.38,105.1267,15.0,0.0,0.0333,0.6667,0
7.0,Mobile Phone,1,7.0,Debit Card,Female,3.0,5,Laptop & Accessory,2,Single,2,0,15.0,1.0,2.0,5.0,194.49,64.83,15.0,0.0,0.625,0.3333,0
22.0,Computer,1,24.0,Debit Card,Male,3.0,3,Laptop & Accessory,1,Married,2,1,15.0,0.0,1.0,7.0,168.04,84.02,9.0,5.0,0.3043,0.0,0
30.0,Computer,1,16.0,Credit Card,Female,4.0,4,Mobile Phone,3,Divorced,4,0,20.0,1.0,2.0,4.0,154.42,51.4733,16.0,0.0,0.129,0.3333,0
9.0,Mobile Phone,1,7.0,Debit Card,Male,2.0,3,Mobile Phone,3,Married,2,0,22.0,1.0,1.0,1.0,112.23,56.115,6.0,0.0,0.1,0.5,0
4.0,Computer,3,26.0,E wallet,Female,2.0,3,Laptop & Accessory,3,Married,2,0,13.0,1.0,1.0,0.0,169.32,84.66,6.0,0.0,0.0,0.5,0
30.0,Mobile Phone,1,7.0,Credit Card,Male,3.0,5,Fashion,1,Married,4,0,20.0,1.0,1.0,0.0,208.83,104.415,15.0,0.0,0.0,0.5,0
12.0,Computer,1,6.0,Debit Card,Male,3.0,3,Laptop & Accessory,1,Married,2,1,15.0,3.0,5.0,8.0,164.72,27.4533,9.0,5.0,0.6154,0.5,0
0.0,Mobile Phone,3,15.0,Credit Card,Male,2.0,3,Mobile Phone,1,Single,2,0,13.0,0.0,1.0,0.0,110.81,55.405,6.0,0.0,0.0,0.0,1
31.0,Mobile Phone,1,7.0,Credit Card,Male,3.0,4,Laptop & Accessory,3,Married,4,0,12.0,1.0,2.0,3.0,192.55,64.1833,12.0,0.0,0.0938,0.3333,0
17.0,Mobile Phone,3,31.0,Debit Card,Male,4.0,4,Fashion,5,Single,8,1,14.0,3.0,3.0,3.0,229.48,57.37,16.0,1.0,0.1667,0.75,1
8.0,Mobile Phone,3,20.0,Credit Card,Male,3.0,4,Fashion,3,Married,3,0,19.0,1.0,2.0,3.0,211.28,70.4267,12.0,0.0,0.3333,0.3333,0
9.0,Mobile Phone,1,15.0,Credit Card,Female,2.0,3,Mobile Phone,4,Single,2,0,16.0,1.0,1.0,3.0,122.79,61.395,6.0,0.0,0.3,0.5,0
5.0,Mobile Phone,1,18.0,Debit Card,Male,3.0,4,Mobile Phone,1,Married,5,1,20.0,1.0,2.0,3.0,148.56,49.52,12.0,5.0,0.5,0.3333,0
9.0,Mobile Phone,1,14.0,UPI,Male,3.0,5,Mobile Phone,5,Married,2,1,11.0,0.0,1.0,7.0,121.19,60.595,15.0,1.0,0.7,0.0,1
3.0,Computer,1,15.0,Credit Card,Female,3.0,3,Laptop & Accessory,3,Single,8,1,18.0,0.0,1.0,7.0,146.95,73.475,9.0,3.0,1.75,0.0,0
6.0,Mobile Phone,1,15.0,Credit Card,Male,3.0,3,Mobile Phone,2,Divorced,1,0,13.0,1.0,4.0,10.0,127.81,25.562,9.0,0.0,1.4286,0.2,0
11.0,Mobile Phone,1,8.0,Credit Card,Male,3.0,3,Mobile Phone,3,Divorced,7,1,13.0,0.0,1.0,1.0,130.57,65.285,9.0,3.0,0.0833,0.0,0
4.0,Computer,3,11.0,E wallet,Female,3.0,3,Mobile Phone,4,Married,2,0,11.0,0.0,2.0,2.0,127.89,42.63,9.0,0.0,0.4,0.0,0
5.0,Mobile Phone,3,10.0,Debit Card,Female,2.0,3,Mobile Phone,4,Married,3,0,11.0,1.0,1.0,2.0,139.31,69.655,6.0,0.0,0.3333,0.5,0
11.0,Mobile Phone,1,12.0,UPI,Female,2.0,4,Mobile Phone,3,Married,2,0,11.0,1.0,1.0,4.0,137.02,68.51,8.0,0.0,0.3333,0.5,0
2.0,Computer,3,5.0,E wallet,Male,2.0,3,Laptop & Accessory,2,Divorced,1,0,19.0,0.0,1.0,1.0,143.42,71.71,6.0,0.0,0.3333,0.0,0
0.0,Mobile Phone,1,14.0,Credit Card,Male,2.0,4,Mobile Phone,1,Single,2,1,13.0,0.0,1.0,1.0,123.89,61.945,8.0,5.0,1.0,0.0,1
19.0,Computer,1,7.0,Debit Card,Male,4.0,5,Fashion,3,Married,5,0,24.0,4.0,2.0,5.0,232.48,77.4933,20.0,0.0,0.25,1.3333,0
12.0,Computer,1,17.0,Credit Card,Male,4.0,4,Mobile Phone,3,Divorced,2,0,18.0,1.0,2.0,3.0,151.84,50.6133,16.0,0.0,0.2308,0.3333,0
1.0,Mobile Phone,3,8.0,E wallet,Female,2.0,3,Laptop & Accessory,4,Married,2,1,20.0,6.0,7.0,5.0,147.79,18.4738,6.0,2.0,2.5,0.75,0
1.0,Mobile Phone,1,9.0,Debit Card,Male,3.0,5,Mobile Phone,2,Single,3,0,23.0,1.0,2.0,1.0,136.02,45.34,15.0,0.0,0.5,0.3333,1
24.0,Computer,3,19.0,E wallet,Female,4.0,4,Fashion,1,Single,6,0,12.0,2.0,3.0,3.0,217.08,54.27,16.0,0.0,0.12,0.5,0
9.0,Mobile Phone,1,23.0,UPI,Female,3.0,5,Laptop & Accessory,4,Married,2,1,12.0,2.0,2.0,3.0,172.88,57.6267,15.0,2.0,0.3,0.6667,0
13.0,Computer,1,16.0,Debit Card,Male,4.0,4,Laptop & Accessory,4,Single,11,0,16.0,2.0,2.0,4.0,192.82,64.2733,16.0,0.0,0.2857,0.6667,0
9.0,Mobile Phone,3,16.0,Debit Card,Female,2.0,3,Mobile Phone,3,Married,2,1,19.0,0.0,1.0,0.0,122.2,61.1,6.0,3.0,0.0,0.0,0
9.0,Computer,1,12.0,Debit Card,Male,3.0,1,Laptop & Accessory,5,Married,4,1,13.0,1.0,1.0,2.0,155.62,77.81,3.0,1.0,0.2,0.5,0
23.0,Mobile Phone,3,15.0,Cash on Delivery,Male,3.0,5,Grocery,4,Divorced,8,0,18.0,2.0,2.0,4.0,256.2,85.4,15.0,0.0,0.1667,0.6667,0
0.0,Computer,1,14.0,Credit Card,Male,3.0,3,Mobile Phone,3,Married,2,0,12.0,1.0,2.0,2.0,126.1,42.0333,9.0,0.0,2.0,0.3333,1
1.0,Computer,1,10.0,Debit Card,Female,3.0,4,Mobile Phone,3,Single,3,0,13.0,7.0,8.0,8.0,165.84,18.4267,12.0,0.0,4.0,0.7778,1
17.0,Computer,1,17.0,Debit Card,Female,3.0,4,Mobile Phone,1,Single,2,0,20.0,1.0,2.0,8.0,149.55,49.85,12.0,0.0,0.4444,0.3333,0
10.0,Computer,1,10.0,Cash on Delivery,Male,3.0,4,Mobile Phone,4,Divorced,3,0,13.0,2.0,2.0,8.0,161.92,53.9733,12.0,0.0,0.7273,0.6667,0
20.0,Mobile Phone,1,9.0,Debit Card,Male,3.0,4,Grocery,3,Divorced,8,0,15.0,1.0,2.0,2.0,303.61,101.2033,12.0,0.0,0.0952,0.3333,0
14.0,Mobile Phone,3,7.0,Credit Card,Male,3.0,6,Laptop & Accessory,1,Married,4,1,23.0,2.0,2.0,3.0,199.57,66.5233,18.0,5.0,0.2,0.6667,0
2.0,Mobile Phone,1,22.0,Debit Card,Male,3.0,4,Mobile Phone,3,Married,3,0,17.0,3.0,3.0,3.0,147.07,36.7675,12.0,0.0,1.0,0.75,0
1.0,Mobile Phone,3,11.0,Credit Card,Male,3.0,6,Fashion,1,Married,3,0,12.0,7.0,10.0,3.0,229.0,20.8182,18.0,0.0,1.5,0.6364,1
5.0,Mobile Phone,3,6.0,E wallet,Female,2.0,3,Fashion,1,Married,2,0,19.0,3.0,5.0,7.0,204.22,34.0367,6.0,0.0,1.1667,0.5,0
9.0,Mobile Phone,3,25.0,Credit Card,Female,3.0,4,Laptop & Accessory,3,Married,3,0,17.0,2.0,2.0,1.0,171.01,57.0033,12.0,0.0,0.1,0.6667,0
1.0,Mobile Phone,1,7.0,Debit Card,Female,4.0,6,Mobile Phone,4,Single,9,1,14.0,2.0,4.0,8.0,147.16,29.432,24.0,2.0,4.0,0.4,1
1.0,Mobile Phone,2,13.0,UPI,Male,4.0,4,Mobile Phone,5,Married,6,1,23.0,2.0,2.0,3.0,145.73,48.5767,16.0,1.0,1.5,0.6667,1
7.0,Mobile Phone,1,8.0,Cash on Delivery,Female,3.0,3,Laptop & Accessory,1,Single,2,0,11.0,4.0,4.0,11.0,166.87,33.374,9.0,0.0,1.375,0.8,0
13.0,Mobile Phone,1,10.0,Credit Card,Female,2.0,3,Others,3,Divorced,2,0,14.0,1.0,9.0,9.0,290.33,29.033,6.0,0.0,0.6429,0.1,0
15.0,Computer,1,15.0,Debit Card,Male,3.0,6,Fashion,2,Single,4,0,16.0,1.0,2.0,4.0,231.5,77.1667,18.0,0.0,0.25,0.3333,1
9.0,Mobile Phone,1,8.0,Debit Card,Female,4.0,6,Mobile Phone,1,Married,3,0,13.0,2.0,2.0,2.0,154.77,51.59,24.0,0.0,0.2,0.6667,0
24.0,Mobile Phone,3,20.0,Debit Card,Female,2.0,3,Laptop & Accessory,2,Divorced,5,0,11.0,0.0,1.0,7.0,149.36,74.68,6.0,0.0,0.28,0.0,0
5.0,Mobile Phone,1,9.0,Debit Card,Female,2.0,3,Fashion,2,Single,4,0,15.0,3.0,7.0,3.0,211.59,26.4488,6.0,0.0,0.5,0.375,0
9.0,Computer,1,24.0,Debit Card,Male,3.0,3,Laptop & Accessory,1,Single,3,0,20.0,0.0,1.0,9.0,177.79,88.895,9.0,0.0,0.9,0.0,0
19.0,Computer,1,7.0,Credit Card,Male,3.0,4,Laptop & Accessory,3,Single,6,0,13.0,2.0,2.0,4.0,178.99,59.6633,12.0,0.0,0.2,0.6667,0
8.0,Mobile Phone,3,24.0,Credit Card,Male,3.0,3,Laptop & Accessory,5,Married,1,0,16.0,1.0,1.0,4.0,155.61,77.805,9.0,0.0,0.4444,0.5,0
13.0,Mobile Phone,3,18.0,E wallet,Female,3.0,4,Fashion,1,Married,3,0,19.0,1.0,8.0,8.0,201.54,22.3933,12.0,0.0,0.5714,0.1111,1
16.0,Mobile Phone,3,9.0,E wallet,Female,3.0,6,Others,2,Divorced,3,0,16.0,6.0,7.0,10.0,323.45,40.4312,18.0,0.0,0.5882,0.75,1
3.0,Mobile Phone,1,30.0,Debit Card,Male,3.0,2,Mobile Phone,3,Divorced,3,0,25.0,2.0,2.0,8.0,152.0,50.6667,6.0,0.0,2.0,0.6667,0
13.0,Mobile Phone,2,10.0,UPI,Female,3.0,3,Laptop & Accessory,4,Divorced,11,0,16.0,4.0,4.0,7.0,188.89,37.778,9.0,0.0,0.5,0.8,0
10.0,Computer,1,8.0,Debit Card,Male,3.0,4,Laptop & Accessory,1,Married,6,0,14.0,1.0,1.0,0.0,151.63,75.815,12.0,0.0,0.0,0.5,0
7.0,Mobile Phone,3,9.0,Debit Card,Female,2.0,5,Laptop & Accessory,1,Single,6,0,12.0,2.0,2.0,2.0,160.29,53.43,10.0,0.0,0.25,0.6667,0
3.0,Mobile Phone,2,15.0,UPI,Male,2.0,3,Laptop & Accessory,1,Married,1,1,19.0,4.0,4.0,7.0,163.47,32.694,6.0,5.0,1.75,0.8,0
1.0,Mobile Phone,2,20.0,UPI,Male,3.0,5,Mobile Phone,5,Married,6,1,16.0,3.0,3.0,1.0,148.35,37.0875,15.0,1.0,0.5,0.75,1
12.0,Computer,1,10.0,Credit Card,Female,2.0,3,Laptop & Accessory,3,Single,1,0,13.0,3.0,3.0,8.0,150.42,37.605,6.0,0.0,0.6154,0.75,0
1.0,Mobile Phone,1,31.0,Debit Card,Male,3.0,5,Mobile Phone,3,Single,7,1,15.0,1.0,2.0,4.0,145.28,48.4267,15.0,3.0,2.0,0.3333,1
1.0,Mobile Phone,1,7.0,Debit Card,Female,4.0,4,Laptop & Accessory,3,Divorced,2,0,13.0,2.0,2.0,3.0,173.98,57.9933,16.0,0.0,1.5,0.6667,0
5.0,Mobile Phone,1,14.0,Credit Card,Female,3.0,4,Laptop & Accessory,5,Married,3,0,13.0,4.0,4.0,13.0,168.06,33.612,12.0,0.0,2.1667,0.8,0
9.0,Mobile Phone,1,21.0,Debit Card,Male,3.0,3,Mobile Phone,1,Single,2,0,14.0,1.0,1.0,0.0,112.32,56.16,9.0,0.0,0.0,0.5,0
14.0,Computer,1,16.0,Debit Card,Male,3.0,4,Grocery,5,Married,5,0,13.0,1.0,7.0,7.0,271.81,33.9762,12.0,0.0,0.4667,0.125,0
0.0,Mobile Phone,3,19.0,Credit Card,Male,2.0,3,Laptop & Accessory,5,Married,3,0,17.0,0.0,1.0,2.0,142.33,71.165,6.0,0.0,2.0,0.0,1
7.0,Mobile Phone,1,8.0,Debit Card,Male,2.0,4,Laptop & Accessory,5,Married,7,0,13.0,0.0,5.0,9.0,159.57,26.595,8.0,0.0,1.125,0.0,0
13.0,Mobile Phone,1,31.0,Debit Card,Male,3.0,4,Laptop & Accessory,1,Single,9,0,14.0,2.0,2.0,8.0,166.08,55.36,12.0,0.0,0.5714,0.6667,0
12.0,Mobile Phone,1,32.0,Debit Card,Female,3.0,5,Fashion,4,Divorced,5,0,18.0,2.0,2.0,2.0,245.61,81.87,15.0,0.0,0.1538,0.6667,0
1.0,Mobile Phone,1,9.0,Debit Card,Male,3.0,5,Mobile Phone,1,Single,3,0,23.0,2.0,2.0,1.0,136.02,45.34,15.0,0.0,0.5,0.6667,1
10.0,Computer,3,14.0,E wallet,Female,3.0,2,Laptop & Accessory,5,Divorced,4,0,17.0,6.0,7.0,14.0,171.39,21.4237,6.0,0.0,1.2727,0.75,0
9.0,Mobile Phone,1,15.0,Debit Card,Male,3.0,3,Mobile Phone,5,Married,2,0,20.0,0.0,1.0,4.0,122.89,61.445,9.0,0.0,0.4,0.0,0
9.0,Mobile Phone,3,16.0,Credit Card,Female,3.0,4,Mobile Phone,3,Single,2,0,12.0,0.0,1.0,0.0,112.0,56.0,12.0,0.0,0.0,0.0,0
6.0,Mobile Phone,3,16.0,E wallet,Male,2.0,1,Fashion,3,Married,1,1,14.0,1.0,1.0,8.0,183.8,91.9,2.0,3.0,1.1429,0.5,0
1.0,Computer,3,7.0,Credit Card,Male,3.0,5,Laptop & Accessory,5,Single,3,0,13.0,2.0,2.0,8.0,167.94,55.98,15.0,0.0,4.0,0.6667,0
1.0,Mobile Phone,3,11.0,Credit Card,Male,3.0,3,Laptop & Accessory,1,Single,2,0,14.0,0.0,1.0,2.0,149.08,74.54,9.0,0.0,1.0,0.0,0
8.0,Mobile Phone,1,15.0,Debit Card,Female,3.0,4,Fashion,3,Divorced,2,1,20.0,2.0,5.0,15.0,206.85,34.475,12.0,3.0,1.6667,0.3333,0
9.0,Computer,3,8.0,E wallet,Female,3.0,3,Mobile Phone,3,Married,7,0,18.0,0.0,1.0,2.0,122.31,61.155,9.0,0.0,0.2,0.0,0
11.0,Mobile Phone,1,10.0,Credit Card,Female,2.0,3,Mobile Phone,3,Married,8,0,19.0,0.0,1.0,0.0,133.06,66.53,6.0,0.0,0.0,0.0,0
11.0,Computer,1,14.0,Debit Card,Male,2.0,1,Mobile Phone,3,Married,2,0,11.0,0.0,1.0,3.0,126.1,63.05,2.0,0.0,0.25,0.0,0
4.0,Mobile Phone,1,14.0,Debit Card,Male,3.0,4,Laptop & Accessory,3,Married,3,0,14.0,9.0,9.0,10.0,159.91,15.991,12.0,0.0,2.0,0.9,0
15.0,Mobile Phone,1,23.0,Debit Card,Female,2.0,1,Laptop & Accessory,5,Single,4,1,13.0,1.0,1.0,2.0,165.45,82.725,2.0,1.0,0.125,0.5,0
0.0,Computer,1,14.0,Debit Card,Female,2.0,1,Mobile Phone,3,Single,4,1,14.0,0.0,1.0,3.0,124.32,62.16,2.0,3.0,3.0,0.0,1
4.0,Mobile Phone,3,23.0,Debit Card,Male,4.0,4,Laptop & Accessory,3,Divorced,10,0,16.0,1.0,3.0,3.0,178.01,44.5025,16.0,0.0,0.6,0.25,0
6.0,Mobile Phone,1,10.0,Credit Card,Female,2.0,4,Mobile Phone,4,Married,9,0,11.0,1.0,1.0,2.0,138.38,69.19,8.0,0.0,0.2857,0.5,0
6.0,Mobile Phone,1,11.0,Debit Card,Female,3.0,4,Mobile Phone,2,Divorced,2,0,13.0,0.0,1.0,2.0,129.11,64.555,12.0,0.0,0.2857,0.0,0
4.0,Computer,1,30.0,Debit Card,Male,4.0,6,Mobile Phone,3,Married,3,0,26.0,1.0,2.0,10.0,151.13,50.3767,24.0,0.0,2.0,0.3333,0
8.0,Mobile Phone,1,26.0,Debit Card,Female,3.0,5,Mobile Phone,1,Married,3,0,13.0,4.0,9.0,8.0,154.29,15.429,15.0,0.0,0.8889,0.4,0
9.0,Mobile Phone,1,8.0,Debit Card,Female,3.0,1,Mobile Phone,1,Married,2,0,13.0,1.0,7.0,7.0,120.11,15.0138,3.0,0.0,0.7,0.125,0
7.0,Mobile Phone,3,14.0,Debit Card,Female,3.0,3,Laptop & Accessory,5,Married,6,0,17.0,1.0,1.0,2.0,165.0,82.5,9.0,0.0,0.25,0.5,0
0.0,Mobile Phone,1,6.0,Credit Card,Male,2.0,4,Mobile Phone,5,Married,2,0,16.0,1.0,1.0,3.0,139.55,69.775,8.0,0.0,3.0,0.5,0
23.0,Mobile Phone,1,13.0,Debit Card,Female,3.0,5,Grocery,3,Married,4,1,20.0,1.0,3.0,13.0,264.66,66.165,15.0,3.0,0.5417,0.25,0
10.0,Mobile Phone,1,6.0,Debit Card,Female,2.0,4,Laptop & Accessory,2,Divorced,2,0,13.0,3.0,3.0,11.0,164.74,41.185,8.0,0.0,1.0,0.75,0
7.0,Mobile Phone,3,16.0,E wallet,Female,3.0,6,Laptop & Accessory,3,Single,10,0,14.0,1.0,2.0,4.0,178.46,59.4867,18.0,0.0,0.5,0.3333,1
1.0,Mobile Phone,1,32.0,Debit Card,Female,3.0,2,Mobile Phone,1,Single,3,1,13.0,1.0,2.0,2.0,154.94,51.6467,6.0,5.0,1.0,0.3333,0
8.0,Mobile Phone,3,36.0,Cash on Delivery,Male,3.0,4,Fashion,4,Married,5,0,13.0,2.0,2.0,3.0,217.5,72.5,12.0,0.0,0.3333,0.6667,0
1.0,Computer,3,10.0,Credit Card,Female,4.0,4,Mobile Phone,1,Single,3,1,13.0,1.0,2.0,1.0,140.69,46.8967,16.0,5.0,0.5,0.3333,1
20.0,Computer,1,25.0,Credit Card,Female,3.0,4,Fashion,3,Married,7,0,12.0,1.0,2.0,3.0,230.27,76.7567,12.0,0.0,0.1429,0.3333,0
7.0,Mobile Phone,1,6.0,Debit Card,Male,2.0,3,Laptop & Accessory,1,Married,10,0,17.0,1.0,2.0,1.0,154.84,51.6133,6.0,0.0,0.125,0.3333,0
12.0,Mobile Phone,1,7.0,Debit Card,Female,3.0,4,Fashion,3,Single,6,1,15.0,1.0,2.0,1.0,203.61,67.87,12.0,3.0,0.0769,0.3333,0
9.0,Mobile Phone,1,16.0,Debit Card,Female,2.0,4,Mobile Phone,5,Single,2,0,13.0,1.0,1.0,0.0,114.16,57.08,8.0,0.0,0.0,0.5,1
11.0,Computer,1,14.0,Credit Card,Female,2.0,4,Mobile Phone,4,Single,2,0,22.0,1.0,3.0,3.0,124.4,31.1,8.0,0.0,0.25,0.25,0
1.0,Mobile Phone,3,20.0,Credit Card,Male,3.0,4,Mobile Phone,3,Married,3,0,12.0,2.0,2.0,7.0,145.96,48.6533,12.0,0.0,3.5,0.6667,0
4.0,Mobile Phone,1,14.0,Credit Card,Male,3.0,5,Mobile Phone,4,Married,3,0,13.0,2.0,2.0,2.0,146.41,48.8033,15.0,0.0,0.4,0.6667,0
1.0,Mobile Phone,1,7.0,Cash on Delivery,Male,4.0,5,Mobile Phone,5,Single,8,0,14.0,1.0,2.0,8.0,148.62,49.54,20.0,0.0,4.0,0.3333,1
5.0,Computer,3,12.0,E wallet,Female,3.0,4,Mobile Phone,4,Married,3,0,12.0,1.0,3.0,3.0,152.89,38.2225,12.0,0.0,0.5,0.25,0
3.0,Mobile Phone,1,26.0,UPI,Male,2.0,3,Laptop & Accessory,5,Divorced,1,0,15.0,1.0,1.0,2.0,199.57,99.785,6.0,0.0,0.5,0.5,0
7.0,Mobile Phone,3,7.0,Cash on Delivery,Male,3.0,4,Fashion,3,Married,2,1,14.0,7.0,8.0,6.0,170.83,18.9811,12.0,3.0,0.75,0.7778,0
15.0,Mobile Phone,1,8.0,Credit Card,Male,3.0,4,Mobile Phone,4,Married,5,0,14.0,1.0,1.0,0.0,148.41,74.205,12.0,0.0,0.0,0.5,0
1.0,Computer,1,8.0,Debit Card,Male,2.0,4,Mobile Phone,2,Divorced,2,1,12.0,2.0,2.0,2.0,138.67,46.2233,8.0,4.0,1.0,0.6667,0
6.0,Mobile Phone,3,16.0,E wallet,Male,2.0,3,Laptop & Accessory,3,Single,2,0,14.0,0.0,1.0,9.0,154.87,77.435,6.0,0.0,1.2857,0.0,0
11.0,Mobile Phone,3,16.0,Debit Card,Female,3.0,3,Laptop & Accessory,1,Married,2,0,11.0,0.0,1.0,9.0,153.43,76.715,9.0,0.0,0.75,0.0,0
0.0,Mobile Phone,1,7.0,Debit Card,Female,3.0,4,Mobile Phone,3,Married,2,1,13.0,0.0,1.0,0.0,129.33,64.665,12.0,3.0,0.0,0.0,0
2.0,Mobile Phone,3,10.0,Credit Card,Female,4.0,4,Mobile Phone,4,Married,3,0,20.0,2.0,2.0,1.0,153.56,51.1867,16.0,0.0,0.3333,0.6667,0
3.0,Computer,1,8.0,Cash on Delivery,Female,3.0,4,Mobile Phone,5,Single,1,0,16.0,0.0,1.0,7.0,149.68,74.84,12.0,0.0,1.75,0.0,0
20.0,Computer,1,7.0,Credit Card,Female,3.0,3,Fashion,4,Married,1,0,18.0,0.0,5.0,3.0,219.57,36.595,9.0,0.0,0.1429,0.0,0
4.0,Mobile Phone,1,8.0,Debit Card,Female,3.0,5,Mobile Phone,2,Married,5,1,13.0,0.0,1.0,0.0,127.78,63.89,15.0,4.0,0.0,0.0,1
0.0,Mobile Phone,3,16.0,E wallet,Female,3.0,3,Laptop & Accessory,3,Married,2,1,12.0,0.0,1.0,3.0,142.6,71.3,9.0,3.0,3.0,0.0,0
3.0,Mobile Phone,1,22.0,Debit Card,Female,4.0,6,Mobile Phone,1,Married,2,1,19.0,2.0,2.0,4.0,146.68,48.8933,24.0,5.0,1.0,0.6667,0
19.0,Mobile Phone,3,9.0,UPI,Male,4.0,4,Laptop & Accessory,4,Divorced,2,0,20.0,4.0,4.0,8.0,173.05,34.61,16.0,0.0,0.4,0.8,0
1.0,Mobile Phone,3,9.0,Credit Card,Female,3.0,4,Mobile Phone,3,Single,3,0,20.0,1.0,3.0,3.0,152.83,38.2075,12.0,0.0,1.5,0.25,0
2.0,Mobile Phone,1,6.0,Debit Card,Female,2.0,4,Grocery,2,Married,4,0,14.0,1.0,1.0,7.0,261.24,130.62,8.0,0.0,2.3333,0.5,0
29.0,Computer,1,15.0,Credit Card,Male,3.0,5,Grocery,4,Married,3,1,16.0,4.0,16.0,1.0,260.77,15.3394,15.0,2.0,0.0333,0.2353,0
28.0,Mobile Phone,1,28.0,Cash on Delivery,Male,3.0,4,Mobile Phone,4,Married,6,0,12.0,1.0,1.0,2.0,135.37,67.685,12.0,0.0,0.069,0.5,0
9.0,Mobile Phone,1,6.0,Debit Card,Female,3.0,5,Mobile Phone,4,Single,8,1,13.0,1.0,3.0,7.0,122.16,30.54,15.0,2.0,0.7,0.25,1
3.0,Mobile Phone,3,17.0,E wallet,Male,3.0,4,Mobile Phone,4,Married,3,0,15.0,3.0,3.0,3.0,147.97,36.9925,12.0,0.0,0.75,0.75,0
9.0,Mobile Phone,1,13.0,Debit Card,Male,4.0,4,Mobile Phone,3,Married,2,1,15.0,2.0,3.0,3.0,160.06,40.015,16.0,3.0,0.3,0.5,0
15.0,Mobile Phone,3,8.0,E wallet,Female,2.0,5,Others,2,Divorced,2,0,15.0,5.0,6.0,9.0,298.45,42.6357,10.0,0.0,0.5625,0.7143,1
10.0,Mobile Phone,1,10.0,Cash on Delivery,Male,2.0,4,Laptop & Accessory,4,Single,6,0,13.0,7.0,8.0,8.0,169.85,18.8722,8.0,0.0,0.7273,0.7778,0
5.0,Mobile Phone,3,13.0,E wallet,Male,3.0,3,Laptop & Accessory,2,Divorced,5,0,12.0,1.0,1.0,3.0,192.04,96.02,9.0,0.0,0.5,0.5,0
0.0,Computer,1,14.0,Credit Card,Male,2.0,3,Mobile Phone,1,Single,3,0,13.0,0.0,1.0,2.0,125.8,62.9,6.0,0.0,2.0,0.0,0
17.0,Mobile Phone,1,9.0,Cash on Delivery,Female,4.0,5,Fashion,1,Married,2,0,17.0,2.0,2.0,3.0,226.69,75.5633,20.0,0.0,0.1667,0.6667,1
20.0,Mobile Phone,1,14.0,Credit Card,Male,4.0,4,Fashion,3,Married,8,0,14.0,2.0,2.0,8.0,233.45,77.8167,16.0,0.0,0.381,0.6667,0
4.0,Mobile Phone,1,13.0,Debit Card,Male,2.0,3,Laptop & Accessory,1,Married,4,0,22.0,0.0,1.0,7.0,159.15,79.575,6.0,0.0,1.4,0.0,0
0.0,Computer,1,14.0,Credit Card,Female,2.0,4,Mobile Phone,3,Married,2,1,14.0,0.0,1.0,7.0,123.66,61.83,8.0,3.0,7.0,0.0,1
1.0,Mobile Phone,3,17.0,E wallet,Female,4.0,4,Laptop & Accessory,3,Married,3,1,13.0,1.0,2.0,4.0,167.6,55.8667,16.0,3.0,2.0,0.3333,0
27.0,Mobile Phone,1,25.0,Credit Card,Female,3.0,3,Laptop & Accessory,5,Married,10,1,11.0,0.0,1.0,4.0,154.85,77.425,9.0,1.0,0.1429,0.0,0
8.0,Computer,1,24.0,Debit Card,Male,2.0,3,Fashion,2,Single,3,0,11.0,0.0,2.0,2.0,193.62,64.54,6.0,0.0,0.2222,0.0,0
3.0,Mobile Phone,2,13.0,Credit Card,Male,3.0,5,Mobile Phone,4,Married,3,0,12.0,2.0,2.0,1.0,153.04,51.0133,15.0,0.0,0.25,0.6667,0
8.0,Computer,1,7.0,UPI,Male,4.0,4,Mobile Phone,5,Married,7,0,15.0,2.0,2.0,4.0,154.96,51.6533,16.0,0.0,0.4444,0.6667,0
2.0,Computer,1,8.0,Debit Card,Male,2.0,3,Laptop & Accessory,1,Married,2,0,19.0,1.0,1.0,3.0,188.53,94.265,6.0,0.0,1.0,0.5,0
2.0,Mobile Phone,1,23.0,Credit Card,Male,4.0,3,Laptop & Accessory,5,Single,2,0,20.0,1.0,2.0,8.0,181.61,60.5367,12.0,0.0,2.6667,0.3333,0
21.0,Mobile Phone,1,14.0,Credit Card,Female,3.0,5,Fashion,5,Divorced,9,1,15.0,5.0,6.0,3.0,225.08,32.1543,15.0,1.0,0.1364,0.7143,1
20.0,Mobile Phone,3,20.0,E wallet,Male,2.0,3,Laptop & Accessory,5,Single,3,0,12.0,1.0,1.0,7.0,149.6,74.8,6.0,0.0,0.3333,0.5,0
13.0,Computer,1,14.0,Credit Card,Male,2.0,4,Fashion,4,Married,3,0,11.0,4.0,2.0,8.0,237.57,79.19,8.0,0.0,0.5714,1.3333,0
11.0,Mobile Phone,3,20.0,Debit Card,Male,3.0,3,Laptop & Accessory,4,Married,1,0,11.0,5.0,7.0,7.0,199.24,24.905,9.0,0.0,0.5833,0.625,0
4.0,Mobile Phone,1,35.0,Credit Card,Female,4.0,4,Laptop & Accessory,2,Divorced,3,0,14.0,1.0,2.0,10.0,182.75,60.9167,16.0,0.0,2.0,0.3333,0
14.0,Mobile Phone,3,14.0,E wallet,Female,2.0,3,Laptop & Accessory,4,Married,6,0,21.0,1.0,1.0,4.0,143.93,71.965,6.0,0.0,0.2667,0.5,0
16.0,Mobile Phone,1,14.0,Credit Card,Female,4.0,2,Laptop & Accessory,4,Married,8,1,17.0,1.0,2.0,1.0,148.72,49.5733,8.0,2.0,0.0588,0.3333,0
0.0,Mobile Phone,3,22.0,Debit Card,Female,3.0,3,Fashion,5,Single,3,1,20.0,1.0,1.0,0.0,185.64,92.82,9.0,1.0,0.0,0.5,1
11.0,Mobile Phone,3,8.0,Debit Card,Female,2.0,3,Laptop & Accessory,5,Married,4,0,15.0,0.0,1.0,7.0,168.93,84.465,6.0,0.0,0.5833,0.0,0
24.0,Mobile Phone,3,15.0,E wallet,Male,3.0,4,Mobile Phone,4,Married,9,0,16.0,1.0,3.0,3.0,163.75,40.9375,12.0,0.0,0.12,0.25,0
2.0,Computer,3,8.0,Debit Card,Male,2.0,3,Laptop & Accessory,2,Single,2,0,18.0,0.0,1.0,9.0,145.54,72.77,6.0,0.0,3.0,0.0,0
11.0,Mobile Phone,3,8.0,E wallet,Male,2.0,3,Fashion,4,Single,8,0,16.0,1.0,1.0,0.0,173.51,86.755,6.0,0.0,0.0,0.5,0
3.0,Mobile Phone,3,14.0,Cash on Delivery,Male,3.0,3,Mobile Phone,4,Divorced,2,0,18.0,1.0,1.0,0.0,124.76,62.38,9.0,0.0,0.0,0.5,0
20.0,Computer,1,22.0,Credit Card,Male,3.0,1,Laptop & Accessory,3,Married,2,1,19.0,0.0,2.0,7.0,150.67,50.2233,3.0,3.0,0.3333,0.0,0
1.0,Mobile Phone,3,35.0,E wallet,Male,4.0,4,Laptop & Accessory,4,Married,3,0,21.0,1.0,2.0,5.0,187.72,62.5733,16.0,0.0,2.5,0.3333,0
9.0,Mobile Phone,1,6.0,Debit Card,Female,2.0,3,Mobile Phone,5,Divorced,3,0,22.0,1.0,1.0,0.0,120.66,60.33,6.0,0.0,0.0,0.5,0
7.0,Mobile Phone,3,15.0,Debit Card,Female,3.0,3,Laptop & Accessory,3,Married,2,0,20.0,0.0,1.0,3.0,157.14,78.57,9.0,0.0,0.375,0.0,0
14.0,Mobile Phone,3,21.0,Debit Card,Female,3.0,4,Laptop & Accessory,5,Married,3,0,16.0,1.0,2.0,3.0,171.39,57.13,12.0,0.0,0.2,0.3333,0
7.0,Mobile Phone,2,6.0,Credit Card,Male,3.0,4,Fashion,5,Divorced,10,0,14.0,2.0,3.0,6.0,204.82,51.205,12.0,0.0,0.75,0.5,1
7.0,Computer,1,14.0,Debit Card,Female,3.0,4,Mobile Phone,1,Single,2,0,16.0,1.0,1.0,3.0,125.53,62.765,12.0,0.0,0.375,0.5,0
9.0,Mobile Phone,1,12.0,Debit Card,Male,2.0,3,Mobile Phone,1,Married,1,0,11.0,1.0,10.0,11.0,132.1,12.0091,6.0,0.0,1.1,0.0909,0
8.0,Mobile Phone,1,11.0,Cash on Delivery,Male,3.0,3,Fashion,4,Single,1,0,13.0,1.0,1.0,13.0,180.95,90.475,9.0,0.0,1.4444,0.5,0
1.0,Mobile Phone,1,14.0,Credit Card,Female,3.0,3,Mobile Phone,3,Married,6,0,18.0,0.0,2.0,2.0,123.77,41.2567,9.0,0.0,1.0,0.0,0
9.0,Mobile Phone,3,27.0,UPI,Male,2.0,4,Mobile Phone,4,Single,2,1,13.0,0.0,1.0,0.0,121.21,60.605,8.0,2.0,0.0,0.0,1
19.0,Mobile Phone,1,13.0,Credit Card,Male,3.0,3,Fashion,3,Married,7,0,13.0,0.0,1.0,7.0,208.45,104.225,9.0,0.0,0.35,0.0,0
25.0,Computer,1,13.0,Credit Card,Female,3.0,5,Mobile Phone,3,Single,2,0,15.0,8.0,8.0,8.0,153.38,17.0422,15.0,0.0,0.3077,0.8889,0
22.0,Mobile Phone,1,9.0,Cash on Delivery,Male,4.0,2,Mobile Phone,4,Single,7,0,12.0,1.0,2.0,1.0,150.59,50.1967,8.0,0.0,0.0435,0.3333,0
1.0,Mobile Phone,1,23.0,Credit Card,Male,3.0,3,Laptop & Accessory,5,Married,2,0,12.0,0.0,1.0,8.0,145.58,72.79,9.0,0.0,4.0,0.0,0
5.0,Mobile Phone,1,14.0,Debit Card,Male,3.0,4,Laptop & Accessory,1,Married,5,0,23.0,1.0,2.0,8.0,184.15,61.3833,12.0,0.0,1.3333,0.3333,0
6.0,Computer,1,7.0,Debit Card,Female,4.0,5,Mobile Phone,4,Married,8,0,21.0,1.0,2.0,3.0,148.32,49.44,20.0,0.0,0.4286,0.3333,0
3.0,Mobile Phone,1,22.0,Debit Card,Female,4.0,6,Mobile Phone,2,Divorced,2,1,19.0,2.0,2.0,4.0,146.68,48.8933,24.0,4.0,1.0,0.6667,0
13.0,Computer,1,14.0,Credit Card,Male,3.0,5,Others,1,Married,3,0,15.0,7.0,14.0,4.0,317.72,21.1813,15.0,0.0,0.2857,0.4667,0
7.0,Mobile Phone,3,10.0,Debit Card,Male,3.0,3,Fashion,1,Married,3,1,13.0,0.0,1.0,0.0,197.13,98.565,9.0,5.0,0.0,0.0,0
19.0,Mobile Phone,2,6.0,Debit Card,Female,2.0,3,Mobile Phone,5,Single,7,0,12.0,3.0,5.0,7.0,134.23,22.3717,6.0,0.0,0.35,0.5,0
6.0,Mobile Phone,1,36.0,Debit Card,Female,3.0,5,Mobile Phone,4,Single,3,0,14.0,4.0,5.0,2.0,153.37,25.5617,15.0,0.0,0.2857,0.6667,0
6.0,Computer,3,9.0,Debit Card,Female,4.0,4,Mobile Phone,5,Married,3,0,13.0,1.0,2.0,1.0,153.27,51.09,16.0,0.0,0.1429,0.3333,0
4.0,Computer,1,6.0,Credit Card,Male,2.0,5,Laptop & Accessory,3,Divorced,1,0,12.0,1.0,1.0,4.0,143.45,71.725,10.0,0.0,0.8,0.5,0
14.0,Computer,3,35.0,UPI,Male,3.0,6,Fashion,5,Married,5,0,16.0,2.0,2.0,2.0,234.32,78.1067,18.0,0.0,0.1333,0.6667,0
9.0,Mobile Phone,1,9.0,Debit Card,Male,2.0,3,Mobile Phone,3,Single,2,0,13.0,0.0,1.0,0.0,114.2,57.1,6.0,0.0,0.0,0.0,1
19.0,Mobile Phone,1,24.0,Credit Card,Female,2.0,3,Laptop & Accessory,3,Married,3,0,14.0,1.0,1.0,8.0,148.1,74.05,6.0,0.0,0.4,0.5,0
0.0,Computer,1,9.0,Debit Card,Male,3.0,4,Mobile Phone,2,Divorced,1,1,11.0,0.0,1.0,0.0,128.53,64.265,12.0,4.0,0.0,0.0,1
8.0,Mobile Phone,1,9.0,Debit Card,Male,3.0,5,Laptop & Accessory,5,Married,8,0,14.0,1.0,6.0,10.0,184.57,26.3671,15.0,0.0,1.1111,0.1429,0
1.0,Mobile Phone,2,32.0,Debit Card,Female,4.0,4,Mobile Phone,3,Married,3,0,24.0,3.0,6.0,8.0,154.42,22.06,16.0,0.0,4.0,0.4286,0
9.0,Mobile Phone,1,8.0,Credit Card,Female,3.0,3,Mobile Phone,3,Married,3,0,14.0,0.0,1.0,2.0,120.01,60.005,9.0,0.0,0.2,0.0,0
0.0,Mobile Phone,3,32.0,Credit Card,Female,2.0,3,Laptop & Accessory,2,Single,2,0,23.0,0.0,1.0,4.0,161.8,80.9,6.0,0.0,4.0,0.0,0
7.0,Computer,1,13.0,Debit Card,Male,2.0,4,Laptop & Accessory,2,Married,5,0,24.0,5.0,5.0,8.0,202.25,33.7083,8.0,0.0,1.0,0.8333,0
13.0,Mobile Phone,1,7.0,Credit Card,Female,4.0,4,Mobile Phone,3,Married,9,0,15.0,1.0,2.0,3.0,147.32,49.1067,16.0,0.0,0.2143,0.3333,0
5.0,Computer,1,25.0,Credit Card,Male,3.0,1,Mobile Phone,3,Married,7,1,12.0,0.0,2.0,2.0,127.59,42.53,3.0,3.0,0.3333,0.0,1
3.0,Mobile Phone,3,16.0,E wallet,Male,3.0,4,Laptop & Accessory,3,Married,2,0,18.0,0.0,1.0,4.0,165.78,82.89,12.0,0.0,1.0,0.0,0
0.0,Mobile Phone,3,7.0,Debit Card,Male,3.0,4,Laptop & Accessory,5,Married,2,0,11.0,1.0,6.0,7.0,197.14,28.1629,12.0,0.0,7.0,0.1429,1
16.0,Computer,1,12.0,UPI,Male,4.0,4,Mobile Phone,3,Married,6,0,18.0,1.0,3.0,1.0,145.93,36.4825,16.0,0.0,0.0588,0.25,0
20.0,Mobile Phone,3,10.0,E wallet,Male,3.0,4,Grocery,3,Divorced,5,0,15.0,2.0,5.0,10.0,299.65,49.9417,12.0,0.0,0.4762,0.3333,0
28.0,Mobile Phone,3,32.0,E wallet,Male,2.0,4,Others,1,Married,2,0,15.0,2.0,2.0,13.0,295.86,98.62,8.0,0.0,0.4483,0.6667,0
12.0,Mobile Phone,1,16.0,Debit Card,Female,4.0,4,Mobile Phone,1,Single,3,0,13.0,2.0,3.0,2.0,147.88,36.97,16.0,0.0,0.1538,0.5,0
24.0,Computer,1,7.0,Debit Card,Female,4.0,4,Others,4,Married,5,1,15.0,1.0,2.0,8.0,306.72,102.24,16.0,2.0,0.32,0.3333,0
9.0,Computer,3,18.0,Debit Card,Male,3.0,4,Mobile Phone,5,Divorced,2,0,18.0,1.0,1.0,0.0,120.33,60.165,12.0,0.0,0.0,0.5,1
28.0,Mobile Phone,1,8.0,Credit Card,Male,2.0,4,Others,5,Married,9,0,12.0,1.0,1.0,0.0,290.38,145.19,8.0,0.0,0.0,0.5,0
9.0,Mobile Phone,1,10.0,Cash on Delivery,Female,3.0,4,Mobile Phone,5,Married,2,0,13.0,0.0,1.0,0.0,121.09,60.545,12.0,0.0,0.0,0.0,0
13.0,Mobile Phone,1,10.0,Credit Card,Female,2.0,3,Others,3,Married,2,0,14.0,1.0,9.0,9.0,290.33,29.033,6.0,0.0,0.6429,0.1,0
4.0,Computer,1,10.0,Credit Card,Female,4.0,4,Mobile Phone,3,Married,3,0,21.0,2.0,2.0,1.0,145.83,48.61,16.0,0.0,0.2,0.6667,0
9.0,Computer,1,9.0,Credit Card,Male,3.0,4,Laptop & Accessory,1,Married,4,0,15.0,1.0,2.0,8.0,182.62,60.8733,12.0,0.0,0.8,0.3333,0
6.0,Mobile Phone,1,12.0,Debit Card,Male,4.0,2,Mobile Phone,4,Married,2,1,13.0,2.0,2.0,6.0,157.98,52.66,8.0,2.0,0.8571,0.6667,0
14.0,Computer,2,10.0,UPI,Male,2.0,5,Laptop & Accessory,4,Married,7,0,19.0,0.0,1.0,2.0,164.3,82.15,10.0,0.0,0.1333,0.0,0
14.0,Computer,1,23.0,Credit Card,Male,3.0,5,Laptop & Accessory,3,Single,8,0,15.0,1.0,2.0,1.0,175.94,58.6467,15.0,0.0,0.0667,0.3333,0
0.0,Mobile Phone,1,14.0,Debit Card,Female,3.0,3,Mobile Phone,1,Married,2,1,11.0,1.0,1.0,0.0,125.15,62.575,9.0,5.0,0.0,0.5,1
18.0,Mobile Phone,1,7.0,Cash on Delivery,Male,3.0,3,Fashion,4,Married,2,0,12.0,3.0,7.0,7.0,174.41,21.8012,9.0,0.0,0.3684,0.375,0
11.0,Mobile Phone,1,31.0,Debit Card,Female,2.0,4,Fashion,4,Married,4,0,17.0,0.0,1.0,3.0,220.61,110.305,8.0,0.0,0.25,0.0,0
1.0,Mobile Phone,3,11.0,Debit Card,Female,4.0,5,Laptop & Accessory,1,Single,3,1,12.0,1.0,2.0,4.0,169.87,56.6233,20.0,5.0,2.0,0.3333,0
8.0,Computer,1,22.0,Credit Card,Male,4.0,4,Grocery,5,Married,9,0,15.0,3.0,7.0,10.0,295.07,36.8838,16.0,0.0,1.1111,0.375,0
12.0,Mobile Phone,3,7.0,Debit Card,Male,3.0,5,Mobile Phone,5,Single,6,0,15.0,1.0,2.0,1.0,153.58,51.1933,15.0,0.0,0.0769,0.3333,0
11.0,Computer,1,16.0,Credit Card,Male,3.0,4,Mobile Phone,2,Divorced,3,1,13.0,1.0,2.0,3.0,148.26,49.42,12.0,4.0,0.25,0.3333,0
30.0,Mobile Phone,1,24.0,Credit Card,Male,3.0,3,Fashion,2,Single,7,0,12.0,1.0,5.0,4.0,205.12,34.1867,9.0,0.0,0.129,0.1667,0
9.0,Mobile Phone,1,8.0,Cash on Delivery,Male,2.0,3,Mobile Phone,4,Married,2,0,11.0,0.0,1.0,2.0,122.26,61.13,6.0,0.0,0.2,0.0,0
12.0,Computer,1,34.0,Debit Card,Male,3.0,4,Laptop & Accessory,5,Single,4,0,20.0,0.0,1.0,3.0,142.84,71.42,12.0,0.0,0.2308,0.0,1
13.0,Computer,1,9.0,Cash on Delivery,Female,4.0,4,Fashion,3,Single,2,0,26.0,11.0,2.0,9.0,234.38,78.1267,16.0,0.0,0.6429,3.6667,0
11.0,Mobile Phone,3,16.0,E wallet,Male,3.0,4,Fashion,3,Married,1,1,14.0,1.0,2.0,7.0,187.4,62.4667,12.0,3.0,0.5833,0.3333,0
13.0,Mobile Phone,1,9.0,Cash on Delivery,Female,4.0,5,Laptop & Accessory,3,Single,3,0,12.0,2.0,12.0,11.0,170.53,13.1177,20.0,0.0,0.7857,0.1538,0
18.0,Mobile Phone,1,11.0,Debit Card,Male,4.0,2,Others,5,Married,3,0,15.0,2.0,15.0,14.0,316.9,19.8062,8.0,0.0,0.7368,0.125,0
7.0,Mobile Phone,1,12.0,Debit Card,Female,4.0,5,Mobile Phone,2,Divorced,3,0,14.0,1.0,2.0,3.0,154.11,51.37,20.0,0.0,0.375,0.3333,0
26.0,Mobile Phone,1,15.0,UPI,Female,3.0,4,Mobile Phone,5,Divorced,11,0,14.0,2.0,2.0,5.0,154.5,51.5,12.0,0.0,0.1852,0.6667,0
1.0,Computer,1,32.0,Debit Card,Female,4.0,4,Mobile Phone,4,Married,3,1,20.0,1.0,8.0,9.0,145.22,16.1356,16.0,2.0,4.5,0.1111,1
4.0,Mobile Phone,1,14.0,Debit Card,Male,3.0,4,Laptop & Accessory,3,Married,3,0,14.0,5.0,9.0,10.0,159.91,15.991,12.0,0.0,2.0,0.5,0
18.0,Mobile Phone,1,11.0,Credit Card,Male,3.0,4,Laptop & Accessory,4,Single,11,0,13.0,2.0,3.0,4.0,184.33,46.0825,12.0,0.0,0.2105,0.5,0
1.0,Mobile Phone,3,12.0,Credit Card,Male,3.0,4,Mobile Phone,5,Single,3,1,12.0,2.0,2.0,3.0,148.8,49.6,12.0,1.0,1.5,0.6667,0
12.0,Mobile Phone,3,16.0,E wallet,Male,4.0,5,Mobile Phone,4,Divorced,2,0,20.0,1.0,2.0,3.0,153.99,51.33,20.0,0.0,0.2308,0.3333,0
1.0,Mobile Phone,1,7.0,Credit Card,Female,3.0,4,Mobile Phone,4,Single,3,0,19.0,2.0,3.0,2.0,145.96,36.49,12.0,0.0,1.0,0.5,0
30.0,Computer,1,6.0,Debit Card,Male,2.0,5,Laptop & Accessory,3,Married,3,1,13.0,1.0,1.0,2.0,156.6,78.3,10.0,3.0,0.0645,0.5,0
0.0,Computer,1,6.0,Cash on Delivery,Male,2.0,4,Laptop & Accessory,5,Divorced,6,0,19.0,0.0,2.0,0.0,142.98,47.66,8.0,0.0,0.0,0.0,0
19.0,Mobile Phone,1,14.0,Credit Card,Female,3.0,4,Mobile Phone,3,Divorced,6,1,20.0,2.0,2.0,3.0,169.77,56.59,12.0,3.0,0.15,0.6667,0
1.0,Computer,1,7.0,Credit Card,Female,4.0,5,Mobile Phone,3,Married,3,0,14.0,2.0,2.0,4.0,145.07,48.3567,20.0,0.0,2.0,0.6667,0
31.0,Mobile Phone,1,31.0,Debit Card,Male,3.0,3,Fashion,2,Married,5,1,17.0,2.0,2.0,3.0,219.39,73.13,9.0,4.0,0.0938,0.6667,0
27.0,Mobile Phone,3,15.0,E wallet,Male,4.0,4,Grocery,2,Divorced,7,0,15.0,1.0,2.0,3.0,243.36,81.12,16.0,0.0,0.1071,0.3333,0
3.0,Mobile Phone,3,35.0,Debit Card,Male,3.0,3,Laptop & Accessory,5,Married,9,0,19.0,1.0,1.0,3.0,141.15,70.575,9.0,0.0,0.75,0.5,0
23.0,Mobile Phone,1,7.0,Debit Card,Male,3.0,4,Grocery,3,Single,6,0,15.0,1.0,2.0,1.0,278.79,92.93,12.0,0.0,0.0417,0.3333,0
3.0,Computer,3,7.0,Credit Card,Female,3.0,4,Fashion,1,Married,3,0,15.0,5.0,5.0,2.0,204.18,34.03,12.0,0.0,0.5,0.8333,0
5.0,Mobile Phone,3,9.0,Debit Card,Male,4.0,4,Laptop & Accessory,2,Single,6,1,14.0,2.0,2.0,6.0,190.82,63.6067,16.0,4.0,1.0,0.6667,0
15.0,Mobile Phone,1,10.0,Cash on Delivery,Male,2.0,3,Others,1,Married,2,0,15.0,0.0,11.0,15.0,292.32,24.36,6.0,0.0,0.9375,0.0,0
9.0,Mobile Phone,1,21.0,Debit Card,Male,2.0,3,Mobile Phone,3,Married,2,0,16.0,0.0,2.0,2.0,122.07,40.69,6.0,0.0,0.2,0.0,0
1.0,Mobile Phone,3,28.0,UPI,Male,3.0,5,Mobile Phone,4,Single,3,1,14.0,2.0,2.0,1.0,146.21,48.7367,15.0,2.0,0.5,0.6667,1
8.0,Computer,3,14.0,E wallet,Female,3.0,4,Fashion,1,Married,5,1,11.0,3.0,4.0,12.0,203.77,40.754,12.0,5.0,1.3333,0.6,0
16.0,Computer,1,15.0,Debit Card,Male,4.0,4,Others,2,Married,3,0,15.0,1.0,15.0,10.0,309.3,19.3312,16.0,0.0,0.5882,0.0625,0
28.0,Mobile Phone,1,7.0,Credit Card,Male,2.0,1,Grocery,1,Married,3,0,13.0,0.0,2.0,0.0,247.32,82.44,2.0,0.0,0.0,0.0,0
19.0,Mobile Phone,1,16.0,Debit Card,Male,3.0,4,Laptop & Accessory,4,Married,10,0,19.0,2.0,2.0,16.0,148.48,49.4933,12.0,0.0,0.8,0.6667,0
16.0,Mobile Phone,1,12.0,Credit Card,Female,2.0,4,Others,3,Married,8,0,15.0,3.0,6.0,14.0,293.92,41.9886,8.0,0.0,0.8235,0.4286,0
9.0,Mobile Phone,2,12.0,UPI,Male,3.0,3,Mobile Phone,5,Married,5,1,22.0,0.0,1.0,2.0,120.73,60.365,9.0,1.0,0.2,0.0,1
1.0,Mobile Phone,1,13.0,Debit Card,Female,4.0,4,Mobile Phone,1,Married,3,1,14.0,1.0,2.0,3.0,81.0,27.0,16.0,5.0,1.5,0.3333,0
0.0,Mobile Phone,1,14.0,Cash on Delivery,Male,3.0,4,Mobile Phone,5,Single,7,0,13.0,0.0,1.0,7.0,123.62,61.81,12.0,0.0,7.0,0.0,1
0.0,Computer,1,9.0,Debit Card,Female,2.0,3,Mobile Phone,3,Single,2,0,12.0,6.0,7.0,7.0,140.84,17.605,6.0,0.0,7.0,0.75,1
9.0,Mobile Phone,1,34.0,Debit Card,Male,3.0,4,Laptop & Accessory,3,Married,4,0,17.0,2.0,2.0,8.0,193.83,64.61,12.0,0.0,0.8,0.6667,0
9.0,Mobile Phone,3,8.0,Credit Card,Female,2.0,4,Mobile Phone,3,Single,2,0,13.0,0.0,1.0,2.0,120.44,60.22,8.0,0.0,0.2,0.0,1
3.0,Mobile Phone,1,8.0,Debit Card,Male,3.0,4,Laptop & Accessory,5,Married,2,0,13.0,1.0,2.0,3.0,178.73,59.5767,12.0,0.0,0.75,0.3333,0
8.0,Computer,3,6.0,E wallet,Female,3.0,3,Fashion,3,Single,2,0,14.0,1.0,1.0,8.0,187.89,93.945,9.0,0.0,0.8889,0.5,0
23.0,Mobile Phone,1,32.0,Debit Card,Female,3.0,4,Mobile Phone,5,Married,3,0,15.0,2.0,2.0,5.0,157.11,52.37,12.0,0.0,0.2083,0.6667,0
3.0,Computer,1,15.0,Credit Card,Female,3.0,3,Laptop & Accessory,3,Single,8,1,18.0,1.0,1.0,7.0,146.95,73.475,9.0,3.0,1.75,0.5,0
9.0,Mobile Phone,3,23.0,E wallet,Male,2.0,4,Laptop & Accessory,4,Married,3,0,16.0,1.0,1.0,3.0,155.07,77.535,8.0,0.0,0.3,0.5,0
13.0,Mobile Phone,3,6.0,Credit Card,Male,2.0,5,Laptop & Accessory,2,Divorced,3,1,22.0,1.0,1.0,2.0,174.57,87.285,10.0,4.0,0.1429,0.5,0
24.0,Computer,1,12.0,Credit Card,Female,3.0,4,Mobile Phone,3,Single,1,0,14.0,3.0,7.0,7.0,128.38,16.0475,12.0,0.0,0.28,0.375,0
20.0,Mobile Phone,1,29.0,Credit Card,Female,3.0,3,Fashion,2,Divorced,2,0,12.0,11.0,15.0,6.0,203.12,12.695,9.0,0.0,0.2857,0.6875,1
13.0,Mobile Phone,1,17.0,Credit Card,Male,4.0,4,Fashion,3,Single,9,0,22.0,3.0,2.0,3.0,259.64,86.5467,16.0,0.0,0.2143,1.0,0
9.0,Mobile Phone,3,16.0,Debit Card,Female,2.0,3,Mobile Phone,3,Divorced,2,1,19.0,0.0,1.0,0.0,122.2,61.1,6.0,3.0,0.0,0.0,0
1.0,Mobile Phone,1,17.0,Credit Card,Male,3.0,6,Mobile Phone,1,Married,9,0,14.0,1.0,2.0,4.0,159.08,53.0267,18.0,0.0,2.0,0.3333,1
28.0,Mobile Phone,1,6.0,Credit Card,Male,2.0,3,Others,5,Single,1,1,14.0,1.0,4.0,13.0,290.45,58.09,6.0,1.0,0.4483,0.2,0
16.0,Mobile Phone,1,20.0,Debit Card,Male,3.0,3,Grocery,5,Married,7,0,24.0,1.0,1.0,0.0,271.59,135.795,9.0,0.0,0.0,0.5,0
9.0,Mobile Phone,1,9.0,Credit Card,Female,3.0,3,Mobile Phone,4,Single,2,0,14.0,1.0,1.0,0.0,114.83,57.415,9.0,0.0,0.0,0.5,0
1.0,Computer,1,15.0,Debit Card,Male,3.0,6,Mobile Phone,3,Married,3,0,20.0,2.0,2.0,3.0,171.21,57.07,18.0,0.0,1.5,0.6667,0
0.0,Computer,1,15.0,Debit Card,Male,3.0,4,Mobile Phone,4,Married,2,0,11.0,1.0,1.0,0.0,126.94,63.47,12.0,0.0,0.0,0.5,0
10.0,Computer,1,16.0,Debit Card,Male,4.0,2,Mobile Phone,4,Married,3,0,23.0,2.0,2.0,3.0,153.1,51.0333,8.0,0.0,0.2727,0.6667,0
9.0,Mobile Phone,3,15.0,Credit Card,Male,3.0,4,Fashion,1,Single,2,0,16.0,3.0,4.0,7.0,196.19,39.238,12.0,0.0,0.7,0.6,1
8.0,Mobile Phone,1,34.0,Credit Card,Female,4.0,4,Mobile Phone,4,Single,4,0,16.0,2.0,2.0,3.0,148.11,49.37,16.0,0.0,0.3333,0.6667,0
9.0,Mobile Phone,1,6.0,Cash on Delivery,Female,3.0,4,Mobile Phone,4,Single,2,1,11.0,1.0,2.0,2.0,120.7,40.2333,12.0,2.0,0.2,0.3333,0
22.0,Computer,1,14.0,Debit Card,Male,3.0,4,Laptop & Accessory,4,Married,2,0,23.0,0.0,1.0,7.0,151.3,75.65,12.0,0.0,0.3043,0.0,0
10.0,Mobile Phone,3,10.0,Credit Card,Female,4.0,5,Fashion,1,Married,2,0,20.0,1.0,4.0,5.0,201.44,40.288,20.0,0.0,0.4545,0.2,0
19.0,Mobile Phone,1,17.0,Debit Card,Male,4.0,4,Mobile Phone,1,Married,5,0,22.0,1.0,2.0,3.0,151.54,50.5133,16.0,0.0,0.15,0.3333,0
9.0,Mobile Phone,1,15.0,Credit Card,Male,2.0,4,Laptop & Accessory,4,Married,3,1,11.0,1.0,1.0,2.0,188.47,94.235,8.0,2.0,0.2,0.5,0
14.0,Mobile Phone,3,9.0,Debit Card,Female,4.0,4,Others,3,Divorced,2,0,15.0,1.0,2.0,13.0,305.41,101.8033,16.0,0.0,0.8667,0.3333,0
12.0,Mobile Phone,1,25.0,UPI,Male,2.0,3,Laptop & Accessory,1,Married,9,0,14.0,1.0,2.0,2.0,139.02,46.34,6.0,0.0,0.1538,0.3333,0
0.0,Computer,1,14.0,Debit Card,Female,2.0,4,Mobile Phone,3,Single,2,0,20.0,1.0,2.0,2.0,126.25,42.0833,8.0,0.0,2.0,0.3333,1
27.0,Mobile Phone,3,7.0,Credit Card,Female,3.0,4,Laptop & Accessory,5,Single,9,0,21.0,7.0,9.0,11.0,208.81,20.881,12.0,0.0,0.3929,0.7,0
21.0,Mobile Phone,1,10.0,Debit Card,Male,2.0,3,Fashion,1,Single,2,0,11.0,1.0,1.0,8.0,178.98,89.49,6.0,0.0,0.3636,0.5,0
1.0,Mobile Phone,1,9.0,Credit Card,Male,3.0,4,Mobile Phone,4,Married,11,0,13.0,2.0,3.0,3.0,159.68,39.92,12.0,0.0,1.5,0.5,0
14.0,Mobile Phone,1,9.0,Debit Card,Female,3.0,4,Mobile Phone,5,Married,6,0,18.0,2.0,2.0,3.0,158.77,52.9233,12.0,0.0,0.2,0.6667,0
0.0,Mobile Phone,1,16.0,Credit Card,Male,2.0,3,Laptop & Accessory,5,Single,2,0,15.0,0.0,1.0,8.0,142.13,71.065,6.0,0.0,8.0,0.0,1
1.0,Mobile Phone,1,7.0,Debit Card,Female,3.0,5,Mobile Phone,5,Divorced,3,1,12.0,1.0,2.0,1.0,148.19,49.3967,15.0,1.0,0.5,0.3333,1
10.0,Mobile Phone,1,10.0,Debit Card,Male,4.0,2,Laptop & Accessory,5,Married,8,0,21.0,1.0,2.0,5.0,193.42,64.4733,8.0,0.0,0.4545,0.3333,0
9.0,Computer,1,24.0,Credit Card,Female,3.0,3,Mobile Phone,2,Single,2,0,13.0,1.0,1.0,7.0,121.53,60.765,9.0,0.0,0.7,0.5,0
5.0,Mobile Phone,3,14.0,E wallet,Male,4.0,4,Laptop & Accessory,1,Married,6,0,13.0,1.0,2.0,8.0,200.47,66.8233,16.0,0.0,1.3333,0.3333,0
4.0,Mobile Phone,3,14.0,Debit Card,Male,2.0,3,Fashion,2,Married,2,0,18.0,2.0,9.0,9.0,207.93,20.793,6.0,0.0,1.8,0.2,0
4.0,Computer,3,11.0,E wallet,Female,3.0,3,Mobile Phone,4,Married,2,0,11.0,0.0,2.0,2.0,127.89,42.63,9.0,0.0,0.4,0.0,0
1.0,Computer,1,36.0,Credit Card,Male,4.0,5,Mobile Phone,4,Single,2,0,12.0,1.0,2.0,5.0,159.79,53.2633,20.0,0.0,2.5,0.3333,1
12.0,Mobile Phone,1,7.0,Debit Card,Female,3.0,3,Laptop & Accessory,2,Single,2,0,14.0,2.0,2.0,9.0,201.25,67.0833,9.0,0.0,0.6923,0.6667,0
18.0,Computer,1,7.0,Debit Card,Male,3.0,4,Fashion,3,Married,4,0,23.0,4.0,14.0,4.0,207.48,13.832,12.0,0.0,0.2105,0.2667,0
19.0,Mobile Phone,3,9.0,E wallet,Male,2.0,3,Grocery,3,Married,4,0,12.0,1.0,4.0,9.0,274.65,54.93,6.0,0.0,0.45,0.2,0
28.0,Mobile Phone,1,14.0,Credit Card,Female,4.0,4,Laptop & Accessory,1,Married,6,0,16.0,2.0,2.0,8.0,193.54,64.5133,16.0,0.0,0.2759,0.6667,0
29.0,Mobile Phone,1,21.0,Credit Card,Male,4.0,3,Others,4,Single,10,0,15.0,1.0,3.0,16.0,312.22,78.055,12.0,0.0,0.5333,0.25,0
8.0,Mobile Phone,1,29.0,Credit Card,Male,3.0,5,Mobile Phone,3,Married,1,0,16.0,0.0,1.0,3.0,127.05,63.525,15.0,0.0,0.3333,0.0,0
0.0,Mobile Phone,3,15.0,E wallet,Female,3.0,3,Laptop & Accessory,5,Single,1,1,17.0,0.0,1.0,3.0,182.24,91.12,9.0,1.0,3.0,0.0,1
3.0,Mobile Phone,1,22.0,Debit Card,Male,3.0,3,Mobile Phone,1,Married,2,0,12.0,0.0,1.0,8.0,128.62,64.31,9.0,0.0,2.0,0.0,0
28.0,Mobile Phone,3,6.0,Debit Card,Male,3.0,3,Fashion,1,Married,4,0,14.0,0.0,1.0,0.0,202.39,101.195,9.0,0.0,0.0,0.0,0
24.0,Mobile Phone,1,11.0,Debit Card,Male,4.0,4,Others,4,Married,5,0,15.0,1.0,2.0,7.0,316.44,105.48,16.0,0.0,0.28,0.3333,0
21.0,Mobile Phone,3,35.0,Credit Card,Female,3.0,3,Fashion,3,Married,4,0,21.0,0.0,1.0,3.0,225.04,112.52,9.0,0.0,0.1364,0.0,0
13.0,Computer,3,11.0,Debit Card,Male,2.0,4,Fashion,5,Divorced,6,1,21.0,0.0,1.0,12.0,204.75,102.375,8.0,1.0,0.8571,0.0,0
6.0,Mobile Phone,1,13.0,Credit Card,Male,2.0,3,Fashion,3,Married,1,0,11.0,1.0,3.0,3.0,216.91000000000005,54.2275,6.0,0.0,0.4286,0.25,0
23.0,Mobile Phone,3,6.0,Credit Card,Female,3.0,3,Others,1,Married,4,0,15.0,1.0,1.0,6.0,295.17,147.585,9.0,0.0,0.25,0.5,0
2.0,Mobile Phone,1,29.0,Debit Card,Male,3.0,1,Mobile Phone,3,Married,2,0,24.0,1.0,1.0,7.0,127.0,63.5,3.0,0.0,2.3333,0.5,0
1.0,Mobile Phone,1,17.0,Credit Card,Male,3.0,4,Mobile Phone,3,Single,3,1,12.0,2.0,2.0,2.0,135.09,45.03,12.0,3.0,1.0,0.6667,1
17.0,Computer,1,16.0,Debit Card,Male,3.0,4,Mobile Phone,3,Single,6,0,14.0,1.0,2.0,3.0,149.38,49.7933,12.0,0.0,0.1667,0.3333,0
18.0,Mobile Phone,1,26.0,Credit Card,Male,3.0,5,Fashion,5,Married,3,1,18.0,1.0,1.0,7.0,208.51,104.255,15.0,1.0,0.3684,0.5,0
0.0,Mobile Phone,1,10.0,Cash on Delivery,Male,2.0,3,Mobile Phone,2,Divorced,2,1,15.0,5.0,5.0,6.0,136.91,22.8183,6.0,4.0,6.0,0.8333,1
9.0,Mobile Phone,1,9.0,Credit Card,Male,2.0,4,Mobile Phone,2,Single,1,0,13.0,0.0,1.0,1.0,120.45,60.225,8.0,0.0,0.1,0.0,0
22.0,Mobile Phone,1,12.0,Debit Card,Female,2.0,4,Grocery,3,Married,3,1,19.0,1.0,2.0,12.0,239.66000000000005,79.8867,8.0,3.0,0.5217,0.3333,0
17.0,Computer,3,6.0,E wallet,Female,3.0,3,Laptop & Accessory,3,Divorced,8,0,12.0,1.0,1.0,0.0,147.68,73.84,9.0,0.0,0.0,0.5,0
11.0,Mobile Phone,1,17.0,Credit Card,Female,4.0,4,Mobile Phone,4,Married,3,0,12.0,2.0,8.0,8.0,164.36,18.2622,16.0,0.0,0.6667,0.2222,0
1.0,Computer,3,7.0,Debit Card,Female,3.0,4,Mobile Phone,4,Single,3,1,12.0,2.0,3.0,3.0,148.02,37.005,12.0,2.0,1.5,0.5,1
20.0,Mobile Phone,1,31.0,Debit Card,Male,4.0,4,Mobile Phone,1,Single,3,0,17.0,1.0,2.0,1.0,150.87,50.29,16.0,0.0,0.0476,0.3333,1
7.0,Computer,3,7.0,Debit Card,Female,3.0,2,Laptop & Accessory,5,Married,4,0,20.0,1.0,2.0,4.0,178.76,59.5867,6.0,0.0,0.5,0.3333,0
10.0,Mobile Phone,3,18.0,E wallet,Female,4.0,5,Laptop & Accessory,1,Married,6,0,14.0,2.0,2.0,1.0,191.52,63.84,20.0,0.0,0.0909,0.6667,0
11.0,Mobile Phone,1,32.0,Credit Card,Female,3.0,5,Laptop & Accessory,1,Married,9,0,14.0,2.0,2.0,4.0,182.31,60.77,15.0,0.0,0.3333,0.6667,0
12.0,Mobile Phone,3,10.0,Debit Card,Female,2.0,4,Laptop & Accessory,3,Married,5,0,14.0,5.0,5.0,9.0,159.02,26.5033,8.0,0.0,0.6923,0.8333,0
26.0,Mobile Phone,1,13.0,Credit Card,Female,2.0,3,Others,3,Married,4,0,18.0,1.0,4.0,7.0,286.06,57.212,6.0,0.0,0.2593,0.2,0
29.0,Mobile Phone,3,33.0,E wallet,Male,3.0,5,Others,1,Married,3,0,15.0,3.0,3.0,14.0,320.86,80.215,15.0,0.0,0.4667,0.75,0
0.0,Mobile Phone,1,10.0,Credit Card,Female,2.0,3,Mobile Phone,4,Single,2,0,13.0,1.0,1.0,2.0,132.95,66.475,6.0,0.0,2.0,0.5,0
1.0,Mobile Phone,1,25.0,UPI,Female,4.0,4,Mobile Phone,1,Single,3,0,20.0,2.0,2.0,1.0,151.93,50.6433,16.0,0.0,0.5,0.6667,1
3.0,Mobile Phone,1,23.0,Credit Card,Female,3.0,3,Fashion,5,Divorced,2,1,23.0,0.0,1.0,3.0,219.16000000000005,109.58,9.0,1.0,0.75,0.0,0
26.0,Mobile Phone,1,30.0,Credit Card,Male,2.0,1,Fashion,1,Married,4,0,15.0,0.0,1.0,2.0,170.05,85.025,2.0,0.0,0.0741,0.0,0
1.0,Computer,1,10.0,Cash on Delivery,Male,4.0,4,Mobile Phone,5,Single,2,0,23.0,1.0,2.0,5.0,156.02,52.0067,16.0,0.0,2.5,0.3333,1
14.0,Mobile Phone,1,11.0,Debit Card,Male,2.0,1,Laptop & Accessory,4,Single,4,0,12.0,0.0,1.0,2.0,168.7,84.35,2.0,0.0,0.1333,0.0,0
9.0,Mobile Phone,1,31.0,Credit Card,Male,2.0,4,Mobile Phone,4,Single,5,1,20.0,0.0,2.0,2.0,123.13,41.0433,8.0,2.0,0.2,0.0,1
15.0,Computer,1,17.0,Debit Card,Male,4.0,5,Grocery,5,Married,6,0,15.0,3.0,8.0,8.0,296.81,32.9789,20.0,0.0,0.5,0.3333,0
8.0,Mobile Phone,3,16.0,Debit Card,Female,4.0,4,Laptop & Accessory,3,Divorced,3,0,21.0,2.0,2.0,4.0,182.14,60.7133,16.0,0.0,0.4444,0.6667,0
9.0,Mobile Phone,1,32.0,Debit Card,Male,3.0,3,Laptop & Accessory,3,Married,7,0,14.0,1.0,1.0,2.0,153.47,76.735,9.0,0.0,0.2,0.5,0
1.0,Mobile Phone,1,25.0,Debit Card,Male,3.0,4,Mobile Phone,3,Married,2,0,13.0,1.0,2.0,3.0,152.74,50.9133,12.0,0.0,1.5,0.3333,0
0.0,Mobile Phone,1,8.0,Credit Card,Male,2.0,5,Mobile Phone,1,Married,6,1,13.0,1.0,2.0,2.0,134.64,44.88,10.0,5.0,2.0,0.3333,1
13.0,Mobile Phone,1,14.0,Debit Card,Male,2.0,3,Mobile Phone,4,Married,4,0,22.0,1.0,1.0,3.0,123.87,61.935,6.0,0.0,0.2143,0.5,0
16.0,Mobile Phone,1,9.0,Credit Card,Male,3.0,4,Grocery,5,Married,2,0,15.0,6.0,14.0,8.0,301.65,20.11,12.0,0.0,0.4706,0.4,0
10.0,Computer,1,35.0,Debit Card,Male,2.0,3,Fashion,4,Divorced,2,1,12.0,5.0,9.0,3.0,218.49,21.849,6.0,2.0,0.2727,0.5,1
16.0,Computer,1,14.0,Debit Card,Female,2.0,3,Mobile Phone,1,Single,1,0,19.0,0.0,1.0,7.0,124.55,62.275,6.0,0.0,0.4118,0.0,0
8.0,Mobile Phone,1,10.0,Debit Card,Female,4.0,4,Laptop & Accessory,4,Married,3,0,13.0,2.0,8.0,10.0,179.33,19.9256,16.0,0.0,1.1111,0.2222,0
1.0,Mobile Phone,1,24.0,Debit Card,Female,4.0,4,Mobile Phone,4,Divorced,3,0,14.0,1.0,2.0,1.0,147.1,49.0333,16.0,0.0,0.5,0.3333,1
1.0,Computer,1,16.0,Credit Card,Male,3.0,5,Mobile Phone,5,Single,2,1,23.0,2.0,2.0,3.0,148.21,49.4033,15.0,1.0,1.5,0.6667,1
10.0,Computer,3,22.0,E wallet,Male,3.0,6,Laptop & Accessory,1,Married,3,0,25.0,6.0,12.0,12.0,179.06,13.7738,18.0,0.0,1.0909,0.4615,0
19.0,Mobile Phone,3,9.0,Cash on Delivery,Male,3.0,6,Laptop & Accessory,3,Single,2,0,14.0,2.0,4.0,2.0,191.32,38.264,18.0,0.0,0.1,0.4,0
20.0,Computer,1,14.0,Credit Card,Female,2.0,4,Laptop & Accessory,3,Married,4,0,15.0,2.0,2.0,1.0,177.58,59.1933,8.0,0.0,0.0476,0.6667,0
20.0,Mobile Phone,3,10.0,E wallet,Male,3.0,4,Grocery,3,Married,5,0,15.0,5.0,5.0,10.0,299.65,49.9417,12.0,0.0,0.4762,0.8333,0
8.0,Mobile Phone,1,22.0,Debit Card,Male,3.0,3,Fashion,3,Divorced,5,1,12.0,0.0,1.0,0.0,176.32,88.16,9.0,3.0,0.0,0.0,0
27.0,Computer,1,26.0,Debit Card,Female,2.0,3,Laptop & Accessory,3,Single,4,0,12.0,0.0,1.0,3.0,148.69,74.345,6.0,0.0,0.1071,0.0,0
1.0,Mobile Phone,1,16.0,UPI,Female,2.0,3,Laptop & Accessory,3,Single,4,0,13.0,1.0,1.0,7.0,136.6,68.3,6.0,0.0,3.5,0.5,0
20.0,Computer,3,8.0,E wallet,Male,2.0,3,Laptop & Accessory,4,Married,8,0,11.0,0.0,1.0,0.0,149.78,74.89,6.0,0.0,0.0,0.0,0
11.0,Mobile Phone,1,7.0,Credit Card,Female,3.0,5,Mobile Phone,5,Married,4,0,15.0,1.0,2.0,3.0,164.2,54.7333,15.0,0.0,0.25,0.3333,0
1.0,Mobile Phone,1,12.0,Debit Card,Female,3.0,4,Mobile Phone,4,Single,3,1,13.0,1.0,2.0,3.0,149.78,49.9267,12.0,2.0,1.5,0.3333,0
3.0,Mobile Phone,1,6.0,Credit Card,Male,3.0,3,Mobile Phone,4,Married,2,0,13.0,0.0,1.0,7.0,137.48,68.74,9.0,0.0,1.75,0.0,0
14.0,Mobile Phone,1,13.0,Cash on Delivery,Female,2.0,1,Mobile Phone,3,Married,2,0,13.0,0.0,1.0,8.0,133.76,66.88,2.0,0.0,0.5333,0.0,0
12.0,Computer,1,10.0,Credit Card,Female,2.0,3,Laptop & Accessory,3,Single,1,0,13.0,3.0,3.0,8.0,150.42,37.605,6.0,0.0,0.6154,0.75,0
1.0,Mobile Phone,1,15.0,Debit Card,Male,4.0,6,Mobile Phone,5,Married,3,0,16.0,1.0,2.0,2.0,149.51,49.8367,24.0,0.0,1.0,0.3333,0
0.0,Mobile Phone,1,13.0,UPI,Male,3.0,1,Mobile Phone,5,Single,1,0,12.0,1.0,1.0,7.0,135.78,67.89,3.0,0.0,7.0,0.5,0
21.0,Computer,1,23.0,Credit Card,Male,4.0,2,Laptop & Accessory,3,Married,3,1,20.0,1.0,3.0,8.0,175.67,43.9175,8.0,3.0,0.3636,0.25,0
0.0,Mobile Phone,3,22.0,E wallet,Male,3.0,3,Fashion,3,Married,3,0,13.0,0.0,1.0,0.0,181.61,90.805,9.0,0.0,0.0,0.0,1
11.0,Computer,1,12.0,Cash on Delivery,Male,3.0,2,Mobile Phone,3,Single,2,0,15.0,2.0,2.0,4.0,160.0,53.3333,6.0,0.0,0.3333,0.6667,0
7.0,Mobile Phone,3,19.0,Credit Card,Male,2.0,3,Fashion,3,Married,2,0,18.0,1.0,1.0,1.0,186.28,93.14,6.0,0.0,0.125,0.5,0
5.0,Computer,1,12.0,Credit Card,Male,4.0,4,Laptop & Accessory,5,Single,2,0,20.0,2.0,2.0,3.0,224.36,74.7867,16.0,0.0,0.5,0.6667,0
23.0,Computer,3,18.0,E wallet,Female,3.0,3,Fashion,1,Single,5,0,11.0,1.0,2.0,1.0,192.08,64.0267,9.0,0.0,0.0417,0.3333,0
1.0,Mobile Phone,1,9.0,Debit Card,Female,3.0,4,Mobile Phone,5,Married,9,0,21.0,2.0,2.0,8.0,152.07,50.69,12.0,0.0,4.0,0.6667,1
12.0,Computer,1,8.0,Debit Card,Male,3.0,4,Laptop & Accessory,1,Married,9,0,16.0,2.0,3.0,10.0,172.35,43.0875,12.0,0.0,0.7692,0.5,0
20.0,Mobile Phone,3,7.0,Debit Card,Male,3.0,2,Grocery,5,Single,3,0,15.0,2.0,2.0,13.0,300.67,100.2233,6.0,0.0,0.619,0.6667,0
0.0,Computer,1,14.0,Debit Card,Male,2.0,5,Mobile Phone,3,Divorced,2,0,19.0,1.0,1.0,2.0,146.21,73.105,10.0,0.0,2.0,0.5,0
5.0,Mobile Phone,1,9.0,Debit Card,Female,2.0,3,Fashion,1,Single,4,0,15.0,6.0,7.0,3.0,211.59,26.4488,6.0,0.0,0.5,0.75,0
15.0,Mobile Phone,1,12.0,Debit Card,Male,3.0,2,Laptop & Accessory,4,Single,5,0,13.0,1.0,2.0,3.0,193.7,64.5667,6.0,0.0,0.1875,0.3333,0
23.0,Mobile Phone,1,8.0,Credit Card,Male,3.0,3,Grocery,3,Married,6,0,16.0,1.0,1.0,3.0,276.39,138.195,9.0,0.0,0.125,0.5,0
0.0,Mobile Phone,3,35.0,Credit Card,Male,2.0,3,Laptop & Accessory,3,Married,6,0,12.0,0.0,1.0,0.0,143.06,71.53,6.0,0.0,0.0,0.0,0
8.0,Mobile Phone,3,6.0,Credit Card,Female,3.0,3,Laptop & Accessory,3,Single,2,0,16.0,1.0,1.0,3.0,148.59,74.295,9.0,0.0,0.3333,0.5,0
11.0,Computer,2,7.0,UPI,Male,3.0,3,Mobile Phone,4,Married,1,1,11.0,0.0,1.0,2.0,129.91,64.955,9.0,2.0,0.1667,0.0,0
11.0,Computer,1,7.0,Credit Card,Female,4.0,4,Fashion,1,Married,4,1,19.0,1.0,2.0,3.0,261.03,87.01,16.0,5.0,0.25,0.3333,0
15.0,Mobile Phone,1,14.0,Credit Card,Female,2.0,4,Mobile Phone,5,Married,1,1,11.0,4.0,7.0,8.0,125.93,15.7412,8.0,1.0,0.5,0.5,0
8.0,Mobile Phone,1,14.0,Debit Card,Female,3.0,4,Fashion,4,Single,2,0,12.0,1.0,2.0,12.0,244.94,81.6467,12.0,0.0,1.3333,0.3333,0
8.0,Computer,1,33.0,Cash on Delivery,Female,4.0,5,Mobile Phone,3,Married,3,0,21.0,2.0,2.0,1.0,145.29,48.43,20.0,0.0,0.1111,0.6667,0
9.0,Computer,3,7.0,Debit Card,Female,2.0,5,Mobile Phone,3,Single,2,0,12.0,0.0,1.0,0.0,113.59,56.795,10.0,0.0,0.0,0.0,1
1.0,Computer,3,16.0,E wallet,Male,3.0,4,Mobile Phone,5,Married,3,0,20.0,2.0,2.0,1.0,142.9,47.6333,12.0,0.0,0.5,0.6667,1
3.0,Mobile Phone,1,6.0,Debit Card,Male,2.0,4,Laptop & Accessory,1,Married,2,1,12.0,1.0,3.0,0.0,151.26,37.815,8.0,5.0,0.0,0.25,0
16.0,Computer,3,21.0,Debit Card,Male,2.0,4,Laptop & Accessory,2,Divorced,4,0,18.0,0.0,2.0,2.0,168.04,56.0133,8.0,0.0,0.1176,0.0,0
9.0,Computer,1,9.0,Credit Card,Female,3.0,3,Mobile Phone,3,Married,2,0,20.0,1.0,1.0,0.0,120.83,60.415,9.0,0.0,0.0,0.5,0
9.0,Mobile Phone,1,34.0,Cash on Delivery,Male,3.0,3,Mobile Phone,1,Married,5,0,20.0,1.0,1.0,3.0,121.32,60.66,9.0,0.0,0.3,0.5,0
9.0,Computer,3,18.0,Debit Card,Male,3.0,4,Mobile Phone,5,Married,2,0,18.0,1.0,1.0,0.0,120.33,60.165,12.0,0.0,0.0,0.5,1
10.0,Mobile Phone,1,16.0,Debit Card,Male,3.0,1,Mobile Phone,1,Single,4,0,17.0,1.0,1.0,0.0,146.8,73.4,3.0,0.0,0.0,0.5,0
19.0,Computer,1,11.0,Debit Card,Male,3.0,4,Laptop & Accessory,4,Divorced,3,0,13.0,2.0,2.0,9.0,169.47,56.49,12.0,0.0,0.45,0.6667,0
9.0,Mobile Phone,1,12.0,Debit Card,Male,3.0,1,Mobile Phone,5,Married,2,1,21.0,0.0,1.0,0.0,116.01,58.005,3.0,1.0,0.0,0.0,1
3.0,Mobile Phone,1,13.0,Credit Card,Female,3.0,4,Mobile Phone,1,Married,3,0,14.0,1.0,2.0,9.0,156.31,52.1033,12.0,0.0,2.25,0.3333,0
23.0,Mobile Phone,1,34.0,Credit Card,Male,3.0,1,Mobile Phone,3,Married,2,1,11.0,0.0,3.0,8.0,132.21,33.0525,3.0,3.0,0.3333,0.0,0
0.0,Mobile Phone,3,16.0,E wallet,Female,3.0,4,Laptop & Accessory,2,Divorced,2,1,11.0,2.0,4.0,4.0,157.69,31.538,12.0,4.0,4.0,0.4,0
18.0,Computer,1,29.0,Debit Card,Male,2.0,3,Laptop & Accessory,5,Married,2,1,15.0,1.0,1.0,8.0,136.33,68.165,6.0,1.0,0.4211,0.5,0
6.0,Computer,3,16.0,E wallet,Male,2.0,4,Laptop & Accessory,2,Single,4,0,14.0,1.0,1.0,1.0,146.82,73.41,8.0,0.0,0.1429,0.5,0
16.0,Mobile Phone,1,12.0,Credit Card,Female,3.0,4,Laptop & Accessory,3,Single,2,1,14.0,0.0,1.0,8.0,140.81,70.405,12.0,3.0,0.4706,0.0,0
9.0,Mobile Phone,1,14.0,Debit Card,Male,2.0,1,Mobile Phone,1,Married,2,0,19.0,1.0,1.0,1.0,122.69,61.345,2.0,0.0,0.1,0.5,0
0.0,Mobile Phone,1,14.0,Cash on Delivery,Female,3.0,4,Mobile Phone,4,Married,6,0,16.0,1.0,1.0,1.0,125.46,62.73,12.0,0.0,1.0,0.5,1
27.0,Mobile Phone,1,9.0,Debit Card,Male,2.0,3,Grocery,2,Divorced,4,0,14.0,1.0,1.0,9.0,277.79,138.895,6.0,0.0,0.3214,0.5,0
0.0,Computer,1,22.0,Debit Card,Female,3.0,5,Mobile Phone,5,Single,2,1,22.0,4.0,6.0,7.0,139.19,19.8843,15.0,1.0,7.0,0.5714,1
5.0,Mobile Phone,1,12.0,Cash on Delivery,Male,3.0,4,Mobile Phone,2,Divorced,2,1,13.0,1.0,2.0,4.0,173.21,57.7367,12.0,4.0,0.6667,0.3333,0
6.0,Computer,1,12.0,Debit Card,Male,1.0,3,Laptop & Accessory,1,Married,4,0,23.0,3.0,4.0,7.0,177.25,35.45,3.0,0.0,1.0,0.6,0
1.0,Mobile Phone,3,9.0,Debit Card,Male,4.0,4,Laptop & Accessory,3,Single,3,1,12.0,2.0,2.0,5.0,169.78,56.5933,16.0,3.0,2.5,0.6667,0
0.0,Computer,1,16.0,Credit Card,Male,3.0,3,Fashion,3,Married,7,0,11.0,1.0,1.0,0.0,200.48,100.24,9.0,0.0,0.0,0.5,1
0.0,Mobile Phone,3,7.0,Debit Card,Male,2.0,5,Laptop & Accessory,4,Single,7,0,15.0,0.0,1.0,0.0,167.35,83.675,10.0,0.0,0.0,0.0,1
15.0,Computer,1,9.0,UPI,Female,4.0,5,Laptop & Accessory,3,Single,4,1,18.0,1.0,2.0,8.0,193.11,64.37,20.0,3.0,0.5,0.3333,0
16.0,Mobile Phone,1,15.0,Debit Card,Male,3.0,4,Mobile Phone,3,Single,6,0,14.0,2.0,2.0,1.0,164.68,54.8933,12.0,0.0,0.0588,0.6667,0
0.0,Mobile Phone,3,29.0,Debit Card,Female,2.0,4,Fashion,5,Married,2,0,13.0,1.0,3.0,10.0,173.36,43.34,8.0,0.0,10.0,0.25,1
20.0,Mobile Phone,3,20.0,Credit Card,Female,3.0,3,Laptop & Accessory,3,Divorced,4,1,17.0,1.0,1.0,2.0,145.91,72.955,9.0,3.0,0.0952,0.5,0
9.0,Computer,1,29.0,Credit Card,Male,3.0,3,Laptop & Accessory,4,Married,5,0,12.0,0.0,1.0,2.0,120.42,60.21,9.0,0.0,0.2,0.0,0
2.0,Mobile Phone,1,28.0,Credit Card,Male,3.0,4,Mobile Phone,1,Married,3,0,12.0,1.0,2.0,3.0,152.13,50.71,12.0,0.0,1.0,0.3333,0
10.0,Computer,3,14.0,E wallet,Female,3.0,2,Laptop & Accessory,5,Married,4,0,17.0,6.0,7.0,14.0,171.39,21.4237,6.0,0.0,1.2727,0.75,0
23.0,Mobile Phone,3,15.0,E wallet,Male,2.0,3,Others,3,Married,5,1,15.0,0.0,1.0,0.0,293.31,146.655,6.0,3.0,0.0,0.0,0
2.0,Computer,1,9.0,Debit Card,Male,3.0,5,Mobile Phone,2,Divorced,3,1,13.0,3.0,3.0,3.0,163.67,40.9175,15.0,4.0,1.0,0.75,0
0.0,Mobile Phone,1,15.0,Credit Card,Male,3.0,4,Mobile Phone,3,Married,1,1,17.0,1.0,1.0,0.0,133.88,66.94,12.0,3.0,0.0,0.5,1
16.0,Mobile Phone,1,19.0,Credit Card,Male,3.0,4,Mobile Phone,4,Married,10,0,23.0,2.0,2.0,5.0,152.66,50.8867,12.0,0.0,0.2941,0.6667,0
4.0,Computer,1,9.0,Cash on Delivery,Female,4.0,5,Mobile Phone,5,Single,2,0,17.0,1.0,2.0,8.0,174.68,58.2267,20.0,0.0,1.6,0.3333,0
16.0,Mobile Phone,1,15.0,Credit Card,Male,3.0,5,Laptop & Accessory,4,Married,4,0,16.0,8.0,8.0,8.0,174.41,19.3789,15.0,0.0,0.4706,0.8889,1
12.0,Computer,1,13.0,Credit Card,Female,4.0,6,Laptop & Accessory,1,Married,9,1,13.0,1.0,2.0,10.0,178.29,59.43,24.0,5.0,0.7692,0.3333,0
7.0,Computer,3,14.0,Credit Card,Male,3.0,4,Laptop & Accessory,5,Married,2,0,15.0,2.0,2.0,4.0,168.73,56.2433,12.0,0.0,0.5,0.6667,0
9.0,Mobile Phone,2,8.0,UPI,Female,2.0,3,Mobile Phone,4,Married,5,0,14.0,0.0,1.0,2.0,121.87,60.935,6.0,0.0,0.2,0.0,0
20.0,Mobile Phone,1,31.0,Debit Card,Male,4.0,4,Mobile Phone,1,Single,3,0,17.0,1.0,2.0,1.0,150.87,50.29,16.0,0.0,0.0476,0.3333,1
11.0,Mobile Phone,1,8.0,Debit Card,Male,2.0,3,Laptop & Accessory,3,Divorced,10,0,14.0,0.0,1.0,0.0,165.53,82.765,6.0,0.0,0.0,0.0,0
7.0,Computer,1,28.0,UPI,Male,2.0,4,Laptop & Accessory,1,Married,2,1,15.0,3.0,6.0,11.0,157.47,22.4957,8.0,5.0,1.375,0.4286,0
9.0,Mobile Phone,1,6.0,Cash on Delivery,Male,2.0,3,Mobile Phone,3,Single,1,0,14.0,0.0,1.0,5.0,120.58,60.29,6.0,0.0,0.5,0.0,1
10.0,Computer,1,8.0,Credit Card,Female,3.0,5,Laptop & Accessory,3,Married,2,0,16.0,1.0,2.0,3.0,168.74,56.2467,15.0,0.0,0.2727,0.3333,0
13.0,Mobile Phone,1,18.0,Debit Card,Female,2.0,3,Laptop & Accessory,5,Married,3,0,12.0,7.0,7.0,7.0,144.48,18.06,6.0,0.0,0.5,0.875,0
24.0,Computer,1,27.0,Credit Card,Male,3.0,4,Grocery,3,Married,4,1,16.0,1.0,2.0,14.0,237.45,79.15,12.0,3.0,0.56,0.3333,0
1.0,Mobile Phone,1,24.0,Cash on Delivery,Male,3.0,4,Mobile Phone,4,Divorced,2,1,17.0,2.0,2.0,2.0,155.58,51.86,12.0,2.0,1.0,0.6667,0
13.0,Mobile Phone,1,8.0,Credit Card,Male,2.0,3,Others,3,Married,1,0,15.0,0.0,3.0,9.0,294.36,73.59,6.0,0.0,0.6429,0.0,0
27.0,Mobile Phone,1,9.0,Credit Card,Male,3.0,2,Grocery,4,Single,6,0,13.0,1.0,9.0,9.0,290.98,29.098,6.0,0.0,0.3214,0.1,0
9.0,Mobile Phone,1,6.0,Credit Card,Female,3.0,3,Mobile Phone,1,Married,4,0,14.0,1.0,1.0,2.0,122.7,61.35,9.0,0.0,0.2,0.5,0
1.0,Computer,1,23.0,Debit Card,Female,4.0,6,Mobile Phone,5,Single,3,1,23.0,1.0,7.0,8.0,164.19,20.5238,24.0,1.0,4.0,0.125,1
1.0,Mobile Phone,3,9.0,E wallet,Male,3.0,4,Mobile Phone,5,Married,2,0,12.0,2.0,2.0,3.0,155.41,51.8033,12.0,0.0,1.5,0.6667,1
4.0,Mobile Phone,3,29.0,E wallet,Male,4.0,5,Laptop & Accessory,3,Married,4,1,13.0,2.0,2.0,1.0,188.8,62.9333,20.0,3.0,0.2,0.6667,1
1.0,Mobile Phone,3,34.0,Debit Card,Male,3.0,4,Laptop & Accessory,1,Single,3,1,19.0,1.0,8.0,8.0,183.13,20.3478,12.0,5.0,4.0,0.1111,1
30.0,Computer,1,21.0,Debit Card,Male,2.0,3,Grocery,3,Married,3,1,14.0,2.0,2.0,2.0,257.87,85.9567,6.0,3.0,0.0645,0.6667,0
0.0,Computer,1,15.0,Credit Card,Male,2.0,3,Mobile Phone,5,Single,3,1,11.0,0.0,1.0,0.0,131.72,65.86,6.0,1.0,0.0,0.0,1
7.0,Mobile Phone,1,8.0,Credit Card,Female,2.0,4,Mobile Phone,5,Single,2,0,11.0,1.0,1.0,3.0,143.81,71.905,8.0,0.0,0.375,0.5,0
28.0,Mobile Phone,1,8.0,Credit Card,Female,3.0,4,Grocery,1,Single,8,0,15.0,7.0,13.0,8.0,298.28,21.3057,12.0,0.0,0.2759,0.5,0
6.0,Mobile Phone,1,9.0,Cash on Delivery,Male,3.0,5,Laptop & Accessory,5,Single,6,0,14.0,1.0,2.0,5.0,146.76,48.92,15.0,0.0,0.7143,0.3333,0
17.0,Mobile Phone,1,8.0,Debit Card,Female,3.0,1,Fashion,1,Married,2,1,19.0,6.0,6.0,7.0,178.79,25.5414,3.0,5.0,0.3889,0.8571,0
17.0,Mobile Phone,1,6.0,Debit Card,Male,3.0,1,Laptop & Accessory,5,Married,3,0,15.0,2.0,2.0,2.0,150.33,50.11,3.0,0.0,0.1111,0.6667,0
22.0,Mobile Phone,1,6.0,Debit Card,Male,2.0,3,Grocery,3,Single,5,0,14.0,1.0,2.0,0.0,253.79,84.5967,6.0,0.0,0.0,0.3333,0
15.0,Mobile Phone,3,10.0,E wallet,Male,2.0,3,Laptop & Accessory,5,Single,8,0,13.0,1.0,1.0,5.0,151.55,75.775,6.0,0.0,0.3125,0.5,0
4.0,Mobile Phone,3,14.0,Debit Card,Male,2.0,3,Fashion,1,Married,2,0,18.0,2.0,9.0,9.0,207.93,20.793,6.0,0.0,1.8,0.2,0
7.0,Mobile Phone,3,17.0,E wallet,Male,3.0,2,Fashion,3,Married,2,1,15.0,1.0,2.0,9.0,208.8,69.6,6.0,3.0,1.125,0.3333,0
9.0,Mobile Phone,1,14.0,Credit Card,Male,3.0,3,Mobile Phone,3,Single,5,0,21.0,1.0,3.0,9.0,125.19,31.2975,9.0,0.0,0.9,0.25,0
0.0,Mobile Phone,1,15.0,Credit Card,Female,2.0,3,Mobile Phone,5,Single,8,0,22.0,1.0,1.0,4.0,142.0,71.0,6.0,0.0,4.0,0.5,1
8.0,Computer,1,14.0,UPI,Male,2.0,4,Mobile Phone,1,Married,2,0,13.0,1.0,2.0,2.0,123.76,41.2533,8.0,0.0,0.2222,0.3333,0
6.0,Mobile Phone,1,7.0,Debit Card,Male,4.0,4,Mobile Phone,5,Single,3,0,14.0,1.0,2.0,1.0,154.56,51.52,16.0,0.0,0.1429,0.3333,0
18.0,Computer,2,7.0,UPI,Male,3.0,4,Laptop & Accessory,1,Married,6,1,12.0,2.0,2.0,3.0,182.43,60.81,12.0,5.0,0.1579,0.6667,0
17.0,Computer,2,6.0,UPI,Male,2.0,3,Laptop & Accessory,1,Married,5,1,11.0,1.0,1.0,2.0,157.43,78.715,6.0,5.0,0.1111,0.5,0
4.0,Computer,1,14.0,Cash on Delivery,Male,4.0,4,Mobile Phone,3,Married,3,0,14.0,1.0,2.0,1.0,137.74,45.9133,16.0,0.0,0.2,0.3333,0
18.0,Mobile Phone,1,35.0,Debit Card,Male,3.0,4,Grocery,5,Divorced,5,0,14.0,1.0,15.0,18.0,288.28,18.0175,12.0,0.0,0.9474,0.0625,0
4.0,Mobile Phone,1,8.0,Debit Card,Female,3.0,5,Mobile Phone,1,Married,5,1,13.0,0.0,1.0,0.0,127.78,63.89,15.0,5.0,0.0,0.0,1
1.0,Mobile Phone,1,12.0,Cash on Delivery,Male,3.0,5,Fashion,2,Married,3,1,17.0,1.0,2.0,9.0,253.08,84.36,15.0,4.0,4.5,0.3333,0
1.0,Mobile Phone,1,28.0,Credit Card,Male,3.0,4,Mobile Phone,3,Married,3,0,21.0,2.0,2.0,1.0,148.77,49.59,12.0,0.0,0.5,0.6667,1
0.0,Mobile Phone,1,8.0,UPI,Male,2.0,3,Mobile Phone,3,Married,7,1,19.0,0.0,1.0,2.0,139.77,69.885,6.0,3.0,2.0,0.0,0
15.0,Mobile Phone,2,7.0,UPI,Male,3.0,5,Others,3,Married,3,0,15.0,2.0,3.0,11.0,316.89,79.2225,15.0,0.0,0.6875,0.5,0
22.0,Mobile Phone,1,6.0,Cash on Delivery,Female,2.0,3,Mobile Phone,5,Divorced,3,0,16.0,1.0,1.0,2.0,135.8,67.9,6.0,0.0,0.087,0.5,0
10.0,Mobile Phone,3,9.0,Credit Card,Male,4.0,5,Fashion,3,Married,3,0,14.0,9.0,10.0,1.0,200.96,18.2691,20.0,0.0,0.0909,0.8182,0
10.0,Computer,1,11.0,Debit Card,Female,4.0,4,Laptop & Accessory,4,Married,9,0,14.0,1.0,2.0,3.0,176.31,58.77,16.0,0.0,0.2727,0.3333,0
2.0,Computer,1,6.0,Debit Card,Male,3.0,5,Mobile Phone,1,Married,2,0,18.0,0.0,2.0,8.0,127.2,42.4,15.0,0.0,2.6667,0.0,0
0.0,Computer,1,11.0,Debit Card,Male,2.0,1,Laptop & Accessory,5,Married,2,0,12.0,1.0,1.0,5.0,140.0,70.0,2.0,0.0,5.0,0.5,0
19.0,Mobile Phone,1,9.0,Credit Card,Male,4.0,4,Others,5,Married,7,1,14.0,2.0,2.0,5.0,323.59,107.8633,16.0,1.0,0.25,0.6667,1
0.0,Computer,1,6.0,Cash on Delivery,Male,2.0,4,Laptop & Accessory,5,Married,6,0,19.0,2.0,2.0,0.0,142.98,47.66,8.0,0.0,0.0,0.6667,0
8.0,Mobile Phone,3,35.0,E wallet,Female,4.0,5,Laptop & Accessory,3,Married,3,0,22.0,2.0,2.0,8.0,192.12,64.04,20.0,0.0,0.8889,0.6667,0
9.0,Mobile Phone,2,28.0,UPI,Male,2.0,5,Mobile Phone,3,Married,2,0,11.0,0.0,1.0,0.0,115.55,57.775,10.0,0.0,0.0,0.0,1
13.0,Mobile Phone,1,17.0,Credit Card,Male,4.0,4,Laptop & Accessory,5,Married,4,0,14.0,4.0,8.0,8.0,178.77,19.8633,16.0,0.0,0.5714,0.4444,0
9.0,Computer,1,22.0,Credit Card,Male,2.0,3,Mobile Phone,3,Single,2,0,14.0,0.0,1.0,4.0,121.44,60.72,6.0,0.0,0.4,0.0,0
14.0,Computer,1,33.0,Credit Card,Female,4.0,5,Laptop & Accessory,1,Married,5,1,14.0,1.0,2.0,1.0,169.22,56.4067,20.0,5.0,0.0667,0.3333,0
1.0,Computer,3,13.0,E wallet,Female,3.0,6,Mobile Phone,3,Married,2,0,17.0,1.0,2.0,1.0,148.51,49.5033,18.0,0.0,0.5,0.3333,1
8.0,Mobile Phone,2,10.0,UPI,Male,3.0,4,Mobile Phone,1,Married,2,0,20.0,2.0,2.0,3.0,162.37,54.1233,12.0,0.0,0.3333,0.6667,0
12.0,Computer,3,17.0,Cash on Delivery,Female,3.0,4,Laptop & Accessory,2,Single,3,1,14.0,1.0,2.0,4.0,181.66,60.5533,12.0,4.0,0.3077,0.3333,0
0.0,Mobile Phone,1,29.0,Debit Card,Female,3.0,3,Mobile Phone,2,Married,2,0,22.0,1.0,1.0,2.0,128.86,64.43,9.0,0.0,2.0,0.5,0
2.0,Computer,2,8.0,Debit Card,Male,3.0,4,Mobile Phone,1,Married,3,0,16.0,2.0,3.0,3.0,152.06,38.015,12.0,0.0,1.0,0.5,0
15.0,Computer,1,16.0,Credit Card,Male,4.0,4,Others,3,Married,4,0,15.0,1.0,2.0,12.0,319.19,106.3967,16.0,0.0,0.75,0.3333,0
11.0,Computer,3,7.0,Credit Card,Male,3.0,6,Laptop & Accessory,1,Married,3,0,15.0,1.0,2.0,3.0,220.25,73.4167,18.0,0.0,0.25,0.3333,0
18.0,Computer,1,31.0,Credit Card,Male,3.0,6,Mobile Phone,3,Single,4,0,15.0,1.0,2.0,5.0,162.08,54.0267,18.0,0.0,0.2632,0.3333,0
3.0,Mobile Phone,2,13.0,Credit Card,Male,3.0,5,Mobile Phone,4,Married,3,0,12.0,2.0,2.0,1.0,153.04,51.0133,15.0,0.0,0.25,0.6667,0
3.0,Computer,1,27.0,Credit Card,Male,3.0,4,Mobile Phone,1,Married,3,0,14.0,2.0,4.0,11.0,163.12,32.624,12.0,0.0,2.75,0.4,0
8.0,Computer,1,29.0,UPI,Male,3.0,5,Laptop & Accessory,1,Married,3,1,16.0,4.0,7.0,12.0,182.47,22.8088,15.0,5.0,1.3333,0.5,0
7.0,Mobile Phone,1,6.0,Credit Card,Male,3.0,3,Laptop & Accessory,4,Married,2,0,15.0,1.0,1.0,3.0,143.25,71.625,9.0,0.0,0.375,0.5,0
2.0,Mobile Phone,3,26.0,E wallet,Male,2.0,3,Laptop & Accessory,1,Married,3,0,14.0,1.0,1.0,2.0,169.31,84.655,6.0,0.0,0.6667,0.5,0
2.0,Mobile Phone,3,17.0,Credit Card,Male,4.0,4,Mobile Phone,4,Married,3,0,23.0,1.0,2.0,1.0,135.52,45.1733,16.0,0.0,0.3333,0.3333,0
6.0,Mobile Phone,1,13.0,Debit Card,Male,3.0,4,Mobile Phone,3,Single,5,0,21.0,1.0,2.0,5.0,155.38,51.7933,12.0,0.0,0.7143,0.3333,0
12.0,Mobile Phone,1,7.0,Debit Card,Female,3.0,4,Fashion,3,Single,6,1,15.0,1.0,2.0,1.0,203.61,67.87,12.0,3.0,0.0769,0.3333,0
9.0,Mobile Phone,1,8.0,Credit Card,Female,3.0,5,Laptop & Accessory,1,Married,2,0,13.0,1.0,2.0,1.0,178.63,59.5433,15.0,0.0,0.1,0.3333,0
19.0,Mobile Phone,3,8.0,E wallet,Female,3.0,3,Grocery,5,Divorced,9,0,23.0,1.0,15.0,9.0,270.48,16.905,9.0,0.0,0.45,0.0625,0
19.0,Mobile Phone,1,32.0,Debit Card,Female,4.0,5,Laptop & Accessory,1,Married,2,0,14.0,1.0,4.0,9.0,184.06,36.812,20.0,0.0,0.45,0.2,0
17.0,Mobile Phone,1,15.0,UPI,Female,4.0,4,Laptop & Accessory,3,Married,6,1,15.0,1.0,2.0,3.0,170.22,56.74,16.0,3.0,0.1667,0.3333,0
10.0,Computer,1,31.0,Credit Card,Female,3.0,3,Laptop & Accessory,3,Divorced,4,1,15.0,3.0,10.0,7.0,144.49,13.1355,9.0,3.0,0.6364,0.2727,0
14.0,Mobile Phone,1,9.0,Debit Card,Male,4.0,4,Laptop & Accessory,1,Single,3,0,14.0,4.0,9.0,9.0,171.61,17.161,16.0,0.0,0.6,0.4,0
7.0,Computer,3,12.0,Debit Card,Male,4.0,4,Laptop & Accessory,2,Divorced,8,0,14.0,2.0,2.0,3.0,224.98,74.9933,16.0,0.0,0.375,0.6667,0
9.0,Mobile Phone,1,6.0,Debit Card,Male,3.0,4,Mobile Phone,5,Divorced,2,0,12.0,0.0,3.0,2.0,122.18,30.545,12.0,0.0,0.2,0.0,0
27.0,Mobile Phone,1,25.0,Credit Card,Female,3.0,3,Laptop & Accessory,5,Married,10,1,11.0,0.0,1.0,4.0,154.85,77.425,9.0,1.0,0.1429,0.0,0
7.0,Mobile Phone,1,6.0,Debit Card,Male,3.0,3,Mobile Phone,2,Divorced,2,0,12.0,6.0,8.0,8.0,126.91,14.1011,9.0,0.0,1.0,0.6667,0
5.0,Computer,3,11.0,E wallet,Male,3.0,4,Laptop & Accessory,4,Single,3,0,19.0,8.0,8.0,3.0,218.55,24.2833,12.0,0.0,0.5,0.8889,1
29.0,Mobile Phone,1,15.0,Credit Card,Male,2.0,3,Grocery,2,Divorced,8,0,11.0,0.0,1.0,3.0,211.03,105.515,6.0,0.0,0.1,0.0,0
9.0,Mobile Phone,1,15.0,Debit Card,Male,3.0,3,Mobile Phone,5,Married,2,0,20.0,1.0,1.0,4.0,122.89,61.445,9.0,0.0,0.4,0.5,0
8.0,Mobile Phone,1,16.0,Credit Card,Female,2.0,3,Laptop & Accessory,3,Single,4,1,16.0,1.0,1.0,4.0,161.42,80.71,6.0,3.0,0.4444,0.5,0
9.0,Computer,2,8.0,UPI,Male,3.0,4,Laptop & Accessory,1,Single,2,0,21.0,1.0,1.0,8.0,138.86,69.43,12.0,0.0,0.8,0.5,0
9.0,Computer,3,21.0,E wallet,Male,2.0,5,Laptop & Accessory,1,Married,2,0,24.0,4.0,11.0,11.0,154.06,12.8383,10.0,0.0,1.1,0.3333,0
9.0,Mobile Phone,1,30.0,Debit Card,Male,2.0,4,Mobile Phone,3,Single,6,1,14.0,0.0,1.0,3.0,120.28,60.14,8.0,3.0,0.3,0.0,1
8.0,Mobile Phone,1,33.0,Debit Card,Male,2.0,3,Laptop & Accessory,3,Married,3,0,16.0,1.0,1.0,7.0,168.83,84.415,6.0,0.0,0.7778,0.5,0
24.0,Computer,1,9.0,Debit Card,Male,4.0,4,Grocery,5,Married,3,0,15.0,14.0,15.0,8.0,304.24,19.015,16.0,0.0,0.32,0.875,0
0.0,Computer,3,32.0,E wallet,Female,2.0,4,Laptop & Accessory,5,Single,6,0,15.0,1.0,1.0,1.0,166.96,83.48,8.0,0.0,1.0,0.5,1
20.0,Mobile Phone,1,15.0,Debit Card,Female,4.0,5,Laptop & Accessory,5,Married,10,1,24.0,2.0,2.0,8.0,171.15,57.05,20.0,1.0,0.381,0.6667,0
1.0,Computer,1,10.0,Credit Card,Male,4.0,5,Mobile Phone,3,Married,3,1,16.0,1.0,2.0,2.0,150.66,50.22,20.0,3.0,1.0,0.3333,0
0.0,Mobile Phone,3,8.0,Credit Card,Female,2.0,1,Laptop & Accessory,3,Single,1,0,14.0,0.0,1.0,7.0,165.0,82.5,2.0,0.0,7.0,0.0,0
1.0,Mobile Phone,1,7.0,Credit Card,Female,3.0,3,Mobile Phone,5,Married,2,0,25.0,1.0,1.0,2.0,135.91,67.955,9.0,0.0,1.0,0.5,0
1.0,Mobile Phone,1,9.0,UPI,Male,4.0,5,Mobile Phone,3,Single,8,1,16.0,1.0,2.0,1.0,145.9,48.6333,20.0,3.0,0.5,0.3333,1
9.0,Computer,1,9.0,Cash on Delivery,Male,2.0,3,Mobile Phone,4,Married,2,0,12.0,0.0,1.0,7.0,136.92,68.46,6.0,0.0,0.7,0.0,0
2.0,Mobile Phone,1,17.0,UPI,Female,3.0,4,Laptop & Accessory,3,Single,5,0,14.0,1.0,2.0,8.0,161.6,53.8667,12.0,0.0,2.6667,0.3333,0
31.0,Mobile Phone,1,16.0,Credit Card,Female,4.0,5,Mobile Phone,4,Divorced,6,1,21.0,2.0,2.0,1.0,158.46,52.82,20.0,2.0,0.0312,0.6667,0
0.0,Computer,3,14.0,Credit Card,Male,2.0,3,Mobile Phone,2,Single,2,0,24.0,0.0,2.0,2.0,126.1,42.0333,6.0,0.0,2.0,0.0,0
5.0,Mobile Phone,1,16.0,Debit Card,Male,3.0,4,Fashion,4,Married,3,0,26.0,2.0,2.0,9.0,231.48,77.16,12.0,0.0,1.5,0.6667,0
16.0,Mobile Phone,1,13.0,Debit Card,Female,2.0,3,Fashion,5,Divorced,9,0,16.0,1.0,1.0,0.0,199.85,99.925,6.0,0.0,0.0,0.5,0
8.0,Mobile Phone,1,13.0,UPI,Male,2.0,3,Fashion,3,Single,4,0,21.0,0.0,1.0,6.0,202.21,101.105,6.0,0.0,0.6667,0.0,0
21.0,Mobile Phone,3,13.0,E wallet,Male,3.0,3,Laptop & Accessory,5,Married,5,0,11.0,0.0,2.0,2.0,154.86,51.62,9.0,0.0,0.0909,0.0,0
3.0,Mobile Phone,1,8.0,Credit Card,Male,3.0,4,Mobile Phone,1,Single,1,0,13.0,0.0,1.0,2.0,127.2,63.6,12.0,0.0,0.5,0.0,0
1.0,Mobile Phone,1,10.0,Debit Card,Male,3.0,4,Mobile Phone,3,Single,3,0,14.0,1.0,2.0,1.0,139.2,46.4,12.0,0.0,0.5,0.3333,1
11.0,Mobile Phone,3,17.0,Debit Card,Female,3.0,5,Laptop & Accessory,1,Married,4,1,15.0,2.0,2.0,1.0,191.94,63.98,15.0,5.0,0.0833,0.6667,0
6.0,Mobile Phone,1,10.0,Credit Card,Female,4.0,4,Laptop & Accessory,5,Divorced,3,0,13.0,7.0,7.0,4.0,192.25,24.0312,16.0,0.0,0.5714,0.875,0
9.0,Mobile Phone,1,17.0,Debit Card,Male,3.0,3,Mobile Phone,5,Married,1,0,14.0,1.0,1.0,4.0,120.99,60.495,9.0,0.0,0.4,0.5,0
1.0,Mobile Phone,1,19.0,UPI,Male,4.0,4,Mobile Phone,1,Single,3,0,14.0,2.0,2.0,5.0,151.47,50.49,16.0,0.0,2.5,0.6667,0
4.0,Mobile Phone,3,6.0,Debit Card,Female,3.0,3,Laptop & Accessory,2,Single,9,1,11.0,1.0,1.0,5.0,159.93,79.965,9.0,4.0,1.0,0.5,1
25.0,Mobile Phone,1,14.0,UPI,Female,3.0,3,Mobile Phone,5,Married,10,0,13.0,1.0,1.0,4.0,129.5,64.75,9.0,0.0,0.1538,0.5,0
21.0,Mobile Phone,1,9.0,Cash on Delivery,Male,3.0,4,Mobile Phone,3,Single,6,0,25.0,2.0,2.0,1.0,149.79,49.93,12.0,0.0,0.0455,0.6667,1
8.0,Mobile Phone,3,15.0,Debit Card,Female,4.0,4,Laptop & Accessory,5,Divorced,7,0,18.0,2.0,2.0,3.0,190.0,63.3333,16.0,0.0,0.3333,0.6667,0
7.0,Computer,1,16.0,Cash on Delivery,Male,3.0,4,Laptop & Accessory,3,Married,2,0,14.0,1.0,7.0,7.0,150.63,18.8288,12.0,0.0,0.875,0.125,0
21.0,Mobile Phone,1,14.0,Cash on Delivery,Male,3.0,1,Mobile Phone,4,Single,6,0,11.0,0.0,1.0,0.0,125.59,62.795,3.0,0.0,0.0,0.0,0
16.0,Mobile Phone,1,9.0,Credit Card,Female,3.0,5,Mobile Phone,5,Married,2,1,12.0,8.0,8.0,9.0,150.93,16.77,15.0,1.0,0.5294,0.8889,0
18.0,Computer,1,29.0,Debit Card,Male,2.0,3,Laptop & Accessory,5,Divorced,2,1,15.0,1.0,1.0,8.0,136.33,68.165,6.0,1.0,0.4211,0.5,0
11.0,Mobile Phone,3,9.0,Debit Card,Male,3.0,3,Fashion,3,Married,1,0,12.0,1.0,5.0,13.0,206.09,34.3483,9.0,0.0,1.0833,0.1667,0
26.0,Mobile Phone,3,8.0,Debit Card,Female,3.0,4,Grocery,1,Married,3,0,16.0,0.0,2.0,7.0,254.27,84.7567,12.0,0.0,0.2593,0.0,0
0.0,Mobile Phone,1,16.0,Credit Card,Male,3.0,3,Grocery,5,Married,2,1,14.0,1.0,11.0,10.0,270.68,22.5567,9.0,1.0,10.0,0.0833,0
16.0,Mobile Phone,1,24.0,Debit Card,Female,3.0,2,Laptop & Accessory,5,Single,5,1,14.0,2.0,2.0,3.0,190.45,63.4833,6.0,1.0,0.1765,0.6667,0
0.0,Mobile Phone,2,15.0,Cash on Delivery,Female,3.0,3,Mobile Phone,3,Divorced,2,0,15.0,1.0,2.0,2.0,127.42,42.4733,9.0,0.0,2.0,0.3333,1
1.0,Computer,1,22.0,Credit Card,Male,4.0,4,Mobile Phone,3,Married,3,0,13.0,2.0,3.0,3.0,151.1,37.775,16.0,0.0,1.5,0.5,1
14.0,Computer,1,15.0,Debit Card,Male,4.0,4,Laptop & Accessory,1,Married,5,1,19.0,3.0,3.0,3.0,165.69,41.4225,16.0,5.0,0.2,0.75,0
20.0,Mobile Phone,1,11.0,Debit Card,Male,2.0,3,Others,3,Married,5,0,11.0,1.0,1.0,1.0,283.0,141.5,6.0,0.0,0.0476,0.5,0
10.0,Mobile Phone,3,8.0,E wallet,Male,3.0,3,Laptop & Accessory,3,Divorced,5,1,11.0,0.0,1.0,0.0,196.02,98.01,9.0,3.0,0.0,0.0,0
12.0,Mobile Phone,1,30.0,Debit Card,Male,2.0,3,Laptop & Accessory,1,Single,8,0,13.0,1.0,1.0,7.0,141.08,70.54,6.0,0.0,0.5385,0.5,0
4.0,Computer,1,9.0,Credit Card,Female,3.0,4,Mobile Phone,1,Single,2,0,15.0,2.0,7.0,8.0,150.64,18.83,12.0,0.0,1.6,0.25,0
16.0,Mobile Phone,1,36.0,Debit Card,Male,4.0,4,Laptop & Accessory,4,Divorced,3,0,14.0,3.0,8.0,9.0,169.34,18.8156,16.0,0.0,0.5294,0.3333,0
5.0,Mobile Phone,1,14.0,Credit Card,Female,3.0,3,Mobile Phone,4,Divorced,2,0,13.0,0.0,1.0,7.0,123.7,61.85,9.0,0.0,1.1667,0.0,0
3.0,Mobile Phone,3,33.0,E wallet,Male,3.0,3,Laptop & Accessory,1,Married,8,0,23.0,2.0,7.0,7.0,153.04,19.13,9.0,0.0,1.75,0.25,0
1.0,Mobile Phone,1,22.0,Credit Card,Male,3.0,1,Laptop & Accessory,5,Single,1,0,19.0,0.0,1.0,7.0,156.61,78.305,3.0,0.0,3.5,0.0,0
8.0,Mobile Phone,3,14.0,Debit Card,Male,3.0,3,Mobile Phone,3,Divorced,2,0,13.0,1.0,1.0,0.0,124.04,62.02,9.0,0.0,0.0,0.5,0
19.0,Computer,3,33.0,E wallet,Male,3.0,5,Laptop & Accessory,5,Married,3,0,16.0,4.0,5.0,6.0,168.85,28.1417,15.0,0.0,0.3,0.6667,0
0.0,Computer,3,17.0,UPI,Male,2.0,2,Laptop & Accessory,3,Divorced,9,0,12.0,1.0,1.0,2.0,147.07,73.535,4.0,0.0,2.0,0.5,1
5.0,Mobile Phone,3,27.0,E wallet,Female,4.0,4,Mobile Phone,4,Single,3,1,23.0,1.0,2.0,3.0,156.4,52.1333,16.0,2.0,0.5,0.3333,1
27.0,Mobile Phone,1,23.0,Cash on Delivery,Female,2.0,3,Fashion,3,Divorced,9,0,11.0,1.0,1.0,8.0,207.39,103.695,6.0,0.0,0.2857,0.5,0
16.0,Mobile Phone,1,13.0,Credit Card,Male,3.0,4,Fashion,5,Married,11,0,14.0,6.0,2.0,8.0,258.48,86.16,12.0,0.0,0.4706,2.0,0
17.0,Computer,1,16.0,Credit Card,Male,4.0,4,Laptop & Accessory,3,Married,5,1,14.0,3.0,5.0,8.0,181.79,30.2983,16.0,3.0,0.4444,0.5,0
11.0,Mobile Phone,1,20.0,Credit Card,Male,3.0,4,Laptop & Accessory,1,Married,3,0,18.0,3.0,4.0,8.0,167.85,33.57,12.0,0.0,0.6667,0.6,0
8.0,Computer,3,14.0,E wallet,Female,3.0,4,Fashion,2,Divorced,5,1,11.0,2.0,4.0,12.0,203.77,40.754,12.0,4.0,1.3333,0.4,0
10.0,Mobile Phone,1,27.0,Debit Card,Male,3.0,2,Mobile Phone,5,Divorced,2,1,12.0,0.0,1.0,7.0,135.64,67.82,6.0,1.0,0.6364,0.0,0
10.0,Mobile Phone,1,10.0,Cash on Delivery,Male,2.0,4,Laptop & Accessory,4,Single,6,0,13.0,3.0,8.0,8.0,169.85,18.8722,8.0,0.0,0.7273,0.3333,0
9.0,Computer,1,9.0,Credit Card,Male,1.0,3,Mobile Phone,4,Single,5,0,12.0,2.0,7.0,2.0,120.88,15.11,3.0,0.0,0.2,0.25,0
19.0,Mobile Phone,3,9.0,E wallet,Male,2.0,3,Grocery,3,Divorced,4,0,12.0,1.0,4.0,9.0,274.65,54.93,6.0,0.0,0.45,0.2,0
6.0,Mobile Phone,3,7.0,E wallet,Female,3.0,4,Fashion,1,Married,3,0,20.0,4.0,6.0,3.0,229.22,32.7457,12.0,0.0,0.4286,0.5714,0
9.0,Computer,1,15.0,Credit Card,Male,2.0,3,Mobile Phone,4,Married,7,0,18.0,0.0,2.0,2.0,120.24,40.08,6.0,0.0,0.2,0.0,0
9.0,Computer,2,14.0,UPI,Female,3.0,4,Mobile Phone,1,Married,7,0,11.0,1.0,1.0,2.0,121.8,60.9,12.0,0.0,0.2,0.5,1
18.0,Mobile Phone,1,10.0,UPI,Male,3.0,4,Others,1,Married,6,1,15.0,1.0,2.0,2.0,320.13,106.71,12.0,5.0,0.1053,0.3333,0
27.0,Mobile Phone,1,13.0,Credit Card,Female,3.0,3,Laptop & Accessory,1,Married,5,0,15.0,1.0,1.0,7.0,168.54,84.27,9.0,0.0,0.25,0.5,0
9.0,Mobile Phone,1,11.0,Debit Card,Male,3.0,3,Laptop & Accessory,4,Single,9,0,16.0,0.0,3.0,7.0,159.14,39.785,9.0,0.0,0.7,0.0,0
20.0,Mobile Phone,3,7.0,E wallet,Female,4.0,4,Fashion,5,Married,3,0,26.0,9.0,16.0,3.0,229.53,13.5018,16.0,0.0,0.1429,0.5294,0
9.0,Mobile Phone,1,27.0,Credit Card,Male,3.0,1,Mobile Phone,4,Married,2,0,18.0,0.0,2.0,13.0,120.28,40.0933,3.0,0.0,1.3,0.0,0
30.0,Mobile Phone,1,7.0,Credit Card,Female,3.0,3,Others,5,Married,4,1,15.0,1.0,1.0,5.0,297.01,148.505,9.0,1.0,0.1613,0.5,0
3.0,Mobile Phone,1,12.0,Cash on Delivery,Female,2.0,4,Laptop & Accessory,1,Married,1,0,12.0,5.0,6.0,7.0,146.27,20.8957,8.0,0.0,1.75,0.7143,0
1.0,Computer,3,20.0,Cash on Delivery,Female,3.0,4,Laptop & Accessory,4,Single,7,0,12.0,2.0,2.0,1.0,182.65,60.8833,12.0,0.0,0.5,0.6667,1
0.0,Mobile Phone,1,14.0,Cash on Delivery,Male,2.0,4,Mobile Phone,1,Married,6,0,12.0,1.0,1.0,3.0,123.67,61.835,8.0,0.0,3.0,0.5,1
31.0,Mobile Phone,3,28.0,Debit Card,Female,4.0,4,Grocery,1,Married,6,1,15.0,2.0,2.0,1.0,303.75,101.25,16.0,5.0,0.0312,0.6667,0
10.0,Mobile Phone,1,15.0,Cash on Delivery,Female,3.0,4,Fashion,3,Married,3,0,14.0,8.0,13.0,3.0,225.96,16.14,12.0,0.0,0.2727,0.5714,0
8.0,Mobile Phone,1,9.0,Credit Card,Female,3.0,5,Mobile Phone,5,Single,3,0,12.0,2.0,2.0,4.0,168.81,56.27,15.0,0.0,0.4444,0.6667,0
10.0,Computer,3,18.0,Cash on Delivery,Female,4.0,4,Fashion,1,Married,2,0,15.0,1.0,3.0,3.0,222.38,55.595,16.0,0.0,0.2727,0.25,0
8.0,Mobile Phone,2,32.0,Debit Card,Female,2.0,3,Fashion,1,Single,2,1,16.0,1.0,1.0,7.0,188.37,94.185,6.0,5.0,0.7778,0.5,0
1.0,Computer,1,6.0,Debit Card,Female,2.0,5,Laptop & Accessory,2,Divorced,1,0,11.0,7.0,7.0,5.0,166.74,20.8425,10.0,0.0,2.5,0.875,0
2.0,Mobile Phone,1,14.0,Credit Card,Female,3.0,4,Mobile Phone,1,Married,7,0,14.0,1.0,1.0,3.0,125.32,62.66,12.0,0.0,1.0,0.5,0
12.0,Computer,1,8.0,Cash on Delivery,Female,3.0,3,Fashion,3,Single,1,0,25.0,10.0,11.0,3.0,209.38,17.4483,9.0,0.0,0.2308,0.8333,0
9.0,Mobile Phone,1,6.0,Debit Card,Male,3.0,4,Mobile Phone,3,Married,2,0,14.0,0.0,1.0,0.0,115.63,57.815,12.0,0.0,0.0,0.0,0
0.0,Mobile Phone,3,10.0,E wallet,Male,2.0,4,Laptop & Accessory,1,Single,2,1,12.0,4.0,7.0,4.0,158.28,19.785,8.0,5.0,4.0,0.5,1
16.0,Mobile Phone,3,10.0,E wallet,Female,2.0,4,Fashion,1,Single,4,0,14.0,10.0,15.0,17.0,202.31,12.6444,8.0,0.0,1.0,0.625,0
1.0,Computer,1,9.0,Debit Card,Male,4.0,2,Laptop & Accessory,3,Married,3,0,18.0,2.0,2.0,8.0,177.06,59.02,8.0,0.0,4.0,0.6667,0
16.0,Mobile Phone,3,12.0,Debit Card,Male,4.0,4,Fashion,4,Single,11,1,20.0,6.0,8.0,3.0,209.46,23.2733,16.0,2.0,0.1765,0.6667,1
7.0,Computer,1,11.0,Cash on Delivery,Male,3.0,4,Laptop & Accessory,4,Married,7,0,16.0,1.0,2.0,8.0,155.55,51.85,12.0,0.0,1.0,0.3333,0
1.0,Mobile Phone,3,12.0,E wallet,Male,3.0,4,Others,3,Married,8,0,15.0,1.0,2.0,1.0,308.03,102.6767,12.0,0.0,0.5,0.3333,0
1.0,Mobile Phone,1,17.0,Debit Card,Female,3.0,5,Mobile Phone,5,Single,3,0,14.0,1.0,2.0,1.0,139.16,46.3867,15.0,0.0,0.5,0.3333,1
13.0,Mobile Phone,3,32.0,E wallet,Male,3.0,3,Laptop & Accessory,5,Married,2,0,14.0,3.0,7.0,5.0,183.96,22.995,9.0,0.0,0.3571,0.375,0
5.0,Computer,3,9.0,Debit Card,Female,3.0,4,Fashion,3,Married,3,1,20.0,4.0,10.0,3.0,223.52,20.32,12.0,3.0,0.5,0.3636,0
6.0,Mobile Phone,1,9.0,Cash on Delivery,Male,3.0,5,Laptop & Accessory,5,Single,6,0,14.0,1.0,2.0,5.0,146.76,48.92,15.0,0.0,0.7143,0.3333,0
1.0,Computer,3,33.0,E wallet,Female,3.0,5,Laptop & Accessory,5,Single,7,0,16.0,2.0,2.0,2.0,191.96,63.9867,15.0,0.0,1.0,0.6667,1
12.0,Mobile Phone,1,11.0,Credit Card,Female,3.0,4,Mobile Phone,3,Married,9,0,20.0,1.0,2.0,1.0,158.06,52.6867,12.0,0.0,0.0769,0.3333,0
6.0,Mobile Phone,1,31.0,Debit Card,Male,2.0,4,Laptop & Accessory,4,Single,2,0,13.0,1.0,1.0,2.0,143.2,71.6,8.0,0.0,0.2857,0.5,0
5.0,Mobile Phone,2,15.0,Credit Card,Female,4.0,2,Mobile Phone,4,Single,11,0,19.0,2.0,2.0,3.0,146.09,48.6967,8.0,0.0,0.5,0.6667,0
25.0,Mobile Phone,1,18.0,Cash on Delivery,Female,3.0,5,Grocery,4,Single,5,0,17.0,1.0,2.0,4.0,256.42,85.4733,15.0,0.0,0.1538,0.3333,0
3.0,Mobile Phone,1,16.0,Credit Card,Female,3.0,4,Mobile Phone,3,Married,11,0,18.0,1.0,2.0,3.0,154.74,51.58,12.0,0.0,0.75,0.3333,0
6.0,Mobile Phone,1,14.0,Debit Card,Male,3.0,3,Laptop & Accessory,3,Single,3,1,17.0,0.0,1.0,0.0,163.88,81.94,9.0,3.0,0.0,0.0,0
15.0,Computer,1,29.0,Debit Card,Female,4.0,4,Laptop & Accessory,2,Married,5,1,15.0,1.0,4.0,4.0,179.67,35.934,16.0,4.0,0.25,0.2,0
0.0,Mobile Phone,3,30.0,Credit Card,Female,2.0,4,Laptop & Accessory,4,Single,1,1,23.0,2.0,10.0,10.0,145.99,13.2718,8.0,2.0,10.0,0.1818,1
21.0,Computer,1,6.0,Credit Card,Male,2.0,1,Grocery,1,Single,3,0,22.0,1.0,2.0,1.0,268.85,89.6167,2.0,0.0,0.0455,0.3333,0
0.0,Mobile Phone,1,14.0,Debit Card,Male,2.0,3,Mobile Phone,5,Single,2,0,25.0,0.0,1.0,0.0,125.52,62.76,6.0,0.0,0.0,0.0,0
8.0,Mobile Phone,1,22.0,Debit Card,Female,3.0,4,Fashion,4,Single,2,0,19.0,1.0,3.0,3.0,186.06,46.515,12.0,0.0,0.3333,0.25,0
18.0,Mobile Phone,1,14.0,Debit Card,Male,2.0,3,Laptop & Accessory,4,Married,9,0,18.0,1.0,1.0,15.0,123.48,61.74,6.0,0.0,0.7895,0.5,0
31.0,Mobile Phone,3,23.0,E wallet,Male,3.0,4,Laptop & Accessory,5,Single,10,0,15.0,3.0,3.0,3.0,179.05,44.7625,12.0,0.0,0.0938,0.75,0
18.0,Mobile Phone,2,7.0,Debit Card,Female,3.0,4,Mobile Phone,1,Married,6,1,19.0,3.0,3.0,3.0,156.95,39.2375,12.0,5.0,0.1579,0.75,0
26.0,Computer,1,35.0,Credit Card,Female,3.0,2,Grocery,3,Divorced,4,1,12.0,1.0,2.0,3.0,257.47,85.8233,6.0,3.0,0.1111,0.3333,0
2.0,Mobile Phone,1,7.0,Debit Card,Male,2.0,3,Laptop & Accessory,5,Married,1,0,12.0,0.0,1.0,2.0,153.73,76.865,6.0,0.0,0.6667,0.0,0
0.0,Computer,3,14.0,Cash on Delivery,Female,3.0,5,Mobile Phone,5,Single,1,0,21.0,1.0,1.0,0.0,123.25,61.625,15.0,0.0,0.0,0.5,1
9.0,Mobile Phone,3,15.0,E wallet,Male,2.0,3,Fashion,1,Married,5,0,11.0,0.0,4.0,3.0,200.96,40.192,6.0,0.0,0.3,0.0,1
12.0,Computer,1,31.0,Debit Card,Male,3.0,3,Fashion,3,Married,4,0,21.0,0.0,1.0,3.0,209.2,104.6,9.0,0.0,0.2308,0.0,0
19.0,Mobile Phone,1,7.0,Credit Card,Female,4.0,4,Mobile Phone,1,Married,5,0,15.0,2.0,2.0,3.0,147.7,49.2333,16.0,0.0,0.15,0.6667,0
9.0,Mobile Phone,1,6.0,Credit Card,Male,3.0,3,Mobile Phone,1,Married,3,1,16.0,0.0,2.0,0.0,122.93,40.9767,9.0,5.0,0.0,0.0,1
24.0,Mobile Phone,3,32.0,E wallet,Female,3.0,3,Grocery,3,Divorced,3,0,14.0,1.0,4.0,17.0,263.07,52.614,9.0,0.0,0.68,0.2,0
0.0,Mobile Phone,1,16.0,Credit Card,Male,2.0,5,Mobile Phone,2,Married,8,0,13.0,0.0,1.0,3.0,134.08,67.04,10.0,0.0,3.0,0.0,1
6.0,Computer,1,9.0,Debit Card,Female,3.0,4,Laptop & Accessory,3,Single,6,1,15.0,2.0,2.0,8.0,174.98,58.3267,12.0,3.0,1.1429,0.6667,0
16.0,Computer,3,8.0,Debit Card,Male,3.0,3,Laptop & Accessory,1,Married,2,0,20.0,5.0,7.0,7.0,156.75,19.5938,9.0,0.0,0.4118,0.625,0
9.0,Mobile Phone,1,6.0,UPI,Female,2.0,3,Laptop & Accessory,4,Divorced,1,0,15.0,0.0,1.0,5.0,152.28,76.14,6.0,0.0,0.5,0.0,0
0.0,Mobile Phone,3,11.0,E wallet,Female,3.0,3,Mobile Phone,3,Single,2,1,13.0,1.0,1.0,0.0,128.51,64.255,9.0,3.0,0.0,0.5,1
8.0,Computer,1,9.0,Debit Card,Male,3.0,5,Laptop & Accessory,3,Divorced,3,0,18.0,1.0,2.0,3.0,220.47,73.49,15.0,0.0,0.3333,0.3333,0
16.0,Mobile Phone,1,36.0,Debit Card,Male,4.0,4,Laptop & Accessory,4,Married,3,0,14.0,6.0,8.0,9.0,169.34,18.8156,16.0,0.0,0.5294,0.6667,0
7.0,Mobile Phone,1,14.0,Credit Card,Male,3.0,4,Fashion,3,Married,2,0,12.0,2.0,2.0,8.0,241.91000000000005,80.6367,12.0,0.0,1.0,0.6667,0
20.0,Mobile Phone,3,7.0,E wallet,Female,4.0,4,Fashion,5,Married,3,0,26.0,5.0,16.0,3.0,229.53,13.5018,16.0,0.0,0.1429,0.2941,0
5.0,Mobile Phone,1,11.0,Debit Card,Male,3.0,1,Mobile Phone,4,Married,1,1,12.0,1.0,1.0,5.0,132.98,66.49,3.0,2.0,0.8333,0.5,0
5.0,Mobile Phone,3,14.0,Credit Card,Male,2.0,1,Laptop & Accessory,2,Divorced,2,0,15.0,0.0,1.0,8.0,162.09,81.045,2.0,0.0,1.3333,0.0,0
0.0,Computer,1,10.0,Cash on Delivery,Male,3.0,4,Mobile Phone,3,Single,6,0,16.0,0.0,1.0,2.0,138.94,69.47,12.0,0.0,2.0,0.0,1
10.0,Mobile Phone,1,12.0,Debit Card,Female,3.0,4,Fashion,5,Married,6,0,13.0,2.0,2.0,3.0,205.08,68.36,12.0,0.0,0.2727,0.6667,0
5.0,Mobile Phone,1,14.0,Cash on Delivery,Male,3.0,3,Mobile Phone,5,Single,2,0,14.0,1.0,1.0,2.0,124.39,62.195,9.0,0.0,0.3333,0.5,0
29.0,Mobile Phone,2,14.0,Debit Card,Male,3.0,3,Others,4,Single,7,0,15.0,2.0,7.0,7.0,297.17,37.1462,9.0,0.0,0.2333,0.25,0
20.0,Computer,1,14.0,Credit Card,Female,2.0,4,Laptop & Accessory,3,Divorced,4,0,15.0,1.0,2.0,1.0,177.58,59.1933,8.0,0.0,0.0476,0.3333,0
19.0,Mobile Phone,2,7.0,Debit Card,Female,2.0,3,Mobile Phone,5,Single,7,0,12.0,2.0,5.0,7.0,134.23,22.3717,6.0,0.0,0.35,0.3333,0
20.0,Computer,1,22.0,Credit Card,Male,3.0,1,Laptop & Accessory,3,Married,2,1,19.0,1.0,2.0,7.0,150.67,50.2233,3.0,3.0,0.3333,0.3333,0
0.0,Computer,1,6.0,Debit Card,Female,2.0,3,Laptop & Accessory,4,Married,2,0,20.0,0.0,1.0,4.0,163.97,81.985,6.0,0.0,4.0,0.0,0
8.0,Computer,1,8.0,Credit Card,Male,2.0,3,Laptop & Accessory,1,Married,3,0,14.0,0.0,1.0,7.0,157.62,78.81,6.0,0.0,0.7778,0.0,0
19.0,Mobile Phone,1,20.0,Debit Card,Female,3.0,3,Mobile Phone,4,Divorced,10,1,18.0,1.0,4.0,3.0,149.63,29.926,9.0,2.0,0.15,0.2,1
14.0,Computer,1,14.0,Debit Card,Male,2.0,5,Fashion,1,Single,3,0,15.0,1.0,1.0,3.0,206.5,103.25,10.0,0.0,0.2,0.5,1
9.0,Mobile Phone,3,11.0,Cash on Delivery,Male,2.0,3,Laptop & Accessory,1,Married,4,0,14.0,0.0,1.0,0.0,120.86,60.43,6.0,0.0,0.0,0.0,1
1.0,Mobile Phone,1,19.0,Debit Card,Female,4.0,4,Mobile Phone,1,Married,3,1,12.0,2.0,2.0,1.0,150.15,50.05,16.0,5.0,0.5,0.6667,1
1.0,Computer,1,27.0,Debit Card,Male,4.0,4,Fashion,3,Married,5,0,13.0,2.0,2.0,3.0,223.24,74.4133,16.0,0.0,1.5,0.6667,1
9.0,Mobile Phone,1,16.0,Credit Card,Male,3.0,4,Laptop & Accessory,3,Single,3,0,20.0,1.0,2.0,9.0,175.98,58.66,12.0,0.0,0.9,0.3333,0
25.0,Computer,1,13.0,Credit Card,Female,3.0,5,Mobile Phone,3,Single,2,0,15.0,4.0,8.0,8.0,153.38,17.0422,15.0,0.0,0.3077,0.4444,0
26.0,Mobile Phone,1,8.0,Credit Card,Male,2.0,1,Grocery,4,Single,5,0,12.0,1.0,8.0,8.0,265.98,29.5533,2.0,0.0,0.2963,0.1111,0
9.0,Mobile Phone,1,16.0,Cash on Delivery,Male,2.0,1,Mobile Phone,3,Married,3,0,16.0,0.0,2.0,2.0,120.73,40.2433,2.0,0.0,0.2,0.0,0
7.0,Computer,1,7.0,Credit Card,Male,3.0,5,Mobile Phone,3,Married,3,0,13.0,1.0,2.0,1.0,145.08,48.36,15.0,0.0,0.125,0.3333,0
14.0,Mobile Phone,3,9.0,E wallet,Female,3.0,4,Laptop & Accessory,4,Married,9,0,13.0,1.0,2.0,4.0,182.15,60.7167,12.0,0.0,0.2667,0.3333,0
9.0,Mobile Phone,1,6.0,Credit Card,Male,2.0,4,Mobile Phone,3,Married,7,0,12.0,1.0,1.0,7.0,122.58,61.29,8.0,0.0,0.7,0.5,0
7.0,Mobile Phone,1,7.0,Debit Card,Female,2.0,4,Mobile Phone,4,Married,6,0,17.0,1.0,1.0,2.0,132.94,66.47,8.0,0.0,0.25,0.5,0
1.0,Mobile Phone,3,29.0,E wallet,Male,3.0,4,Mobile Phone,3,Single,3,1,20.0,1.0,2.0,1.0,141.75,47.25,12.0,3.0,0.5,0.3333,1
0.0,Mobile Phone,1,13.0,UPI,Male,3.0,1,Mobile Phone,5,Single,1,0,12.0,0.0,1.0,7.0,135.78,67.89,3.0,0.0,7.0,0.0,0
3.0,Mobile Phone,1,8.0,Credit Card,Female,2.0,4,Laptop & Accessory,2,Single,6,1,24.0,1.0,1.0,0.0,168.77,84.385,8.0,4.0,0.0,0.5,0
10.0,Mobile Phone,2,14.0,UPI,Male,2.0,3,Laptop & Accessory,4,Married,3,0,13.0,4.0,4.0,7.0,140.71,28.142,6.0,0.0,0.6364,0.8,0
11.0,Mobile Phone,1,17.0,Debit Card,Male,3.0,4,Laptop & Accessory,4,Single,4,1,13.0,1.0,2.0,2.0,166.97,55.6567,12.0,2.0,0.1667,0.3333,0
19.0,Mobile Phone,1,14.0,Cash on Delivery,Male,3.0,3,Mobile Phone,3,Married,9,0,11.0,6.0,9.0,8.0,123.39,12.339,9.0,0.0,0.4,0.6,1
10.0,Mobile Phone,1,10.0,Debit Card,Female,3.0,4,Mobile Phone,1,Married,7,0,23.0,1.0,2.0,1.0,153.35,51.1167,12.0,0.0,0.0909,0.3333,0
19.0,Mobile Phone,1,35.0,Cash on Delivery,Male,4.0,4,Mobile Phone,1,Married,6,0,21.0,2.0,2.0,4.0,146.32,48.7733,16.0,0.0,0.2,0.6667,0
0.0,Mobile Phone,3,19.0,E wallet,Female,2.0,3,Laptop & Accessory,3,Single,4,1,11.0,0.0,2.0,2.0,198.54,66.18,6.0,3.0,2.0,0.0,1
6.0,Computer,3,22.0,Debit Card,Female,2.0,3,Laptop & Accessory,1,Married,2,1,25.0,0.0,1.0,2.0,153.68,76.84,6.0,5.0,0.2857,0.0,0
4.0,Mobile Phone,3,11.0,Debit Card,Female,3.0,3,Laptop & Accessory,1,Married,2,0,11.0,0.0,1.0,2.0,154.76,77.38,9.0,0.0,0.4,0.0,0
1.0,Mobile Phone,1,10.0,Cash on Delivery,Female,3.0,4,Mobile Phone,5,Single,7,1,12.0,2.0,2.0,5.0,151.57,50.5233,12.0,1.0,2.5,0.6667,1
9.0,Mobile Phone,2,33.0,Debit Card,Female,3.0,4,Fashion,1,Single,3,1,17.0,2.0,2.0,3.0,213.37,71.1233,12.0,5.0,0.3,0.6667,0
9.0,Mobile Phone,1,23.0,Credit Card,Male,3.0,5,Mobile Phone,3,Married,2,0,15.0,0.0,1.0,2.0,123.05,61.525,15.0,0.0,0.2,0.0,0
1.0,Computer,1,11.0,Cash on Delivery,Male,4.0,5,Mobile Phone,3,Single,7,0,17.0,1.0,2.0,3.0,163.94,54.6467,20.0,0.0,1.5,0.3333,1
0.0,Mobile Phone,1,14.0,Debit Card,Female,2.0,3,Mobile Phone,4,Single,2,1,12.0,0.0,1.0,2.0,124.78,62.39,6.0,2.0,2.0,0.0,0
9.0,Mobile Phone,1,23.0,Debit Card,Male,4.0,4,Fashion,3,Married,6,1,13.0,1.0,2.0,1.0,201.32,67.1067,16.0,3.0,0.1,0.3333,0
11.0,Mobile Phone,1,17.0,Debit Card,Male,3.0,4,Laptop & Accessory,4,Single,4,1,13.0,1.0,2.0,2.0,166.97,55.6567,12.0,2.0,0.1667,0.3333,0
1.0,Mobile Phone,1,8.0,Debit Card,Male,3.0,4,Mobile Phone,4,Divorced,1,0,17.0,0.0,1.0,4.0,132.01,66.005,12.0,0.0,2.0,0.0,0
16.0,Mobile Phone,1,9.0,Credit Card,Male,3.0,4,Grocery,5,Divorced,2,0,15.0,6.0,14.0,8.0,301.65,20.11,12.0,0.0,0.4706,0.4,0
0.0,Mobile Phone,3,8.0,Debit Card,Male,3.0,3,Laptop & Accessory,3,Single,2,1,11.0,0.0,1.0,4.0,144.78,72.39,9.0,3.0,4.0,0.0,0
10.0,Computer,3,33.0,Debit Card,Female,3.0,1,Laptop & Accessory,3,Single,5,1,12.0,1.0,1.0,3.0,163.97,81.985,3.0,3.0,0.2727,0.5,1
1.0,Mobile Phone,3,35.0,E wallet,Male,4.0,4,Laptop & Accessory,4,Divorced,3,0,21.0,2.0,2.0,5.0,187.72,62.5733,16.0,0.0,2.5,0.6667,0
20.0,Mobile Phone,1,22.0,Debit Card,Male,3.0,4,Others,4,Married,7,0,15.0,2.0,2.0,4.0,315.81,105.27,12.0,0.0,0.1905,0.6667,0
0.0,Mobile Phone,1,14.0,Cash on Delivery,Male,3.0,5,Mobile Phone,1,Single,2,1,18.0,0.0,1.0,0.0,123.4,61.7,15.0,5.0,0.0,0.0,1
17.0,Computer,1,8.0,Credit Card,Male,2.0,3,Fashion,3,Single,6,1,18.0,0.0,2.0,2.0,202.09,67.3633,6.0,3.0,0.1111,0.0,0
10.0,Computer,3,15.0,Debit Card,Male,2.0,5,Grocery,3,Married,8,0,11.0,1.0,14.0,3.0,229.36,15.2907,10.0,0.0,0.2727,0.0667,1
12.0,Computer,1,9.0,Debit Card,Female,4.0,2,Laptop & Accessory,5,Single,8,1,13.0,5.0,5.0,13.0,184.8,30.8,8.0,1.0,1.0,0.8333,0
1.0,Mobile Phone,1,11.0,Cash on Delivery,Male,3.0,4,Mobile Phone,5,Single,3,0,20.0,2.0,2.0,1.0,154.73,51.5767,12.0,0.0,0.5,0.6667,1
16.0,Mobile Phone,1,7.0,Debit Card,Female,3.0,5,Laptop & Accessory,1,Married,11,1,14.0,1.0,2.0,3.0,185.62,61.8733,15.0,5.0,0.1765,0.3333,0
12.0,Computer,1,14.0,Debit Card,Male,3.0,2,Mobile Phone,3,Married,3,0,12.0,1.0,2.0,4.0,151.1,50.3667,6.0,0.0,0.3077,0.3333,0
11.0,Mobile Phone,3,6.0,Debit Card,Male,3.0,4,Mobile Phone,5,Single,5,0,14.0,0.0,1.0,0.0,128.58,64.29,12.0,0.0,0.0,0.0,0
6.0,Computer,1,11.0,Debit Card,Female,3.0,3,Fashion,4,Divorced,7,0,11.0,2.0,8.0,3.0,218.78,24.3089,9.0,0.0,0.4286,0.2222,0
0.0,Mobile Phone,1,14.0,Credit Card,Male,2.0,3,Mobile Phone,2,Divorced,6,1,13.0,0.0,1.0,4.0,124.36,62.18,6.0,4.0,4.0,0.0,1
29.0,Computer,1,25.0,Credit Card,Male,4.0,4,Laptop & Accessory,4,Married,5,1,15.0,3.0,7.0,8.0,188.85,23.6062,16.0,2.0,0.2667,0.375,0
7.0,Mobile Phone,1,14.0,Credit Card,Male,3.0,4,Fashion,3,Divorced,2,0,12.0,1.0,2.0,8.0,241.91000000000005,80.6367,12.0,0.0,1.0,0.3333,0
21.0,Mobile Phone,1,32.0,Credit Card,Male,3.0,4,Fashion,3,Single,4,0,24.0,2.0,13.0,3.0,211.33,15.095,12.0,0.0,0.1364,0.1429,0
30.0,Computer,3,34.0,E wallet,Female,3.0,4,Fashion,5,Divorced,5,0,19.0,13.0,13.0,11.0,202.66,14.4757,12.0,0.0,0.3548,0.9286,0
3.0,Mobile Phone,1,30.0,Debit Card,Male,3.0,2,Mobile Phone,3,Married,3,0,25.0,2.0,2.0,8.0,152.0,50.6667,6.0,0.0,2.0,0.6667,0
2.0,Mobile Phone,1,16.0,Credit Card,Female,4.0,4,Mobile Phone,3,Married,7,0,19.0,1.0,3.0,3.0,148.77,37.1925,16.0,0.0,1.0,0.25,0
16.0,Mobile Phone,1,31.0,Credit Card,Male,3.0,4,Fashion,5,Married,3,1,22.0,6.0,6.0,9.0,199.06,28.4371,12.0,1.0,0.5294,0.8571,0
1.0,Mobile Phone,1,7.0,Cash on Delivery,Female,4.0,5,Mobile Phone,4,Single,3,1,12.0,2.0,3.0,3.0,145.7,36.425,20.0,2.0,1.5,0.5,0
8.0,Mobile Phone,1,14.0,Debit Card,Female,2.0,1,Mobile Phone,3,Single,4,0,13.0,0.0,2.0,2.0,125.06,41.6867,2.0,0.0,0.2222,0.0,0
1.0,Computer,1,13.0,UPI,Male,4.0,2,Mobile Phone,1,Married,2,0,19.0,3.0,8.0,8.0,150.44,16.7156,8.0,0.0,4.0,0.3333,0
0.0,Mobile Phone,1,29.0,Credit Card,Male,3.0,1,Mobile Phone,1,Married,2,1,11.0,0.0,1.0,4.0,127.25,63.625,3.0,5.0,4.0,0.0,0
17.0,Mobile Phone,1,13.0,UPI,Male,3.0,5,Grocery,1,Married,6,1,15.0,1.0,2.0,1.0,291.27,97.09,15.0,5.0,0.0556,0.3333,0
6.0,Mobile Phone,1,6.0,Debit Card,Female,2.0,4,Laptop & Accessory,1,Single,1,0,14.0,1.0,1.0,4.0,169.49,84.745,8.0,0.0,0.5714,0.5,0
7.0,Mobile Phone,3,34.0,E wallet,Female,3.0,4,Laptop & Accessory,3,Married,2,0,21.0,1.0,1.0,7.0,167.12,83.56,12.0,0.0,0.875,0.5,0
0.0,Mobile Phone,1,14.0,Debit Card,Male,3.0,3,Mobile Phone,3,Married,2,0,11.0,1.0,1.0,3.0,125.17,62.585,9.0,0.0,3.0,0.5,0
7.0,Mobile Phone,1,14.0,Credit Card,Female,3.0,3,Laptop & Accessory,3,Single,4,0,11.0,0.0,4.0,3.0,161.42,32.284,9.0,0.0,0.375,0.0,0
13.0,Mobile Phone,3,20.0,Debit Card,Female,2.0,3,Laptop & Accessory,5,Married,2,0,15.0,0.0,1.0,2.0,146.39,73.195,6.0,0.0,0.1429,0.0,0
7.0,Mobile Phone,3,8.0,UPI,Male,2.0,3,Laptop & Accessory,1,Single,2,0,22.0,0.0,1.0,4.0,162.74,81.37,6.0,0.0,0.5,0.0,0
6.0,Computer,1,11.0,Debit Card,Female,3.0,3,Fashion,4,Married,7,0,11.0,7.0,8.0,3.0,218.78,24.3089,9.0,0.0,0.4286,0.7778,0
26.0,Mobile Phone,1,13.0,Debit Card,Male,2.0,2,Grocery,3,Divorced,4,0,19.0,0.0,2.0,3.0,248.14,82.7133,4.0,0.0,0.1111,0.0,0
9.0,Computer,1,15.0,Debit Card,Female,3.0,4,Laptop & Accessory,3,Married,3,0,13.0,1.0,3.0,10.0,166.48,41.62,12.0,0.0,1.0,0.25,0
30.0,Mobile Phone,2,15.0,Debit Card,Male,3.0,4,Others,4,Single,8,0,15.0,2.0,8.0,8.0,322.17,35.7967,12.0,0.0,0.2581,0.2222,0
15.0,Mobile Phone,3,20.0,Credit Card,Female,3.0,4,Laptop & Accessory,3,Single,8,0,17.0,1.0,1.0,3.0,162.44,81.22,12.0,0.0,0.1875,0.5,0
1.0,Mobile Phone,1,16.0,Credit Card,Female,3.0,4,Mobile Phone,5,Single,9,0,23.0,2.0,2.0,5.0,167.0,55.6667,12.0,0.0,2.5,0.6667,1
7.0,Mobile Phone,1,22.0,Credit Card,Female,4.0,4,Laptop & Accessory,1,Married,2,1,14.0,7.0,9.0,2.0,173.78,17.378,16.0,5.0,0.25,0.7,0
12.0,Mobile Phone,1,36.0,Cash on Delivery,Male,3.0,4,Laptop & Accessory,1,Married,5,0,19.0,1.0,2.0,8.0,187.61,62.5367,12.0,0.0,0.6154,0.3333,0
14.0,Mobile Phone,3,10.0,E wallet,Male,3.0,5,Mobile Phone,3,Married,3,1,15.0,2.0,2.0,3.0,151.83,50.61,15.0,3.0,0.2,0.6667,1
9.0,Mobile Phone,3,6.0,Debit Card,Male,2.0,3,Laptop & Accessory,1,Married,2,1,14.0,3.0,4.0,11.0,162.01,32.402,6.0,5.0,1.1,0.6,0
1.0,Mobile Phone,1,10.0,Credit Card,Male,4.0,4,Mobile Phone,5,Divorced,7,0,14.0,2.0,2.0,3.0,165.31,55.1033,16.0,0.0,1.5,0.6667,1
12.0,Mobile Phone,1,22.0,Debit Card,Male,4.0,5,Fashion,1,Married,2,1,15.0,3.0,2.0,10.0,240.1,80.0333,20.0,5.0,0.7692,1.0,0
0.0,Mobile Phone,1,25.0,UPI,Male,3.0,4,Mobile Phone,5,Married,2,0,11.0,0.0,1.0,7.0,140.66,70.33,12.0,0.0,7.0,0.0,0
9.0,Computer,1,11.0,Debit Card,Male,3.0,4,Mobile Phone,5,Married,7,0,17.0,1.0,1.0,0.0,121.07,60.535,12.0,0.0,0.0,0.5,1
6.0,Computer,3,33.0,E wallet,Male,4.0,4,Laptop & Accessory,1,Married,2,0,19.0,3.0,3.0,3.0,169.65,42.4125,16.0,0.0,0.4286,0.75,0
9.0,Computer,1,7.0,Credit Card,Female,2.0,4,Laptop & Accessory,3,Married,1,0,15.0,0.0,1.0,2.0,143.74,71.87,8.0,0.0,0.2,0.0,0
16.0,Computer,1,36.0,Debit Card,Female,4.0,4,Laptop & Accessory,3,Married,4,0,12.0,2.0,2.0,3.0,170.56,56.8533,16.0,0.0,0.1765,0.6667,0
11.0,Mobile Phone,1,7.0,Debit Card,Female,3.0,4,Mobile Phone,1,Single,3,0,13.0,2.0,6.0,8.0,146.15,20.8786,12.0,0.0,0.6667,0.2857,0
0.0,Mobile Phone,1,16.0,Credit Card,Male,3.0,1,Mobile Phone,3,Single,2,0,18.0,0.0,1.0,2.0,135.05,67.525,3.0,0.0,2.0,0.0,0
26.0,Mobile Phone,1,13.0,Debit Card,Male,2.0,1,Grocery,3,Married,4,0,19.0,0.0,2.0,3.0,248.14,82.7133,2.0,0.0,0.1111,0.0,0
3.0,Mobile Phone,3,22.0,Debit Card,Male,3.0,3,Laptop & Accessory,3,Married,9,0,15.0,1.0,2.0,2.0,153.01,51.0033,9.0,0.0,0.5,0.3333,0
12.0,Computer,1,19.0,Debit Card,Male,1.0,5,Laptop & Accessory,5,Married,4,0,16.0,2.0,2.0,3.0,187.88,62.6267,5.0,0.0,0.2308,0.6667,0
7.0,Mobile Phone,2,9.0,UPI,Male,4.0,4,Mobile Phone,3,Married,3,0,14.0,2.0,2.0,5.0,161.0,53.6667,16.0,0.0,0.625,0.6667,0
16.0,Mobile Phone,1,21.0,Debit Card,Male,3.0,4,Grocery,3,Married,2,0,24.0,1.0,6.0,11.0,276.03,39.4329,12.0,0.0,0.6471,0.1429,0
0.0,Computer,1,14.0,Credit Card,Male,2.0,4,Mobile Phone,5,Single,1,1,22.0,1.0,1.0,2.0,123.21,61.605,8.0,1.0,2.0,0.5,1
13.0,Mobile Phone,3,10.0,E wallet,Male,3.0,4,Fashion,2,Divorced,8,0,11.0,2.0,2.0,11.0,208.55,69.5167,12.0,0.0,0.7857,0.6667,0
0.0,Mobile Phone,3,8.0,E wallet,Male,3.0,3,Mobile Phone,5,Married,1,0,11.0,1.0,1.0,2.0,130.41,65.205,9.0,0.0,2.0,0.5,1
1.0,Mobile Phone,3,14.0,Debit Card,Male,3.0,5,Fashion,2,Married,11,0,22.0,2.0,2.0,2.0,240.57,80.19,15.0,0.0,1.0,0.6667,0
12.0,Mobile Phone,1,15.0,Credit Card,Male,2.0,3,Laptop & Accessory,5,Married,2,0,25.0,0.0,7.0,9.0,151.51,18.9388,6.0,0.0,0.6923,0.0,0
20.0,Mobile Phone,3,17.0,E wallet,Female,4.0,5,Fashion,2,Divorced,4,1,20.0,2.0,2.0,3.0,215.71,71.9033,20.0,4.0,0.1429,0.6667,0
4.0,Computer,1,14.0,Cash on Delivery,Male,4.0,4,Mobile Phone,3,Married,3,0,14.0,1.0,2.0,1.0,137.74,45.9133,16.0,0.0,0.2,0.3333,0
1.0,Mobile Phone,3,22.0,Credit Card,Male,3.0,6,Laptop & Accessory,1,Married,8,1,15.0,2.0,3.0,3.0,179.4,44.85,18.0,5.0,1.5,0.5,1
6.0,Computer,3,14.0,Debit Card,Female,2.0,4,Mobile Phone,1,Single,1,0,19.0,0.0,2.0,2.0,123.42,41.14,8.0,0.0,0.2857,0.0,0
1.0,Computer,1,10.0,Cash on Delivery,Male,4.0,4,Mobile Phone,5,Single,2,0,23.0,1.0,2.0,5.0,156.02,52.0067,16.0,0.0,2.5,0.3333,1
0.0,Mobile Phone,1,16.0,Credit Card,Male,2.0,5,Mobile Phone,1,Married,8,0,13.0,0.0,1.0,3.0,134.08,67.04,10.0,0.0,3.0,0.0,1
1.0,Computer,1,9.0,Cash on Delivery,Female,3.0,4,Mobile Phone,1,Single,3,1,14.0,1.0,2.0,4.0,162.6,54.2,12.0,5.0,2.0,0.3333,0
11.0,Computer,3,16.0,Credit Card,Male,4.0,4,Fashion,4,Married,3,0,14.0,7.0,8.0,3.0,213.34,23.7044,16.0,0.0,0.25,0.7778,0
22.0,Mobile Phone,1,7.0,Debit Card,Male,2.0,3,Grocery,3,Single,5,0,14.0,1.0,2.0,0.0,253.79,84.5967,6.0,0.0,0.0,0.3333,0
11.0,Mobile Phone,3,13.0,Credit Card,Male,4.0,4,Laptop & Accessory,2,Divorced,6,0,15.0,1.0,2.0,2.0,190.02,63.34,16.0,0.0,0.1667,0.3333,0
9.0,Mobile Phone,3,17.0,E wallet,Female,3.0,4,Laptop & Accessory,1,Married,5,0,13.0,1.0,1.0,0.0,166.52,83.26,12.0,0.0,0.0,0.5,0
1.0,Mobile Phone,1,36.0,Credit Card,Male,4.0,4,Mobile Phone,5,Married,3,0,14.0,2.0,2.0,3.0,164.07,54.69,16.0,0.0,1.5,0.6667,0
9.0,Computer,1,6.0,Credit Card,Female,3.0,4,Mobile Phone,3,Married,2,0,13.0,0.0,1.0,3.0,120.07,60.035,12.0,0.0,0.3,0.0,0
21.0,Computer,1,9.0,Debit Card,Male,3.0,5,Mobile Phone,1,Married,11,1,15.0,2.0,2.0,1.0,148.8,49.6,15.0,5.0,0.0455,0.6667,1
10.0,Mobile Phone,3,24.0,E wallet,Male,3.0,5,Laptop & Accessory,4,Married,4,0,17.0,2.0,2.0,4.0,180.07,60.0233,15.0,0.0,0.3636,0.6667,0
13.0,Mobile Phone,1,14.0,Credit Card,Female,2.0,4,Mobile Phone,1,Single,1,1,20.0,0.0,2.0,3.0,123.42,41.14,8.0,5.0,0.2143,0.0,0
21.0,Mobile Phone,1,6.0,Debit Card,Female,2.0,4,Grocery,5,Divorced,8,0,11.0,0.0,2.0,2.0,254.02,84.6733,8.0,0.0,0.0909,0.0,0
9.0,Mobile Phone,1,32.0,UPI,Male,3.0,5,Laptop & Accessory,2,Single,6,0,15.0,1.0,2.0,3.0,161.81,53.9367,15.0,0.0,0.3,0.3333,0
3.0,Mobile Phone,3,12.0,Credit Card,Male,3.0,5,Laptop & Accessory,4,Married,3,1,14.0,1.0,2.0,10.0,166.87,55.6233,15.0,2.0,2.5,0.3333,0
1.0,Computer,1,12.0,Debit Card,Female,3.0,4,Mobile Phone,1,Single,2,1,15.0,2.0,2.0,3.0,148.79,49.5967,12.0,5.0,1.5,0.6667,0
7.0,Mobile Phone,2,6.0,Credit Card,Male,3.0,4,Fashion,5,Married,10,0,14.0,2.0,3.0,6.0,204.82,51.205,12.0,0.0,0.75,0.5,1
1.0,Mobile Phone,1,35.0,Debit Card,Male,3.0,5,Laptop & Accessory,4,Married,2,0,14.0,0.0,1.0,7.0,165.49,82.745,15.0,0.0,3.5,0.0,0
8.0,Mobile Phone,1,22.0,Debit Card,Female,3.0,4,Fashion,4,Single,2,0,19.0,3.0,3.0,3.0,186.06,46.515,12.0,0.0,0.3333,0.75,0
3.0,Mobile Phone,3,17.0,Debit Card,Male,3.0,4,Mobile Phone,3,Single,3,0,12.0,1.0,2.0,1.0,151.42,50.4733,12.0,0.0,0.25,0.3333,0
11.0,Computer,1,36.0,Debit Card,Male,3.0,4,Fashion,4,Divorced,3,1,13.0,6.0,2.0,10.0,243.49,81.1633,12.0,2.0,0.8333,2.0,1
10.0,Mobile Phone,1,6.0,Credit Card,Female,2.0,4,Mobile Phone,5,Divorced,3,0,14.0,1.0,1.0,2.0,139.2,69.6,8.0,0.0,0.1818,0.5,0
9.0,Mobile Phone,1,13.0,Credit Card,Male,2.0,4,Mobile Phone,4,Married,2,0,12.0,1.0,1.0,1.0,121.41,60.705,8.0,0.0,0.1,0.5,0
4.0,Mobile Phone,3,15.0,UPI,Male,4.0,4,Fashion,3,Married,7,0,12.0,3.0,8.0,8.0,197.64,21.96,16.0,0.0,1.6,0.3333,0
9.0,Mobile Phone,1,9.0,Debit Card,Male,3.0,5,Fashion,4,Married,4,0,19.0,3.0,7.0,3.0,227.74,28.4675,15.0,0.0,0.3,0.375,0
0.0,Mobile Phone,1,14.0,Debit Card,Male,2.0,2,Mobile Phone,4,Married,2,1,16.0,0.0,2.0,2.0,123.28,41.0933,4.0,2.0,2.0,0.0,0
20.0,Computer,3,33.0,Debit Card,Male,4.0,5,Laptop & Accessory,4,Single,10,0,16.0,3.0,3.0,3.0,204.91,51.2275,20.0,0.0,0.1429,0.75,0
0.0,Mobile Phone,1,6.0,Debit Card,Male,2.0,4,Laptop & Accessory,2,Divorced,7,0,22.0,2.0,2.0,2.0,147.75,49.25,8.0,0.0,2.0,0.6667,0
9.0,Mobile Phone,1,15.0,Debit Card,Male,3.0,2,Mobile Phone,1,Married,3,0,20.0,2.0,2.0,2.0,147.69,49.23,6.0,0.0,0.2,0.6667,0
14.0,Mobile Phone,1,9.0,Debit Card,Male,3.0,5,Mobile Phone,3,Single,4,0,15.0,1.0,3.0,3.0,153.09,38.2725,15.0,0.0,0.2,0.25,0
4.0,Mobile Phone,1,8.0,Debit Card,Male,3.0,3,Mobile Phone,3,Married,2,0,14.0,1.0,1.0,3.0,134.77,67.385,9.0,0.0,0.6,0.5,0
9.0,Computer,1,6.0,Credit Card,Male,2.0,4,Mobile Phone,3,Married,2,0,12.0,0.0,1.0,0.0,120.08,60.04,8.0,0.0,0.0,0.0,0
20.0,Mobile Phone,3,9.0,Cash on Delivery,Female,4.0,6,Grocery,4,Divorced,5,1,15.0,7.0,8.0,8.0,293.72,32.6356,24.0,2.0,0.381,0.7778,0
1.0,Computer,3,36.0,Credit Card,Male,4.0,6,Laptop & Accessory,5,Single,10,0,19.0,1.0,3.0,3.0,174.69,43.6725,24.0,0.0,1.5,0.25,1
8.0,Mobile Phone,1,7.0,Credit Card,Male,4.0,4,Laptop & Accessory,4,Married,3,0,16.0,2.0,2.0,4.0,168.25,56.0833,16.0,0.0,0.4444,0.6667,0
3.0,Computer,3,28.0,UPI,Female,3.0,3,Fashion,5,Married,1,0,11.0,3.0,7.0,8.0,184.12,23.015,9.0,0.0,2.0,0.375,0
0.0,Mobile Phone,3,10.0,Cash on Delivery,Male,2.0,3,Fashion,5,Single,1,1,22.0,2.0,4.0,7.0,195.82,39.164,6.0,1.0,7.0,0.4,1
0.0,Mobile Phone,1,30.0,Credit Card,Male,2.0,3,Mobile Phone,4,Single,9,0,22.0,1.0,1.0,2.0,135.97,67.985,6.0,0.0,2.0,0.5,0
1.0,Mobile Phone,1,10.0,Cash on Delivery,Female,3.0,4,Mobile Phone,5,Single,7,1,12.0,1.0,2.0,5.0,151.57,50.5233,12.0,1.0,2.5,0.3333,1
19.0,Mobile Phone,1,14.0,Debit Card,Female,3.0,4,Laptop & Accessory,5,Married,9,1,23.0,1.0,1.0,7.0,146.15,73.075,12.0,1.0,0.35,0.5,0
2.0,Mobile Phone,1,24.0,Credit Card,Male,4.0,4,Laptop & Accessory,5,Married,3,0,13.0,1.0,2.0,9.0,170.58,56.86,16.0,0.0,3.0,0.3333,0
1.0,Mobile Phone,3,11.0,Cash on Delivery,Male,3.0,4,Fashion,5,Single,2,1,23.0,3.0,5.0,3.0,220.82,36.8033,12.0,1.0,1.5,0.5,1
1.0,Computer,1,33.0,UPI,Female,3.0,5,Mobile Phone,3,Married,3,1,15.0,2.0,2.0,4.0,153.14,51.0467,15.0,3.0,2.0,0.6667,0
11.0,Computer,1,32.0,Credit Card,Female,4.0,4,Laptop & Accessory,3,Married,5,1,16.0,5.0,11.0,8.0,169.49,14.1242,16.0,3.0,0.6667,0.4167,0
16.0,Computer,1,33.0,Credit Card,Female,3.0,4,Fashion,5,Married,5,1,18.0,1.0,2.0,1.0,256.91,85.6367,12.0,1.0,0.0588,0.3333,0
20.0,Mobile Phone,1,20.0,Debit Card,Male,3.0,4,Laptop & Accessory,4,Single,8,0,15.0,2.0,2.0,10.0,180.62,60.2067,12.0,0.0,0.4762,0.6667,0
10.0,Mobile Phone,3,10.0,Credit Card,Female,4.0,5,Fashion,1,Married,2,0,20.0,4.0,4.0,5.0,201.44,40.288,20.0,0.0,0.4545,0.8,0
1.0,Mobile Phone,3,15.0,Cash on Delivery,Male,3.0,5,Laptop & Accessory,5,Single,8,0,18.0,1.0,2.0,3.0,178.26,59.42,15.0,0.0,1.5,0.3333,1
9.0,Mobile Phone,1,13.0,Debit Card,Male,4.0,4,Mobile Phone,3,Divorced,2,1,15.0,2.0,3.0,3.0,160.06,40.015,16.0,3.0,0.3,0.5,0
3.0,Mobile Phone,3,17.0,E wallet,Female,3.0,5,Laptop & Accessory,4,Married,3,1,15.0,1.0,2.0,8.0,207.68,69.2267,15.0,2.0,2.0,0.3333,0
5.0,Mobile Phone,3,9.0,Debit Card,Male,4.0,4,Laptop & Accessory,1,Single,6,1,14.0,2.0,2.0,6.0,190.82,63.6067,16.0,5.0,1.0,0.6667,0
7.0,Mobile Phone,1,13.0,Credit Card,Male,3.0,3,Mobile Phone,1,Single,2,0,13.0,0.0,1.0,0.0,129.72,64.86,9.0,0.0,0.0,0.0,0
9.0,Computer,1,11.0,UPI,Male,3.0,5,Mobile Phone,2,Divorced,3,0,14.0,3.0,3.0,3.0,148.76,37.19,15.0,0.0,0.3,0.75,0
2.0,Computer,3,8.0,Debit Card,Male,3.0,3,Laptop & Accessory,3,Divorced,2,0,14.0,1.0,1.0,2.0,146.49,73.245,9.0,0.0,0.6667,0.5,0
5.0,Computer,3,14.0,E wallet,Female,2.0,3,Fashion,1,Single,2,0,14.0,2.0,3.0,7.0,189.98,47.495,6.0,0.0,1.1667,0.5,0
22.0,Mobile Phone,3,36.0,Credit Card,Female,4.0,4,Fashion,3,Divorced,5,0,22.0,1.0,2.0,1.0,250.04,83.3467,16.0,0.0,0.0435,0.3333,0
6.0,Computer,3,8.0,E wallet,Female,3.0,3,Laptop & Accessory,4,Single,9,0,15.0,0.0,1.0,7.0,151.47,75.735,9.0,0.0,1.0,0.0,0
8.0,Mobile Phone,3,15.0,Cash on Delivery,Male,4.0,2,Laptop & Accessory,3,Married,3,0,22.0,1.0,5.0,9.0,192.99,32.165,8.0,0.0,1.0,0.1667,0
10.0,Computer,2,9.0,UPI,Male,4.0,5,Laptop & Accessory,1,Single,3,0,22.0,2.0,2.0,9.0,163.86,54.62,20.0,0.0,0.8182,0.6667,0
1.0,Mobile Phone,1,14.0,Credit Card,Male,4.0,5,Mobile Phone,1,Married,3,0,12.0,1.0,3.0,2.0,153.89,38.4725,20.0,0.0,1.0,0.25,0
1.0,Computer,2,7.0,Debit Card,Male,3.0,3,Mobile Phone,1,Married,2,0,15.0,1.0,2.0,2.0,127.06,42.3533,9.0,0.0,1.0,0.3333,0
16.0,Mobile Phone,1,36.0,Credit Card,Male,3.0,6,Laptop & Accessory,2,Single,6,0,20.0,2.0,2.0,1.0,167.72,55.9067,18.0,0.0,0.0588,0.6667,0
1.0,Mobile Phone,3,12.0,E wallet,Female,3.0,4,Mobile Phone,3,Single,3,1,14.0,2.0,2.0,1.0,153.51,51.17,12.0,3.0,0.5,0.6667,1
1.0,Mobile Phone,1,9.0,Credit Card,Female,3.0,3,Fashion,4,Married,1,0,17.0,0.0,1.0,7.0,176.55,88.275,9.0,0.0,3.5,0.0,0
4.0,Mobile Phone,3,13.0,E wallet,Male,3.0,3,Laptop & Accessory,2,Married,5,0,12.0,0.0,1.0,7.0,175.47,87.735,9.0,0.0,1.4,0.0,0
11.0,Mobile Phone,1,17.0,Debit Card,Female,3.0,2,Fashion,1,Married,3,1,26.0,1.0,7.0,9.0,262.44,32.805,6.0,5.0,0.75,0.125,0
19.0,Mobile Phone,1,6.0,Credit Card,Male,3.0,3,Fashion,5,Married,8,0,16.0,0.0,1.0,3.0,193.96,96.98,9.0,0.0,0.15,0.0,0
6.0,Mobile Phone,1,19.0,Debit Card,Female,2.0,3,Mobile Phone,1,Single,4,0,18.0,1.0,1.0,2.0,134.52,67.26,6.0,0.0,0.2857,0.5,0
0.0,Mobile Phone,1,6.0,Credit Card,Male,2.0,3,Mobile Phone,4,Married,2,0,11.0,0.0,1.0,4.0,138.16,69.08,6.0,0.0,4.0,0.0,0
15.0,Mobile Phone,1,8.0,Debit Card,Male,2.0,3,Others,3,Married,6,0,11.0,1.0,4.0,14.0,288.8,57.76,6.0,0.0,0.875,0.2,0
4.0,Computer,3,26.0,E wallet,Female,2.0,3,Laptop & Accessory,3,Divorced,2,0,13.0,1.0,1.0,0.0,169.32,84.66,6.0,0.0,0.0,0.5,0
1.0,Mobile Phone,1,31.0,Cash on Delivery,Male,4.0,6,Mobile Phone,2,Single,3,1,19.0,2.0,2.0,1.0,148.4,49.4667,24.0,4.0,0.5,0.6667,1
9.0,Mobile Phone,1,12.0,Debit Card,Male,3.0,5,Mobile Phone,3,Married,2,0,14.0,0.0,1.0,7.0,127.41,63.705,15.0,0.0,0.7,0.0,0
16.0,Mobile Phone,3,8.0,Credit Card,Male,3.0,3,Laptop & Accessory,1,Married,2,1,17.0,0.0,8.0,8.0,178.47,19.83,9.0,5.0,0.4706,0.0,0
3.0,Mobile Phone,1,16.0,Credit Card,Female,3.0,3,Fashion,3,Single,10,0,14.0,0.0,1.0,2.0,196.67,98.335,9.0,0.0,0.5,0.0,0
0.0,Mobile Phone,3,29.0,Credit Card,Female,2.0,4,Laptop & Accessory,3,Married,2,0,21.0,3.0,5.0,8.0,135.4,22.5667,8.0,0.0,8.0,0.5,0
31.0,Computer,2,9.0,UPI,Female,3.0,5,Others,1,Married,11,0,15.0,1.0,3.0,3.0,313.44,78.36,15.0,0.0,0.0938,0.25,0
14.0,Mobile Phone,1,17.0,Debit Card,Female,3.0,2,Mobile Phone,3,Married,5,1,14.0,1.0,2.0,8.0,147.13,49.0433,6.0,3.0,0.5333,0.3333,0
19.0,Computer,3,9.0,Debit Card,Female,4.0,4,Laptop & Accessory,3,Married,6,0,23.0,4.0,6.0,8.0,176.54,25.22,16.0,0.0,0.4,0.5714,0
29.0,Mobile Phone,1,14.0,Debit Card,Female,3.0,3,Mobile Phone,5,Married,5,1,18.0,1.0,2.0,2.0,142.57,47.5233,9.0,1.0,0.0667,0.3333,0
12.0,Mobile Phone,3,17.0,E wallet,Male,4.0,5,Fashion,3,Married,2,1,15.0,2.0,3.0,3.0,212.4,53.1,20.0,3.0,0.2308,0.5,0
11.0,Mobile Phone,1,26.0,Debit Card,Male,3.0,4,Laptop & Accessory,3,Married,5,0,18.0,1.0,2.0,3.0,182.68,60.8933,12.0,0.0,0.25,0.3333,0
8.0,Mobile Phone,3,21.0,Cash on Delivery,Female,3.0,4,Mobile Phone,3,Married,3,1,19.0,2.0,2.0,7.0,150.79,50.2633,12.0,3.0,0.7778,0.6667,0
15.0,Mobile Phone,1,19.0,Credit Card,Male,3.0,1,Laptop & Accessory,5,Married,6,0,18.0,1.0,1.0,0.0,155.38,77.69,3.0,0.0,0.0,0.5,0
3.0,Mobile Phone,1,26.0,Cash on Delivery,Male,3.0,4,Laptop & Accessory,1,Married,6,0,13.0,2.0,2.0,3.0,167.62,55.8733,12.0,0.0,0.75,0.6667,0
1.0,Mobile Phone,3,19.0,Debit Card,Female,3.0,3,Mobile Phone,4,Single,3,0,16.0,1.0,2.0,1.0,152.16,50.72,9.0,0.0,0.5,0.3333,1
4.0,Computer,3,29.0,UPI,Female,4.0,4,Fashion,5,Married,2,0,12.0,4.0,8.0,9.0,209.12,23.2356,16.0,0.0,1.8,0.4444,0
0.0,Mobile Phone,1,31.0,Credit Card,Male,2.0,4,Mobile Phone,4,Single,5,1,20.0,1.0,2.0,2.0,123.13,41.0433,8.0,2.0,2.0,0.3333,1
24.0,Mobile Phone,1,18.0,Debit Card,Female,3.0,4,Others,4,Single,5,0,16.0,1.0,5.0,5.0,324.26,54.0433,12.0,0.0,0.2,0.1667,0
9.0,Mobile Phone,1,13.0,Debit Card,Male,2.0,3,Mobile Phone,5,Single,4,0,14.0,0.0,1.0,2.0,120.62,60.31,6.0,0.0,0.2,0.0,0
23.0,Mobile Phone,1,11.0,Credit Card,Male,3.0,5,Others,3,Married,4,0,15.0,1.0,2.0,1.0,312.11,104.0367,15.0,0.0,0.0417,0.3333,0
8.0,Computer,1,31.0,Debit Card,Male,3.0,4,Mobile Phone,3,Married,5,1,23.0,1.0,2.0,1.0,156.61,52.2033,12.0,3.0,0.1111,0.3333,1
10.0,Computer,1,14.0,Credit Card,Male,2.0,3,Mobile Phone,1,Married,2,1,12.0,0.0,1.0,2.0,123.26,61.63,6.0,5.0,0.1818,0.0,0
7.0,Computer,3,17.0,E wallet,Male,3.0,5,Laptop & Accessory,1,Single,5,0,15.0,2.0,2.0,2.0,171.82,57.2733,15.0,0.0,0.25,0.6667,0
20.0,Mobile Phone,1,8.0,Credit Card,Female,3.0,3,Laptop & Accessory,1,Married,6,0,13.0,0.0,1.0,4.0,150.7,75.35,9.0,0.0,0.1905,0.0,0
13.0,Mobile Phone,1,14.0,Debit Card,Male,2.0,3,Mobile Phone,4,Divorced,4,0,22.0,1.0,1.0,3.0,123.87,61.935,6.0,0.0,0.2143,0.5,0
10.0,Computer,1,17.0,UPI,Male,2.0,3,Fashion,2,Married,2,1,14.0,0.0,1.0,3.0,221.85,110.925,6.0,4.0,0.2727,0.0,0
3.0,Mobile Phone,1,7.0,Debit Card,Female,3.0,5,Grocery,2,Married,5,0,15.0,1.0,2.0,8.0,286.24,95.4133,15.0,0.0,2.0,0.3333,0
27.0,Mobile Phone,1,16.0,Credit Card,Female,3.0,3,Laptop & Accessory,5,Single,7,1,19.0,0.0,1.0,4.0,144.4,72.2,9.0,1.0,0.1429,0.0,0
22.0,Computer,1,29.0,Credit Card,Female,3.0,4,Grocery,1,Married,5,0,15.0,1.0,5.0,8.0,296.74,49.4567,12.0,0.0,0.3478,0.1667,0
24.0,Mobile Phone,1,12.0,Debit Card,Male,2.0,3,Others,3,Single,8,0,15.0,8.0,15.0,15.0,295.37,18.4606,6.0,0.0,0.6,0.5,0
0.0,Mobile Phone,1,10.0,Cash on Delivery,Male,3.0,3,Mobile Phone,5,Single,2,0,19.0,1.0,1.0,0.0,129.73,64.865,9.0,0.0,0.0,0.5,1
4.0,Mobile Phone,3,32.0,E wallet,Male,3.0,5,Fashion,4,Single,4,1,13.0,1.0,2.0,3.0,215.94,71.98,15.0,2.0,0.6,0.3333,1
7.0,Computer,1,28.0,UPI,Male,2.0,4,Laptop & Accessory,1,Married,2,1,15.0,3.0,6.0,11.0,157.47,22.4957,8.0,5.0,1.375,0.4286,0
3.0,Computer,1,6.0,Debit Card,Male,2.0,4,Fashion,3,Single,2,0,22.0,2.0,5.0,8.0,184.74,30.79,8.0,0.0,2.0,0.3333,0
8.0,Mobile Phone,1,9.0,Credit Card,Male,4.0,2,Mobile Phone,1,Married,2,1,15.0,1.0,2.0,3.0,154.32,51.44,8.0,5.0,0.3333,0.3333,0
11.0,Mobile Phone,1,24.0,Credit Card,Male,2.0,5,Laptop & Accessory,1,Married,4,1,16.0,0.0,1.0,0.0,158.11,79.055,10.0,5.0,0.0,0.0,0
19.0,Mobile Phone,1,7.0,UPI,Male,4.0,2,Others,1,Married,2,0,15.0,2.0,2.0,8.0,317.02,105.6733,8.0,0.0,0.4,0.6667,0
15.0,Mobile Phone,1,9.0,Debit Card,Female,3.0,1,Laptop & Accessory,1,Married,3,1,13.0,1.0,1.0,3.0,152.31,76.155,3.0,5.0,0.1875,0.5,0
16.0,Mobile Phone,1,7.0,Debit Card,Female,4.0,4,Mobile Phone,5,Married,5,0,17.0,2.0,2.0,3.0,150.76,50.2533,16.0,0.0,0.1765,0.6667,0
10.0,Mobile Phone,1,12.0,Debit Card,Female,3.0,5,Mobile Phone,5,Married,11,1,15.0,2.0,2.0,1.0,159.19,53.0633,15.0,1.0,0.0909,0.6667,0
8.0,Mobile Phone,1,7.0,Debit Card,Male,3.0,4,Mobile Phone,2,Divorced,3,0,13.0,7.0,9.0,9.0,151.91,15.191,12.0,0.0,1.0,0.7,0
12.0,Computer,1,14.0,Debit Card,Female,2.0,3,Mobile Phone,3,Divorced,2,0,11.0,0.0,1.0,7.0,137.55,68.775,6.0,0.0,0.5385,0.0,0
13.0,Mobile Phone,1,14.0,Debit Card,Female,3.0,3,Laptop & Accessory,5,Married,3,1,16.0,0.0,1.0,0.0,165.16,82.58,9.0,1.0,0.0,0.0,0
9.0,Mobile Phone,1,11.0,UPI,Male,4.0,4,Mobile Phone,1,Married,3,0,13.0,2.0,2.0,1.0,144.51,48.17,16.0,0.0,0.1,0.6667,0
0.0,Computer,3,6.0,E wallet,Male,3.0,3,Laptop & Accessory,4,Divorced,1,1,13.0,0.0,1.0,4.0,163.49,81.745,9.0,2.0,4.0,0.0,0
22.0,Mobile Phone,1,17.0,Debit Card,Male,4.0,5,Others,4,Married,6,0,15.0,4.0,13.0,10.0,321.65,22.975,20.0,0.0,0.4348,0.2857,0
15.0,Mobile Phone,1,16.0,Debit Card,Male,4.0,4,Mobile Phone,5,Married,3,0,21.0,2.0,2.0,5.0,147.89,49.2967,16.0,0.0,0.3125,0.6667,0
15.0,Mobile Phone,2,16.0,UPI,Female,2.0,3,Grocery,5,Married,1,0,14.0,1.0,1.0,9.0,267.99,133.995,6.0,0.0,0.5625,0.5,0
6.0,Mobile Phone,1,19.0,Debit Card,Female,2.0,3,Mobile Phone,2,Single,4,0,18.0,1.0,1.0,2.0,134.52,67.26,6.0,0.0,0.2857,0.5,0
9.0,Computer,1,9.0,Credit Card,Male,2.0,3,Mobile Phone,2,Divorced,2,0,11.0,1.0,1.0,0.0,117.06,58.53,6.0,0.0,0.0,0.5,0
1.0,Computer,1,10.0,Debit Card,Male,4.0,4,Mobile Phone,5,Single,3,1,12.0,10.0,10.0,8.0,158.48,14.4073,16.0,1.0,4.0,0.9091,1
9.0,Mobile Phone,2,12.0,Credit Card,Male,2.0,3,Mobile Phone,3,Divorced,9,0,17.0,2.0,2.0,2.0,122.67,40.89,6.0,0.0,0.2,0.6667,0
8.0,Mobile Phone,1,14.0,Credit Card,Female,2.0,4,Mobile Phone,5,Single,2,0,11.0,1.0,1.0,1.0,125.59,62.795,8.0,0.0,0.1111,0.5,0
6.0,Mobile Phone,3,7.0,Credit Card,Male,4.0,5,Mobile Phone,4,Married,2,0,15.0,1.0,3.0,3.0,147.69,36.9225,20.0,0.0,0.4286,0.25,0
4.0,Computer,3,31.0,Debit Card,Female,4.0,2,Grocery,4,Single,6,1,17.0,2.0,2.0,1.0,256.94,85.6467,8.0,2.0,0.2,0.6667,1
14.0,Mobile Phone,3,10.0,E wallet,Female,2.0,3,Fashion,3,Married,1,1,13.0,5.0,13.0,5.0,204.47,14.605,6.0,3.0,0.3333,0.3571,0
18.0,Mobile Phone,3,8.0,UPI,Male,3.0,3,Laptop & Accessory,4,Married,1,0,19.0,3.0,3.0,7.0,148.05,37.0125,9.0,0.0,0.3684,0.75,0
14.0,Computer,1,16.0,Credit Card,Male,3.0,4,Mobile Phone,4,Married,10,1,15.0,1.0,2.0,1.0,161.17,53.7233,12.0,2.0,0.0667,0.3333,0
7.0,Computer,3,32.0,Credit Card,Female,3.0,4,Laptop & Accessory,3,Divorced,3,0,13.0,1.0,2.0,2.0,170.39,56.7967,12.0,0.0,0.25,0.3333,0
9.0,Computer,1,8.0,Debit Card,Male,2.0,3,Mobile Phone,1,Married,2,1,23.0,1.0,1.0,0.0,117.02,58.51,6.0,5.0,0.0,0.5,0
23.0,Computer,1,8.0,Debit Card,Male,3.0,3,Grocery,5,Married,2,0,11.0,1.0,14.0,7.0,279.24,18.616,9.0,0.0,0.2917,0.0667,0
3.0,Computer,1,7.0,Cash on Delivery,Male,3.0,4,Laptop & Accessory,3,Married,3,0,14.0,1.0,2.0,10.0,168.19,56.0633,12.0,0.0,2.5,0.3333,0
15.0,Mobile Phone,1,13.0,Credit Card,Male,3.0,4,Mobile Phone,5,Single,4,1,14.0,2.0,3.0,18.0,172.21,43.0525,12.0,1.0,1.125,0.5,0
15.0,Mobile Phone,3,13.0,E wallet,Male,3.0,4,Fashion,3,Single,3,0,13.0,4.0,9.0,3.0,217.41,21.741,12.0,0.0,0.1875,0.4,0
3.0,Computer,1,27.0,Credit Card,Male,3.0,4,Mobile Phone,1,Married,3,0,14.0,2.0,4.0,11.0,163.12,32.624,12.0,0.0,2.75,0.4,0
4.0,Computer,1,6.0,Debit Card,Female,3.0,3,Laptop & Accessory,5,Married,2,0,12.0,1.0,1.0,3.0,141.48,70.74,9.0,0.0,0.6,0.5,0
17.0,Mobile Phone,1,14.0,Debit Card,Male,3.0,1,Mobile Phone,1,Married,3,1,24.0,1.0,1.0,2.0,128.18,64.09,3.0,5.0,0.1111,0.5,0
14.0,Mobile Phone,1,25.0,Debit Card,Male,3.0,3,Laptop & Accessory,5,Married,3,0,16.0,0.0,1.0,0.0,130.72,65.36,9.0,0.0,0.0,0.0,0
10.0,Mobile Phone,1,28.0,Credit Card,Female,4.0,4,Laptop & Accessory,4,Married,6,0,23.0,4.0,4.0,3.0,214.26,42.852,16.0,0.0,0.2727,0.8,1
5.0,Computer,1,8.0,Debit Card,Female,2.0,3,Laptop & Accessory,3,Single,5,1,14.0,1.0,1.0,7.0,149.98,74.99,6.0,3.0,1.1667,0.5,0
15.0,Computer,1,16.0,Cash on Delivery,Male,3.0,3,Mobile Phone,3,Married,4,0,22.0,1.0,3.0,3.0,129.36,32.34,9.0,0.0,0.1875,0.25,0
20.0,Mobile Phone,1,8.0,UPI,Female,2.0,3,Grocery,1,Married,2,1,11.0,1.0,3.0,0.0,267.52,66.88,6.0,5.0,0.0,0.25,0
0.0,Mobile Phone,1,24.0,Debit Card,Male,3.0,3,Mobile Phone,3,Married,1,0,12.0,0.0,1.0,2.0,127.74,63.87,9.0,0.0,2.0,0.0,0
30.0,Mobile Phone,3,18.0,E wallet,Female,3.0,5,Laptop & Accessory,5,Married,6,0,17.0,1.0,2.0,1.0,178.8,59.6,15.0,0.0,0.0323,0.3333,0
21.0,Mobile Phone,1,30.0,Credit Card,Female,4.0,4,Fashion,2,Divorced,3,0,13.0,12.0,16.0,3.0,228.12,13.4188,16.0,0.0,0.1364,0.7059,1
14.0,Mobile Phone,1,11.0,Credit Card,Female,3.0,4,Others,3,Married,3,0,15.0,2.0,10.0,10.0,315.33,28.6664,12.0,0.0,0.6667,0.1818,0
6.0,Computer,3,13.0,Credit Card,Male,2.0,3,Laptop & Accessory,5,Married,1,0,14.0,1.0,1.0,3.0,143.73,71.865,6.0,0.0,0.4286,0.5,0
7.0,Mobile Phone,1,15.0,Credit Card,Female,2.0,4,Fashion,4,Single,2,0,14.0,4.0,7.0,7.0,186.21,23.2762,8.0,0.0,0.875,0.5,0
0.0,Mobile Phone,1,14.0,Credit Card,Male,2.0,3,Mobile Phone,5,Divorced,2,0,14.0,0.0,1.0,2.0,125.0,62.5,6.0,0.0,2.0,0.0,0
3.0,Mobile Phone,1,8.0,Debit Card,Female,3.0,5,Grocery,1,Married,5,0,15.0,1.0,2.0,8.0,286.24,95.4133,15.0,0.0,2.0,0.3333,0
13.0,Mobile Phone,1,6.0,Debit Card,Female,2.0,3,Laptop & Accessory,1,Married,5,0,17.0,0.0,1.0,3.0,165.13,82.565,6.0,0.0,0.2143,0.0,0
7.0,Mobile Phone,1,21.0,Credit Card,Female,4.0,4,Mobile Phone,4,Married,3,0,14.0,2.0,2.0,7.0,152.56,50.8533,16.0,0.0,0.875,0.6667,0
8.0,Mobile Phone,3,13.0,Debit Card,Female,2.0,3,Laptop & Accessory,1,Married,2,1,11.0,1.0,1.0,9.0,152.04,76.02,6.0,5.0,1.0,0.5,0
1.0,Mobile Phone,3,9.0,Credit Card,Female,3.0,2,Laptop & Accessory,3,Single,2,0,15.0,1.0,2.0,8.0,190.0,63.3333,6.0,0.0,4.0,0.3333,0
15.0,Mobile Phone,1,19.0,Credit Card,Male,3.0,1,Laptop & Accessory,5,Married,6,0,18.0,1.0,1.0,0.0,155.38,77.69,3.0,0.0,0.0,0.5,0
0.0,Mobile Phone,3,15.0,Debit Card,Male,2.0,4,Laptop & Accessory,5,Single,8,0,23.0,0.0,1.0,3.0,134.07,67.035,8.0,0.0,3.0,0.0,1
28.0,Computer,1,8.0,Debit Card,Female,3.0,4,Fashion,3,Married,9,0,18.0,1.0,2.0,3.0,230.02,76.6733,12.0,0.0,0.1034,0.3333,0
19.0,Mobile Phone,3,27.0,Debit Card,Female,3.0,4,Laptop & Accessory,3,Single,10,0,16.0,2.0,2.0,2.0,173.5,57.8333,12.0,0.0,0.1,0.6667,0
1.0,Mobile Phone,1,14.0,Credit Card,Female,3.0,3,Mobile Phone,3,Married,6,0,18.0,2.0,2.0,2.0,123.77,41.2567,9.0,0.0,1.0,0.6667,0
12.0,Mobile Phone,1,9.0,Credit Card,Female,3.0,5,Fashion,3,Married,5,1,20.0,2.0,2.0,3.0,202.56,67.52,15.0,3.0,0.2308,0.6667,0
9.0,Computer,3,9.0,Credit Card,Female,3.0,3,Mobile Phone,1,Single,2,1,12.0,0.0,1.0,0.0,115.69,57.845,9.0,5.0,0.0,0.0,1
6.0,Mobile Phone,1,14.0,Debit Card,Male,3.0,1,Mobile Phone,5,Married,7,0,19.0,3.0,7.0,6.0,131.43,16.4288,3.0,0.0,0.8571,0.375,0
21.0,Mobile Phone,3,35.0,Credit Card,Female,3.0,3,Fashion,3,Divorced,4,0,21.0,0.0,1.0,3.0,225.04,112.52,9.0,0.0,0.1364,0.0,0
17.0,Mobile Phone,1,14.0,Credit Card,Male,2.0,3,Mobile Phone,1,Single,7,1,12.0,1.0,1.0,2.0,124.36,62.18,6.0,5.0,0.1111,0.5,0
29.0,Mobile Phone,1,29.0,Debit Card,Male,3.0,3,Grocery,4,Married,5,1,12.0,13.0,2.0,9.0,234.02,78.0067,9.0,2.0,0.3,4.3333,0
4.0,Mobile Phone,1,23.0,Debit Card,Male,3.0,4,Mobile Phone,1,Married,3,0,13.0,1.0,2.0,9.0,153.62,51.2067,12.0,0.0,1.8,0.3333,0
1.0,Mobile Phone,1,32.0,Cash on Delivery,Female,4.0,5,Mobile Phone,4,Married,7,0,17.0,2.0,2.0,2.0,150.46,50.1533,20.0,0.0,1.0,0.6667,1
14.0,Mobile Phone,1,8.0,Debit Card,Male,3.0,4,Mobile Phone,4,Married,5,0,23.0,2.0,2.0,4.0,148.87,49.6233,12.0,0.0,0.2667,0.6667,0
1.0,Computer,3,33.0,E wallet,Female,3.0,5,Laptop & Accessory,5,Single,7,0,16.0,1.0,2.0,2.0,191.96,63.9867,15.0,0.0,1.0,0.3333,1
8.0,Mobile Phone,1,22.0,UPI,Female,2.0,4,Laptop & Accessory,4,Married,1,1,11.0,1.0,1.0,2.0,147.88,73.94,8.0,2.0,0.2222,0.5,0
24.0,Mobile Phone,1,36.0,Debit Card,Male,3.0,5,Grocery,3,Divorced,2,0,15.0,12.0,16.0,8.0,295.46,17.38,15.0,0.0,0.32,0.7059,0
2.0,Mobile Phone,1,23.0,Credit Card,Male,4.0,2,Laptop & Accessory,5,Single,2,0,20.0,1.0,2.0,8.0,181.61,60.5367,8.0,0.0,2.6667,0.3333,0
13.0,Mobile Phone,1,8.0,Debit Card,Male,3.0,4,Mobile Phone,3,Single,3,0,14.0,0.0,2.0,2.0,128.09,42.6967,12.0,0.0,0.1429,0.0,0
11.0,Computer,1,12.0,Debit Card,Male,3.0,4,Laptop & Accessory,3,Married,3,0,11.0,2.0,7.0,7.0,153.21,19.1512,12.0,0.0,0.5833,0.25,0
25.0,Mobile Phone,3,9.0,E wallet,Male,2.0,4,Grocery,5,Divorced,2,0,11.0,1.0,1.0,16.0,268.56,134.28,8.0,0.0,0.6154,0.5,0
0.0,Computer,1,8.0,Debit Card,Male,3.0,1,Laptop & Accessory,3,Married,2,0,17.0,1.0,1.0,7.0,152.06,76.03,3.0,0.0,7.0,0.5,0
21.0,Mobile Phone,1,16.0,Debit Card,Female,4.0,4,Mobile Phone,3,Single,6,0,13.0,1.0,3.0,1.0,146.05,36.5125,16.0,0.0,0.0455,0.25,0
7.0,Mobile Phone,3,8.0,E wallet,Female,2.0,3,Laptop & Accessory,5,Single,1,1,12.0,1.0,1.0,2.0,145.38,72.69,6.0,1.0,0.25,0.5,0
2.0,Computer,2,7.0,Debit Card,Male,3.0,4,Mobile Phone,1,Married,3,0,16.0,1.0,3.0,3.0,152.06,38.015,12.0,0.0,1.0,0.25,0
29.0,Mobile Phone,3,33.0,E wallet,Male,3.0,5,Others,1,Married,3,0,15.0,1.0,3.0,14.0,320.86,80.215,15.0,0.0,0.4667,0.25,0
3.0,Mobile Phone,1,14.0,Debit Card,Male,3.0,4,Laptop & Accessory,2,Married,3,1,12.0,1.0,2.0,1.0,191.23,63.7433,12.0,4.0,0.25,0.3333,0
11.0,Mobile Phone,1,31.0,Debit Card,Female,2.0,4,Fashion,4,Divorced,4,0,17.0,1.0,1.0,3.0,220.61,110.305,8.0,0.0,0.25,0.5,0
19.0,Computer,1,11.0,Debit Card,Male,3.0,4,Laptop & Accessory,4,Married,3,0,13.0,2.0,2.0,9.0,169.47,56.49,12.0,0.0,0.45,0.6667,0
2.0,Mobile Phone,1,6.0,Debit Card,Male,2.0,3,Laptop & Accessory,5,Married,1,0,12.0,1.0,1.0,2.0,153.73,76.865,6.0,0.0,0.6667,0.5,0
6.0,Mobile Phone,3,15.0,E wallet,Female,2.0,5,Laptop & Accessory,3,Single,9,0,13.0,0.0,1.0,3.0,153.46,76.73,10.0,0.0,0.4286,0.0,1
18.0,Mobile Phone,3,17.0,Debit Card,Female,2.0,3,Grocery,2,Divorced,4,0,13.0,1.0,1.0,1.0,276.5,138.25,6.0,0.0,0.0526,0.5,0
1.0,Mobile Phone,1,14.0,Credit Card,Female,3.0,5,Laptop & Accessory,5,Single,10,0,20.0,2.0,2.0,8.0,193.11,64.37,15.0,0.0,4.0,0.6667,0
7.0,Mobile Phone,3,21.0,Credit Card,Female,3.0,3,Laptop & Accessory,5,Single,2,0,12.0,4.0,9.0,6.0,161.25,16.125,9.0,0.0,0.75,0.4,0
0.0,Mobile Phone,1,14.0,Debit Card,Female,2.0,3,Mobile Phone,4,Single,2,1,12.0,0.0,1.0,2.0,124.78,62.39,6.0,2.0,2.0,0.0,0
12.0,Mobile Phone,1,25.0,Credit Card,Male,3.0,6,Laptop & Accessory,1,Married,5,1,17.0,1.0,2.0,1.0,183.11,61.0367,18.0,5.0,0.0769,0.3333,0
15.0,Mobile Phone,1,35.0,Credit Card,Male,2.0,5,Laptop & Accessory,2,Single,5,0,19.0,1.0,1.0,0.0,142.72,71.36,10.0,0.0,0.0,0.5,0
3.0,Computer,1,6.0,Credit Card,Female,2.0,3,Laptop & Accessory,1,Single,2,0,23.0,1.0,3.0,7.0,140.11,35.0275,6.0,0.0,1.75,0.25,0
7.0,Computer,1,16.0,Debit Card,Male,2.0,1,Laptop & Accessory,1,Married,2,0,13.0,5.0,7.0,2.0,147.24,18.405,2.0,0.0,0.25,0.625,0
5.0,Mobile Phone,1,11.0,UPI,Female,2.0,1,Mobile Phone,1,Married,4,0,17.0,1.0,1.0,2.0,133.12,66.56,2.0,0.0,0.3333,0.5,0
2.0,Mobile Phone,3,16.0,E wallet,Female,2.0,4,Laptop & Accessory,4,Married,2,1,14.0,1.0,1.0,7.0,182.68,91.34,8.0,2.0,2.3333,0.5,0
2.0,Mobile Phone,2,12.0,Credit Card,Male,3.0,4,Mobile Phone,4,Married,2,0,11.0,1.0,1.0,0.0,128.04,64.02,12.0,0.0,0.0,0.5,0
19.0,Mobile Phone,3,16.0,E wallet,Male,4.0,4,Fashion,5,Married,6,1,13.0,1.0,2.0,3.0,232.61,77.5367,16.0,1.0,0.15,0.3333,0
23.0,Mobile Phone,1,15.0,UPI,Female,3.0,4,Fashion,4,Divorced,6,0,12.0,1.0,2.0,8.0,199.03,66.3433,12.0,0.0,0.3333,0.3333,0
12.0,Mobile Phone,2,7.0,UPI,Male,3.0,2,Mobile Phone,3,Married,3,0,14.0,4.0,6.0,1.0,153.44,21.92,6.0,0.0,0.0769,0.5714,0
26.0,Computer,1,6.0,Credit Card,Female,2.0,4,Grocery,3,Married,5,1,20.0,0.0,1.0,3.0,229.65,114.825,8.0,3.0,0.1111,0.0,0
14.0,Mobile Phone,3,7.0,Credit Card,Male,3.0,6,Laptop & Accessory,2,Divorced,4,1,23.0,2.0,2.0,3.0,199.57,66.5233,18.0,4.0,0.2,0.6667,0
1.0,Mobile Phone,1,12.0,Debit Card,Male,3.0,2,Mobile Phone,4,Married,3,1,17.0,3.0,3.0,3.0,148.28,37.07,6.0,2.0,1.5,0.75,0
22.0,Mobile Phone,1,28.0,UPI,Female,3.0,3,Grocery,4,Married,4,0,16.0,1.0,1.0,2.0,264.13,132.065,9.0,0.0,0.087,0.5,0
31.0,Mobile Phone,3,14.0,E wallet,Male,3.0,2,Laptop & Accessory,1,Married,2,1,19.0,1.0,2.0,10.0,177.2,59.0667,6.0,5.0,0.3125,0.3333,0
25.0,Mobile Phone,1,13.0,Debit Card,Male,2.0,3,Fashion,4,Single,8,0,19.0,3.0,4.0,0.0,204.45,40.89,6.0,0.0,0.0,0.6,0
9.0,Mobile Phone,1,23.0,Debit Card,Female,4.0,5,Fashion,4,Single,3,0,20.0,2.0,4.0,3.0,211.06,42.212,20.0,0.0,0.3,0.4,0
12.0,Mobile Phone,3,17.0,Debit Card,Female,4.0,4,Laptop & Accessory,1,Married,3,0,12.0,1.0,2.0,10.0,178.43,59.4767,16.0,0.0,0.7692,0.3333,0
8.0,Mobile Phone,1,16.0,Credit Card,Female,3.0,5,Fashion,4,Single,3,0,15.0,5.0,8.0,3.0,211.21,23.4678,15.0,0.0,0.3333,0.5556,0
1.0,Computer,1,7.0,Debit Card,Female,4.0,6,Mobile Phone,1,Married,5,0,15.0,3.0,3.0,1.0,168.64,42.16,24.0,0.0,0.5,0.75,0
27.0,Computer,1,8.0,Credit Card,Female,3.0,5,Grocery,3,Married,6,1,21.0,2.0,2.0,3.0,254.65,84.8833,15.0,3.0,0.1071,0.6667,0
29.0,Mobile Phone,1,13.0,Debit Card,Male,2.0,5,Fashion,1,Single,5,0,11.0,0.0,1.0,2.0,172.6,86.3,10.0,0.0,0.0667,0.0,0
11.0,Mobile Phone,1,16.0,Credit Card,Female,2.0,5,Fashion,3,Married,4,0,12.0,1.0,2.0,11.0,232.06,77.3533,10.0,0.0,0.9167,0.3333,0
10.0,Mobile Phone,3,10.0,E wallet,Female,4.0,4,Laptop & Accessory,4,Single,5,1,17.0,1.0,2.0,3.0,217.78,72.5933,16.0,2.0,0.2727,0.3333,0
9.0,Computer,1,14.0,Credit Card,Male,3.0,3,Mobile Phone,3,Single,2,0,12.0,0.0,1.0,0.0,119.04,59.52,9.0,0.0,0.0,0.0,1
10.0,Mobile Phone,3,10.0,E wallet,Female,3.0,4,Laptop & Accessory,4,Single,5,1,17.0,1.0,2.0,3.0,217.78,72.5933,12.0,2.0,0.2727,0.3333,0
18.0,Computer,1,30.0,Credit Card,Male,4.0,4,Laptop & Accessory,4,Married,6,0,13.0,1.0,2.0,3.0,145.42,48.4733,16.0,0.0,0.1579,0.3333,0
11.0,Computer,1,36.0,Debit Card,Male,3.0,4,Fashion,4,Married,3,1,13.0,5.0,2.0,10.0,243.49,81.1633,12.0,2.0,0.8333,1.6667,1
6.0,Computer,3,17.0,E wallet,Male,4.0,4,Laptop & Accessory,1,Single,10,0,14.0,1.0,2.0,1.0,171.48,57.16,16.0,0.0,0.1429,0.3333,0
5.0,Mobile Phone,3,12.0,Credit Card,Male,2.0,3,Laptop & Accessory,3,Single,2,0,16.0,5.0,5.0,7.0,150.1,25.0167,6.0,0.0,1.1667,0.8333,0
16.0,Mobile Phone,3,21.0,Credit Card,Female,4.0,5,Laptop & Accessory,3,Single,9,0,18.0,2.0,2.0,4.0,187.44,62.48,20.0,0.0,0.2353,0.6667,0
29.0,Computer,1,7.0,Debit Card,Male,2.0,3,Laptop & Accessory,3,Married,2,0,21.0,0.0,1.0,9.0,163.06,81.53,6.0,0.0,0.3,0.0,0
8.0,Mobile Phone,1,16.0,UPI,Male,2.0,3,Mobile Phone,1,Married,2,0,20.0,0.0,1.0,2.0,139.17,69.585,6.0,0.0,0.2222,0.0,0
0.0,Mobile Phone,3,26.0,Debit Card,Female,3.0,5,Laptop & Accessory,3,Married,4,1,11.0,0.0,2.0,2.0,145.59,48.53,15.0,3.0,2.0,0.0,1
1.0,Computer,1,10.0,Debit Card,Male,3.0,5,Mobile Phone,1,Married,2,1,12.0,1.0,2.0,1.0,153.53,51.1767,15.0,5.0,0.5,0.3333,1
2.0,Computer,1,16.0,Debit Card,Female,3.0,3,Mobile Phone,4,Married,1,0,14.0,0.0,1.0,1.0,132.91,66.455,9.0,0.0,0.3333,0.0,0
1.0,Computer,1,12.0,Debit Card,Male,4.0,4,Mobile Phone,2,Single,3,0,16.0,2.0,2.0,1.0,135.51,45.17,16.0,0.0,0.5,0.6667,0
6.0,Mobile Phone,3,17.0,E wallet,Female,4.0,5,Fashion,1,Married,4,1,20.0,1.0,2.0,3.0,215.71,71.9033,20.0,5.0,0.4286,0.3333,0
16.0,Mobile Phone,1,14.0,Credit Card,Female,3.0,1,Mobile Phone,3,Married,2,0,12.0,1.0,1.0,4.0,126.45,63.225,3.0,0.0,0.2353,0.5,0
17.0,Mobile Phone,1,13.0,Credit Card,Female,4.0,5,Laptop & Accessory,3,Single,3,1,15.0,2.0,2.0,9.0,165.81,55.27,20.0,3.0,0.5,0.6667,0
7.0,Mobile Phone,3,15.0,E wallet,Male,3.0,4,Laptop & Accessory,3,Married,2,0,13.0,1.0,2.0,3.0,196.04,65.3467,12.0,0.0,0.375,0.3333,0
1.0,Mobile Phone,2,20.0,UPI,Male,3.0,5,Mobile Phone,5,Married,6,1,16.0,2.0,3.0,1.0,148.35,37.0875,15.0,1.0,0.5,0.5,1
7.0,Mobile Phone,1,25.0,Debit Card,Female,3.0,4,Mobile Phone,1,Married,2,0,12.0,3.0,8.0,7.0,129.29,14.3656,12.0,0.0,0.875,0.3333,0
9.0,Computer,1,30.0,Debit Card,Female,2.0,3,Laptop & Accessory,4,Divorced,8,0,15.0,0.0,1.0,8.0,156.74,78.37,6.0,0.0,0.8,0.0,0
9.0,Mobile Phone,1,7.0,Credit Card,Female,3.0,5,Laptop & Accessory,2,Divorced,2,0,13.0,2.0,2.0,1.0,178.63,59.5433,15.0,0.0,0.1,0.6667,0
2.0,Computer,1,8.0,Debit Card,Female,2.0,4,Mobile Phone,5,Single,3,1,23.0,0.0,1.0,0.0,136.46,68.23,8.0,1.0,0.0,0.0,1
22.0,Computer,1,29.0,Credit Card,Female,3.0,4,Grocery,1,Married,5,0,15.0,2.0,5.0,8.0,296.74,49.4567,12.0,0.0,0.3478,0.3333,0
25.0,Computer,1,25.0,Credit Card,Male,2.0,3,Mobile Phone,1,Married,1,0,18.0,1.0,1.0,2.0,142.58,71.29,6.0,0.0,0.0769,0.5,0
23.0,Mobile Phone,1,8.0,Credit Card,Male,3.0,3,Others,3,Married,3,1,15.0,4.0,7.0,7.0,292.37,36.5462,9.0,3.0,0.2917,0.5,0
11.0,Computer,3,8.0,Credit Card,Male,3.0,6,Laptop & Accessory,1,Married,3,0,15.0,2.0,2.0,3.0,220.25,73.4167,18.0,0.0,0.25,0.6667,0
9.0,Computer,1,6.0,Credit Card,Female,3.0,4,Mobile Phone,3,Married,2,0,13.0,1.0,1.0,3.0,120.07,60.035,12.0,0.0,0.3,0.5,0
11.0,Mobile Phone,1,15.0,Debit Card,Male,3.0,3,Mobile Phone,1,Married,3,0,19.0,0.0,1.0,3.0,147.71,73.855,9.0,0.0,0.25,0.0,0
11.0,Mobile Phone,3,13.0,Credit Card,Male,4.0,4,Laptop & Accessory,1,Married,6,0,15.0,2.0,2.0,2.0,190.02,63.34,16.0,0.0,0.1667,0.6667,0
0.0,Mobile Phone,1,13.0,Credit Card,Female,2.0,4,Laptop & Accessory,5,Single,9,0,19.0,1.0,1.0,7.0,168.11,84.055,8.0,0.0,7.0,0.5,0
23.0,Mobile Phone,1,30.0,Debit Card,Male,3.0,3,Grocery,3,Married,4,1,18.0,1.0,2.0,5.0,239.73,79.91,9.0,3.0,0.2083,0.3333,0
10.0,Mobile Phone,3,7.0,Debit Card,Male,3.0,4,Laptop & Accessory,1,Married,3,1,15.0,4.0,5.0,12.0,187.01,31.1683,12.0,5.0,1.0909,0.6667,0
11.0,Mobile Phone,1,24.0,Credit Card,Male,2.0,5,Laptop & Accessory,1,Married,4,1,16.0,0.0,1.0,0.0,158.11,79.055,10.0,5.0,0.0,0.0,0
1.0,Mobile Phone,3,13.0,Debit Card,Male,4.0,6,Laptop & Accessory,3,Divorced,6,1,19.0,7.0,8.0,8.0,186.72,20.7467,24.0,3.0,4.0,0.7778,1
18.0,Mobile Phone,3,8.0,Credit Card,Male,2.0,3,Laptop & Accessory,1,Single,5,0,16.0,1.0,7.0,3.0,151.6,18.95,6.0,0.0,0.1579,0.125,1
4.0,Mobile Phone,3,17.0,E wallet,Male,4.0,5,Laptop & Accessory,3,Married,3,0,19.0,1.0,2.0,5.0,190.78,63.5933,20.0,0.0,1.0,0.3333,0
21.0,Mobile Phone,1,30.0,Credit Card,Female,4.0,4,Fashion,1,Married,3,0,13.0,8.0,16.0,3.0,228.12,13.4188,16.0,0.0,0.1364,0.4706,1
1.0,Mobile Phone,1,9.0,UPI,Male,4.0,5,Mobile Phone,3,Single,8,1,16.0,1.0,2.0,1.0,145.9,48.6333,20.0,3.0,0.5,0.3333,1
2.0,Mobile Phone,1,6.0,Debit Card,Female,3.0,3,Mobile Phone,2,Married,2,0,15.0,0.0,1.0,2.0,137.6,68.8,9.0,0.0,0.6667,0.0,0
24.0,Mobile Phone,1,13.0,Credit Card,Male,2.0,4,Laptop & Accessory,3,Married,3,0,17.0,1.0,1.0,0.0,161.32,80.66,8.0,0.0,0.0,0.5,0
9.0,Mobile Phone,3,8.0,Credit Card,Female,2.0,4,Mobile Phone,3,Single,2,0,13.0,1.0,1.0,2.0,120.44,60.22,8.0,0.0,0.2,0.5,1
5.0,Computer,1,13.0,Debit Card,Male,3.0,5,Mobile Phone,3,Married,3,1,15.0,2.0,2.0,3.0,152.03,50.6767,15.0,3.0,0.5,0.6667,0
1.0,Mobile Phone,1,8.0,Credit Card,Male,2.0,3,Laptop & Accessory,4,Married,5,0,11.0,1.0,1.0,4.0,148.55,74.275,6.0,0.0,2.0,0.5,1
1.0,Mobile Phone,3,11.0,Credit Card,Female,3.0,4,Laptop & Accessory,3,Married,3,1,13.0,2.0,2.0,4.0,166.62,55.54,12.0,3.0,2.0,0.6667,0
11.0,Mobile Phone,1,14.0,Debit Card,Female,2.0,3,Mobile Phone,5,Single,4,0,17.0,0.0,1.0,0.0,126.19,63.095,6.0,0.0,0.0,0.0,0
6.0,Mobile Phone,1,11.0,Debit Card,Female,4.0,5,Laptop & Accessory,3,Divorced,3,0,13.0,2.0,7.0,9.0,186.62,23.3275,20.0,0.0,1.2857,0.25,0
0.0,Computer,3,7.0,Cash on Delivery,Male,3.0,3,Mobile Phone,3,Married,4,0,15.0,1.0,1.0,2.0,129.09,64.545,9.0,0.0,2.0,0.5,1
9.0,Mobile Phone,3,12.0,E wallet,Male,2.0,3,Laptop & Accessory,3,Married,3,1,20.0,0.0,4.0,5.0,123.06,24.612,6.0,3.0,0.5,0.0,0
2.0,Mobile Phone,1,36.0,Credit Card,Male,4.0,4,Laptop & Accessory,5,Divorced,9,1,20.0,1.0,2.0,1.0,191.73,63.91,16.0,1.0,0.3333,0.3333,1
10.0,Mobile Phone,1,13.0,Credit Card,Male,3.0,4,Laptop & Accessory,4,Married,8,0,21.0,1.0,2.0,2.0,174.41,58.1367,12.0,0.0,0.1818,0.3333,0
9.0,Mobile Phone,1,16.0,Debit Card,Female,2.0,1,Mobile Phone,3,Married,4,1,13.0,0.0,1.0,7.0,122.13,61.065,2.0,3.0,0.7,0.0,0
10.0,Mobile Phone,1,33.0,Debit Card,Male,4.0,4,Laptop & Accessory,3,Married,8,0,15.0,2.0,2.0,3.0,178.47,59.49,16.0,0.0,0.2727,0.6667,0
9.0,Mobile Phone,1,16.0,Debit Card,Male,4.0,5,Laptop & Accessory,4,Single,11,0,20.0,2.0,2.0,1.0,190.4,63.4667,20.0,0.0,0.1,0.6667,0
27.0,Computer,2,32.0,UPI,Female,1.0,1,Grocery,1,Single,3,1,12.0,1.0,4.0,4.0,273.28,54.656,1.0,5.0,0.1429,0.2,0
18.0,Computer,3,32.0,E wallet,Male,2.0,4,Laptop & Accessory,5,Married,2,0,15.0,0.0,4.0,5.0,143.85,28.77,8.0,0.0,0.2632,0.0,0
10.0,Computer,3,7.0,Credit Card,Male,2.0,5,Laptop & Accessory,1,Married,2,0,14.0,1.0,1.0,3.0,195.25,97.625,10.0,0.0,0.2727,0.5,0
9.0,Mobile Phone,1,13.0,Debit Card,Male,3.0,3,Mobile Phone,5,Single,4,1,14.0,0.0,1.0,3.0,121.66,60.83,9.0,1.0,0.3,0.0,1
15.0,Computer,1,14.0,Debit Card,Female,3.0,6,Others,3,Married,3,0,23.0,2.0,6.0,11.0,324.73,46.39,18.0,0.0,0.6875,0.2857,0
21.0,Computer,1,10.0,Credit Card,Male,2.0,4,Grocery,1,Married,3,0,25.0,2.0,2.0,2.0,252.02,84.0067,8.0,0.0,0.0909,0.6667,0
1.0,Mobile Phone,3,23.0,E wallet,Male,4.0,4,Fashion,3,Married,4,0,14.0,2.0,2.0,1.0,206.61,68.87,16.0,0.0,0.5,0.6667,1
28.0,Mobile Phone,1,8.0,Credit Card,Female,2.0,5,Others,3,Married,5,0,14.0,1.0,9.0,11.0,291.87,29.187,10.0,0.0,0.3793,0.1,0
8.0,Mobile Phone,3,20.0,Credit Card,Male,3.0,4,Fashion,3,Married,3,0,19.0,2.0,2.0,3.0,211.28,70.4267,12.0,0.0,0.3333,0.6667,0
8.0,Mobile Phone,1,13.0,Debit Card,Male,3.0,4,Mobile Phone,1,Married,2,0,18.0,1.0,1.0,1.0,126.9,63.45,12.0,0.0,0.1111,0.5,0
0.0,Mobile Phone,1,15.0,Credit Card,Male,3.0,1,Mobile Phone,3,Married,2,0,16.0,0.0,1.0,4.0,144.01,72.005,3.0,0.0,4.0,0.0,0
15.0,Mobile Phone,3,13.0,E wallet,Male,3.0,4,Fashion,3,Single,3,0,13.0,7.0,9.0,3.0,217.41,21.741,12.0,0.0,0.1875,0.7,0
1.0,Mobile Phone,1,31.0,Credit Card,Male,3.0,4,Mobile Phone,4,Married,3,1,18.0,1.0,2.0,1.0,149.08,49.6933,12.0,2.0,0.5,0.3333,1
1.0,Mobile Phone,3,16.0,Debit Card,Male,3.0,4,Mobile Phone,5,Single,3,0,12.0,1.0,2.0,3.0,152.28,50.76,12.0,0.0,1.5,0.3333,0
0.0,Computer,3,25.0,E wallet,Male,3.0,1,Laptop & Accessory,1,Single,9,1,13.0,0.0,1.0,4.0,153.04,76.52,3.0,5.0,4.0,0.0,1
9.0,Mobile Phone,1,15.0,Debit Card,Male,3.0,3,Mobile Phone,1,Married,4,0,23.0,1.0,1.0,3.0,120.75,60.375,9.0,0.0,0.3,0.5,0
6.0,Computer,1,6.0,UPI,Female,2.0,1,Laptop & Accessory,4,Divorced,2,1,13.0,0.0,1.0,2.0,154.88,77.44,2.0,2.0,0.2857,0.0,0
1.0,Computer,2,24.0,Debit Card,Female,3.0,4,Mobile Phone,3,Married,2,1,12.0,1.0,2.0,1.0,152.41,50.8033,12.0,3.0,0.5,0.3333,1
8.0,Mobile Phone,1,15.0,Debit Card,Female,3.0,4,Laptop & Accessory,5,Married,5,0,15.0,2.0,2.0,1.0,176.21,58.7367,12.0,0.0,0.1111,0.6667,0
15.0,Computer,1,14.0,Debit Card,Male,3.0,3,Others,2,Married,2,0,13.0,1.0,14.0,9.0,284.3,18.9533,9.0,0.0,0.5625,0.0667,0
9.0,Mobile Phone,1,6.0,Credit Card,Female,3.0,3,Mobile Phone,3,Married,8,0,14.0,0.0,1.0,2.0,122.32,61.16,9.0,0.0,0.2,0.0,0
9.0,Computer,1,25.0,Debit Card,Male,3.0,4,Fashion,1,Single,4,0,12.0,3.0,3.0,3.0,218.62,54.655,12.0,0.0,0.3,0.75,0
0.0,Mobile Phone,3,14.0,Credit Card,Female,3.0,1,Mobile Phone,1,Married,9,0,14.0,0.0,1.0,0.0,125.34,62.67,3.0,0.0,0.0,0.0,0
11.0,Computer,3,16.0,Debit Card,Male,3.0,6,Grocery,3,Married,9,0,12.0,2.0,2.0,11.0,254.36,84.7867,18.0,0.0,0.9167,0.6667,1
9.0,Mobile Phone,3,9.0,Credit Card,Female,3.0,4,Fashion,1,Married,1,0,19.0,0.0,3.0,4.0,176.44,44.11,12.0,0.0,0.4,0.0,0
1.0,Mobile Phone,1,24.0,Debit Card,Female,3.0,4,Mobile Phone,3,Single,3,1,14.0,4.0,8.0,8.0,148.94,16.5489,12.0,3.0,4.0,0.4444,1
14.0,Computer,1,16.0,Debit Card,Male,4.0,5,Laptop & Accessory,2,Divorced,11,0,15.0,2.0,2.0,3.0,173.76,57.92,20.0,0.0,0.2,0.6667,0
19.0,Mobile Phone,1,9.0,Debit Card,Female,4.0,5,Mobile Phone,3,Single,3,0,15.0,2.0,2.0,1.0,147.74,49.2467,20.0,0.0,0.05,0.6667,0
14.0,Mobile Phone,1,13.0,Cash on Delivery,Female,2.0,1,Mobile Phone,3,Divorced,2,0,13.0,1.0,1.0,8.0,133.76,66.88,2.0,0.0,0.5333,0.5,0
15.0,Mobile Phone,1,14.0,Credit Card,Female,3.0,1,Laptop & Accessory,4,Married,7,1,16.0,0.0,1.0,0.0,123.72,61.86,3.0,2.0,0.0,0.0,0
1.0,Mobile Phone,3,11.0,E wallet,Male,3.0,5,Laptop & Accessory,2,Single,3,1,13.0,8.0,8.0,5.0,183.28,20.3644,15.0,4.0,2.5,0.8889,1
9.0,Computer,3,9.0,Credit Card,Male,2.0,4,Fashion,2,Divorced,5,0,11.0,0.0,1.0,12.0,196.99,98.495,8.0,0.0,1.2,0.0,0
6.0,Mobile Phone,3,26.0,Debit Card,Male,4.0,6,Fashion,3,Married,5,0,14.0,1.0,2.0,3.0,221.1,73.7,24.0,0.0,0.4286,0.3333,0
1.0,Computer,1,7.0,Debit Card,Female,3.0,4,Laptop & Accessory,4,Married,3,0,21.0,2.0,2.0,5.0,188.97,62.99,12.0,0.0,2.5,0.6667,0
15.0,Computer,3,32.0,E wallet,Female,3.0,3,Grocery,4,Divorced,6,0,14.0,2.0,2.0,8.0,235.25,78.4167,9.0,0.0,0.5,0.6667,0
1.0,Mobile Phone,2,29.0,UPI,Male,3.0,6,Mobile Phone,3,Married,3,0,12.0,1.0,2.0,1.0,140.55,46.85,18.0,0.0,0.5,0.3333,1
6.0,Mobile Phone,3,8.0,Credit Card,Male,3.0,3,Laptop & Accessory,1,Married,2,0,14.0,1.0,1.0,4.0,155.05,77.525,9.0,0.0,0.5714,0.5,0
0.0,Mobile Phone,1,20.0,UPI,Male,2.0,4,Mobile Phone,4,Married,2,1,24.0,1.0,1.0,2.0,137.43,68.715,8.0,2.0,2.0,0.5,1
2.0,Mobile Phone,1,10.0,Credit Card,Female,4.0,4,Fashion,4,Married,2,0,18.0,1.0,2.0,8.0,201.55,67.1833,16.0,0.0,2.6667,0.3333,0
1.0,Computer,1,31.0,Cash on Delivery,Male,4.0,5,Fashion,5,Single,3,0,13.0,1.0,2.0,3.0,212.22,70.74,20.0,0.0,1.5,0.3333,1
31.0,Mobile Phone,1,10.0,Credit Card,Female,3.0,2,Mobile Phone,5,Married,6,1,21.0,1.0,2.0,1.0,151.7,50.5667,6.0,1.0,0.0312,0.3333,0
15.0,Mobile Phone,1,8.0,Debit Card,Female,2.0,3,Laptop & Accessory,2,Divorced,2,0,13.0,2.0,2.0,2.0,140.89,46.9633,6.0,0.0,0.125,0.6667,0
27.0,Mobile Phone,1,5.0,Debit Card,Female,2.0,3,Laptop & Accessory,3,Single,8,0,11.0,0.0,1.0,0.0,137.8,68.9,6.0,0.0,0.0,0.0,0
5.0,Mobile Phone,3,7.0,Debit Card,Female,4.0,4,Laptop & Accessory,1,Single,10,1,12.0,1.0,2.0,6.0,184.93,61.6433,16.0,5.0,1.0,0.3333,1
9.0,Mobile Phone,1,9.0,Debit Card,Female,2.0,3,Mobile Phone,1,Married,2,0,21.0,1.0,1.0,0.0,120.61,60.305,6.0,0.0,0.0,0.5,0
4.0,Mobile Phone,1,8.0,Debit Card,Male,3.0,3,Mobile Phone,2,Married,1,1,18.0,1.0,2.0,2.0,126.95,42.3167,9.0,4.0,0.4,0.3333,0
1.0,Mobile Phone,1,7.0,Debit Card,Female,3.0,5,Mobile Phone,4,Single,3,0,14.0,1.0,2.0,1.0,153.36,51.12,15.0,0.0,0.5,0.3333,0
0.0,Mobile Phone,3,18.0,Debit Card,Female,3.0,2,Mobile Phone,4,Single,2,0,15.0,0.0,1.0,0.0,127.16,63.58,6.0,0.0,0.0,0.0,1
16.0,Mobile Phone,1,30.0,Debit Card,Female,3.0,4,Grocery,1,Single,4,0,15.0,1.0,2.0,1.0,284.92,94.9733,12.0,0.0,0.0588,0.3333,0
7.0,Computer,1,12.0,Debit Card,Female,4.0,4,Fashion,4,Divorced,8,0,12.0,3.0,2.0,9.0,243.78,81.26,16.0,0.0,1.125,1.0,0
0.0,Mobile Phone,1,12.0,Debit Card,Female,3.0,3,Mobile Phone,1,Married,2,1,13.0,0.0,1.0,2.0,56.0,28.0,9.0,5.0,2.0,0.0,0
0.0,Computer,1,16.0,Debit Card,Male,2.0,3,Fashion,5,Married,2,0,21.0,1.0,1.0,7.0,187.93,93.965,6.0,0.0,7.0,0.5,0
17.0,Mobile Phone,1,9.0,Credit Card,Female,4.0,2,Mobile Phone,3,Married,3,0,13.0,2.0,2.0,5.0,151.45,50.4833,8.0,0.0,0.2778,0.6667,0
14.0,Mobile Phone,1,13.0,Debit Card,Female,4.0,4,Grocery,3,Single,9,0,16.0,5.0,2.0,14.0,257.37,85.79,16.0,0.0,0.9333,1.6667,0
3.0,Mobile Phone,3,22.0,Debit Card,Male,3.0,3,Laptop & Accessory,3,Divorced,9,0,15.0,0.0,2.0,2.0,153.01,51.0033,9.0,0.0,0.5,0.0,0
12.0,Mobile Phone,1,6.0,Debit Card,Female,3.0,4,Grocery,2,Divorced,2,0,16.0,0.0,11.0,3.0,227.42,18.9517,12.0,0.0,0.2308,0.0,0
12.0,Computer,1,15.0,Credit Card,Female,3.0,5,Laptop & Accessory,4,Married,3,1,17.0,2.0,2.0,8.0,146.33,48.7767,15.0,2.0,0.6154,0.6667,0
1.0,Mobile Phone,1,14.0,Cash on Delivery,Female,3.0,4,Mobile Phone,3,Married,5,1,14.0,5.0,8.0,8.0,158.39,17.5989,12.0,3.0,4.0,0.5556,1
0.0,Mobile Phone,3,14.0,Credit Card,Male,2.0,3,Mobile Phone,5,Single,2,1,11.0,1.0,1.0,2.0,123.8,61.9,6.0,1.0,2.0,0.5,0
1.0,Mobile Phone,1,9.0,Debit Card,Female,4.0,4,Mobile Phone,5,Married,3,1,13.0,2.0,2.0,1.0,145.74,48.58,16.0,1.0,0.5,0.6667,1
14.0,Mobile Phone,1,34.0,Debit Card,Female,2.0,4,Grocery,4,Married,1,0,23.0,1.0,2.0,10.0,235.7,78.5667,8.0,0.0,0.6667,0.3333,0
13.0,Mobile Phone,3,13.0,Credit Card,Male,3.0,2,Fashion,3,Married,4,0,12.0,5.0,8.0,7.0,207.37,23.0411,6.0,0.0,0.5,0.5556,0
9.0,Mobile Phone,1,16.0,Debit Card,Female,4.0,5,Fashion,3,Divorced,3,1,21.0,3.0,2.0,16.0,231.85,77.2833,20.0,3.0,1.6,1.0,0
0.0,Mobile Phone,1,9.0,Credit Card,Male,3.0,3,Mobile Phone,5,Divorced,6,0,13.0,1.0,1.0,2.0,140.31,70.155,9.0,0.0,2.0,0.5,1
9.0,Computer,1,15.0,Debit Card,Female,3.0,4,Laptop & Accessory,3,Married,3,0,13.0,3.0,3.0,10.0,166.48,41.62,12.0,0.0,1.0,0.75,0
4.0,Computer,1,7.0,Credit Card,Female,3.0,4,Laptop & Accessory,1,Single,3,0,24.0,2.0,4.0,8.0,165.11,33.022,12.0,0.0,1.6,0.4,0
7.0,Mobile Phone,1,14.0,Debit Card,Female,2.0,3,Laptop & Accessory,5,Married,4,0,14.0,1.0,1.0,0.0,151.21,75.605,6.0,0.0,0.0,0.5,0
0.0,Computer,1,10.0,Cash on Delivery,Male,2.0,4,Mobile Phone,3,Single,6,0,16.0,1.0,1.0,2.0,138.94,69.47,8.0,0.0,2.0,0.5,1
1.0,Mobile Phone,3,16.0,Debit Card,Male,4.0,5,Mobile Phone,5,Divorced,5,0,13.0,2.0,3.0,3.0,169.0,42.25,20.0,0.0,1.5,0.5,1
11.0,Computer,1,9.0,UPI,Male,3.0,3,Mobile Phone,3,Divorced,4,0,16.0,2.0,2.0,2.0,128.21,42.7367,9.0,0.0,0.1667,0.6667,0
1.0,Mobile Phone,3,17.0,E wallet,Female,4.0,5,Laptop & Accessory,1,Married,3,1,12.0,2.0,5.0,5.0,182.69,30.4483,20.0,5.0,2.5,0.3333,0
12.0,Mobile Phone,1,16.0,Debit Card,Male,4.0,4,Mobile Phone,1,Married,4,0,20.0,2.0,2.0,4.0,172.71,57.57,16.0,0.0,0.3077,0.6667,0
15.0,Mobile Phone,3,7.0,E wallet,Male,3.0,2,Fashion,5,Married,3,0,17.0,2.0,2.0,8.0,208.92,69.64,6.0,0.0,0.5,0.6667,0
1.0,Mobile Phone,1,12.0,Cash on Delivery,Male,3.0,5,Fashion,1,Married,3,1,17.0,2.0,2.0,9.0,253.08,84.36,15.0,5.0,4.5,0.6667,0
6.0,Computer,3,6.0,Debit Card,Female,2.0,1,Laptop & Accessory,5,Married,3,0,19.0,0.0,1.0,3.0,153.76,76.88,2.0,0.0,0.4286,0.0,0
1.0,Computer,3,9.0,Debit Card,Female,3.0,5,Mobile Phone,1,Single,9,0,15.0,1.0,2.0,1.0,152.85,50.95,15.0,0.0,0.5,0.3333,1
