customer_id,tenure,preferred_login_device,city_tier,warehouse_to_home,preferred_payment_mode,gender,hour_spend_on_app,number_of_device_registered,preferred_order_cat,satisfaction_score,marital_status,number_of_address,complain,order_amount_hike_from_last_year,coupon_used,order_count,day_since_last_order,cashback_amount,churn
CUST-50001,4.0,Mobile Phone,3,6.0,Debit Card,Female,3.0,3,Laptop & Accessory,2,Single,9,1,11.0,1.0,1.0,5.0,159.93,1
CUST-50002,,Mobile Phone,1,8.0,UPI,Male,3.0,4,Mobile Phone,3,Single,7,1,15.0,0.0,1.0,0.0,120.9,1
CUST-50003,,Mobile Phone,1,30.0,Debit Card,Male,2.0,4,Mobile Phone,3,Single,6,1,14.0,0.0,1.0,3.0,120.28,1
CUST-50004,0.0,Mobile Phone,3,15.0,Debit Card,Male,2.0,4,Laptop & Accessory,5,Single,8,0,23.0,0.0,1.0,3.0,134.07,1
CUST-50005,0.0,Mobile Phone,1,12.0,Credit Card,Male,,3,Mobile Phone,5,Single,3,0,11.0,1.0,1.0,3.0,129.6,1
CUST-50006,0.0,Computer,1,22.0,Debit Card,Female,3.0,5,Mobile Phone,5,Single,2,1,22.0,4.0,6.0,7.0,139.19,1
CUST-50007,,Mobile Phone,3,11.0,Cash on Delivery,Male,2.0,3,Laptop & Accessory,2,Divorced,4,0,14.0,0.0,1.0,0.0,120.86000000000001,1
CUST-50008,,Mobile Phone,1,6.0,Credit Card,Male,3.0,3,Mobile Phone,2,Divorced,3,1,16.0,2.0,2.0,0.0,122.93,1
CUST-50009,13.0,Mobile Phone,3,9.0,E wallet,Male,,4,Mobile Phone,3,Divorced,2,1,14.0,0.0,1.0,2.0,126.83000000000001,1
CUST-50010,,Mobile Phone,1,31.0,Debit Card,Male,2.0,5,Mobile Phone,3,Single,2,0,12.0,1.0,1.0,1.0,122.93,1
CUST-50011,4.0,Mobile Phone,1,18.0,Cash on Delivery,Female,2.0,3,Others,3,Divorced,2,0,,9.0,15.0,8.0,295.45,1
CUST-50012,11.0,Mobile Phone,1,6.0,Debit Card,Male,3.0,4,Fashion,3,Single,10,1,13.0,0.0,1.0,0.0,153.81,1
CUST-50013,0.0,Mobile Phone,1,11.0,Cash on Delivery,Male,2.0,3,Mobile Phone,3,Single,2,1,13.0,2.0,2.0,2.0,134.41,1
CUST-50014,0.0,Mobile Phone,1,15.0,Credit Card,Male,3.0,4,Mobile Phone,3,Divorced,1,1,17.0,0.0,1.0,0.0,133.88,1
CUST-50015,9.0,Mobile Phone,3,15.0,Credit Card,Male,3.0,4,Fashion,2,Single,2,0,16.0,0.0,4.0,7.0,196.19,1
CUST-50016,,Mobile Phone,2,12.0,UPI,Male,3.0,3,Mobile Phone,5,Married,5,1,22.0,1.0,1.0,2.0,120.72999999999999,1
CUST-50017,0.0,Computer,1,12.0,Debit Card,Female,,4,Mobile Phone,2,Single,2,1,18.0,1.0,1.0,0.0,129.26,1
CUST-50018,0.0,Mobile Phone,3,11.0,E wallet,Male,2.0,4,Laptop & Accessory,3,Single,2,1,11.0,1.0,1.0,3.0,157.44,1
CUST-50019,0.0,Computer,1,13.0,Debit Card,Male,3.0,5,Laptop & Accessory,3,Single,2,1,24.0,1.0,1.0,6.0,160.74,1
CUST-50020,19.0,Mobile Phone,1,20.0,Debit Card,Female,3.0,3,Mobile Phone,4,Divorced,10,1,18.0,1.0,4.0,3.0,149.63,1
CUST-50021,0.0,Mobile Phone,3,12.0,Debit Card,Male,3.0,5,Laptop & Accessory,3,Divorced,5,1,18.0,6.0,7.0,7.0,161.72,1
CUST-50022,20.0,Mobile Phone,1,29.0,Credit Card,Female,3.0,3,Fashion,2,Divorced,2,0,12.0,11.0,15.0,6.0,203.12,1
CUST-50023,,Mobile Phone,3,28.0,E wallet,Male,2.0,3,Mobile Phone,3,Single,2,1,19.0,0.0,1.0,0.0,116.75,1
CUST-50024,0.0,Mobile Phone,3,26.0,Debit Card,Female,3.0,5,Laptop & Accessory,3,Divorced,4,1,11.0,1.0,2.0,2.0,145.59,1
CUST-50025,14.0,Computer,1,14.0,Debit Card,Male,2.0,5,Fashion,2,Single,3,0,15.0,0.0,1.0,3.0,206.5,1
CUST-50026,0.0,Mobile Phone,1,15.0,Credit Card,Female,2.0,3,Mobile Phone,5,Single,8,0,22.0,1.0,1.0,4.0,142.0,1
CUST-50027,8.0,Mobile Phone,3,6.0,E wallet,Male,3.0,3,Fashion,4,Divorced,2,0,13.0,1.0,1.0,6.0,172.95,0
CUST-50028,,Mobile Phone,3,12.0,E wallet,Male,2.0,3,Laptop & Accessory,3,Divorced,3,1,20.0,0.0,4.0,5.0,123.06,0
CUST-50029,18.0,Mobile Phone,1,,Debit Card,Male,2.0,3,Laptop & Accessory,4,Married,9,0,18.0,1.0,1.0,15.0,123.47999999999999,0
CUST-50030,5.0,Computer,3,14.0,E wallet,Female,2.0,3,Fashion,2,Single,2,0,14.0,2.0,3.0,7.0,189.98,0
CUST-50031,2.0,Computer,1,6.0,Cash on Delivery,Male,2.0,3,Laptop & Accessory,3,Divorced,2,0,13.0,0.0,1.0,9.0,143.19,0
CUST-50032,0.0,Mobile Phone,1,13.0,Credit Card,Male,2.0,4,Laptop & Accessory,3,Divorced,3,0,17.0,1.0,1.0,0.0,161.32,0
CUST-50033,30.0,Mobile Phone,1,15.0,Credit Card,Female,3.0,4,Mobile Phone,4,Divorced,5,1,20.0,1.0,1.0,0.0,133.46,0
CUST-50034,13.0,Mobile Phone,3,10.0,E wallet,Male,3.0,4,Fashion,2,Divorced,8,0,11.0,2.0,2.0,11.0,208.55,0
CUST-50035,,Computer,3,8.0,E wallet,Female,3.0,3,Mobile Phone,3,Divorced,7,0,18.0,1.0,1.0,2.0,122.31,0
CUST-50036,0.0,Mobile Phone,1,,Credit Card,Male,3.0,3,Mobile Phone,2,Divorced,2,0,24.0,0.0,2.0,2.0,123.22999999999999,0
CUST-50037,,Computer,1,15.0,Credit Card,Male,2.0,3,Mobile Phone,4,Married,7,0,18.0,0.0,2.0,2.0,120.24000000000001,0
CUST-50038,1.0,Mobile Phone,1,27.0,Credit Card,Male,,3,Mobile Phone,2,Divorced,2,0,11.0,0.0,1.0,2.0,127.13,0
CUST-50039,30.0,Mobile Phone,1,30.0,Debit Card,Male,2.0,2,Fashion,2,Married,4,1,16.0,1.0,1.0,4.0,194.39,0
CUST-50040,0.0,Computer,1,,Credit Card,Male,3.0,4,Mobile Phone,3,Married,2,1,15.0,0.0,1.0,1.0,125.66,0
CUST-50041,23.0,Mobile Phone,1,17.0,Debit Card,Female,2.0,3,Others,4,Single,4,0,,2.0,4.0,4.0,299.26,0
CUST-50042,14.0,Mobile Phone,1,,Debit Card,Male,2.0,3,Mobile Phone,3,Married,5,0,12.0,1.0,1.0,8.0,124.50999999999999,0
CUST-50043,3.0,Mobile Phone,3,11.0,Debit Card,Female,2.0,3,Fashion,2,Divorced,3,0,12.0,2.0,7.0,4.0,194.19,0
CUST-50044,11.0,Mobile Phone,3,6.0,Debit Card,Female,2.0,4,Laptop & Accessory,2,Single,5,0,22.0,1.0,1.0,1.0,186.86,0
CUST-50045,5.0,Mobile Phone,1,12.0,Debit Card,Male,,3,Mobile Phone,3,Single,4,0,20.0,0.0,1.0,4.0,130.38,0
CUST-50046,0.0,Mobile Phone,1,23.0,Cash on Delivery,Male,,3,Mobile Phone,4,Divorced,1,1,16.0,1.0,1.0,1.0,130.58,0
CUST-50047,0.0,Computer,3,,Cash on Delivery,Female,3.0,5,Mobile Phone,5,Single,1,0,21.0,1.0,1.0,0.0,123.25,1
CUST-50048,,Computer,1,9.0,Credit Card,Male,1.0,3,Mobile Phone,4,Single,5,0,12.0,4.0,7.0,2.0,120.88,0
CUST-50049,3.0,Computer,1,15.0,Credit Card,Male,,3,Laptop & Accessory,5,Married,2,0,11.0,0.0,6.0,10.0,130.72,0
CUST-50050,18.0,Mobile Phone,3,10.0,Debit Card,Female,1.0,3,Laptop & Accessory,5,Married,5,1,11.0,0.0,1.0,3.0,150.06,0
CUST-50051,29.0,Mobile Phone,1,14.0,Debit Card,Female,3.0,3,Mobile Phone,5,Married,5,1,18.0,1.0,2.0,2.0,142.57,0
CUST-50052,6.0,Mobile Phone,1,,Debit Card,Male,2.0,3,Mobile Phone,2,Single,1,0,14.0,0.0,1.0,2.0,125.0,0
CUST-50053,0.0,Mobile Phone,1,8.0,Debit Card,Male,2.0,4,Mobile Phone,2,Single,2,0,22.0,0.0,1.0,0.0,111.02000000000001,1
CUST-50054,19.0,Mobile Phone,3,6.0,E wallet,Female,3.0,3,Fashion,5,Married,2,0,25.0,4.0,15.0,7.0,204.53,0
CUST-50055,,Mobile Phone,1,15.0,Debit Card,Female,3.0,3,Mobile Phone,2,Single,2,0,12.0,1.0,2.0,1.0,122.88,0
CUST-50056,4.0,Mobile Phone,1,18.0,Credit Card,Female,3.0,3,Mobile Phone,2,Divorced,9,1,23.0,1.0,1.0,2.0,139.29,0
CUST-50057,,Mobile Phone,1,33.0,Credit Card,Female,3.0,3,Mobile Phone,4,Single,3,0,15.0,1.0,1.0,2.0,123.11000000000001,0
CUST-50058,4.0,Mobile Phone,3,26.0,E wallet,Female,,3,Mobile Phone,4,Single,2,1,22.0,0.0,1.0,2.0,131.4,1
CUST-50059,23.0,Mobile Phone,1,6.0,Credit Card,Male,2.0,4,Mobile Phone,3,Divorced,3,0,15.0,0.0,1.0,2.0,136.9,0
CUST-50060,26.0,Mobile Phone,1,19.0,Credit Card,Female,2.0,2,Laptop & Accessory,5,Married,2,0,11.0,1.0,1.0,3.0,144.5,0
CUST-50061,6.0,Mobile Phone,1,20.0,Credit Card,Female,,3,Mobile Phone,4,Divorced,2,0,13.0,0.0,1.0,6.0,127.56,0
CUST-50062,13.0,Mobile Phone,1,10.0,Credit Card,Female,2.0,3,Others,3,Divorced,2,0,14.0,,9.0,9.0,290.33,0
CUST-50063,28.0,Mobile Phone,1,20.0,Credit Card,Male,3.0,2,Others,4,Single,9,0,11.0,,2.0,15.0,287.22,0
CUST-50064,7.0,Computer,1,8.0,Debit Card,Male,2.0,4,Laptop & Accessory,3,Divorced,2,0,17.0,0.0,1.0,9.0,195.47,0
CUST-50065,24.0,Mobile Phone,1,9.0,Credit Card,Female,3.0,3,Grocery,4,Single,4,0,18.0,0.0,,0.0,237.33999999999997,0
CUST-50066,25.0,Mobile Phone,1,6.0,Debit Card,Male,3.0,4,Others,3,Divorced,1,0,,1.0,11.0,9.0,299.99,0
CUST-50067,,Mobile Phone,1,15.0,Credit Card,Female,2.0,3,Mobile Phone,4,Single,2,0,16.0,1.0,1.0,3.0,122.78999999999999,0
CUST-50068,0.0,Mobile Phone,1,29.0,Debit Card,Male,2.0,4,Laptop & Accessory,3,Divorced,4,1,13.0,1.0,1.0,1.0,159.16,1
CUST-50069,,Computer,1,13.0,Credit Card,Male,2.0,2,Mobile Phone,2,Married,5,0,14.0,0.0,2.0,2.0,120.88999999999999,0
CUST-50070,18.0,Computer,1,8.0,Credit Card,Male,3.0,4,Grocery,2,Divorced,10,0,23.0,,11.0,8.0,267.92,0
CUST-50071,10.0,Mobile Phone,1,27.0,Debit Card,Male,3.0,2,Mobile Phone,5,Divorced,2,1,12.0,0.0,1.0,7.0,135.64,0
CUST-50072,8.0,Computer,1,8.0,Credit Card,Female,2.0,3,Laptop & Accessory,4,Single,6,0,11.0,1.0,1.0,2.0,144.25,0
CUST-50073,15.0,Computer,1,27.0,Credit Card,Female,2.0,3,Laptop & Accessory,3,Married,3,0,16.0,0.0,1.0,2.0,152.65,0
CUST-50074,11.0,Mobile Phone,1,8.0,Debit Card,Male,2.0,3,Laptop & Accessory,3,Divorced,10,0,14.0,0.0,1.0,0.0,165.53,0
CUST-50075,11.0,Mobile Phone,1,35.0,Cash on Delivery,Male,2.0,3,Laptop & Accessory,2,Divorced,4,0,18.0,0.0,1.0,7.0,162.61,0
CUST-50076,0.0,Computer,1,6.0,Cash on Delivery,Male,2.0,4,Laptop & Accessory,5,Divorced,6,0,19.0,0.0,2.0,0.0,142.98,0
CUST-50077,22.0,Computer,1,24.0,Debit Card,Male,3.0,3,Laptop & Accessory,2,Married,2,1,15.0,0.0,1.0,7.0,168.04,0
CUST-50078,7.0,Computer,1,16.0,Credit Card,Male,2.0,3,Mobile Phone,3,Married,2,1,17.0,2.0,2.0,0.0,138.15,0
CUST-50079,13.0,Mobile Phone,1,25.0,Credit Card,Male,,3,Laptop & Accessory,2,Divorced,9,1,15.0,1.0,3.0,7.0,127.41,0
CUST-50080,1.0,Mobile Phone,1,35.0,Credit Card,Male,3.0,3,Laptop & Accessory,5,Divorced,8,1,19.0,0.0,1.0,0.0,166.73,1
CUST-50081,0.0,Mobile Phone,3,33.0,E wallet,Female,2.0,3,Fashion,2,Divorced,2,0,22.0,1.0,1.0,9.0,176.39,1
CUST-50082,0.0,Mobile Phone,1,,Debit Card,Male,2.0,2,Mobile Phone,4,Married,2,1,16.0,0.0,2.0,2.0,123.28,0
CUST-50083,,Computer,1,24.0,Credit Card,Female,3.0,3,Mobile Phone,2,Single,2,0,13.0,1.0,1.0,7.0,121.53,0
CUST-50084,13.0,Computer,1,15.0,Debit Card,Male,3.0,4,Laptop & Accessory,2,Divorced,10,0,14.0,1.0,1.0,2.0,148.76,0
CUST-50085,19.0,Mobile Phone,1,6.0,Credit Card,Male,3.0,3,Fashion,5,Married,8,0,16.0,0.0,1.0,3.0,193.96,0
CUST-50086,0.0,Mobile Phone,3,10.0,Credit Card,Male,2.0,5,Fashion,2,Divorced,2,0,11.0,7.0,9.0,8.0,204.0,1
CUST-50087,3.0,Computer,1,6.0,Debit Card,Male,2.0,4,Fashion,3,Single,2,0,22.0,2.0,5.0,8.0,184.74,0
CUST-50088,0.0,Computer,3,26.0,Debit Card,Female,2.0,3,Laptop & Accessory,3,Single,2,0,14.0,1.0,1.0,7.0,199.81,0
CUST-50089,24.0,Mobile Phone,1,14.0,Debit Card,Male,2.0,4,Fashion,4,Divorced,6,0,16.0,1.0,4.0,,224.89999999999998,0
CUST-50090,0.0,Mobile Phone,1,,Cash on Delivery,Female,2.0,3,Mobile Phone,5,Single,6,1,11.0,1.0,1.0,4.0,126.57,1
CUST-50091,14.0,Mobile Phone,3,12.0,Debit Card,Female,3.0,3,Fashion,2,Single,4,1,18.0,0.0,,0.0,235.91000000000003,0
CUST-50092,0.0,Computer,3,32.0,E wallet,Female,2.0,4,Laptop & Accessory,5,Single,6,0,15.0,0.0,1.0,1.0,166.96,1
CUST-50093,,Mobile Phone,1,6.0,Cash on Delivery,Male,2.0,3,Mobile Phone,3,Single,1,0,14.0,0.0,1.0,5.0,120.58000000000001,1
CUST-50094,18.0,Computer,3,12.0,Credit Card,Female,2.0,4,Fashion,2,Single,7,0,12.0,12.0,12.0,8.0,188.65,0
CUST-50095,27.0,Mobile Phone,3,9.0,E wallet,Female,2.0,3,Laptop & Accessory,5,Divorced,3,0,14.0,1.0,1.0,5.0,159.4,0
CUST-50096,9.0,Mobile Phone,1,11.0,Debit Card,Male,3.0,3,Laptop & Accessory,4,Single,9,0,16.0,0.0,3.0,7.0,159.14,0
CUST-50097,6.0,Mobile Phone,1,,Credit Card,Female,2.0,4,Mobile Phone,4,Divorced,7,0,21.0,0.0,1.0,1.0,126.22,0
CUST-50098,10.0,Computer,1,17.0,UPI,Male,2.0,3,Fashion,2,Married,2,1,14.0,0.0,1.0,,221.85000000000002,0
CUST-50099,11.0,Mobile Phone,3,9.0,Debit Card,Male,3.0,3,Fashion,3,Married,1,0,12.0,1.0,5.0,13.0,206.08999999999997,0
CUST-50100,4.0,Computer,1,6.0,Credit Card,Male,2.0,5,Laptop & Accessory,3,Divorced,1,0,12.0,1.0,1.0,4.0,143.45,0
CUST-50101,,Mobile Phone,1,9.0,Debit Card,Male,3.0,4,Mobile Phone,2,Divorced,4,0,17.0,0.0,1.0,0.0,121.77000000000001,0
CUST-50102,10.0,Computer,3,10.0,E wallet,Male,2.0,3,Mobile Phone,2,Married,5,0,17.0,1.0,5.0,8.0,0.0,0
CUST-50103,2.0,Computer,3,6.0,Credit Card,Female,2.0,3,Fashion,2,Divorced,2,0,14.0,4.0,4.0,1.0,179.18,0
CUST-50104,8.0,Computer,3,6.0,E wallet,Female,3.0,3,Fashion,3,Single,2,0,14.0,1.0,1.0,8.0,187.89,0
CUST-50105,0.0,Mobile Phone,1,,Credit Card,Male,2.0,4,Mobile Phone,2,Single,2,1,13.0,0.0,1.0,1.0,123.88999999999999,1
CUST-50106,25.0,Mobile Phone,1,8.0,Debit Card,Female,2.0,4,Mobile Phone,2,Single,8,0,15.0,0.0,2.0,2.0,132.12,0
CUST-50107,15.0,Mobile Phone,1,10.0,Cash on Delivery,Male,2.0,3,Others,2,Divorced,2,0,,0.0,11.0,15.0,292.32,0
CUST-50108,,Mobile Phone,2,12.0,Credit Card,Male,2.0,3,Mobile Phone,3,Divorced,9,0,17.0,2.0,2.0,2.0,122.66999999999999,0
CUST-50109,23.0,Mobile Phone,3,6.0,Credit Card,Female,3.0,3,Others,2,Married,4,0,,1.0,1.0,6.0,295.17,0
CUST-50110,0.0,Mobile Phone,1,,Credit Card,Male,2.0,3,Mobile Phone,2,Divorced,6,1,13.0,0.0,1.0,4.0,124.36000000000001,1
CUST-50111,16.0,Mobile Phone,3,22.0,E wallet,Female,3.0,3,Grocery,2,Divorced,6,1,22.0,0.0,,9.0,260.64,0
CUST-50112,0.0,Mobile Phone,1,8.0,Debit Card,Female,,3,Mobile Phone,5,Divorced,8,0,20.0,1.0,1.0,7.0,127.07,1
CUST-50113,25.0,Computer,3,8.0,Debit Card,Male,3.0,4,Others,3,Single,2,1,18.0,,15.0,12.0,290.68,0
CUST-50114,5.0,Mobile Phone,3,10.0,Debit Card,Female,2.0,3,Mobile Phone,4,Divorced,3,0,11.0,1.0,1.0,2.0,139.31,0
CUST-50115,0.0,Mobile Phone,1,6.0,Debit Card,Male,3.0,4,Mobile Phone,3,Single,1,1,14.0,1.0,1.0,2.0,137.3,1
CUST-50116,,Mobile Phone,1,6.0,Credit Card,Female,3.0,3,Mobile Phone,3,Married,8,0,14.0,0.0,1.0,2.0,122.32,0
CUST-50117,5.0,Computer,3,32.0,E wallet,Male,3.0,3,Laptop & Accessory,2,Divorced,1,0,18.0,1.0,2.0,2.0,144.65,0
CUST-50118,14.0,Mobile Phone,1,25.0,Debit Card,Male,,3,Laptop & Accessory,5,Married,3,0,16.0,1.0,1.0,0.0,130.72,0
CUST-50119,13.0,Mobile Phone,1,30.0,Cash on Delivery,Male,3.0,3,Laptop & Accessory,2,Married,2,0,17.0,2.0,4.0,7.0,133.19,0
CUST-50120,18.0,Mobile Phone,1,6.0,UPI,Male,3.0,2,Others,2,Divorced,1,0,,1.0,1.0,7.0,292.02,0
CUST-50121,4.0,Computer,1,9.0,Credit Card,Male,3.0,3,Fashion,3,Married,10,0,12.0,1.0,,2.0,236.75,0
CUST-50122,6.0,Mobile Phone,1,11.0,Debit Card,Female,,4,Mobile Phone,2,Divorced,2,0,13.0,0.0,1.0,2.0,129.11,0
CUST-50123,7.0,Mobile Phone,1,8.0,Debit Card,Male,2.0,4,Laptop & Accessory,5,Divorced,7,0,13.0,0.0,5.0,9.0,159.57,0
CUST-50124,10.0,Mobile Phone,1,6.0,Credit Card,Female,2.0,4,Mobile Phone,5,Divorced,3,0,14.0,1.0,1.0,2.0,139.2,0
CUST-50125,18.0,Computer,1,13.0,Debit Card,Male,3.0,2,Laptop & Accessory,3,Divorced,5,0,17.0,0.0,1.0,2.0,164.34,0
CUST-50126,0.0,Computer,1,16.0,Credit Card,Male,3.0,3,Fashion,3,Married,7,0,11.0,1.0,1.0,0.0,200.48,1
CUST-50127,12.0,Computer,1,8.0,Cash on Delivery,Female,3.0,3,Fashion,3,Single,1,0,25.0,10.0,11.0,,209.38,0
CUST-50128,2.0,Mobile Phone,1,,Debit Card,Male,2.0,3,Mobile Phone,2,Single,2,0,19.0,0.0,1.0,5.0,123.4,0
CUST-50129,15.0,Mobile Phone,1,23.0,Debit Card,Female,2.0,2,Laptop & Accessory,5,Single,4,1,13.0,0.0,1.0,2.0,165.45,0
CUST-50130,2.0,Mobile Phone,3,26.0,E wallet,Male,2.0,3,Laptop & Accessory,2,Married,3,0,14.0,1.0,1.0,2.0,169.31,0
CUST-50131,0.0,Mobile Phone,1,6.0,Debit Card,Female,3.0,3,Laptop & Accessory,3,Divorced,1,0,12.0,1.0,1.0,2.0,148.98,0
CUST-50132,15.0,Mobile Phone,1,,Credit Card,Female,2.0,4,Mobile Phone,5,Married,1,1,11.0,4.0,7.0,8.0,125.93,0
CUST-50133,13.0,Mobile Phone,1,8.0,Credit Card,Male,2.0,3,Others,3,Married,1,0,,0.0,3.0,9.0,294.36,0
CUST-50134,24.0,Mobile Phone,1,6.0,Debit Card,Male,,3,Mobile Phone,2,Divorced,2,0,11.0,1.0,1.0,0.0,127.22999999999999,0
CUST-50135,0.0,Computer,1,35.0,Credit Card,Male,3.0,4,Mobile Phone,4,Single,1,0,11.0,1.0,1.0,4.0,134.79,1
CUST-50136,5.0,Computer,1,13.0,Debit Card,Male,,2,Mobile Phone,4,Divorced,2,0,20.0,0.0,1.0,3.0,127.94,0
CUST-50137,11.0,Computer,3,8.0,Debit Card,Male,2.0,4,Laptop & Accessory,2,Divorced,4,0,18.0,6.0,7.0,5.0,152.49,0
CUST-50138,,Mobile Phone,1,8.0,Cash on Delivery,Male,2.0,4,Laptop & Accessory,5,Single,5,0,13.0,0.0,1.0,4.0,121.75999999999999,0
CUST-50139,19.0,Mobile Phone,3,8.0,Cash on Delivery,Female,3.0,5,Grocery,4,Divorced,4,1,12.0,,7.0,7.0,268.72,0
CUST-50140,0.0,Mobile Phone,1,8.0,Debit Card,Male,3.0,3,Mobile Phone,3,Single,3,0,11.0,1.0,1.0,0.0,134.85,1
CUST-50141,2.0,Mobile Phone,3,8.0,Credit Card,Male,3.0,4,Laptop & Accessory,4,Divorced,3,0,19.0,0.0,1.0,0.0,166.44,0
CUST-50142,4.0,Mobile Phone,1,29.0,Credit Card,Male,3.0,4,Laptop & Accessory,2,Divorced,1,0,21.0,1.0,7.0,8.0,155.82,0
CUST-50143,0.0,Computer,1,11.0,Debit Card,Male,2.0,2,Laptop & Accessory,5,Married,2,0,12.0,1.0,1.0,5.0,140.0,0
CUST-50144,18.0,Mobile Phone,1,26.0,Credit Card,Male,3.0,3,Grocery,2,Divorced,1,1,14.0,0.0,,10.0,234.95999999999998,0
CUST-50145,9.0,Mobile Phone,1,12.0,Debit Card,Male,2.0,3,Mobile Phone,2,Divorced,1,0,11.0,4.0,10.0,11.0,132.1,0
CUST-50146,28.0,Mobile Phone,1,6.0,Credit Card,Male,2.0,3,Others,5,Single,1,1,14.0,,4.0,13.0,290.45,0
CUST-50147,10.0,Computer,1,35.0,Debit Card,Male,2.0,3,Fashion,4,Divorced,2,1,12.0,5.0,9.0,,218.49,1
CUST-50148,,Mobile Phone,1,15.0,Credit Card,Male,3.0,3,Mobile Phone,2,Divorced,2,0,23.0,1.0,1.0,4.0,120.69999999999999,0
CUST-50149,10.0,Mobile Phone,3,12.0,Credit Card,Male,3.0,3,Laptop & Accessory,2,Divorced,5,0,14.0,0.0,1.0,1.0,165.02,0
CUST-50150,0.0,Mobile Phone,1,9.0,Credit Card,Male,3.0,4,Mobile Phone,3,Single,2,0,17.0,1.0,1.0,0.0,132.3,0
CUST-50151,10.0,Computer,1,6.0,Credit Card,Female,0.0,3,Fashion,2,Married,3,1,18.0,0.0,,2.0,236.02999999999997,0
CUST-50152,2.0,Mobile Phone,1,28.0,Debit Card,Female,3.0,2,Fashion,4,Married,8,0,18.0,5.0,6.0,,219.95999999999998,0
CUST-50153,11.0,Mobile Phone,3,13.0,Credit Card,Female,2.0,2,Laptop & Accessory,5,Married,2,1,24.0,0.0,7.0,7.0,156.05,0
CUST-50154,0.0,Computer,1,6.0,Debit Card,Female,2.0,3,Laptop & Accessory,4,Married,2,0,20.0,0.0,1.0,4.0,163.97,0
CUST-50155,23.0,Mobile Phone,1,10.0,Debit Card,Male,3.0,3,Others,4,Married,4,0,14.0,,1.0,6.0,291.44,0
CUST-50156,26.0,Mobile Phone,1,9.0,Credit Card,Male,2.0,3,Grocery,3,Divorced,4,1,16.0,,1.0,3.0,275.84,0
CUST-50157,15.0,Mobile Phone,3,6.0,Debit Card,Male,2.0,3,Laptop & Accessory,3,Divorced,2,0,25.0,4.0,11.0,6.0,149.07,0
CUST-50158,2.0,Computer,3,8.0,Debit Card,Male,2.0,3,Laptop & Accessory,2,Single,2,0,18.0,0.0,1.0,9.0,145.54,0
CUST-50159,28.0,Mobile Phone,1,26.0,Cash on Delivery,Male,2.0,3,Laptop & Accessory,2,Divorced,4,1,19.0,1.0,1.0,8.0,154.15,0
CUST-50160,0.0,Computer,1,17.0,Credit Card,Male,2.0,3,Laptop & Accessory,5,Divorced,2,1,13.0,2.0,3.0,3.0,147.41,0
CUST-50161,,Mobile Phone,1,6.0,Debit Card,Female,2.0,3,Mobile Phone,2,Single,2,0,12.0,1.0,5.0,7.0,121.15,0
CUST-50162,7.0,Computer,1,30.0,Debit Card,Male,,3,Mobile Phone,3,Married,4,1,22.0,0.0,1.0,0.0,131.61,1
CUST-50163,11.0,Mobile Phone,1,29.0,Debit Card,Male,2.0,3,Laptop & Accessory,2,Married,10,0,14.0,0.0,1.0,2.0,157.45,0
CUST-50164,0.0,Mobile Phone,1,,Credit Card,Male,2.0,3,Mobile Phone,4,Married,3,1,13.0,1.0,1.0,2.0,123.72999999999999,1
CUST-50165,1.0,Mobile Phone,1,14.0,Debit Card,Female,3.0,3,Mobile Phone,2,Single,2,0,21.0,0.0,1.0,2.0,133.1,0
CUST-50166,22.0,Computer,1,16.0,Debit Card,Female,2.0,3,Others,5,Single,10,1,11.0,,1.0,2.0,286.65,0
CUST-50167,9.0,Mobile Phone,1,9.0,Cash on Delivery,Male,1.0,3,Laptop & Accessory,4,Single,5,0,12.0,6.0,7.0,7.0,144.85,0
CUST-50168,4.0,Computer,3,11.0,E wallet,Female,,3,Mobile Phone,4,Married,2,0,11.0,0.0,2.0,2.0,127.88999999999999,0
CUST-50169,0.0,Mobile Phone,3,10.0,E wallet,Male,2.0,4,Laptop & Accessory,2,Single,2,1,12.0,7.0,7.0,4.0,158.28,1
CUST-50170,10.0,Computer,1,,Credit Card,Male,2.0,3,Mobile Phone,2,Divorced,2,1,12.0,0.0,1.0,2.0,123.25999999999999,0
CUST-50171,15.0,Computer,3,32.0,E wallet,Female,3.0,3,Grocery,4,Divorced,6,0,14.0,2.0,,8.0,235.25,0
CUST-50172,,Mobile Phone,1,9.0,Debit Card,Male,2.0,3,Mobile Phone,3,Single,2,0,13.0,0.0,1.0,0.0,114.19999999999999,1
CUST-50173,8.0,Mobile Phone,3,22.0,E wallet,Male,3.0,3,Fashion,4,Divorced,1,0,15.0,3.0,6.0,9.0,180.2,0
CUST-50174,9.0,Computer,1,24.0,Debit Card,Male,2.0,2,Mobile Phone,2,Divorced,5,0,18.0,0.0,1.0,0.0,136.88,0
CUST-50175,24.0,Mobile Phone,1,8.0,Credit Card,Male,2.0,5,Laptop & Accessory,4,Married,6,0,18.0,0.0,1.0,2.0,154.82,0
CUST-50176,14.0,Mobile Phone,3,8.0,Debit Card,Male,2.0,3,Grocery,4,Single,2,0,19.0,1.0,,4.0,260.15,0
CUST-50177,0.0,Mobile Phone,3,16.0,Credit Card,Female,3.0,4,Mobile Phone,3,Single,2,0,12.0,1.0,1.0,0.0,112.0,0
CUST-50178,1.0,Mobile Phone,1,22.0,Credit Card,Male,3.0,2,Laptop & Accessory,5,Single,1,0,19.0,0.0,1.0,7.0,156.61,0
CUST-50179,4.0,Mobile Phone,3,13.0,Cash on Delivery,Male,3.0,2,Laptop & Accessory,2,Divorced,5,0,11.0,3.0,7.0,7.0,169.29,0
CUST-50180,12.0,Mobile Phone,1,6.0,Credit Card,Male,2.0,2,Fashion,2,Married,1,0,17.0,3.0,3.0,7.0,196.13,0
CUST-50181,9.0,Computer,1,30.0,Debit Card,Female,2.0,3,Laptop & Accessory,4,Divorced,8,0,15.0,0.0,1.0,8.0,156.74,0
CUST-50182,5.0,Mobile Phone,3,13.0,Debit Card,Male,3.0,4,Laptop & Accessory,3,Divorced,2,0,14.0,1.0,4.0,8.0,154.84,0
CUST-50183,11.0,Mobile Phone,1,31.0,Debit Card,Female,2.0,4,Fashion,4,Divorced,4,0,17.0,1.0,1.0,,220.61,0
CUST-50184,30.0,Computer,1,6.0,Debit Card,Male,2.0,5,Laptop & Accessory,3,Married,3,1,13.0,1.0,1.0,2.0,156.6,0
CUST-50185,4.0,Mobile Phone,1,11.0,Cash on Delivery,Male,2.0,3,Mobile Phone,2,Divorced,1,1,12.0,0.0,1.0,3.0,148.21,0
CUST-50186,4.0,Mobile Phone,2,8.0,UPI,Male,3.0,4,Laptop & Accessory,5,Divorced,4,0,12.0,0.0,1.0,0.0,164.1,0
CUST-50187,18.0,Computer,1,13.0,Debit Card,Male,3.0,3,Fashion,5,Married,2,0,18.0,5.0,9.0,11.0,152.1,0
CUST-50188,4.0,Mobile Phone,1,8.0,Debit Card,Male,,3,Mobile Phone,2,Married,1,1,18.0,1.0,2.0,2.0,126.94999999999999,0
CUST-50189,6.0,Computer,1,11.0,Debit Card,Female,3.0,3,Fashion,4,Divorced,7,0,11.0,2.0,8.0,,218.77999999999997,0
CUST-50190,12.0,Mobile Phone,1,16.0,Credit Card,Male,2.0,3,Grocery,5,Divorced,2,1,14.0,,11.0,10.0,270.68,0
CUST-50191,16.0,Computer,1,,Debit Card,Female,2.0,3,Mobile Phone,2,Single,1,0,19.0,0.0,1.0,7.0,124.55000000000001,0
CUST-50192,22.0,Mobile Phone,1,6.0,Cash on Delivery,Female,2.0,4,Grocery,3,Single,8,1,12.0,1.0,,7.0,239.64,0
CUST-50193,15.0,Mobile Phone,1,14.0,Credit Card,Male,2.0,4,Laptop & Accessory,4,Divorced,3,0,15.0,7.0,7.0,7.0,149.41,1
CUST-50194,0.0,Mobile Phone,1,,Debit Card,Female,2.0,3,Mobile Phone,4,Single,2,1,12.0,0.0,1.0,2.0,124.78,0
CUST-50195,5.0,Mobile Phone,3,14.0,Cash on Delivery,Female,3.0,4,Laptop & Accessory,4,Divorced,2,1,11.0,6.0,11.0,9.0,152.28,0
CUST-50196,0.0,Mobile Phone,3,8.0,Debit Card,Male,3.0,3,Laptop & Accessory,3,Single,2,1,11.0,1.0,1.0,4.0,144.78,0
CUST-50197,4.0,Mobile Phone,3,13.0,E wallet,Male,3.0,3,Laptop & Accessory,2,Married,5,0,12.0,0.0,1.0,7.0,175.47,0
CUST-50198,5.0,Mobile Phone,1,8.0,Credit Card,Female,3.0,2,Laptop & Accessory,2,Single,8,0,16.0,1.0,1.0,7.0,150.55,0
CUST-50199,0.0,Mobile Phone,1,8.0,Credit Card,Male,2.0,5,Mobile Phone,2,Divorced,6,1,13.0,2.0,2.0,2.0,134.64,1
CUST-50200,3.0,Mobile Phone,1,34.0,Credit Card,Female,3.0,3,Laptop & Accessory,2,Divorced,2,0,13.0,0.0,1.0,9.0,157.75,0
CUST-50201,4.0,Computer,1,13.0,Debit Card,Female,2.0,4,Fashion,3,Divorced,2,0,24.0,3.0,8.0,9.0,189.43,0
CUST-50202,12.0,Computer,1,5.0,Credit Card,Male,2.0,4,Others,2,Divorced,2,0,,9.0,13.0,3.0,292.72,0
CUST-50203,2.0,Mobile Phone,3,9.0,Credit Card,Female,2.0,3,Laptop & Accessory,3,Divorced,5,1,18.0,1.0,1.0,0.0,152.38,1
CUST-50204,6.0,Computer,3,16.0,E wallet,Male,2.0,4,Laptop & Accessory,2,Single,4,0,14.0,1.0,1.0,1.0,146.82,0
CUST-50205,20.0,Mobile Phone,1,11.0,Debit Card,Male,2.0,3,Others,3,Divorced,5,0,11.0,,1.0,1.0,283.0,0
CUST-50206,16.0,Computer,1,16.0,Debit Card,Female,2.0,4,Laptop & Accessory,3,Married,2,0,11.0,0.0,1.0,0.0,152.57,0
CUST-50207,0.0,Computer,3,6.0,E wallet,Male,3.0,3,Laptop & Accessory,4,Divorced,1,1,13.0,0.0,1.0,4.0,163.49,0
CUST-50208,27.0,Computer,1,26.0,Debit Card,Female,2.0,3,Laptop & Accessory,3,Single,4,0,12.0,1.0,1.0,3.0,148.69,0
CUST-50209,16.0,Mobile Phone,1,13.0,Debit Card,Female,2.0,3,Fashion,5,Divorced,9,0,16.0,1.0,1.0,0.0,199.85,0
CUST-50210,18.0,Mobile Phone,1,14.0,UPI,Male,3.0,3,Laptop & Accessory,2,Divorced,10,0,14.0,7.0,9.0,8.0,136.97,0
CUST-50211,13.0,Mobile Phone,3,6.0,Credit Card,Male,2.0,5,Laptop & Accessory,2,Divorced,3,1,22.0,1.0,1.0,2.0,174.57,0
CUST-50212,,Mobile Phone,1,14.0,UPI,Male,3.0,5,Mobile Phone,5,Divorced,2,1,11.0,1.0,1.0,7.0,121.19,1
CUST-50213,2.0,Mobile Phone,1,15.0,UPI,Male,1.0,4,Mobile Phone,2,Single,1,0,17.0,2.0,2.0,2.0,139.83,0
CUST-50214,3.0,Mobile Phone,3,11.0,E wallet,Female,1.0,4,Laptop & Accessory,3,Married,2,0,13.0,0.0,1.0,2.0,161.18,0
CUST-50215,0.0,Mobile Phone,3,14.0,E wallet,Female,2.0,3,Laptop & Accessory,4,Divorced,2,0,18.0,0.0,1.0,7.0,162.14,0
CUST-50216,10.0,Mobile Phone,1,11.0,Credit Card,Male,3.0,3,Laptop & Accessory,2,Married,8,0,16.0,0.0,1.0,4.0,163.47,0
CUST-50217,11.0,Mobile Phone,1,21.0,Debit Card,Male,3.0,4,Fashion,2,Married,1,1,14.0,1.0,2.0,,215.10000000000002,0
CUST-50218,4.0,Mobile Phone,1,13.0,Credit Card,Female,2.0,3,Fashion,2,Single,2,1,14.0,2.0,4.0,10.0,171.43,0
CUST-50219,2.0,Mobile Phone,3,16.0,E wallet,Female,2.0,4,Laptop & Accessory,4,Married,2,1,14.0,0.0,1.0,7.0,182.68,0
CUST-50220,8.0,Mobile Phone,1,11.0,Cash on Delivery,Male,3.0,3,Fashion,4,Single,1,0,13.0,0.0,1.0,13.0,180.95,0
CUST-50221,0.0,Mobile Phone,1,32.0,Debit Card,Male,,3,Mobile Phone,2,Married,2,0,12.0,1.0,1.0,2.0,129.04,0
CUST-50222,14.0,Mobile Phone,1,12.0,Credit Card,Male,3.0,4,Laptop & Accessory,4,Single,7,1,15.0,1.0,1.0,2.0,160.32,0
CUST-50223,20.0,Computer,3,10.0,Credit Card,Male,,3,Laptop & Accessory,3,Single,4,0,19.0,0.0,1.0,0.0,129.76,0
CUST-50224,15.0,Mobile Phone,1,29.0,Debit Card,Female,2.0,3,Grocery,2,Single,3,0,14.0,0.0,,0.0,259.92,0
CUST-50225,2.0,Computer,3,8.0,Debit Card,Male,3.0,3,Laptop & Accessory,3,Divorced,2,0,14.0,1.0,1.0,2.0,146.49,0
CUST-50226,15.0,Mobile Phone,2,8.0,Cash on Delivery,Male,,3,Mobile Phone,3,Married,1,1,11.0,1.0,1.0,0.0,126.96000000000001,0
CUST-50227,5.0,Mobile Phone,1,,Credit Card,Female,3.0,3,Mobile Phone,4,Divorced,2,0,13.0,0.0,1.0,7.0,123.69999999999999,0
CUST-50228,21.0,Mobile Phone,3,35.0,Credit Card,Female,3.0,3,Fashion,3,Divorced,4,0,21.0,0.0,1.0,,225.04000000000002,0
CUST-50229,10.0,Mobile Phone,1,12.0,Credit Card,Male,2.0,2,Laptop & Accessory,5,Married,5,1,13.0,2.0,6.0,7.0,159.74,0
CUST-50230,3.0,Computer,3,31.0,Cash on Delivery,Female,2.0,3,Laptop & Accessory,3,Divorced,8,1,12.0,1.0,2.0,2.0,147.36,0
CUST-50231,0.0,Mobile Phone,3,6.0,Debit Card,Male,2.0,3,Laptop & Accessory,3,Divorced,2,0,17.0,2.0,7.0,7.0,152.96,0
CUST-50232,15.0,Mobile Phone,1,8.0,UPI,Male,3.0,4,Laptop & Accessory,2,Single,4,0,23.0,0.0,1.0,0.0,167.81,0
CUST-50233,,Computer,3,6.0,Cash on Delivery,Female,2.0,4,Mobile Phone,4,Single,2,1,11.0,1.0,1.0,2.0,121.74000000000001,1
CUST-50234,9.0,Computer,3,6.0,Credit Card,Female,2.0,3,Laptop & Accessory,2,Single,5,0,15.0,1.0,1.0,0.0,166.53,0
CUST-50235,9.0,Computer,3,9.0,Credit Card,Male,2.0,4,Fashion,2,Divorced,5,0,11.0,0.0,1.0,12.0,196.99,0
CUST-50236,30.0,Mobile Phone,1,6.0,Credit Card,Male,2.0,3,Laptop & Accessory,3,Divorced,3,0,11.0,1.0,1.0,2.0,167.55,0
CUST-50237,,Mobile Phone,1,16.0,Debit Card,Female,2.0,2,Mobile Phone,3,Divorced,4,1,13.0,0.0,1.0,7.0,122.13,0
CUST-50238,0.0,Computer,3,,Credit Card,Male,2.0,3,Mobile Phone,2,Single,2,0,24.0,0.0,2.0,2.0,126.1,0
CUST-50239,0.0,Mobile Phone,3,11.0,E wallet,Female,,3,Mobile Phone,3,Single,2,1,13.0,1.0,1.0,0.0,128.51,1
CUST-50240,10.0,Mobile Phone,1,16.0,Credit Card,Female,3.0,3,Mobile Phone,5,Divorced,7,0,20.0,1.0,1.0,3.0,134.52,0
CUST-50241,19.0,Computer,1,13.0,Credit Card,Female,1.0,3,Laptop & Accessory,3,Divorced,3,0,14.0,0.0,1.0,0.0,152.58,0
CUST-50242,4.0,Computer,3,10.0,E wallet,Male,2.0,3,Laptop & Accessory,4,Single,2,0,18.0,7.0,7.0,7.0,193.55,1
CUST-50243,23.0,Mobile Phone,1,16.0,Cash on Delivery,Male,3.0,4,Fashion,2,Single,7,0,15.0,0.0,1.0,3.0,204.96,0
CUST-50244,3.0,Mobile Phone,3,28.0,E wallet,Male,3.0,4,Laptop & Accessory,3,Divorced,3,1,12.0,1.0,1.0,0.0,163.8,1
CUST-50245,4.0,Mobile Phone,1,,Debit Card,Male,2.0,4,Mobile Phone,4,Single,1,1,16.0,1.0,2.0,2.0,126.57,0
CUST-50246,0.0,Mobile Phone,3,18.0,Debit Card,Female,,2,Mobile Phone,4,Single,2,0,15.0,0.0,1.0,0.0,127.16,1
CUST-50247,,Mobile Phone,1,29.0,Debit Card,Male,2.0,3,Mobile Phone,2,Single,10,0,16.0,1.0,1.0,2.0,122.00999999999999,0
CUST-50248,8.0,Mobile Phone,1,15.0,Debit Card,Male,3.0,4,Laptop & Accessory,4,Single,10,0,19.0,1.0,1.0,0.0,165.4,0
CUST-50249,0.0,Mobile Phone,1,6.0,Credit Card,Male,2.0,3,Mobile Phone,4,Married,2,0,11.0,0.0,1.0,4.0,138.16,0
CUST-50250,1.0,Mobile Phone,3,15.0,Debit Card,Male,3.0,3,Laptop & Accessory,2,Single,2,0,16.0,1.0,1.0,7.0,152.53,0
CUST-50251,22.0,Mobile Phone,1,13.0,UPI,Male,2.0,4,Fashion,3,Single,9,0,24.0,1.0,1.0,0.0,145.0,0
CUST-50252,24.0,Mobile Phone,3,20.0,Debit Card,Female,2.0,3,Laptop & Accessory,2,Divorced,5,0,11.0,0.0,1.0,7.0,149.36,0
CUST-50253,9.0,Mobile Phone,1,,Debit Card,Female,3.0,3,Mobile Phone,3,Divorced,5,0,13.0,1.0,2.0,2.0,125.43,0
CUST-50254,0.0,Computer,3,25.0,E wallet,Male,3.0,2,Laptop & Accessory,2,Single,9,1,13.0,1.0,1.0,4.0,153.04,1
CUST-50255,28.0,Mobile Phone,1,8.0,Debit Card,Female,3.0,3,Grocery,2,Single,3,1,13.0,,1.0,2.0,266.59,0
CUST-50256,0.0,Mobile Phone,3,16.0,E wallet,Female,3.0,3,Laptop & Accessory,3,Married,2,1,12.0,0.0,1.0,3.0,142.6,0
CUST-50257,3.0,Mobile Phone,3,,Cash on Delivery,Male,3.0,3,Mobile Phone,4,Divorced,2,0,18.0,1.0,1.0,0.0,124.75999999999999,0
CUST-50258,0.0,Computer,1,9.0,Cash on Delivery,Male,,3,Mobile Phone,5,Single,1,0,22.0,0.0,1.0,4.0,131.02,1
CUST-50259,,Mobile Phone,1,17.0,Credit Card,Female,2.0,3,Mobile Phone,4,Divorced,2,0,13.0,1.0,1.0,2.0,122.44,0
CUST-50260,9.0,Mobile Phone,3,8.0,Credit Card,Male,3.0,4,Fashion,3,Divorced,2,0,13.0,9.0,9.0,0.0,175.96,0
CUST-50261,,Computer,1,10.0,Cash on Delivery,Male,2.0,3,Mobile Phone,2,Single,19,1,23.0,1.0,1.0,0.0,122.85,1
CUST-50262,10.0,Mobile Phone,1,20.0,Debit Card,Female,,3,Mobile Phone,5,Married,2,0,12.0,3.0,12.0,17.0,130.34,0
CUST-50263,13.0,Mobile Phone,3,8.0,E wallet,Female,2.0,3,Laptop & Accessory,4,Married,8,0,12.0,0.0,1.0,3.0,157.15,0
CUST-50264,15.0,Mobile Phone,1,,Debit Card,Female,3.0,3,Mobile Phone,5,Married,4,0,16.0,1.0,1.0,2.0,125.75999999999999,0
CUST-50265,10.0,Mobile Phone,1,16.0,Debit Card,Male,2.0,3,Laptop & Accessory,4,Single,3,1,12.0,0.0,1.0,1.0,141.97,0
CUST-50266,16.0,Mobile Phone,1,18.0,Debit Card,Male,2.0,4,Grocery,4,Married,2,0,11.0,0.0,,9.0,243.36,0
CUST-50267,13.0,Mobile Phone,1,8.0,Credit Card,Female,3.0,4,Laptop & Accessory,3,Divorced,7,0,22.0,1.0,1.0,0.0,134.48,0
CUST-50268,27.0,Mobile Phone,1,11.0,Credit Card,Male,2.0,3,Others,5,Divorced,5,0,,1.0,1.0,2.0,294.06,0
CUST-50269,7.0,Computer,3,10.0,E wallet,Female,3.0,3,Laptop & Accessory,3,Divorced,10,0,15.0,1.0,1.0,2.0,165.38,0
CUST-50270,4.0,Mobile Phone,1,13.0,Credit Card,Female,2.0,3,Laptop & Accessory,5,Divorced,2,0,12.0,3.0,3.0,12.0,143.06,0
CUST-50271,,Computer,1,27.0,Credit Card,Male,3.0,3,Mobile Phone,2,Divorced,8,0,20.0,0.0,1.0,2.0,122.58000000000001,0
CUST-50272,16.0,Mobile Phone,1,14.0,UPI,Female,3.0,3,Laptop & Accessory,3,Married,5,1,14.0,0.0,1.0,2.0,145.22,0
CUST-50273,0.0,Mobile Phone,3,10.0,Debit Card,Female,2.0,4,Laptop & Accessory,2,Single,2,1,11.0,0.0,1.0,3.0,144.87,0
CUST-50274,10.0,Computer,1,31.0,Credit Card,Female,3.0,3,Laptop & Accessory,3,Divorced,4,1,15.0,3.0,10.0,7.0,144.49,0
CUST-50275,,Mobile Phone,1,6.0,Debit Card,Male,3.0,4,Mobile Phone,5,Divorced,2,0,12.0,0.0,3.0,2.0,122.18,0
CUST-50276,12.0,Computer,1,6.0,Debit Card,Male,2.0,3,Others,3,Married,2,1,14.0,0.0,1.0,6.0,291.97,0
CUST-50277,29.0,Computer,3,12.0,Debit Card,Female,2.0,2,Grocery,5,Divorced,10,0,11.0,2.0,,7.0,232.12,0
CUST-50278,3.0,Mobile Phone,3,18.0,Cash on Delivery,Female,2.0,3,Laptop & Accessory,3,Single,1,0,11.0,3.0,4.0,4.0,165.77,0
CUST-50279,14.0,Mobile Phone,3,6.0,E wallet,Male,2.0,2,Fashion,5,Divorced,2,0,16.0,1.0,1.0,7.0,183.92,0
CUST-50280,1.0,Mobile Phone,1,23.0,Credit Card,Male,3.0,3,Laptop & Accessory,5,Married,2,0,12.0,0.0,1.0,8.0,145.58,0
CUST-50281,0.0,Mobile Phone,1,9.0,Credit Card,Male,3.0,3,Mobile Phone,5,Divorced,6,0,13.0,1.0,1.0,2.0,140.31,1
CUST-50282,25.0,Mobile Phone,1,9.0,Credit Card,Male,2.0,4,Fashion,3,Divorced,3,1,14.0,0.0,1.0,4.0,179.69,0
CUST-50283,18.0,Mobile Phone,1,,Debit Card,Male,3.0,3,Mobile Phone,2,Divorced,4,0,21.0,1.0,1.0,2.0,126.53999999999999,0
CUST-50284,25.0,Mobile Phone,1,10.0,Debit Card,Female,1.0,3,Grocery,2,Divorced,3,0,13.0,,1.0,4.0,265.55,0
CUST-50285,15.0,Computer,1,35.0,Debit Card,Female,3.0,3,Laptop & Accessory,3,Married,3,0,11.0,1.0,1.0,2.0,145.56,0
CUST-50286,3.0,Mobile Phone,1,8.0,Debit Card,Female,2.0,5,Laptop & Accessory,2,Single,3,0,20.0,0.0,1.0,2.0,160.91,0
CUST-50287,30.0,Mobile Phone,1,13.0,Debit Card,Female,2.0,3,Others,5,Divorced,6,0,,0.0,11.0,10.0,295.66,0
CUST-50288,19.0,Mobile Phone,1,24.0,Credit Card,Female,2.0,3,Laptop & Accessory,3,Married,3,0,14.0,0.0,1.0,8.0,148.1,0
CUST-50289,15.0,Computer,1,34.0,Cash on Delivery,Female,2.0,4,Laptop & Accessory,2,Divorced,1,0,11.0,0.0,1.0,4.0,145.23,0
CUST-50290,0.0,Mobile Phone,3,6.0,Cash on Delivery,Female,3.0,3,Mobile Phone,4,Single,2,1,16.0,1.0,1.0,4.0,132.02,1
CUST-50291,0.0,Computer,3,,E wallet,Female,2.0,5,Mobile Phone,3,Married,1,0,16.0,1.0,1.0,0.0,123.50999999999999,1
CUST-50292,,Computer,1,8.0,Debit Card,Male,2.0,3,Mobile Phone,2,Divorced,2,1,23.0,1.0,1.0,0.0,117.02000000000001,0
CUST-50293,13.0,Mobile Phone,3,8.0,Debit Card,Female,3.0,3,Others,3,Divorced,1,0,14.0,,1.0,12.0,280.41,0
CUST-50294,0.0,Mobile Phone,1,29.0,Debit Card,Female,,3,Mobile Phone,2,Married,2,0,22.0,1.0,1.0,2.0,128.86,0
CUST-50295,,Computer,1,9.0,Debit Card,Male,2.0,3,Mobile Phone,2,Divorced,5,0,15.0,0.0,1.0,4.0,120.97,0
CUST-50296,2.0,Mobile Phone,1,9.0,Credit Card,Male,3.0,4,Fashion,3,Divorced,2,0,18.0,1.0,1.0,,219.35000000000002,0
CUST-50297,0.0,Mobile Phone,1,,Cash on Delivery,Female,3.0,4,Mobile Phone,4,Divorced,6,0,16.0,0.0,1.0,1.0,125.46000000000001,1
CUST-50298,0.0,Mobile Phone,2,,Cash on Delivery,Male,2.0,4,Mobile Phone,2,Single,2,0,12.0,1.0,1.0,0.0,125.63999999999999,1
CUST-50299,3.0,Computer,3,28.0,UPI,Female,3.0,3,Fashion,5,Divorced,1,0,11.0,2.0,7.0,8.0,184.12,0
CUST-50300,30.0,Mobile Phone,3,35.0,E wallet,Male,2.0,4,Grocery,2,Married,4,0,12.0,0.0,,0.0,241.18,0
CUST-50301,23.0,Mobile Phone,1,35.0,Debit Card,Male,2.0,4,Grocery,3,Divorced,1,0,15.0,,15.0,7.0,270.46,0
CUST-50302,3.0,Computer,1,,Credit Card,Female,2.0,3,Mobile Phone,2,Single,1,0,14.0,5.0,6.0,7.0,125.63999999999999,0
CUST-50303,30.0,Computer,3,34.0,E wallet,Female,3.0,4,Fashion,5,Divorced,5,0,19.0,13.0,13.0,11.0,202.66,0
CUST-50304,20.0,Mobile Phone,1,8.0,Credit Card,Female,3.0,3,Laptop & Accessory,2,Married,6,0,13.0,0.0,1.0,4.0,150.7,0
CUST-50305,19.0,Mobile Phone,1,8.0,Debit Card,Male,2.0,3,Grocery,3,Divorced,7,0,13.0,,1.0,1.0,278.61,0
CUST-50306,8.0,Mobile Phone,1,28.0,Debit Card,Male,2.0,5,Mobile Phone,3,Single,1,0,15.0,2.0,4.0,3.0,142.3,0
CUST-50307,27.0,Mobile Phone,1,14.0,Debit Card,Female,2.0,3,Laptop & Accessory,3,Single,8,0,11.0,1.0,1.0,0.0,137.8,0
CUST-50308,7.0,Mobile Phone,1,8.0,Debit Card,Male,,4,Mobile Phone,3,Married,4,0,12.0,5.0,5.0,7.0,127.68,0
CUST-50309,19.0,Mobile Phone,3,16.0,E wallet,Female,3.0,4,Fashion,2,Divorced,3,1,19.0,1.0,1.0,2.0,190.71,0
CUST-50310,4.0,Mobile Phone,1,15.0,Debit Card,Male,2.0,3,Fashion,4,Married,2,0,25.0,1.0,1.0,8.0,206.48000000000002,0
CUST-50311,0.0,Mobile Phone,1,21.0,Credit Card,Male,2.0,3,Fashion,3,Divorced,8,1,12.0,0.0,,7.0,236.10000000000002,1
CUST-50312,0.0,Mobile Phone,1,16.0,Credit Card,Male,2.0,5,Mobile Phone,2,Married,8,0,13.0,0.0,1.0,3.0,134.08,1
CUST-50313,3.0,Mobile Phone,3,13.0,E wallet,Male,,3,Mobile Phone,4,Single,1,0,14.0,1.0,1.0,2.0,129.83,0
CUST-50314,8.0,Mobile Phone,1,22.0,Debit Card,Male,3.0,3,Fashion,3,Divorced,5,1,12.0,0.0,1.0,0.0,176.32,0
CUST-50315,0.0,Computer,1,26.0,Debit Card,Male,3.0,3,Fashion,3,Divorced,4,0,12.0,1.0,1.0,0.0,198.24,1
CUST-50316,0.0,Computer,2,29.0,UPI,Female,2.0,3,Fashion,5,Married,10,1,15.0,1.0,1.0,2.0,199.5,1
CUST-50317,,Computer,1,11.0,UPI,Male,3.0,3,Mobile Phone,3,Divorced,5,0,17.0,2.0,2.0,0.0,120.93,0
CUST-50318,9.0,Computer,3,16.0,Credit Card,Male,2.0,3,Fashion,2,Single,2,0,14.0,1.0,9.0,7.0,199.8,0
CUST-50319,0.0,Computer,1,10.0,Cash on Delivery,Male,2.0,4,Mobile Phone,3,Single,6,0,16.0,1.0,1.0,2.0,138.94,1
CUST-50320,21.0,Mobile Phone,3,8.0,E wallet,Female,2.0,3,Laptop & Accessory,2,Divorced,3,0,14.0,4.0,6.0,7.0,140.51,0
CUST-50321,28.0,Mobile Phone,3,24.0,Debit Card,Female,2.0,3,Grocery,4,Single,4,0,23.0,,7.0,7.0,268.35,0
CUST-50322,14.0,Computer,3,16.0,Debit Card,Male,2.0,3,Laptop & Accessory,2,Single,8,0,14.0,0.0,1.0,10.0,162.3,0
CUST-50323,8.0,Mobile Phone,3,6.0,E wallet,Male,2.0,3,Laptop & Accessory,3,Divorced,10,0,11.0,3.0,6.0,9.0,147.17,0
CUST-50324,13.0,Mobile Phone,1,12.0,Debit Card,Female,3.0,3,Grocery,3,Single,8,0,15.0,4.0,,13.0,232.37,0
CUST-50325,12.0,Computer,1,14.0,Debit Card,Female,2.0,3,Mobile Phone,3,Divorced,2,0,11.0,0.0,1.0,7.0,137.55,0
CUST-50326,4.0,Mobile Phone,3,8.0,Debit Card,Male,3.0,3,Laptop & Accessory,2,Single,5,1,13.0,1.0,1.0,5.0,165.82,0
CUST-50327,15.0,Mobile Phone,1,30.0,Credit Card,Male,2.0,3,Fashion,5,Divorced,2,1,21.0,4.0,5.0,8.0,174.06,0
CUST-50328,18.0,Mobile Phone,3,8.0,UPI,Male,3.0,3,Laptop & Accessory,4,Divorced,1,0,19.0,3.0,3.0,7.0,148.05,0
CUST-50329,0.0,Computer,2,23.0,Debit Card,Female,,3,Mobile Phone,3,Married,1,1,11.0,0.0,1.0,0.0,127.41,1
CUST-50330,2.0,Mobile Phone,1,25.0,Cash on Delivery,Male,2.0,3,Laptop & Accessory,2,Married,5,0,12.0,0.0,1.0,2.0,142.62,0
CUST-50331,6.0,Mobile Phone,1,6.0,Credit Card,Female,3.0,2,Grocery,3,Married,5,0,19.0,,1.0,5.0,261.84,0
CUST-50332,0.0,Mobile Phone,3,13.0,Debit Card,Male,2.0,4,Fashion,2,Married,10,0,21.0,1.0,1.0,,215.57,0
CUST-50333,,Computer,3,11.0,E wallet,Male,3.0,3,Mobile Phone,4,Single,2,1,14.0,1.0,1.0,0.0,118.78,1
CUST-50334,13.0,Computer,3,34.0,UPI,Male,2.0,5,Fashion,5,Married,4,0,15.0,1.0,1.0,,209.32,0
CUST-50335,14.0,Computer,1,8.0,UPI,Female,3.0,4,Laptop & Accessory,3,Single,3,1,17.0,0.0,1.0,7.0,168.11,0
CUST-50336,0.0,Mobile Phone,3,35.0,Credit Card,Male,2.0,3,Laptop & Accessory,3,Married,6,0,12.0,1.0,1.0,0.0,143.06,0
CUST-50337,8.0,Mobile Phone,3,6.0,Credit Card,Female,3.0,3,Laptop & Accessory,3,Single,2,0,16.0,0.0,1.0,3.0,148.59,0
CUST-50338,7.0,Mobile Phone,3,27.0,Debit Card,Male,3.0,2,Laptop & Accessory,2,Single,2,0,12.0,5.0,5.0,7.0,153.37,0
CUST-50339,0.0,Mobile Phone,1,,Cash on Delivery,Male,3.0,5,Mobile Phone,2,Single,2,1,18.0,1.0,1.0,0.0,123.4,1
CUST-50340,10.0,Mobile Phone,1,6.0,Cash on Delivery,Female,2.0,3,Fashion,2,Single,5,0,17.0,1.0,1.0,2.0,174.91,0
CUST-50341,19.0,Computer,1,24.0,Credit Card,Female,2.0,3,Fashion,3,Divorced,6,0,11.0,1.0,1.0,2.0,205.27,0
CUST-50342,14.0,Mobile Phone,3,8.0,Debit Card,Female,3.0,3,Grocery,5,Divorced,8,0,16.0,,11.0,8.0,265.95,0
CUST-50343,10.0,Computer,3,15.0,Credit Card,Male,3.0,3,Fashion,4,Married,2,0,13.0,6.0,7.0,7.0,188.34,0
CUST-50344,25.0,Mobile Phone,1,12.0,Cash on Delivery,Male,3.0,3,Laptop & Accessory,5,Married,4,1,12.0,2.0,6.0,9.0,155.77,0
CUST-50345,0.0,Computer,3,17.0,UPI,Male,2.0,2,Laptop & Accessory,3,Divorced,9,0,12.0,1.0,1.0,2.0,147.07,1
CUST-50346,0.0,Computer,3,,Credit Card,Male,2.0,3,Mobile Phone,2,Divorced,1,0,13.0,0.0,2.0,1.0,124.0,0
CUST-50347,11.0,Mobile Phone,1,16.0,Credit Card,Female,3.0,3,Laptop & Accessory,3,Divorced,4,0,19.0,1.0,1.0,0.0,198.24,0
CUST-50348,10.0,Mobile Phone,1,6.0,Debit Card,Female,3.0,3,Laptop & Accessory,4,Divorced,7,0,12.0,3.0,4.0,3.0,164.47,0
CUST-50349,22.0,Mobile Phone,1,24.0,Debit Card,Male,2.0,4,Others,3,Married,2,1,,0.0,1.0,9.0,295.02,0
CUST-50350,0.0,Mobile Phone,1,29.0,Credit Card,Male,,2,Mobile Phone,2,Divorced,2,1,11.0,0.0,1.0,4.0,127.25,0
CUST-50351,0.0,Mobile Phone,3,34.0,E wallet,Male,3.0,3,Laptop & Accessory,4,Divorced,2,0,20.0,1.0,1.0,4.0,162.72,0
CUST-50352,,Mobile Phone,1,23.0,UPI,Male,3.0,4,Mobile Phone,4,Divorced,2,0,21.0,1.0,1.0,0.0,121.27000000000001,0
CUST-50353,23.0,Computer,2,9.0,Credit Card,Male,2.0,3,Others,4,Divorced,2,0,11.0,,10.0,7.0,282.0,0
CUST-50354,,Mobile Phone,3,19.0,Credit Card,Male,2.0,3,Mobile Phone,3,Divorced,2,0,11.0,1.0,1.0,6.0,120.96000000000001,0
CUST-50355,0.0,Computer,1,13.0,Debit Card,Female,,3,Mobile Phone,3,Divorced,2,1,16.0,0.0,1.0,2.0,128.86,1
CUST-50356,,Computer,3,18.0,Debit Card,Male,3.0,4,Mobile Phone,5,Divorced,2,0,18.0,1.0,1.0,0.0,120.33000000000001,1
CUST-50357,7.0,Mobile Phone,1,6.0,Debit Card,Male,2.0,4,Mobile Phone,2,Divorced,2,1,13.0,0.0,1.0,3.0,136.22,0
CUST-50358,0.0,Mobile Phone,3,19.0,Credit Card,Male,2.0,3,Laptop & Accessory,5,Married,3,0,17.0,0.0,1.0,2.0,142.33,1
CUST-50359,8.0,Mobile Phone,1,31.0,UPI,Male,2.0,4,Laptop & Accessory,2,Single,5,0,14.0,0.0,1.0,2.0,136.81,0
CUST-50360,4.0,Mobile Phone,3,12.0,Credit Card,Male,3.0,2,Laptop & Accessory,2,Married,5,0,22.0,3.0,5.0,7.0,154.6,0
CUST-50361,,Mobile Phone,1,12.0,Credit Card,Female,3.0,4,Mobile Phone,3,Married,1,0,12.0,1.0,1.0,3.0,121.87,0
CUST-50362,10.0,Mobile Phone,3,8.0,E wallet,Male,3.0,3,Laptop & Accessory,3,Divorced,5,1,11.0,0.0,1.0,0.0,196.02,0
CUST-50363,0.0,Mobile Phone,1,6.0,Debit Card,Female,,4,Mobile Phone,4,Single,2,0,13.0,1.0,1.0,0.0,128.36,0
CUST-50364,15.0,Mobile Phone,1,8.0,Debit Card,Female,2.0,3,Laptop & Accessory,2,Divorced,2,0,13.0,2.0,2.0,2.0,140.89,0
CUST-50365,16.0,Mobile Phone,1,12.0,UPI,Male,2.0,4,Grocery,2,Married,5,1,14.0,,1.0,0.0,266.27,0
CUST-50366,11.0,Mobile Phone,1,,Debit Card,Female,2.0,3,Mobile Phone,5,Single,4,0,17.0,1.0,1.0,0.0,126.19,0
CUST-50367,16.0,Computer,1,15.0,Credit Card,Male,3.0,3,Laptop & Accessory,3,Married,4,1,13.0,2.0,4.0,7.0,156.79,0
CUST-50368,21.0,Mobile Phone,1,6.0,Debit Card,Female,2.0,4,Grocery,5,Divorced,8,0,11.0,0.0,,2.0,254.01999999999998,0
CUST-50369,17.0,Mobile Phone,2,6.0,Debit Card,Female,2.0,4,Laptop & Accessory,3,Single,5,0,11.0,1.0,1.0,2.0,159.85,0
CUST-50370,7.0,Mobile Phone,3,,Cash on Delivery,Female,2.0,3,Mobile Phone,3,Married,2,1,18.0,1.0,1.0,6.0,125.78999999999999,0
CUST-50371,0.0,Mobile Phone,3,8.0,E wallet,Male,,3,Mobile Phone,5,Married,1,0,11.0,0.0,1.0,2.0,130.41,1
CUST-50372,0.0,Mobile Phone,3,28.0,Cash on Delivery,Male,2.0,3,Mobile Phone,3,Single,2,0,11.0,1.0,1.0,2.0,134.47,0
CUST-50373,17.0,Mobile Phone,1,9.0,UPI,Male,2.0,3,Others,2,Divorced,5,1,,1.0,1.0,1.0,295.13,0
CUST-50374,0.0,Mobile Phone,1,12.0,Credit Card,Male,,3,Mobile Phone,3,Divorced,1,0,20.0,2.0,2.0,2.0,127.72999999999999,0
CUST-50375,6.0,Mobile Phone,3,14.0,E wallet,Male,2.0,3,Laptop & Accessory,3,Married,1,0,12.0,1.0,1.0,2.0,171.04,0
CUST-50376,5.0,Mobile Phone,1,15.0,Debit Card,Female,3.0,3,Laptop & Accessory,2,Divorced,2,1,12.0,1.0,1.0,5.0,163.22,0
CUST-50377,,Computer,1,9.0,Credit Card,Female,3.0,3,Mobile Phone,3,Married,2,0,20.0,1.0,1.0,0.0,120.83000000000001,0
CUST-50378,26.0,Mobile Phone,3,6.0,Credit Card,Female,2.0,3,Laptop & Accessory,5,Single,8,0,20.0,6.0,8.0,10.0,183.81,0
CUST-50379,7.0,Mobile Phone,1,6.0,Debit Card,Male,,3,Mobile Phone,2,Divorced,2,0,12.0,6.0,8.0,8.0,126.91,0
CUST-50380,8.0,Computer,3,32.0,Debit Card,Female,3.0,3,Laptop & Accessory,5,Divorced,3,0,14.0,0.0,1.0,0.0,142.86,1
CUST-50381,0.0,Mobile Phone,1,12.0,Debit Card,Female,3.0,3,Mobile Phone,2,Divorced,2,1,13.0,0.0,1.0,2.0,126.59,0
CUST-50382,10.0,Mobile Phone,1,9.0,UPI,Male,2.0,3,Fashion,3,Divorced,2,0,15.0,6.0,7.0,8.0,194.34,0
CUST-50383,2.0,Mobile Phone,3,9.0,Credit Card,Female,3.0,3,Laptop & Accessory,3,Divorced,2,0,14.0,0.0,1.0,2.0,155.61,0
CUST-50384,8.0,Mobile Phone,1,12.0,Debit Card,Male,2.0,5,Laptop & Accessory,2,Single,2,0,13.0,11.0,11.0,8.0,166.46,0
CUST-50385,6.0,Computer,1,12.0,Debit Card,Male,1.0,3,Laptop & Accessory,2,Married,4,0,23.0,4.0,4.0,7.0,177.25,0
CUST-50386,27.0,Mobile Phone,2,25.0,Credit Card,Male,2.0,3,Fashion,4,Divorced,3,0,15.0,3.0,7.0,1.0,207.25,0
CUST-50387,9.0,Mobile Phone,1,15.0,Credit Card,Male,2.0,4,Laptop & Accessory,4,Married,3,1,11.0,1.0,1.0,2.0,188.47,0
CUST-50388,,Mobile Phone,1,9.0,Credit Card,Male,2.0,4,Mobile Phone,2,Single,1,0,13.0,0.0,1.0,1.0,120.44999999999999,0
CUST-50389,0.0,Mobile Phone,1,16.0,Credit Card,Male,2.0,3,Mobile Phone,3,Single,2,1,11.0,0.0,1.0,1.0,110.09,1
CUST-50390,0.0,Computer,1,9.0,Debit Card,Male,3.0,3,Mobile Phone,5,Single,2,1,11.0,9.0,9.0,7.0,133.48,1
CUST-50391,,Computer,1,9.0,Debit Card,Male,2.0,4,Mobile Phone,3,Divorced,2,0,18.0,1.0,1.0,0.0,112.81,0
CUST-50392,0.0,Mobile Phone,1,10.0,Credit Card,Male,,2,Mobile Phone,5,Divorced,3,0,16.0,0.0,1.0,2.0,128.19,0
CUST-50393,0.0,Mobile Phone,3,14.0,Debit Card,Male,2.0,2,Laptop & Accessory,4,Divorced,1,0,22.0,0.0,1.0,2.0,148.51,0
CUST-50394,11.0,Mobile Phone,3,13.0,E wallet,Female,2.0,4,Laptop & Accessory,2,Single,1,0,20.0,1.0,1.0,5.0,140.28,0
CUST-50395,2.0,Computer,1,6.0,Debit Card,Male,,5,Mobile Phone,2,Married,2,0,18.0,2.0,2.0,8.0,127.19999999999999,0
CUST-50396,21.0,Mobile Phone,3,8.0,E wallet,Male,2.0,2,Laptop & Accessory,4,Divorced,4,0,12.0,2.0,2.0,2.0,181.2,0
CUST-50397,0.0,Computer,3,9.0,Credit Card,Female,3.0,2,Laptop & Accessory,2,Married,2,1,20.0,1.0,1.0,4.0,146.47,0
CUST-50398,10.0,Mobile Phone,1,16.0,Debit Card,Male,3.0,2,Mobile Phone,2,Single,4,0,17.0,1.0,1.0,0.0,146.8,0
CUST-50399,23.0,Mobile Phone,1,34.0,Credit Card,Male,3.0,2,Mobile Phone,3,Divorced,2,1,11.0,3.0,3.0,8.0,132.21,0
CUST-50400,7.0,Mobile Phone,1,15.0,Credit Card,Female,2.0,4,Fashion,4,Single,2,0,14.0,4.0,7.0,7.0,186.21,0
CUST-50401,0.0,Mobile Phone,3,9.0,Debit Card,Female,3.0,3,Laptop & Accessory,3,Single,10,0,14.0,1.0,2.0,0.0,145.77,1
CUST-50402,12.0,Mobile Phone,1,8.0,Cash on Delivery,Female,3.0,4,Laptop & Accessory,3,Single,2,0,11.0,2.0,11.0,10.0,145.53,0
CUST-50403,5.0,Mobile Phone,3,16.0,E wallet,Male,2.0,3,Laptop & Accessory,2,Single,2,0,12.0,0.0,1.0,8.0,153.96,0
CUST-50404,13.0,Computer,3,14.0,Cash on Delivery,Male,2.0,3,Laptop & Accessory,3,Divorced,4,1,14.0,1.0,1.0,3.0,167.96,1
CUST-50405,11.0,Mobile Phone,1,6.0,Debit Card,Female,2.0,2,Laptop & Accessory,2,Single,1,0,13.0,1.0,1.0,8.0,176.25,0
CUST-50406,0.0,Mobile Phone,1,6.0,Debit Card,Female,3.0,3,Fashion,5,Divorced,2,0,11.0,1.0,1.0,7.0,174.12,0
CUST-50407,5.0,Mobile Phone,1,9.0,Debit Card,Female,2.0,3,Fashion,2,Single,4,0,15.0,3.0,7.0,,211.58999999999997,0
CUST-50408,20.0,Mobile Phone,3,20.0,E wallet,Male,2.0,3,Laptop & Accessory,5,Single,3,0,12.0,0.0,1.0,7.0,149.6,0
CUST-50409,13.0,Computer,3,11.0,Debit Card,Male,2.0,4,Fashion,5,Divorced,6,1,21.0,0.0,1.0,12.0,204.75,0
CUST-50410,26.0,Mobile Phone,1,13.0,Debit Card,Male,2.0,2,Grocery,3,Divorced,4,0,19.0,0.0,,3.0,248.14,0
CUST-50411,14.0,Mobile Phone,2,16.0,UPI,Male,3.0,4,Others,2,Married,4,0,15.0,,12.0,6.0,291.41,0
CUST-50412,30.0,Mobile Phone,3,22.0,E wallet,Male,2.0,3,Laptop & Accessory,5,Single,9,0,14.0,1.0,2.0,2.0,154.05,0
CUST-50413,0.0,Computer,1,16.0,Debit Card,Male,2.0,3,Fashion,5,Married,2,0,21.0,1.0,1.0,7.0,187.93,0
CUST-50414,14.0,Mobile Phone,2,6.0,UPI,Male,2.0,4,Others,3,Divorced,2,0,12.0,,2.0,10.0,291.89,0
CUST-50415,23.0,Mobile Phone,3,14.0,E wallet,Male,2.0,3,Mobile Phone,4,Divorced,8,0,15.0,1.0,2.0,2.0,138.75,0
CUST-50416,,Mobile Phone,1,6.0,Debit Card,Female,3.0,5,Mobile Phone,4,Single,8,1,13.0,1.0,3.0,7.0,122.16,1
CUST-50417,9.0,Computer,1,14.0,Debit Card,Female,3.0,2,Fashion,5,Divorced,10,0,14.0,0.0,1.0,,217.13,0
CUST-50418,11.0,Mobile Phone,1,6.0,Debit Card,Female,2.0,3,Fashion,3,Single,5,1,14.0,0.0,1.0,0.0,178.61,0
CUST-50419,17.0,Computer,1,30.0,Credit Card,Male,2.0,5,Mobile Phone,3,Single,3,0,14.0,0.0,1.0,4.0,137.08,0
CUST-50420,20.0,Computer,3,9.0,Credit Card,Female,2.0,3,Grocery,3,Married,10,1,12.0,7.0,,13.0,237.7,0
CUST-50421,3.0,Mobile Phone,3,33.0,E wallet,Male,2.0,3,Laptop & Accessory,2,Married,8,0,23.0,4.0,7.0,7.0,153.04,0
CUST-50422,2.0,Mobile Phone,3,,Debit Card,Male,2.0,3,Mobile Phone,3,Single,2,0,11.0,0.0,1.0,0.0,126.41999999999999,0
CUST-50423,5.0,Computer,1,25.0,Credit Card,Male,,2,Mobile Phone,3,Married,7,1,12.0,2.0,2.0,2.0,127.59,1
CUST-50424,16.0,Computer,3,21.0,Debit Card,Male,2.0,4,Laptop & Accessory,2,Divorced,4,0,18.0,0.0,2.0,2.0,168.04,0
CUST-50425,7.0,Mobile Phone,1,14.0,Credit Card,Female,3.0,3,Laptop & Accessory,3,Single,4,0,11.0,1.0,4.0,3.0,161.42,0
CUST-50426,0.0,Mobile Phone,1,,Credit Card,Male,2.0,3,Mobile Phone,5,Divorced,2,0,14.0,0.0,1.0,2.0,125.0,0
CUST-50427,12.0,Mobile Phone,2,9.0,UPI,Female,2.0,2,Laptop & Accessory,4,Divorced,10,0,15.0,3.0,3.0,6.0,163.89,0
CUST-50428,29.0,Mobile Phone,1,15.0,Credit Card,Male,2.0,3,Grocery,2,Divorced,8,0,11.0,0.0,1.0,,211.02999999999997,0
CUST-50429,13.0,Mobile Phone,1,,Credit Card,Female,2.0,4,Mobile Phone,2,Single,1,1,20.0,2.0,2.0,3.0,123.41999999999999,0
CUST-50430,0.0,Mobile Phone,1,13.0,Credit Card,Female,2.0,4,Laptop & Accessory,5,Single,9,0,19.0,1.0,1.0,7.0,168.11,0
CUST-50431,,Mobile Phone,3,16.0,E wallet,Male,2.0,3,Mobile Phone,4,Married,2,0,14.0,0.0,2.0,2.0,122.97,0
CUST-50432,26.0,Mobile Phone,1,,Debit Card,Male,2.0,3,Laptop & Accessory,2,Single,3,0,17.0,1.0,2.0,2.0,124.5,0
CUST-50433,8.0,Computer,1,8.0,Debit Card,Female,3.0,3,Laptop & Accessory,5,Married,3,0,11.0,0.0,1.0,0.0,150.93,0
CUST-50434,5.0,Computer,1,30.0,Debit Card,Male,3.0,3,Laptop & Accessory,2,Divorced,2,0,15.0,2.0,4.0,7.0,153.09,0
CUST-50435,11.0,Mobile Phone,1,8.0,Credit Card,Male,,3,Mobile Phone,3,Divorced,7,1,13.0,0.0,1.0,1.0,130.57,0
CUST-50436,7.0,Mobile Phone,1,14.0,Debit Card,Female,2.0,3,Laptop & Accessory,5,Married,4,0,14.0,1.0,1.0,0.0,151.21,0
CUST-50437,25.0,Mobile Phone,3,9.0,E wallet,Male,2.0,4,Grocery,5,Divorced,2,0,11.0,,1.0,16.0,268.56,0
CUST-50438,0.0,Mobile Phone,1,6.0,UPI,Male,,3,Mobile Phone,2,Single,2,1,13.0,5.0,7.0,8.0,126.86000000000001,1
CUST-50439,0.0,Mobile Phone,3,32.0,Credit Card,Female,2.0,3,Laptop & Accessory,2,Single,2,0,23.0,0.0,1.0,4.0,161.8,0
CUST-50440,18.0,Mobile Phone,3,8.0,Cash on Delivery,Male,2.0,5,Laptop & Accessory,3,Single,1,0,13.0,0.0,3.0,1.0,166.32,0
CUST-50441,0.0,Mobile Phone,1,16.0,Credit Card,Male,3.0,2,Mobile Phone,3,Single,2,0,18.0,1.0,1.0,2.0,135.05,0
CUST-50442,10.0,Computer,3,33.0,Debit Card,Female,3.0,1,Laptop & Accessory,3,Single,5,1,12.0,1.0,1.0,3.0,163.97,1
CUST-50443,7.0,Mobile Phone,3,8.0,UPI,Male,2.0,3,Laptop & Accessory,2,Single,2,0,22.0,0.0,1.0,4.0,162.74,0
CUST-50444,18.0,Mobile Phone,1,8.0,Credit Card,Male,3.0,3,Others,5,Divorced,6,1,,1.0,1.0,4.0,298.59,1
CUST-50445,9.0,Computer,3,14.0,Debit Card,Male,3.0,4,Fashion,5,Single,2,0,15.0,0.0,1.0,9.0,175.87,0
CUST-50446,25.0,Computer,1,25.0,Credit Card,Male,2.0,3,Mobile Phone,2,Divorced,1,0,18.0,1.0,1.0,2.0,142.58,0
CUST-50447,0.0,Computer,1,6.0,Debit Card,Female,3.0,5,Mobile Phone,2,Married,4,0,14.0,2.0,2.0,0.0,143.64,0
CUST-50448,2.0,Mobile Phone,1,33.0,Credit Card,Female,3.0,3,Laptop & Accessory,3,Divorced,5,0,12.0,1.0,1.0,1.0,143.35,0
CUST-50449,0.0,Mobile Phone,3,14.0,Cash on Delivery,Male,2.0,4,Laptop & Accessory,5,Single,7,0,17.0,1.0,1.0,2.0,153.26,1
CUST-50450,7.0,Mobile Phone,1,6.0,Debit Card,Female,3.0,1,Mobile Phone,2,Single,3,0,16.0,0.0,1.0,3.0,132.8,0
CUST-50451,27.0,Mobile Phone,1,25.0,Credit Card,Female,3.0,3,Laptop & Accessory,5,Married,10,1,11.0,0.0,1.0,4.0,154.85,0
CUST-50452,2.0,Computer,3,5.0,E wallet,Male,2.0,3,Laptop & Accessory,2,Divorced,1,0,19.0,0.0,1.0,1.0,143.42,0
CUST-50453,10.0,Mobile Phone,1,16.0,Debit Card,Female,,3,Mobile Phone,5,Married,1,1,13.0,3.0,4.0,3.0,127.82,0
CUST-50454,11.0,Computer,1,8.0,Debit Card,Female,3.0,1,Laptop & Accessory,5,Single,7,1,12.0,4.0,4.0,12.0,159.8,0
CUST-50455,7.0,Mobile Phone,1,8.0,Credit Card,Female,2.0,4,Mobile Phone,5,Single,2,0,11.0,1.0,1.0,3.0,143.81,0
CUST-50456,8.0,Mobile Phone,3,,Debit Card,Female,3.0,3,Mobile Phone,2,Divorced,2,0,16.0,0.0,1.0,2.0,125.72,0
CUST-50457,3.0,Mobile Phone,1,6.0,Debit Card,Male,2.0,5,Mobile Phone,3,Divorced,4,0,21.0,1.0,1.0,2.0,138.33,0
CUST-50458,13.0,Computer,1,8.0,Credit Card,Female,2.0,1,Laptop & Accessory,4,Divorced,2,0,24.0,0.0,3.0,7.0,142.44,0
CUST-50459,7.0,Mobile Phone,3,14.0,Debit Card,Female,3.0,3,Laptop & Accessory,5,Divorced,6,0,17.0,1.0,1.0,2.0,165.0,0
CUST-50460,15.0,Computer,1,14.0,Debit Card,Male,3.0,3,Others,2,Married,2,0,13.0,,14.0,9.0,284.3,0
CUST-50461,,Mobile Phone,1,12.0,Debit Card,Male,3.0,1,Mobile Phone,5,Divorced,2,1,21.0,1.0,1.0,0.0,116.00999999999999,1
CUST-50462,0.0,Computer,1,15.0,Debit Card,Male,,4,Mobile Phone,4,Married,2,0,11.0,1.0,1.0,0.0,126.94,0
CUST-50463,25.0,Mobile Phone,1,17.0,Debit Card,Female,,3,Laptop & Accessory,3,Divorced,9,0,20.0,1.0,1.0,4.0,131.49,0
CUST-50464,23.0,Mobile Phone,1,8.0,Credit Card,Male,3.0,3,Grocery,3,Divorced,6,0,16.0,,1.0,3.0,276.39,0
CUST-50465,0.0,Mobile Phone,1,,Debit Card,Female,2.0,4,Mobile Phone,5,Divorced,2,1,11.0,0.0,1.0,0.0,123.19,1
CUST-50466,6.0,Mobile Phone,1,13.0,Credit Card,Male,2.0,3,Fashion,3,Divorced,1,0,11.0,0.0,3.0,,216.91000000000003,0
CUST-50467,0.0,Mobile Phone,3,22.0,E wallet,Female,3.0,3,Laptop & Accessory,5,Single,6,0,15.0,1.0,1.0,2.0,153.24,1
CUST-50468,20.0,Mobile Phone,1,8.0,UPI,Female,2.0,3,Grocery,2,Divorced,2,1,11.0,,3.0,0.0,267.52,0
CUST-50469,9.0,Mobile Phone,1,6.0,UPI,Female,2.0,3,Laptop & Accessory,4,Divorced,1,0,15.0,0.0,1.0,5.0,152.28,0
CUST-50470,2.0,Mobile Phone,1,29.0,Debit Card,Male,,1,Mobile Phone,3,Divorced,2,0,24.0,1.0,1.0,7.0,127.0,0
CUST-50471,20.0,Mobile Phone,1,8.0,Debit Card,Male,2.0,3,Others,4,Single,8,1,,5.0,13.0,8.0,292.46,1
CUST-50472,8.0,Mobile Phone,1,,Debit Card,Female,2.0,1,Mobile Phone,3,Single,4,0,13.0,0.0,2.0,2.0,125.06,0
CUST-50473,15.0,Mobile Phone,1,6.0,Debit Card,Female,2.0,4,Laptop & Accessory,2,Divorced,10,1,13.0,0.0,1.0,2.0,160.62,0
CUST-50474,0.0,Mobile Phone,1,8.0,Credit Card,Male,2.0,3,Mobile Phone,3,Single,7,0,17.0,0.0,2.0,1.0,143.82,1
CUST-50475,,Mobile Phone,2,19.0,UPI,Male,2.0,3,Mobile Phone,4,Divorced,4,0,13.0,1.0,1.0,4.0,121.43,0
CUST-50476,5.0,Mobile Phone,1,10.0,Debit Card,Female,3.0,4,Laptop & Accessory,3,Divorced,2,0,12.0,1.0,6.0,8.0,161.62,0
CUST-50477,13.0,Computer,1,22.0,Credit Card,Male,2.0,4,Laptop & Accessory,3,Single,7,0,14.0,1.0,1.0,0.0,150.94,0
CUST-50478,3.0,Mobile Phone,1,8.0,Credit Card,Female,2.0,4,Laptop & Accessory,2,Single,6,1,24.0,1.0,1.0,0.0,168.77,0
CUST-50479,,Mobile Phone,1,8.0,Debit Card,Female,3.0,4,Mobile Phone,3,Single,2,0,14.0,1.0,1.0,0.0,122.74000000000001,0
CUST-50480,15.0,Mobile Phone,1,35.0,Debit Card,Male,3.0,3,Laptop & Accessory,4,Divorced,2,0,13.0,2.0,7.0,8.0,144.34,0
CUST-50481,11.0,Computer,1,18.0,Debit Card,Male,2.0,4,Laptop & Accessory,5,Married,3,0,15.0,1.0,1.0,2.0,162.88,0
CUST-50482,7.0,Computer,1,,Debit Card,Female,3.0,4,Mobile Phone,2,Single,2,0,16.0,1.0,1.0,3.0,125.53,0
CUST-50483,12.0,Mobile Phone,3,17.0,E wallet,Female,2.0,3,Fashion,2,Divorced,2,0,18.0,0.0,7.0,7.0,176.54,1
CUST-50484,18.0,Mobile Phone,3,8.0,Credit Card,Male,2.0,3,Laptop & Accessory,2,Single,5,0,16.0,0.0,7.0,3.0,151.6,1
CUST-50485,16.0,Mobile Phone,1,20.0,Debit Card,Male,3.0,3,Grocery,5,Divorced,7,0,24.0,,1.0,0.0,271.59,0
CUST-50486,0.0,Mobile Phone,1,11.0,Cash on Delivery,Male,2.0,4,Fashion,2,Married,2,1,16.0,0.0,1.0,,228.07999999999998,0
CUST-50487,8.0,Mobile Phone,1,13.0,UPI,Male,2.0,3,Fashion,3,Single,4,0,21.0,0.0,1.0,6.0,202.21,0
CUST-50488,1.0,Mobile Phone,3,8.0,E wallet,Female,2.0,3,Laptop & Accessory,4,Divorced,2,1,20.0,7.0,7.0,5.0,147.79,0
CUST-50489,7.0,Mobile Phone,2,9.0,UPI,Male,2.0,3,Mobile Phone,2,Divorced,1,0,19.0,1.0,1.0,2.0,137.37,0
CUST-50490,0.0,Computer,1,,Credit Card,Female,2.0,4,Mobile Phone,3,Divorced,2,1,14.0,0.0,1.0,7.0,123.66,1
CUST-50491,,Computer,1,9.0,Credit Card,Male,2.0,3,Mobile Phone,2,Divorced,2,0,11.0,1.0,1.0,0.0,117.06,0
CUST-50492,24.0,Mobile Phone,3,32.0,E wallet,Female,3.0,3,Grocery,3,Divorced,3,0,14.0,,4.0,17.0,263.07,0
CUST-50493,17.0,Mobile Phone,1,10.0,Credit Card,Male,2.0,3,Laptop & Accessory,4,Single,10,0,12.0,1.0,2.0,3.0,159.33,0
CUST-50494,0.0,Mobile Phone,1,8.0,Credit Card,Male,3.0,1,Mobile Phone,5,Single,8,0,13.0,1.0,1.0,1.0,134.24,0
CUST-50495,6.0,Mobile Phone,3,6.0,Credit Card,Male,2.0,1,Laptop & Accessory,5,Married,2,0,22.0,0.0,1.0,8.0,140.37,0
CUST-50496,8.0,Mobile Phone,1,,Credit Card,Female,2.0,4,Mobile Phone,5,Single,2,0,11.0,1.0,1.0,1.0,125.59,0
CUST-50497,9.0,Mobile Phone,3,6.0,Debit Card,Male,2.0,3,Laptop & Accessory,2,Divorced,2,1,14.0,2.0,4.0,11.0,162.01,0
CUST-50498,5.0,Mobile Phone,3,19.0,Debit Card,Male,3.0,3,Laptop & Accessory,2,Married,3,0,11.0,0.0,1.0,3.0,144.03,0
CUST-50499,3.0,Computer,1,11.0,Debit Card,Male,3.0,4,Mobile Phone,2,Married,10,0,12.0,0.0,1.0,3.0,137.61,0
CUST-50500,26.0,Mobile Phone,3,13.0,E wallet,Female,3.0,4,Fashion,2,Divorced,8,1,18.0,0.0,1.0,,209.33999999999997,0
CUST-50501,18.0,Mobile Phone,3,15.0,E wallet,Male,3.0,3,Fashion,5,Married,5,1,12.0,1.0,1.0,2.0,207.61,0
CUST-50502,5.0,Mobile Phone,1,14.0,Credit Card,Female,3.0,1,Laptop & Accessory,3,Divorced,6,0,12.0,1.0,1.0,3.0,151.75,0
CUST-50503,25.0,Computer,1,31.0,Credit Card,Female,2.0,4,Grocery,2,Divorced,4,0,22.0,0.0,,0.0,238.26,0
CUST-50504,10.0,Mobile Phone,3,22.0,E wallet,Male,3.0,4,Laptop & Accessory,3,Married,5,0,19.0,1.0,1.0,0.0,163.34,0
CUST-50505,1.0,Mobile Phone,2,14.0,Credit Card,Male,3.0,4,Mobile Phone,2,Married,2,0,13.0,0.0,1.0,4.0,149.36,0
CUST-50506,0.0,Mobile Phone,1,6.0,Debit Card,Male,2.0,4,Laptop & Accessory,2,Divorced,7,0,22.0,2.0,2.0,2.0,147.75,0
CUST-50507,17.0,Mobile Phone,1,14.0,Debit Card,Male,,1,Mobile Phone,2,Divorced,3,1,24.0,1.0,1.0,2.0,128.18,0
CUST-50508,15.0,Computer,1,,Credit Card,Male,2.0,3,Mobile Phone,2,Single,6,1,14.0,0.0,2.0,2.0,125.15,0
CUST-50509,9.0,Mobile Phone,2,,Debit Card,Male,3.0,4,Mobile Phone,5,Divorced,1,0,21.0,1.0,1.0,3.0,123.41999999999999,0
CUST-50510,0.0,Mobile Phone,3,9.0,UPI,Male,3.0,3,Laptop & Accessory,5,Divorced,2,1,18.0,1.0,1.0,3.0,141.94,0
CUST-50511,8.0,Mobile Phone,1,15.0,Debit Card,Female,3.0,4,Fashion,3,Divorced,2,1,20.0,2.0,5.0,15.0,206.85000000000002,0
CUST-50512,,Computer,1,31.0,Debit Card,Female,3.0,3,Mobile Phone,4,Married,2,1,19.0,0.0,7.0,8.0,120.22,1
CUST-50513,5.0,Computer,1,6.0,Debit Card,Male,3.0,3,Mobile Phone,2,Married,1,0,12.0,0.0,1.0,2.0,123.13999999999999,0
CUST-50514,0.0,Mobile Phone,3,10.0,E wallet,Male,2.0,4,Laptop & Accessory,5,Divorced,2,0,12.0,1.0,1.0,3.0,142.56,0
CUST-50515,22.0,Mobile Phone,1,6.0,Cash on Delivery,Female,2.0,3,Mobile Phone,5,Divorced,3,0,16.0,1.0,1.0,2.0,135.8,0
CUST-50516,0.0,Computer,1,10.0,Debit Card,Male,,4,Mobile Phone,2,Divorced,1,0,17.0,0.0,3.0,4.0,131.62,0
CUST-50517,5.0,Computer,3,11.0,Debit Card,Male,2.0,3,Laptop & Accessory,4,Divorced,2,0,14.0,2.0,5.0,3.0,165.24,0
CUST-50518,11.0,Mobile Phone,3,15.0,E wallet,Male,,4,Mobile Phone,4,Divorced,1,0,19.0,0.0,1.0,2.0,128.99,0
CUST-50519,15.0,Mobile Phone,1,9.0,Debit Card,Female,3.0,1,Laptop & Accessory,2,Divorced,3,1,13.0,0.0,1.0,3.0,152.31,0
CUST-50520,4.0,Mobile Phone,1,,Debit Card,Male,2.0,3,Mobile Phone,2,Divorced,4,1,19.0,1.0,1.0,2.0,123.56,0
CUST-50521,0.0,Mobile Phone,3,6.0,Credit Card,Female,,4,Mobile Phone,3,Married,7,1,19.0,0.0,1.0,2.0,128.0,1
CUST-50522,26.0,Mobile Phone,3,14.0,E wallet,Male,3.0,3,Grocery,2,Divorced,6,0,14.0,0.0,2.0,,218.36,0
CUST-50523,8.0,Mobile Phone,1,31.0,Cash on Delivery,Male,3.0,4,Fashion,4,Divorced,4,0,16.0,3.0,4.0,8.0,209.02999999999997,0
CUST-50524,10.0,Computer,3,27.0,Credit Card,Female,,3,Mobile Phone,2,Divorced,6,0,15.0,1.0,1.0,0.0,129.73,0
CUST-50525,26.0,Mobile Phone,1,29.0,Debit Card,Female,3.0,3,Grocery,2,Single,7,0,18.0,2.0,,8.0,242.75,0
CUST-50526,16.0,Computer,1,6.0,Debit Card,Female,2.0,3,Laptop & Accessory,2,Divorced,5,0,13.0,1.0,2.0,2.0,155.62,0
CUST-50527,20.0,Mobile Phone,3,8.0,E wallet,Female,2.0,3,Laptop & Accessory,2,Divorced,1,1,22.0,5.0,7.0,7.0,145.37,0
CUST-50528,10.0,Computer,3,25.0,Credit Card,Male,2.0,3,Fashion,4,Single,2,1,13.0,0.0,1.0,9.0,176.42,0
CUST-50529,23.0,Computer,1,8.0,Debit Card,Male,3.0,3,Grocery,5,Married,2,0,11.0,,14.0,7.0,279.24,0
CUST-50530,12.0,Mobile Phone,2,8.0,Debit Card,Female,2.0,4,Laptop & Accessory,2,Divorced,9,0,11.0,0.0,1.0,4.0,152.04,0
CUST-50531,,Mobile Phone,2,9.0,UPI,Male,2.0,3,Mobile Phone,4,Married,4,1,11.0,0.0,1.0,3.0,122.77000000000001,0
CUST-50532,0.0,Mobile Phone,1,31.0,Debit Card,Male,,3,Mobile Phone,2,Single,2,1,24.0,1.0,1.0,1.0,127.94999999999999,1
CUST-50533,2.0,Mobile Phone,1,,Credit Card,Female,3.0,4,Mobile Phone,2,Married,7,0,14.0,1.0,1.0,3.0,125.32,0
CUST-50534,17.0,Mobile Phone,1,,Debit Card,Male,3.0,3,Mobile Phone,5,Divorced,2,1,13.0,2.0,7.0,1.0,125.59,0
CUST-50535,1.0,Mobile Phone,3,11.0,Credit Card,Male,3.0,3,Laptop & Accessory,2,Single,2,0,14.0,1.0,1.0,2.0,149.08,0
CUST-50536,20.0,Computer,1,,Debit Card,Male,2.0,4,Mobile Phone,2,Married,10,1,14.0,0.0,1.0,0.0,123.80000000000001,1
CUST-50537,16.0,Mobile Phone,1,14.0,Debit Card,Female,2.0,3,Laptop & Accessory,4,Married,5,0,21.0,1.0,1.0,0.0,147.65,0
CUST-50538,,Mobile Phone,3,8.0,Credit Card,Female,2.0,4,Mobile Phone,3,Single,2,0,13.0,0.0,1.0,2.0,120.44,1
CUST-50539,0.0,Mobile Phone,1,24.0,UPI,Female,,3,Mobile Phone,2,Single,2,0,19.0,1.0,1.0,0.0,126.93,1
CUST-50540,9.0,Mobile Phone,1,20.0,Debit Card,Male,3.0,3,Laptop & Accessory,2,Divorced,1,1,17.0,4.0,4.0,11.0,165.86,0
CUST-50541,20.0,Mobile Phone,3,8.0,Debit Card,Female,3.0,4,Mobile Phone,2,Single,2,1,18.0,1.0,1.0,2.0,132.94,0
CUST-50542,0.0,Mobile Phone,1,9.0,Debit Card,Female,2.0,3,Laptop & Accessory,3,Divorced,1,1,19.0,1.0,1.0,2.0,141.71,1
CUST-50543,4.0,Mobile Phone,1,8.0,Debit Card,Female,,5,Mobile Phone,2,Married,5,1,13.0,0.0,1.0,0.0,127.78,1
CUST-50544,1.0,Mobile Phone,1,,Credit Card,Female,3.0,3,Mobile Phone,3,Married,6,0,18.0,2.0,2.0,2.0,123.77000000000001,0
CUST-50545,2.0,Mobile Phone,1,,Credit Card,Male,3.0,3,Mobile Phone,5,Divorced,8,1,21.0,1.0,2.0,2.0,124.03999999999999,1
CUST-50546,0.0,Mobile Phone,1,,Debit Card,Female,3.0,3,Mobile Phone,3,Single,2,0,19.0,1.0,1.0,0.0,123.18,0
CUST-50547,,Mobile Phone,1,16.0,Debit Card,Male,2.0,3,Mobile Phone,4,Married,2,0,14.0,1.0,1.0,0.0,120.08000000000001,0
CUST-50548,15.0,Mobile Phone,3,20.0,Credit Card,Female,3.0,4,Laptop & Accessory,3,Single,8,0,17.0,0.0,1.0,3.0,162.44,0
CUST-50549,6.0,Mobile Phone,1,6.0,UPI,Male,,4,Mobile Phone,5,Single,4,1,11.0,0.0,1.0,2.0,127.99000000000001,0
CUST-50550,30.0,Mobile Phone,1,11.0,Cash on Delivery,Female,2.0,4,Fashion,4,Married,3,1,13.0,1.0,1.0,4.0,205.52,0
CUST-50551,4.0,Mobile Phone,3,,Debit Card,Male,2.0,4,Mobile Phone,3,Divorced,4,0,15.0,3.0,5.0,2.0,123.28999999999999,0
CUST-50552,8.0,Mobile Phone,1,27.0,Debit Card,Female,2.0,3,Laptop & Accessory,2,Divorced,2,1,25.0,0.0,1.0,7.0,140.14,0
CUST-50553,22.0,Mobile Phone,1,14.0,UPI,Female,2.0,3,Fashion,4,Divorced,5,0,11.0,0.0,1.0,7.0,174.03,0
CUST-50554,,Mobile Phone,1,26.0,Credit Card,Male,2.0,3,Mobile Phone,3,Divorced,5,0,17.0,0.0,1.0,0.0,122.59,0
CUST-50555,4.0,Computer,3,26.0,E wallet,Female,2.0,3,Laptop & Accessory,3,Divorced,2,0,13.0,1.0,1.0,0.0,169.32,0
CUST-50556,9.0,Mobile Phone,1,13.0,UPI,Male,3.0,3,Mobile Phone,2,Single,3,0,18.0,0.0,1.0,1.0,146.78,0
CUST-50557,11.0,Mobile Phone,1,6.0,Cash on Delivery,Female,3.0,3,Fashion,5,Divorced,2,0,13.0,3.0,,11.0,235.82,0
CUST-50558,5.0,Computer,1,,Debit Card,Female,3.0,4,Mobile Phone,4,Divorced,7,0,20.0,1.0,1.0,2.0,123.32,0
CUST-50559,0.0,Mobile Phone,3,,E wallet,Male,2.0,4,Mobile Phone,4,Divorced,2,1,18.0,0.0,1.0,0.0,124.13,1
CUST-50560,13.0,Mobile Phone,3,16.0,E wallet,Male,3.0,4,Fashion,4,Married,3,0,12.0,1.0,1.0,0.0,197.05,0
CUST-50561,0.0,Computer,3,6.0,Credit Card,Male,2.0,4,Laptop & Accessory,5,Single,2,0,12.0,1.0,1.0,7.0,142.94,0
CUST-50562,14.0,Mobile Phone,1,12.0,Credit Card,Male,2.0,3,Mobile Phone,5,Single,3,1,13.0,1.0,2.0,17.0,147.21,0
CUST-50563,9.0,Mobile Phone,1,,Credit Card,Male,3.0,3,Mobile Phone,3,Single,5,0,21.0,2.0,3.0,9.0,125.19,0
CUST-50564,,Mobile Phone,3,27.0,UPI,Male,2.0,4,Mobile Phone,4,Single,2,1,13.0,0.0,1.0,0.0,121.21000000000001,1
CUST-50565,0.0,Mobile Phone,1,10.0,Cash on Delivery,Male,,3,Mobile Phone,5,Single,2,0,19.0,1.0,1.0,0.0,129.73,1
CUST-50566,4.0,Mobile Phone,1,18.0,Credit Card,Female,2.0,3,Laptop & Accessory,2,Divorced,1,1,11.0,0.0,8.0,5.0,158.55,0
CUST-50567,13.0,Computer,1,15.0,Credit Card,Male,2.0,3,Mobile Phone,4,Married,9,1,14.0,0.0,1.0,0.0,136.17,0
CUST-50568,5.0,Mobile Phone,1,9.0,Credit Card,Female,3.0,3,Laptop & Accessory,5,Divorced,2,0,12.0,6.0,6.0,3.0,167.25,0
CUST-50569,0.0,Mobile Phone,3,9.0,Debit Card,Male,2.0,4,Fashion,2,Divorced,2,1,11.0,3.0,3.0,7.0,203.25,1
CUST-50570,6.0,Mobile Phone,1,6.0,Debit Card,Female,2.0,4,Laptop & Accessory,2,Single,1,0,14.0,0.0,1.0,4.0,169.49,0
CUST-50571,0.0,Mobile Phone,3,6.0,Debit Card,Male,2.0,4,Fashion,3,Divorced,6,0,11.0,1.0,11.0,7.0,206.08999999999997,1
CUST-50572,18.0,Computer,1,10.0,Debit Card,Male,2.0,3,Laptop & Accessory,4,Divorced,2,0,12.0,1.0,1.0,8.0,144.47,0
CUST-50573,,Computer,3,26.0,Cash on Delivery,Female,2.0,3,Mobile Phone,2,Divorced,2,0,15.0,0.0,1.0,2.0,121.57,0
CUST-50574,8.0,Mobile Phone,3,24.0,Credit Card,Female,2.0,3,Laptop & Accessory,3,Divorced,2,0,16.0,1.0,1.0,0.0,146.01,0
CUST-50575,25.0,Mobile Phone,1,6.0,Debit Card,Male,3.0,3,Grocery,2,Divorced,3,0,15.0,,7.0,8.0,270.99,0
CUST-50576,20.0,Mobile Phone,1,,Cash on Delivery,Male,2.0,3,Mobile Phone,3,Single,5,0,24.0,1.0,1.0,0.0,124.78999999999999,1
CUST-50577,26.0,Mobile Phone,3,8.0,Credit Card,Male,2.0,3,Grocery,3,Married,7,0,13.0,2.0,,2.0,248.51999999999998,0
CUST-50578,3.0,Mobile Phone,3,14.0,UPI,Male,3.0,3,Fashion,3,Married,6,0,11.0,4.0,7.0,7.0,172.64,0
CUST-50579,11.0,Computer,3,16.0,Cash on Delivery,Female,2.0,3,Laptop & Accessory,2,Single,2,1,13.0,0.0,1.0,3.0,156.66,0
CUST-50580,8.0,Mobile Phone,3,9.0,Debit Card,Male,3.0,3,Fashion,2,Married,7,0,13.0,0.0,1.0,8.0,178.23,0
CUST-50581,12.0,Mobile Phone,3,8.0,Debit Card,Male,2.0,1,Fashion,3,Single,1,0,18.0,1.0,1.0,7.0,178.8,0
CUST-50582,3.0,Computer,3,30.0,Debit Card,Female,3.0,1,Grocery,4,Single,5,1,16.0,1.0,,0.0,231.94,1
CUST-50583,20.0,Computer,1,22.0,Credit Card,Male,3.0,1,Laptop & Accessory,3,Married,2,1,19.0,0.0,2.0,7.0,150.67,0
CUST-50584,9.0,Computer,3,14.0,Cash on Delivery,Male,2.0,3,Laptop & Accessory,2,Married,5,0,13.0,1.0,1.0,7.0,150.79,0
CUST-50585,0.0,Computer,1,,Credit Card,Male,2.0,4,Mobile Phone,5,Single,1,1,22.0,1.0,1.0,2.0,123.21000000000001,1
CUST-50586,6.0,Computer,3,23.0,Debit Card,Male,2.0,3,Grocery,3,Single,2,0,11.0,,6.0,0.0,274.44,0
CUST-50587,0.0,Mobile Phone,1,,Debit Card,Female,3.0,4,Mobile Phone,5,Single,7,1,20.0,1.0,1.0,0.0,124.03999999999999,1
CUST-50588,6.0,Mobile Phone,1,19.0,Debit Card,Female,2.0,3,Mobile Phone,2,Single,4,0,18.0,1.0,1.0,2.0,134.52,0
CUST-50589,,Mobile Phone,1,6.0,Credit Card,Female,3.0,3,Mobile Phone,2,Married,4,0,14.0,0.0,1.0,2.0,122.69999999999999,0
CUST-50590,23.0,Mobile Phone,1,6.0,Credit Card,Male,3.0,3,Grocery,2,Married,10,0,22.0,,1.0,3.0,273.99,0
CUST-50591,6.0,Computer,1,6.0,UPI,Female,2.0,1,Laptop & Accessory,4,Divorced,2,1,13.0,0.0,1.0,2.0,154.88,0
CUST-50592,14.0,Computer,1,15.0,Credit Card,Male,3.0,3,Others,3,Married,3,0,,1.0,1.0,11.0,294.19,0
CUST-50593,0.0,Mobile Phone,1,22.0,Cash on Delivery,Female,,3,Mobile Phone,4,Divorced,10,0,14.0,2.0,2.0,2.0,128.11,0
CUST-50594,18.0,Computer,1,29.0,Debit Card,Male,2.0,3,Laptop & Accessory,5,Divorced,2,1,15.0,1.0,1.0,8.0,136.33,0
CUST-50595,20.0,Mobile Phone,3,10.0,Debit Card,Female,2.0,3,Laptop & Accessory,2,Single,2,1,17.0,1.0,1.0,7.0,141.63,0
CUST-50596,,Mobile Phone,1,28.0,Debit Card,Female,2.0,3,Mobile Phone,3,Divorced,5,1,11.0,0.0,1.0,1.0,121.32,1
CUST-50597,23.0,Mobile Phone,1,30.0,Debit Card,Male,3.0,3,Grocery,3,Divorced,4,1,18.0,0.0,,5.0,239.73000000000002,0
CUST-50598,11.0,Computer,1,16.0,Credit Card,Male,,3,Mobile Phone,3,Divorced,1,0,17.0,0.0,1.0,2.0,126.84,0
CUST-50599,19.0,Mobile Phone,1,13.0,Credit Card,Male,3.0,3,Fashion,3,Married,7,0,13.0,0.0,1.0,7.0,208.45,0
CUST-50600,0.0,Mobile Phone,1,23.0,Credit Card,Female,2.0,4,Laptop & Accessory,3,Married,2,0,15.0,2.0,3.0,2.0,143.77,0
CUST-50601,0.0,Mobile Phone,1,20.0,UPI,Male,2.0,4,Mobile Phone,4,Married,2,1,24.0,1.0,1.0,2.0,137.43,1
CUST-50602,4.0,Computer,1,6.0,Debit Card,Female,3.0,3,Laptop & Accessory,5,Divorced,2,0,12.0,1.0,1.0,3.0,141.48,0
CUST-50603,0.0,Computer,1,11.0,Debit Card,Male,3.0,3,Mobile Phone,2,Single,2,0,15.0,1.0,1.0,0.0,110.50999999999999,0
CUST-50604,27.0,Mobile Phone,1,23.0,Cash on Delivery,Female,2.0,3,Fashion,3,Divorced,9,0,11.0,1.0,1.0,8.0,207.39,0
CUST-50605,8.0,Mobile Phone,1,31.0,Credit Card,Female,2.0,3,Fashion,3,Married,2,1,11.0,2.0,10.0,1.0,203.88,0
CUST-50606,3.0,Mobile Phone,1,14.0,Debit Card,Female,3.0,1,Fashion,5,Divorced,1,1,12.0,0.0,1.0,,214.16000000000003,0
CUST-50607,0.0,Mobile Phone,1,,Credit Card,Female,3.0,4,Mobile Phone,5,Single,2,1,15.0,0.0,1.0,0.0,126.0,1
CUST-50608,0.0,Computer,1,,Credit Card,Female,2.0,3,Mobile Phone,4,Single,1,0,17.0,0.0,1.0,2.0,124.22,1
CUST-50609,0.0,Mobile Phone,1,8.0,Credit Card,Male,2.0,1,Laptop & Accessory,2,Divorced,2,0,12.0,1.0,1.0,3.0,154.72,0
CUST-50610,0.0,Mobile Phone,1,,Debit Card,Male,3.0,5,Mobile Phone,5,Divorced,2,0,15.0,1.0,1.0,1.0,124.50999999999999,0
CUST-50611,21.0,Mobile Phone,1,12.0,Debit Card,Male,3.0,4,Laptop & Accessory,3,Single,3,0,13.0,0.0,2.0,2.0,142.4,0
CUST-50612,21.0,Mobile Phone,1,10.0,Debit Card,Male,3.0,4,Fashion,3,Single,8,0,14.0,1.0,4.0,,209.99,0
CUST-50613,14.0,Mobile Phone,1,13.0,Credit Card,Female,2.0,3,Laptop & Accessory,3,Single,7,0,14.0,1.0,2.0,1.0,150.03,0
CUST-50614,12.0,Mobile Phone,1,6.0,Debit Card,Female,3.0,4,Grocery,2,Divorced,2,0,16.0,0.0,11.0,,227.42000000000002,0
CUST-50615,0.0,Mobile Phone,1,8.0,Debit Card,Female,2.0,3,Laptop & Accessory,2,Divorced,1,0,18.0,0.0,2.0,2.0,142.27,0
CUST-50616,8.0,Mobile Phone,1,16.0,UPI,Male,2.0,3,Mobile Phone,2,Married,2,0,20.0,1.0,1.0,2.0,139.17,0
CUST-50617,15.0,Mobile Phone,3,11.0,E wallet,Male,2.0,3,Others,3,Divorced,7,0,13.0,,1.0,0.0,283.03,0
CUST-50618,23.0,Mobile Phone,1,,Debit Card,Male,3.0,3,Mobile Phone,2,Divorced,5,0,18.0,1.0,1.0,0.0,123.80000000000001,0
CUST-50619,30.0,Mobile Phone,1,8.0,Debit Card,Female,3.0,4,Grocery,2,Single,4,1,13.0,0.0,,3.0,237.26,0
CUST-50620,0.0,Mobile Phone,1,17.0,Credit Card,Female,3.0,5,Laptop & Accessory,4,Divorced,6,0,15.0,1.0,1.0,0.0,147.77,1
CUST-50621,28.0,Computer,1,24.0,Credit Card,Male,3.0,3,Laptop & Accessory,4,Divorced,4,1,14.0,6.0,6.0,7.0,163.85,0
CUST-50622,14.0,Computer,1,13.0,Debit Card,Female,2.0,5,Others,3,Married,2,0,,1.0,5.0,10.0,299.73,0
CUST-50623,11.0,Mobile Phone,3,9.0,Debit Card,Male,2.0,3,Laptop & Accessory,2,Single,9,1,12.0,1.0,1.0,0.0,168.61,0
CUST-50624,0.0,Computer,3,35.0,Credit Card,Male,3.0,5,Laptop & Accessory,5,Single,9,0,18.0,0.0,2.0,2.0,149.69,1
CUST-50625,15.0,Mobile Phone,3,8.0,E wallet,Female,2.0,5,Others,2,Divorced,2,0,,5.0,6.0,9.0,298.45,1
CUST-50626,17.0,Mobile Phone,3,34.0,Credit Card,Female,2.0,1,Grocery,2,Divorced,4,1,18.0,1.0,,11.0,233.2,0
CUST-50627,23.0,Computer,3,6.0,Debit Card,Female,3.0,3,Laptop & Accessory,3,Divorced,1,0,12.0,1.0,1.0,13.0,163.47,0
CUST-50628,0.0,Mobile Phone,1,22.0,Debit Card,Female,,1,Mobile Phone,5,Single,2,0,16.0,15.0,15.0,14.0,127.43,1
CUST-50629,12.0,Computer,1,28.0,Credit Card,Female,2.0,3,Fashion,5,Single,2,1,13.0,1.0,2.0,8.0,208.8,0
CUST-50630,6.0,Computer,3,,Debit Card,Female,2.0,4,Mobile Phone,2,Single,1,0,19.0,2.0,2.0,2.0,123.41999999999999,0
CUST-50631,18.0,Mobile Phone,3,17.0,Debit Card,Female,2.0,3,Grocery,2,Divorced,4,0,13.0,,1.0,1.0,276.5,0
CUST-50632,5.0,Computer,1,35.0,Credit Card,Female,3.0,3,Mobile Phone,3,Single,10,0,12.0,5.0,7.0,7.0,140.25,0
CUST-50633,7.0,Mobile Phone,3,6.0,E wallet,Male,3.0,1,Laptop & Accessory,2,Married,1,0,11.0,1.0,1.0,9.0,197.25,0
CUST-50634,30.0,Mobile Phone,3,6.0,Cash on Delivery,Male,3.0,3,Fashion,2,Divorced,4,1,14.0,0.0,1.0,,219.04000000000002,0
CUST-50635,,Mobile Phone,2,30.0,Credit Card,Male,2.0,3,Mobile Phone,4,Single,2,0,16.0,0.0,1.0,4.0,121.77000000000001,0
CUST-50636,26.0,Computer,3,8.0,E wallet,Female,2.0,4,Fashion,4,Divorced,3,0,12.0,0.0,6.0,12.0,175.25,0
CUST-50637,0.0,Mobile Phone,1,21.0,UPI,Male,2.0,3,Laptop & Accessory,3,Married,8,0,14.0,0.0,1.0,0.0,148.34,1
CUST-50638,,Computer,1,8.0,Debit Card,Male,2.0,3,Mobile Phone,5,Divorced,7,1,14.0,1.0,1.0,2.0,120.41999999999999,1
CUST-50639,,Mobile Phone,3,16.0,Debit Card,Female,2.0,3,Mobile Phone,3,Divorced,2,1,19.0,0.0,1.0,0.0,122.19999999999999,0
CUST-50640,1.0,Mobile Phone,3,16.0,Credit Card,Male,3.0,3,Mobile Phone,4,Divorced,2,0,22.0,1.0,1.0,0.0,110.52000000000001,0
CUST-50641,11.0,Computer,1,9.0,UPI,Male,,3,Mobile Phone,3,Divorced,4,0,16.0,2.0,2.0,2.0,128.21,0
CUST-50642,23.0,Mobile Phone,1,8.0,Credit Card,Male,3.0,3,Others,3,Divorced,3,1,,7.0,7.0,7.0,292.37,0
CUST-50643,10.0,Mobile Phone,1,9.0,UPI,Female,2.0,3,Laptop & Accessory,4,Single,4,0,15.0,1.0,1.0,1.0,141.07,0
CUST-50644,13.0,Mobile Phone,3,32.0,E wallet,Male,3.0,3,Laptop & Accessory,5,Divorced,2,0,14.0,5.0,7.0,5.0,183.96,0
CUST-50645,,Computer,1,6.0,Credit Card,Female,3.0,4,Mobile Phone,3,Married,2,0,13.0,1.0,1.0,3.0,120.07,0
CUST-50646,19.0,Mobile Phone,1,6.0,Credit Card,Male,2.0,3,Others,2,Married,10,0,,1.0,2.0,2.0,296.27,0
CUST-50647,27.0,Mobile Phone,3,8.0,Debit Card,Female,2.0,4,Fashion,3,Divorced,7,0,11.0,6.0,7.0,0.0,206.86,0
CUST-50648,29.0,Computer,1,15.0,Credit Card,Female,,3,Mobile Phone,3,Divorced,3,0,19.0,0.0,1.0,3.0,129.42,0
CUST-50649,9.0,Mobile Phone,1,18.0,Credit Card,Female,2.0,4,Fashion,2,Single,1,0,11.0,5.0,7.0,8.0,188.58,0
CUST-50650,28.0,Computer,1,8.0,Credit Card,Male,2.0,4,Grocery,5,Single,8,0,15.0,,6.0,2.0,267.56,0
CUST-50651,16.0,Mobile Phone,3,31.0,Credit Card,Male,3.0,4,Fashion,2,Married,6,0,13.0,1.0,,0.0,234.0,0
CUST-50652,0.0,Computer,3,,E wallet,Female,2.0,3,Mobile Phone,2,Single,2,1,14.0,0.0,1.0,2.0,123.22999999999999,1
CUST-50653,,Mobile Phone,1,16.0,Debit Card,Female,2.0,4,Mobile Phone,5,Single,2,0,13.0,1.0,1.0,0.0,114.16,1
CUST-50654,19.0,Mobile Phone,1,14.0,Debit Card,Female,3.0,4,Laptop & Accessory,5,Married,9,1,23.0,1.0,1.0,7.0,146.15,0
CUST-50655,14.0,Mobile Phone,1,,Debit Card,Male,2.0,3,Mobile Phone,3,Divorced,10,1,12.0,1.0,2.0,7.0,124.61000000000001,1
CUST-50656,0.0,Computer,1,30.0,Cash on Delivery,Male,3.0,4,Fashion,5,Single,2,0,12.0,0.0,1.0,9.0,187.22,1
CUST-50657,0.0,Mobile Phone,1,6.0,Credit Card,Male,2.0,4,Mobile Phone,5,Divorced,2,0,16.0,0.0,1.0,3.0,139.55,0
CUST-50658,3.0,Mobile Phone,1,26.0,UPI,Male,2.0,3,Laptop & Accessory,5,Divorced,1,0,15.0,1.0,1.0,2.0,199.57,0
CUST-50659,14.0,Mobile Phone,1,13.0,Cash on Delivery,Female,2.0,1,Mobile Phone,3,Divorced,2,0,13.0,1.0,1.0,8.0,133.76,0
CUST-50660,11.0,Mobile Phone,1,23.0,Debit Card,Female,3.0,4,Fashion,3,Divorced,1,0,18.0,0.0,1.0,9.0,188.23,0
CUST-50661,13.0,Mobile Phone,1,26.0,Cash on Delivery,Male,3.0,3,Fashion,2,Divorced,5,0,20.0,4.0,11.0,1.0,203.22,0
CUST-50662,0.0,Computer,1,14.0,Debit Card,Male,2.0,5,Mobile Phone,3,Divorced,2,0,19.0,1.0,1.0,2.0,146.21,0
CUST-50663,28.0,Computer,1,8.0,Debit Card,Male,3.0,3,Fashion,4,Divorced,4,0,18.0,1.0,1.0,,209.76,0
CUST-50664,1.0,Mobile Phone,1,16.0,UPI,Female,2.0,3,Laptop & Accessory,3,Single,4,0,13.0,1.0,1.0,7.0,136.6,0
CUST-50665,7.0,Mobile Phone,2,6.0,Credit Card,Male,3.0,4,Fashion,5,Divorced,10,0,14.0,2.0,3.0,6.0,204.82,1
CUST-50666,6.0,Mobile Phone,1,11.0,Debit Card,Male,2.0,4,Fashion,2,Married,5,0,15.0,0.0,1.0,2.0,171.19,0
CUST-50667,0.0,Mobile Phone,3,10.0,Cash on Delivery,Male,2.0,3,Fashion,5,Single,1,1,22.0,3.0,4.0,7.0,195.82,1
CUST-50668,0.0,Computer,1,35.0,Credit Card,Female,2.0,4,Laptop & Accessory,3,Single,2,0,22.0,3.0,3.0,8.0,145.08,1
CUST-50669,,Mobile Phone,1,21.0,Debit Card,Male,2.0,3,Mobile Phone,3,Married,2,0,16.0,2.0,2.0,2.0,122.07,0
CUST-50670,7.0,Computer,1,9.0,Debit Card,Male,2.0,3,Laptop & Accessory,2,Single,1,0,17.0,1.0,1.0,4.0,177.56,0
CUST-50671,10.0,Mobile Phone,3,16.0,Debit Card,Female,2.0,4,Laptop & Accessory,2,Married,3,1,14.0,0.0,1.0,0.0,166.94,0
CUST-50672,0.0,Mobile Phone,1,10.0,Cash on Delivery,Male,2.0,3,Mobile Phone,2,Divorced,2,1,15.0,5.0,5.0,6.0,136.91,1
CUST-50673,0.0,Mobile Phone,1,,Credit Card,Male,2.0,3,Mobile Phone,3,Married,2,0,20.0,1.0,1.0,0.0,123.77000000000001,1
CUST-50674,,Mobile Phone,1,31.0,Credit Card,Male,2.0,4,Mobile Phone,4,Single,5,1,20.0,0.0,2.0,2.0,123.13,1
CUST-50675,15.0,Mobile Phone,1,8.0,Credit Card,Male,2.0,3,Grocery,5,Divorced,1,0,17.0,,13.0,7.0,276.65,0
CUST-50676,0.0,Computer,1,,Credit Card,Male,2.0,4,Mobile Phone,4,Married,2,0,15.0,0.0,1.0,0.0,125.96000000000001,1
CUST-50677,13.0,Computer,3,6.0,UPI,Male,2.0,3,Laptop & Accessory,3,Single,4,1,14.0,0.0,1.0,0.0,147.28,1
CUST-50678,6.0,Computer,3,13.0,Debit Card,Female,1.0,3,Laptop & Accessory,4,Divorced,1,0,17.0,1.0,1.0,2.0,143.02,0
CUST-50679,7.0,Computer,1,9.0,Debit Card,Male,,4,Mobile Phone,2,Divorced,4,0,17.0,1.0,1.0,0.0,129.79,0
CUST-50680,21.0,Computer,1,6.0,Credit Card,Male,2.0,1,Grocery,2,Single,3,0,22.0,,2.0,1.0,268.85,0
CUST-50681,18.0,Computer,3,15.0,Debit Card,Female,3.0,4,Laptop & Accessory,3,Divorced,2,0,13.0,0.0,4.0,12.0,155.93,0
CUST-50682,25.0,Mobile Phone,1,13.0,Debit Card,Male,2.0,3,Fashion,4,Single,8,0,19.0,3.0,4.0,0.0,204.45,0
CUST-50683,11.0,Mobile Phone,3,16.0,E wallet,Male,3.0,4,Fashion,3,Married,1,1,14.0,2.0,2.0,7.0,187.4,0
CUST-50684,2.0,Mobile Phone,1,,Debit Card,Female,3.0,3,Mobile Phone,2,Married,5,0,22.0,0.0,1.0,7.0,125.13999999999999,0
CUST-50685,1.0,Mobile Phone,1,9.0,Credit Card,Female,3.0,3,Fashion,4,Married,1,0,17.0,0.0,1.0,7.0,176.55,0
CUST-50686,19.0,Mobile Phone,3,9.0,E wallet,Male,2.0,3,Grocery,3,Divorced,4,0,12.0,,4.0,9.0,274.65,0
CUST-50687,11.0,Mobile Phone,3,8.0,E wallet,Male,2.0,3,Fashion,4,Single,8,0,16.0,1.0,1.0,0.0,173.51,0
CUST-50688,16.0,Computer,1,33.0,Debit Card,Female,2.0,3,Fashion,5,Divorced,9,0,11.0,0.0,1.0,1.0,208.2,0
CUST-50689,2.0,Computer,1,8.0,Debit Card,Male,2.0,3,Grocery,2,Married,8,0,11.0,7.0,11.0,,221.69,1
CUST-50690,13.0,Mobile Phone,1,20.0,Credit Card,Male,2.0,4,Others,3,Single,2,0,,4.0,4.0,9.0,296.26,0
CUST-50691,,Mobile Phone,1,6.0,Cash on Delivery,Female,3.0,4,Mobile Phone,4,Single,2,1,11.0,0.0,2.0,2.0,120.69999999999999,0
CUST-50692,12.0,Computer,1,15.0,Debit Card,Male,3.0,3,Laptop & Accessory,4,Single,21,0,15.0,1.0,1.0,3.0,167.82,0
CUST-50693,9.0,Computer,1,24.0,Debit Card,Male,3.0,3,Laptop & Accessory,2,Single,3,0,20.0,1.0,1.0,9.0,177.79,0
CUST-50694,4.0,Computer,3,26.0,Debit Card,Male,,1,Mobile Phone,2,Divorced,1,0,12.0,1.0,2.0,2.0,127.91,0
CUST-50695,1.0,Mobile Phone,1,8.0,Debit Card,Male,3.0,4,Mobile Phone,4,Divorced,1,0,17.0,0.0,1.0,4.0,132.01,0
CUST-50696,8.0,Computer,3,17.0,E wallet,Male,2.0,3,Laptop & Accessory,2,Married,2,0,11.0,0.0,1.0,2.0,149.68,0
CUST-50697,22.0,Mobile Phone,3,14.0,Cash on Delivery,Male,2.0,4,Grocery,4,Divorced,7,0,17.0,1.0,2.0,,231.2,0
CUST-50698,7.0,Computer,1,8.0,Debit Card,Male,3.0,3,Laptop & Accessory,3,Single,3,0,11.0,1.0,1.0,2.0,140.33,0
CUST-50699,2.0,Computer,1,16.0,Debit Card,Female,3.0,3,Mobile Phone,4,Married,1,0,14.0,1.0,1.0,1.0,132.91,0
CUST-50700,15.0,Mobile Phone,1,35.0,Credit Card,Male,2.0,5,Laptop & Accessory,2,Single,5,0,19.0,1.0,1.0,0.0,142.72,0
CUST-50701,2.0,Mobile Phone,1,14.0,Credit Card,Male,3.0,4,Laptop & Accessory,2,Divorced,2,1,13.0,0.0,1.0,2.0,150.56,0
CUST-50702,11.0,Mobile Phone,2,6.0,UPI,Male,,1,Mobile Phone,3,Divorced,2,0,13.0,1.0,5.0,0.0,128.44,0
CUST-50703,4.0,Computer,1,12.0,Debit Card,Male,,4,Mobile Phone,3,Married,2,1,14.0,1.0,1.0,2.0,127.03,0
CUST-50704,,Computer,1,14.0,Credit Card,Male,3.0,3,Mobile Phone,3,Single,2,0,12.0,0.0,1.0,0.0,119.03999999999999,1
CUST-50705,0.0,Mobile Phone,3,15.0,E wallet,Female,3.0,3,Laptop & Accessory,5,Single,1,1,17.0,0.0,1.0,3.0,182.24,1
CUST-50706,14.0,Mobile Phone,1,18.0,Debit Card,Male,2.0,3,Mobile Phone,2,Divorced,4,1,11.0,1.0,1.0,0.0,147.66,0
CUST-50707,0.0,Computer,1,,Credit Card,Male,3.0,3,Mobile Phone,3,Divorced,2,0,12.0,2.0,2.0,2.0,126.1,1
CUST-50708,10.0,Mobile Phone,1,31.0,Credit Card,Female,2.0,4,Laptop & Accessory,2,Married,8,0,13.0,0.0,1.0,3.0,157.31,0
CUST-50709,0.0,Mobile Phone,1,,Debit Card,Male,2.0,4,Mobile Phone,3,Divorced,2,0,13.0,2.0,2.0,2.0,125.38999999999999,0
CUST-50710,7.0,Mobile Phone,3,15.0,Debit Card,Female,3.0,3,Laptop & Accessory,3,Divorced,2,0,20.0,1.0,1.0,3.0,157.14,0
CUST-50711,8.0,Mobile Phone,2,14.0,Cash on Delivery,Male,3.0,3,Mobile Phone,3,Single,2,0,17.0,0.0,1.0,4.0,143.23,0
CUST-50712,0.0,Mobile Phone,3,29.0,Debit Card,Female,2.0,4,Fashion,5,Divorced,2,0,13.0,0.0,3.0,10.0,173.36,1
CUST-50713,13.0,Computer,1,15.0,Credit Card,Female,2.0,3,Fashion,3,Single,10,0,17.0,0.0,,13.0,234.99,0
CUST-50714,5.0,Computer,3,18.0,Debit Card,Male,2.0,3,Grocery,5,Single,1,1,12.0,7.0,,14.0,237.57999999999998,1
CUST-50715,15.0,Mobile Phone,3,10.0,E wallet,Male,2.0,3,Laptop & Accessory,5,Single,8,0,13.0,1.0,1.0,5.0,151.55,0
CUST-50716,,Mobile Phone,1,6.0,Credit Card,Male,2.0,4,Mobile Phone,3,Divorced,7,0,12.0,1.0,1.0,7.0,122.58000000000001,0
CUST-50717,0.0,Mobile Phone,1,30.0,Credit Card,Male,2.0,3,Mobile Phone,4,Single,9,0,22.0,1.0,1.0,2.0,135.97,0
CUST-50718,0.0,Mobile Phone,1,,Debit Card,Female,3.0,3,Mobile Phone,2,Divorced,2,1,11.0,1.0,1.0,0.0,125.15,1
CUST-50719,0.0,Mobile Phone,1,9.0,Credit Card,Male,2.0,1,Mobile Phone,2,Divorced,2,0,22.0,1.0,1.0,7.0,144.2,0
CUST-50720,3.0,Mobile Phone,3,16.0,E wallet,Male,3.0,4,Laptop & Accessory,3,Divorced,2,0,18.0,1.0,1.0,4.0,165.78,0
CUST-50721,13.0,Computer,1,32.0,Credit Card,Female,3.0,4,Laptop & Accessory,2,Divorced,4,1,13.0,1.0,1.0,0.0,144.22,0
CUST-50722,8.0,Mobile Phone,1,8.0,Debit Card,Male,2.0,4,Fashion,4,Married,3,0,18.0,6.0,6.0,4.0,202.74,0
CUST-50723,7.0,Computer,1,6.0,Credit Card,Male,3.0,4,Laptop & Accessory,5,Single,1,0,20.0,1.0,4.0,9.0,153.43,0
CUST-50724,8.0,Computer,1,,UPI,Male,2.0,4,Mobile Phone,2,Divorced,2,0,13.0,2.0,2.0,2.0,123.75999999999999,0
CUST-50725,6.0,Mobile Phone,3,15.0,E wallet,Female,2.0,5,Laptop & Accessory,3,Single,9,0,13.0,1.0,1.0,3.0,153.46,1
CUST-50726,5.0,Computer,3,8.0,Debit Card,Female,,3,Mobile Phone,5,Married,2,0,12.0,0.0,1.0,0.0,128.27,0
CUST-50727,29.0,Mobile Phone,1,10.0,Cash on Delivery,Female,3.0,3,Others,5,Married,5,0,,0.0,4.0,2.0,299.43,0
CUST-50728,2.0,Mobile Phone,1,12.0,Credit Card,Female,,3,Mobile Phone,2,Divorced,2,0,13.0,0.0,1.0,8.0,131.31,0
CUST-50729,0.0,Mobile Phone,1,,Debit Card,Male,2.0,3,Mobile Phone,5,Single,2,0,25.0,0.0,1.0,0.0,125.52000000000001,0
CUST-50730,18.0,Mobile Phone,1,13.0,Credit Card,Female,2.0,3,Mobile Phone,3,Divorced,5,1,19.0,1.0,1.0,2.0,144.77,0
CUST-50731,10.0,Mobile Phone,1,6.0,Debit Card,Female,2.0,4,Laptop & Accessory,2,Divorced,2,0,13.0,3.0,3.0,11.0,164.74,0
CUST-50732,0.0,Mobile Phone,1,9.0,Debit Card,Male,,4,Mobile Phone,3,Single,2,0,12.0,0.0,1.0,2.0,130.33,0
CUST-50733,7.0,Mobile Phone,1,16.0,Debit Card,Male,,3,Mobile Phone,3,Single,2,1,11.0,1.0,1.0,2.0,129.36,1
CUST-50734,26.0,Mobile Phone,1,13.0,Credit Card,Female,2.0,3,Others,3,Married,4,0,18.0,,4.0,7.0,286.06,0
CUST-50735,,Mobile Phone,1,21.0,Debit Card,Female,3.0,5,Mobile Phone,2,Divorced,1,1,18.0,1.0,1.0,3.0,121.68,0
CUST-50736,0.0,Computer,1,9.0,Debit Card,Male,,4,Mobile Phone,2,Divorced,1,1,11.0,0.0,1.0,0.0,128.53,1
CUST-50737,19.0,Mobile Phone,3,8.0,E wallet,Female,3.0,3,Grocery,5,Divorced,9,0,23.0,,15.0,9.0,270.48,0
CUST-50738,,Computer,1,23.0,Debit Card,Male,3.0,5,Mobile Phone,3,Single,3,0,13.0,1.0,1.0,0.0,122.9,0
CUST-50739,6.0,Mobile Phone,2,8.0,UPI,Male,2.0,3,Mobile Phone,3,Divorced,2,0,13.0,0.0,1.0,4.0,136.0,0
CUST-50740,,Computer,1,11.0,Debit Card,Male,3.0,4,Mobile Phone,5,Married,7,0,17.0,1.0,1.0,0.0,121.07,1
CUST-50741,3.0,Mobile Phone,3,35.0,Debit Card,Male,3.0,3,Laptop & Accessory,5,Married,9,0,19.0,1.0,1.0,3.0,141.15,0
CUST-50742,13.0,Computer,3,8.0,Credit Card,Male,3.0,3,Laptop & Accessory,4,Divorced,6,0,12.0,1.0,1.0,0.0,143.27,0
CUST-50743,23.0,Computer,1,8.0,Credit Card,Female,1.0,3,Grocery,5,Divorced,3,0,22.0,,2.0,2.0,278.56,0
CUST-50744,1.0,Mobile Phone,1,25.0,Credit Card,Male,3.0,4,Mobile Phone,5,Divorced,2,0,12.0,1.0,3.0,3.0,131.96,0
CUST-50745,19.0,Mobile Phone,1,21.0,Debit Card,Male,2.0,3,Others,4,Divorced,6,0,11.0,,1.0,3.0,290.81,0
CUST-50746,8.0,Mobile Phone,3,23.0,Debit Card,Male,3.0,3,Laptop & Accessory,5,Divorced,4,1,15.0,1.0,1.0,7.0,189.66,0
CUST-50747,,Mobile Phone,1,23.0,Debit Card,Female,3.0,3,Mobile Phone,4,Divorced,2,0,13.0,0.0,1.0,0.0,122.1,1
CUST-50748,6.0,Computer,3,31.0,Credit Card,Female,2.0,3,Laptop & Accessory,3,Divorced,2,0,12.0,0.0,1.0,1.0,145.39,0
CUST-50749,9.0,Mobile Phone,1,12.0,Debit Card,Male,,5,Mobile Phone,3,Married,2,0,14.0,0.0,1.0,7.0,127.41,0
CUST-50750,3.0,Mobile Phone,1,13.0,Debit Card,Male,2.0,3,Laptop & Accessory,3,Married,2,0,13.0,8.0,8.0,9.0,134.91,0
CUST-50751,17.0,Mobile Phone,1,35.0,UPI,Male,2.0,3,Laptop & Accessory,2,Single,2,0,25.0,1.0,1.0,17.0,145.41,0
CUST-50752,0.0,Mobile Phone,3,27.0,E wallet,Male,,1,Mobile Phone,2,Single,2,0,17.0,0.0,2.0,2.0,126.78,0
CUST-50753,19.0,Mobile Phone,1,8.0,Cash on Delivery,Male,2.0,3,Laptop & Accessory,2,Married,3,0,11.0,1.0,1.0,4.0,173.79,0
CUST-50754,15.0,Computer,2,8.0,Credit Card,Male,3.0,1,Laptop & Accessory,5,Divorced,8,0,16.0,0.0,1.0,3.0,162.72,0
CUST-50755,30.0,Mobile Phone,3,13.0,E wallet,Male,2.0,1,Laptop & Accessory,2,Married,1,1,18.0,0.0,1.0,9.0,152.2,0
CUST-50756,5.0,Computer,1,19.0,UPI,Female,,4,Mobile Phone,4,Divorced,2,0,20.0,0.0,2.0,2.0,127.43,0
CUST-50757,5.0,Computer,1,8.0,Debit Card,Female,2.0,3,Laptop & Accessory,3,Single,5,1,14.0,1.0,1.0,7.0,149.98,0
CUST-50758,9.0,Mobile Phone,1,6.0,Cash on Delivery,Female,3.0,5,Fashion,5,Married,3,1,21.0,5.0,7.0,7.0,202.52,0
CUST-50759,6.0,Mobile Phone,1,15.0,Credit Card,Male,,3,Mobile Phone,2,Divorced,1,0,13.0,1.0,4.0,10.0,127.81,0
CUST-50760,13.0,Mobile Phone,3,16.0,Cash on Delivery,Female,2.0,4,Laptop & Accessory,4,Married,8,0,12.0,1.0,1.0,3.0,168.52,0
CUST-50761,0.0,Mobile Phone,3,16.0,Debit Card,Male,2.0,3,Laptop & Accessory,2,Single,1,0,14.0,0.0,1.0,1.0,149.5,0
CUST-50762,3.0,Mobile Phone,1,6.0,Credit Card,Male,3.0,3,Mobile Phone,4,Divorced,1,1,21.0,1.0,5.0,7.0,135.79,0
CUST-50763,15.0,Computer,1,32.0,Credit Card,Female,2.0,3,Fashion,5,Divorced,4,1,17.0,0.0,,0.0,231.91000000000003,0
CUST-50764,8.0,Computer,3,14.0,E wallet,Female,3.0,4,Fashion,2,Divorced,5,1,11.0,2.0,4.0,12.0,203.77,0
CUST-50765,,Mobile Phone,1,20.0,Debit Card,Male,2.0,3,Mobile Phone,5,Divorced,2,1,14.0,2.0,6.0,8.0,122.35,0
CUST-50766,27.0,Computer,1,6.0,Debit Card,Female,2.0,3,Fashion,3,Married,8,0,17.0,1.0,1.0,4.0,205.02,0
CUST-50767,,Mobile Phone,1,8.0,Debit Card,Female,3.0,1,Mobile Phone,2,Divorced,2,0,13.0,6.0,7.0,7.0,120.11000000000001,0
CUST-50768,,Computer,1,16.0,Credit Card,Female,3.0,4,Mobile Phone,4,Single,2,1,25.0,1.0,1.0,0.0,118.59,1
CUST-50769,2.0,Mobile Phone,1,6.0,Debit Card,Female,3.0,3,Mobile Phone,2,Married,2,0,15.0,0.0,1.0,2.0,137.6,0
CUST-50770,27.0,Mobile Phone,1,9.0,Debit Card,Male,2.0,3,Grocery,2,Divorced,4,0,14.0,,1.0,9.0,277.79,0
CUST-50771,4.0,Mobile Phone,1,17.0,Credit Card,Male,3.0,3,Laptop & Accessory,5,Divorced,2,1,12.0,0.0,1.0,1.0,168.33,0
CUST-50772,4.0,Mobile Phone,1,30.0,Credit Card,Female,3.0,4,Laptop & Accessory,5,Single,2,0,19.0,0.0,1.0,8.0,168.12,0
CUST-50773,30.0,Mobile Phone,3,9.0,Debit Card,Female,2.0,4,Laptop & Accessory,2,Single,6,0,17.0,0.0,1.0,5.0,151.71,0
CUST-50774,16.0,Mobile Phone,1,9.0,Debit Card,Male,3.0,5,Others,2,Divorced,4,0,,1.0,1.0,7.0,297.4,0
CUST-50775,22.0,Mobile Phone,1,10.0,Credit Card,Male,2.0,4,Others,3,Divorced,3,0,13.0,,1.0,0.0,287.11,0
CUST-50776,9.0,Computer,1,9.0,Cash on Delivery,Male,2.0,3,Mobile Phone,4,Divorced,2,0,12.0,1.0,1.0,7.0,136.92,0
CUST-50777,21.0,Mobile Phone,1,,Cash on Delivery,Male,3.0,1,Mobile Phone,4,Single,6,0,11.0,0.0,1.0,0.0,125.59,0
CUST-50778,0.0,Mobile Phone,1,,Debit Card,Male,3.0,3,Mobile Phone,3,Married,2,0,11.0,1.0,1.0,3.0,125.16999999999999,0
CUST-50779,2.0,Mobile Phone,1,13.0,Debit Card,Male,2.0,3,Laptop & Accessory,2,Married,2,1,11.0,0.0,1.0,0.0,166.23,0
CUST-50780,21.0,Mobile Phone,1,6.0,Debit Card,Male,3.0,4,Others,2,Single,7,0,12.0,,1.0,0.0,282.65,0
CUST-50781,2.0,Mobile Phone,1,6.0,Debit Card,Female,2.0,4,Grocery,2,Married,4,0,14.0,,1.0,7.0,261.24,0
CUST-50782,7.0,Mobile Phone,1,,Cash on Delivery,Female,2.0,1,Mobile Phone,3,Divorced,1,0,17.0,1.0,1.0,0.0,125.85,0
CUST-50783,17.0,Mobile Phone,3,11.0,E wallet,Male,2.0,3,Others,4,Divorced,8,0,11.0,,3.0,10.0,282.13,0
CUST-50784,6.0,Mobile Phone,3,16.0,E wallet,Male,2.0,1,Fashion,3,Married,1,1,14.0,1.0,1.0,8.0,183.8,0
CUST-50785,0.0,Mobile Phone,1,31.0,Debit Card,Female,,1,Mobile Phone,2,Single,2,1,12.0,1.0,1.0,1.0,129.94,0
CUST-50786,,Mobile Phone,1,6.0,Debit Card,Male,2.0,3,Mobile Phone,3,Divorced,2,0,22.0,0.0,1.0,1.0,112.22999999999999,0
CUST-50787,0.0,Computer,3,30.0,Debit Card,Male,3.0,5,Mobile Phone,2,Single,2,1,14.0,1.0,1.0,0.0,111.18,1
CUST-50788,0.0,Mobile Phone,1,10.0,Debit Card,Male,,3,Mobile Phone,2,Single,2,1,20.0,0.0,2.0,2.0,128.75,0
CUST-50789,8.0,Mobile Phone,3,8.0,E wallet,Female,3.0,5,Others,4,Single,3,1,16.0,,1.0,11.0,288.24,1
CUST-50790,28.0,Computer,1,14.0,Credit Card,Male,2.0,4,Grocery,4,Married,2,1,15.0,3.0,,0.0,235.76999999999998,0
CUST-50791,0.0,Computer,1,,Debit Card,Female,2.0,4,Mobile Phone,3,Single,2,0,20.0,2.0,2.0,2.0,126.25,1
CUST-50792,19.0,Mobile Phone,3,10.0,E wallet,Female,2.0,4,Others,4,Divorced,3,0,14.0,,1.0,8.0,287.89,0
CUST-50793,7.0,Mobile Phone,3,8.0,E wallet,Female,2.0,3,Laptop & Accessory,5,Single,1,1,12.0,1.0,1.0,2.0,145.38,0
CUST-50794,24.0,Computer,3,15.0,Debit Card,Male,2.0,3,Others,4,Married,5,1,,2.0,11.0,10.0,298.47,0
CUST-50795,30.0,Mobile Phone,1,24.0,Credit Card,Male,3.0,3,Fashion,2,Single,7,0,12.0,1.0,5.0,4.0,205.12,0
CUST-50796,7.0,Computer,1,25.0,Credit Card,Female,2.0,3,Laptop & Accessory,4,Married,5,0,13.0,3.0,5.0,10.0,144.44,0
CUST-50797,,Computer,1,6.0,Credit Card,Male,2.0,3,Mobile Phone,3,Single,1,1,11.0,0.0,1.0,2.0,121.53999999999999,0
CUST-50798,17.0,Mobile Phone,1,10.0,Debit Card,Male,3.0,1,Others,5,Married,2,0,14.0,,14.0,13.0,291.9,0
CUST-50799,7.0,Computer,2,17.0,Debit Card,Male,2.0,4,Laptop & Accessory,4,Divorced,5,0,11.0,0.0,1.0,8.0,144.9,0
CUST-50800,8.0,Mobile Phone,1,12.0,Debit Card,Male,3.0,3,Mobile Phone,3,Divorced,1,1,14.0,1.0,2.0,2.0,135.06,0
CUST-50801,15.0,Mobile Phone,1,,Credit Card,Female,3.0,1,Laptop & Accessory,4,Divorced,7,1,16.0,0.0,1.0,0.0,123.72,0
CUST-50802,16.0,Mobile Phone,3,10.0,E wallet,Female,2.0,4,Fashion,2,Single,4,0,14.0,10.0,15.0,17.0,202.31,0
CUST-50803,9.0,Mobile Phone,1,8.0,Debit Card,Female,2.0,3,Laptop & Accessory,4,Single,10,1,11.0,4.0,5.0,12.0,154.1,0
CUST-50804,7.0,Mobile Phone,1,21.0,Credit Card,Female,3.0,3,Fashion,2,Divorced,2,0,11.0,0.0,1.0,5.0,179.78,1
CUST-50805,1.0,Computer,1,8.0,Debit Card,Male,2.0,4,Mobile Phone,2,Divorced,2,1,12.0,2.0,2.0,2.0,138.67,0
CUST-50806,24.0,Computer,1,12.0,Credit Card,Female,,4,Mobile Phone,3,Single,1,0,14.0,7.0,7.0,7.0,128.38,0
CUST-50807,3.0,Computer,1,15.0,Credit Card,Female,3.0,3,Laptop & Accessory,3,Single,8,1,18.0,1.0,1.0,7.0,146.95,0
CUST-50808,0.0,Mobile Phone,1,13.0,Cash on Delivery,Female,2.0,3,Mobile Phone,3,Married,4,1,13.0,1.0,7.0,7.0,133.39,1
CUST-50809,,Mobile Phone,1,6.0,Cash on Delivery,Male,2.0,3,Mobile Phone,5,Single,3,0,11.0,0.0,1.0,2.0,120.80000000000001,0
CUST-50810,,Mobile Phone,1,6.0,Credit Card,Female,2.0,3,Mobile Phone,4,Single,2,0,18.0,1.0,2.0,1.0,120.96000000000001,0
CUST-50811,5.0,Mobile Phone,3,14.0,Credit Card,Male,2.0,1,Laptop & Accessory,2,Divorced,2,0,15.0,0.0,1.0,8.0,162.09,0
CUST-50812,18.0,Computer,1,31.0,Credit Card,Female,2.0,3,Others,4,Single,4,0,22.0,,1.0,0.0,280.61,0
CUST-50813,12.0,Mobile Phone,1,19.0,Credit Card,Female,3.0,4,Grocery,4,Married,7,1,13.0,,15.0,2.0,271.23,0
CUST-50814,30.0,Mobile Phone,1,,Debit Card,Male,2.0,3,Mobile Phone,3,Married,2,0,12.0,2.0,2.0,2.0,123.72,0
CUST-50815,0.0,Mobile Phone,1,13.0,Debit Card,Male,3.0,3,Laptop & Accessory,3,Divorced,2,0,18.0,1.0,1.0,1.0,148.83,1
CUST-50816,2.0,Mobile Phone,1,29.0,Credit Card,Male,3.0,3,Mobile Phone,5,Single,1,0,13.0,0.0,1.0,3.0,139.04,1
CUST-50817,3.0,Mobile Phone,1,12.0,Cash on Delivery,Female,2.0,4,Laptop & Accessory,2,Divorced,1,0,12.0,5.0,6.0,7.0,146.27,0
CUST-50818,9.0,Mobile Phone,1,16.0,Cash on Delivery,Female,3.0,3,Fashion,3,Divorced,4,0,12.0,0.0,1.0,7.0,170.94,0
CUST-50819,19.0,Mobile Phone,2,6.0,Debit Card,Female,2.0,3,Mobile Phone,5,Single,7,0,12.0,3.0,5.0,7.0,134.23,0
CUST-50820,1.0,Computer,1,6.0,Debit Card,Female,2.0,5,Laptop & Accessory,2,Divorced,1,0,11.0,7.0,7.0,5.0,166.74,0
CUST-50821,23.0,Mobile Phone,1,34.0,Debit Card,Female,2.0,3,Grocery,5,Divorced,5,1,11.0,,1.0,2.0,268.8,0
CUST-50822,3.0,Mobile Phone,3,31.0,E wallet,Male,2.0,4,Fashion,4,Single,3,1,12.0,0.0,1.0,0.0,190.94,1
CUST-50823,15.0,Mobile Phone,3,11.0,Debit Card,Male,3.0,3,Fashion,4,Single,10,1,19.0,5.0,7.0,7.0,184.46,1
CUST-50824,3.0,Mobile Phone,1,23.0,Credit Card,Female,3.0,3,Fashion,5,Divorced,2,1,23.0,0.0,1.0,,219.16000000000003,0
CUST-50825,12.0,Mobile Phone,1,24.0,Debit Card,Male,2.0,3,Laptop & Accessory,3,Single,1,0,11.0,0.0,1.0,7.0,145.34,0
CUST-50826,4.0,Computer,3,8.0,Debit Card,Female,2.0,3,Fashion,3,Married,2,1,19.0,3.0,9.0,6.0,198.52,0
CUST-50827,14.0,Computer,3,16.0,Credit Card,Male,2.0,5,Laptop & Accessory,4,Single,2,0,13.0,3.0,11.0,9.0,161.51,0
CUST-50828,,Computer,3,6.0,Debit Card,Female,2.0,3,Mobile Phone,4,Single,2,1,11.0,1.0,2.0,2.0,123.02000000000001,1
CUST-50829,7.0,Mobile Phone,1,,Debit Card,Male,2.0,3,Mobile Phone,5,Divorced,5,0,12.0,1.0,1.0,2.0,123.62,1
CUST-50830,15.0,Computer,1,8.0,Debit Card,Male,2.0,3,Grocery,3,Divorced,1,1,13.0,,2.0,10.0,278.61,0
CUST-50831,28.0,Mobile Phone,1,8.0,Credit Card,Female,2.0,5,Others,3,Divorced,5,0,14.0,,9.0,11.0,291.87,0
CUST-50832,29.0,Mobile Phone,2,14.0,Debit Card,Male,2.0,3,Others,4,Single,7,0,,1.0,7.0,7.0,297.17,0
CUST-50833,13.0,Computer,1,22.0,Debit Card,Male,3.0,3,Mobile Phone,3,Married,10,0,16.0,1.0,1.0,0.0,135.44,0
CUST-50834,7.0,Mobile Phone,1,15.0,Debit Card,Male,2.0,3,Fashion,2,Married,1,0,11.0,1.0,1.0,6.0,185.0,0
CUST-50835,13.0,Mobile Phone,1,8.0,Debit Card,Male,3.0,3,Laptop & Accessory,2,Single,2,0,13.0,3.0,8.0,8.0,146.61,0
CUST-50836,14.0,Computer,3,6.0,E wallet,Female,3.0,3,Laptop & Accessory,5,Married,1,0,17.0,0.0,1.0,7.0,141.03,0
CUST-50837,8.0,Computer,1,10.0,Debit Card,Male,2.0,3,Laptop & Accessory,3,Single,2,1,11.0,1.0,1.0,1.0,142.49,0
CUST-50838,24.0,Mobile Phone,2,11.0,Debit Card,Male,2.0,3,Grocery,4,Married,2,1,11.0,1.0,,10.0,240.26,0
CUST-50839,11.0,Mobile Phone,3,8.0,Debit Card,Female,2.0,3,Laptop & Accessory,5,Married,4,0,15.0,0.0,1.0,7.0,168.93,0
CUST-50840,7.0,Mobile Phone,3,21.0,Credit Card,Female,3.0,3,Laptop & Accessory,5,Single,2,0,12.0,1.0,9.0,6.0,161.25,0
CUST-50841,0.0,Mobile Phone,1,25.0,Credit Card,Male,3.0,3,Mobile Phone,2,Divorced,4,0,11.0,1.0,1.0,2.0,136.69,0
CUST-50842,20.0,Mobile Phone,1,13.0,Credit Card,Female,2.0,4,Fashion,5,Divorced,8,1,14.0,4.0,5.0,9.0,200.08,1
CUST-50843,13.0,Mobile Phone,1,,Debit Card,Male,2.0,3,Mobile Phone,4,Divorced,4,0,22.0,1.0,1.0,3.0,123.87,0
CUST-50844,9.0,Computer,3,13.0,E wallet,Female,2.0,1,Laptop & Accessory,5,Divorced,3,0,16.0,5.0,6.0,13.0,146.39,0
CUST-50845,21.0,Mobile Phone,1,10.0,Debit Card,Male,2.0,3,Fashion,2,Single,2,0,11.0,1.0,1.0,8.0,178.98,0
CUST-50846,0.0,Mobile Phone,3,,Credit Card,Female,3.0,1,Mobile Phone,2,Divorced,9,0,14.0,1.0,1.0,0.0,125.34,0
CUST-50847,24.0,Mobile Phone,1,17.0,Cash on Delivery,Female,2.0,4,Grocery,4,Single,4,0,16.0,0.0,1.0,,231.42000000000002,0
CUST-50848,,Computer,1,6.0,Debit Card,Female,3.0,3,Mobile Phone,2,Single,2,0,15.0,1.0,1.0,0.0,116.11000000000001,0
CUST-50849,8.0,Mobile Phone,1,6.0,Credit Card,Female,2.0,4,Laptop & Accessory,2,Divorced,1,0,12.0,1.0,1.0,0.0,153.63,0
CUST-50850,0.0,Computer,3,8.0,Debit Card,Male,2.0,5,Laptop & Accessory,2,Single,4,0,20.0,1.0,1.0,0.0,150.71,0
CUST-50851,18.0,Mobile Phone,3,19.0,E wallet,Male,2.0,1,Grocery,3,Single,7,1,17.0,2.0,,8.0,236.95,1
CUST-50852,29.0,Mobile Phone,1,29.0,Debit Card,Male,3.0,3,Grocery,4,Divorced,5,1,12.0,11.0,,9.0,234.01999999999998,0
CUST-50853,,Computer,1,32.0,Cash on Delivery,Female,3.0,4,Mobile Phone,3,Married,2,0,20.0,1.0,1.0,0.0,120.28999999999999,0
CUST-50854,13.0,Mobile Phone,1,8.0,Credit Card,Female,2.0,1,Laptop & Accessory,3,Married,6,0,20.0,5.0,11.0,8.0,163.77,0
CUST-50855,7.0,Mobile Phone,1,35.0,Credit Card,Male,2.0,3,Laptop & Accessory,3,Divorced,5,0,13.0,0.0,7.0,7.0,154.29,0
CUST-50856,0.0,Computer,3,8.0,Debit Card,Female,,4,Mobile Phone,2,Single,8,0,14.0,0.0,1.0,0.0,127.85,1
CUST-50857,0.0,Computer,3,24.0,E wallet,Female,3.0,3,Laptop & Accessory,3,Divorced,1,1,18.0,3.0,3.0,2.0,146.14,1
CUST-50858,11.0,Computer,1,,Debit Card,Male,2.0,1,Mobile Phone,3,Married,2,0,11.0,0.0,1.0,3.0,126.1,0
CUST-50859,7.0,Mobile Phone,1,8.0,Cash on Delivery,Female,3.0,3,Laptop & Accessory,2,Single,2,0,11.0,1.0,4.0,11.0,166.87,0
CUST-50860,1.0,Mobile Phone,3,32.0,Debit Card,Male,2.0,4,Laptop & Accessory,5,Divorced,2,0,11.0,1.0,1.0,4.0,147.24,0
CUST-50861,0.0,Mobile Phone,1,28.0,Credit Card,Male,3.0,3,Laptop & Accessory,3,Divorced,2,1,15.0,3.0,6.0,7.0,161.79,1
CUST-50862,12.0,Mobile Phone,3,27.0,Debit Card,Male,2.0,4,Laptop & Accessory,2,Divorced,4,1,12.0,0.0,1.0,4.0,161.2,0
CUST-50863,24.0,Computer,3,8.0,E wallet,Male,2.0,3,Fashion,4,Divorced,3,0,11.0,0.0,3.0,2.0,205.96,0
CUST-50864,14.0,Computer,1,28.0,Debit Card,Female,3.0,3,Laptop & Accessory,2,Married,4,1,14.0,0.0,3.0,3.0,154.67,0
CUST-50865,10.0,Mobile Phone,1,10.0,Debit Card,Male,,3,Mobile Phone,3,Divorced,8,1,15.0,1.0,1.0,3.0,129.96,0
CUST-50866,6.0,Computer,3,11.0,Debit Card,Male,3.0,3,Laptop & Accessory,2,Divorced,7,0,13.0,1.0,1.0,2.0,199.98,0
CUST-50867,5.0,Mobile Phone,3,8.0,E wallet,Male,2.0,3,Laptop & Accessory,4,Divorced,1,1,13.0,0.0,1.0,2.0,140.78,0
CUST-50868,12.0,Computer,1,31.0,Debit Card,Male,3.0,3,Fashion,3,Divorced,4,0,21.0,0.0,1.0,5.0,209.2,0
CUST-50869,0.0,Mobile Phone,3,24.0,Debit Card,Male,3.0,1,Laptop & Accessory,3,Divorced,3,0,11.0,0.0,1.0,2.0,162.32,0
CUST-50870,25.0,Computer,1,34.0,Credit Card,Female,2.0,1,Grocery,3,Divorced,3,1,11.0,0.0,,2.0,232.47000000000003,0
CUST-50871,16.0,Mobile Phone,1,12.0,Credit Card,Female,3.0,4,Laptop & Accessory,3,Single,2,1,14.0,1.0,1.0,8.0,140.81,0
CUST-50872,0.0,Mobile Phone,3,16.0,E wallet,Female,3.0,4,Laptop & Accessory,2,Divorced,2,1,11.0,2.0,4.0,4.0,157.69,0
CUST-50873,0.0,Mobile Phone,1,,Debit Card,Female,2.0,3,Mobile Phone,3,Single,2,1,13.0,3.0,7.0,7.0,123.94,1
CUST-50874,0.0,Mobile Phone,1,8.0,Credit Card,Male,2.0,4,Mobile Phone,2,Single,1,0,12.0,0.0,1.0,1.0,139.04,0
CUST-50875,15.0,Mobile Phone,2,16.0,UPI,Female,2.0,3,Grocery,5,Divorced,1,0,14.0,,1.0,9.0,267.99,0
CUST-50876,25.0,Mobile Phone,1,14.0,UPI,Female,,3,Mobile Phone,5,Divorced,10,0,13.0,1.0,1.0,4.0,129.5,0
CUST-50877,10.0,Mobile Phone,1,17.0,Credit Card,Female,3.0,3,Mobile Phone,3,Single,5,0,18.0,0.0,1.0,2.0,136.29,0
CUST-50878,8.0,Computer,1,24.0,Debit Card,Male,2.0,3,Fashion,2,Single,3,0,11.0,0.0,2.0,2.0,193.62,0
CUST-50879,0.0,Mobile Phone,1,6.0,Cash on Delivery,Male,2.0,3,Mobile Phone,2,Divorced,5,0,11.0,1.0,1.0,2.0,132.29,0
CUST-50880,0.0,Mobile Phone,1,13.0,UPI,Male,3.0,1,Mobile Phone,5,Single,1,0,12.0,1.0,1.0,7.0,135.78,0
CUST-50881,2.0,Mobile Phone,2,23.0,UPI,Male,2.0,4,Fashion,5,Single,2,0,13.0,0.0,1.0,9.0,179.88,0
CUST-50882,0.0,Computer,1,34.0,Debit Card,Male,3.0,4,Laptop & Accessory,5,Single,4,0,20.0,0.0,1.0,3.0,142.84,1
CUST-50883,0.0,Computer,1,20.0,UPI,Female,2.0,3,Fashion,2,Single,1,1,12.0,2.0,7.0,7.0,175.53,1
CUST-50884,27.0,Mobile Phone,1,6.0,Credit Card,Female,2.0,3,Grocery,2,Single,7,0,19.0,,12.0,7.0,273.28,0
CUST-50885,30.0,Mobile Phone,1,6.0,Credit Card,Female,3.0,3,Others,5,Divorced,4,1,,1.0,1.0,5.0,297.01,0
CUST-50886,28.0,Mobile Phone,1,6.0,Credit Card,Male,2.0,1,Grocery,2,Married,3,0,13.0,1.0,,0.0,247.32,0
CUST-50887,9.0,Mobile Phone,3,9.0,E wallet,Female,2.0,3,Laptop & Accessory,4,Single,4,1,16.0,0.0,1.0,1.0,192.78,0
CUST-50888,,Computer,3,6.0,Debit Card,Female,2.0,5,Mobile Phone,3,Single,2,0,12.0,1.0,1.0,0.0,113.59,1
CUST-50889,3.0,Mobile Phone,3,13.0,E wallet,Female,3.0,3,Laptop & Accessory,5,Married,8,0,14.0,1.0,1.0,2.0,147.79,0
CUST-50890,4.0,Mobile Phone,1,14.0,Debit Card,Female,3.0,3,Grocery,4,Single,4,0,11.0,,1.0,0.0,264.22,0
CUST-50891,7.0,Computer,1,6.0,UPI,Male,,3,Mobile Phone,5,Married,6,0,14.0,1.0,1.0,3.0,129.96,0
CUST-50892,,Mobile Phone,1,14.0,Debit Card,Female,2.0,4,Mobile Phone,4,Single,2,0,12.0,0.0,1.0,0.0,112.61000000000001,1
CUST-50893,,Mobile Phone,1,17.0,Debit Card,Male,3.0,3,Mobile Phone,5,Divorced,1,0,14.0,1.0,1.0,4.0,120.99000000000001,0
CUST-50894,9.0,Mobile Phone,1,10.0,Debit Card,Male,2.0,4,Laptop & Accessory,2,Single,2,0,16.0,1.0,1.0,8.0,158.1,0
CUST-50895,9.0,Mobile Phone,3,22.0,E wallet,Female,3.0,4,Laptop & Accessory,5,Divorced,5,0,13.0,1.0,1.0,2.0,156.47,0
CUST-50896,20.0,Mobile Phone,1,6.0,Cash on Delivery,Male,3.0,3,Mobile Phone,2,Divorced,8,0,12.0,1.0,1.0,2.0,134.2,0
CUST-50897,0.0,Mobile Phone,3,15.0,Debit Card,Male,3.0,4,Mobile Phone,5,Divorced,4,0,12.0,1.0,2.0,2.0,144.0,1
CUST-50898,10.0,Computer,1,11.0,Cash on Delivery,Male,2.0,1,Mobile Phone,3,Single,1,0,14.0,1.0,1.0,3.0,135.0,0
CUST-50899,,Mobile Phone,1,6.0,Debit Card,Female,2.0,3,Mobile Phone,5,Divorced,3,0,22.0,1.0,1.0,0.0,120.66,0
CUST-50900,20.0,Mobile Phone,1,8.0,Credit Card,Female,2.0,3,Grocery,3,Divorced,4,0,19.0,,5.0,6.0,271.69,0
CUST-50901,0.0,Mobile Phone,3,10.0,Credit Card,Female,2.0,3,Laptop & Accessory,3,Divorced,2,1,12.0,1.0,1.0,3.0,141.62,0
CUST-50902,5.0,Mobile Phone,3,13.0,E wallet,Male,3.0,3,Laptop & Accessory,2,Divorced,5,0,12.0,1.0,1.0,3.0,192.04,0
CUST-50903,7.0,Mobile Phone,1,6.0,Debit Card,Female,2.0,4,Mobile Phone,4,Divorced,6,0,17.0,1.0,1.0,2.0,132.94,0
CUST-50904,,Mobile Phone,1,11.0,Credit Card,Male,2.0,1,Mobile Phone,3,Divorced,3,1,12.0,1.0,1.0,3.0,121.27000000000001,0
CUST-50905,13.0,Computer,1,15.0,UPI,Male,2.0,3,Laptop & Accessory,3,Married,4,0,11.0,1.0,1.0,7.0,139.75,0
CUST-50906,4.0,Mobile Phone,3,14.0,Debit Card,Male,2.0,3,Fashion,2,Married,2,0,18.0,2.0,9.0,9.0,207.93,0
CUST-50907,9.0,Mobile Phone,3,15.0,E wallet,Male,2.0,3,Fashion,1,Married,5,0,11.0,0.0,4.0,3.0,200.96,1
CUST-50908,2.0,Computer,1,8.0,Debit Card,Female,2.0,4,Mobile Phone,5,Single,3,1,23.0,0.0,1.0,0.0,136.46,1
CUST-50909,0.0,Computer,1,6.0,Debit Card,Female,3.0,1,Fashion,4,Single,2,0,11.0,3.0,4.0,7.0,174.46,1
CUST-50910,18.0,Mobile Phone,1,26.0,Credit Card,Male,3.0,5,Fashion,5,Married,3,1,18.0,0.0,1.0,7.0,208.51,0
CUST-50911,,Mobile Phone,2,14.0,Credit Card,Female,3.0,1,Mobile Phone,4,Single,10,0,18.0,0.0,1.0,2.0,121.09,0
CUST-50912,0.0,Computer,1,8.0,Debit Card,Male,3.0,3,Mobile Phone,1,Divorced,7,1,13.0,2.0,2.0,2.0,137.22,1
CUST-50913,18.0,Mobile Phone,1,35.0,Cash on Delivery,Male,2.0,3,Fashion,1,Divorced,5,1,18.0,1.0,1.0,2.0,193.8,0
CUST-50914,21.0,Mobile Phone,3,13.0,E wallet,Male,3.0,3,Laptop & Accessory,5,Married,5,0,11.0,1.0,2.0,2.0,154.86,0
CUST-50915,0.0,Mobile Phone,2,15.0,Cash on Delivery,Female,,3,Mobile Phone,3,Divorced,2,0,15.0,1.0,2.0,2.0,127.41999999999999,1
CUST-50916,13.0,Computer,1,14.0,Credit Card,Male,2.0,4,Fashion,4,Married,3,0,11.0,1.0,,8.0,237.57,0
CUST-50917,1.0,Mobile Phone,3,11.0,Credit Card,Male,2.0,3,Laptop & Accessory,5,Single,1,0,18.0,1.0,1.0,3.0,184.63,0
CUST-50918,17.0,Computer,1,11.0,Debit Card,Male,,4,Mobile Phone,3,Single,4,0,14.0,0.0,1.0,3.0,131.62,0
CUST-50919,26.0,Mobile Phone,1,8.0,Credit Card,Male,2.0,1,Grocery,4,Single,5,0,12.0,,8.0,8.0,265.98,0
CUST-50920,22.0,Mobile Phone,1,11.0,Cash on Delivery,Male,3.0,3,Laptop & Accessory,3,Divorced,3,0,14.0,0.0,1.0,2.0,166.51,0
CUST-50921,13.0,Mobile Phone,1,,Credit Card,Male,3.0,3,Mobile Phone,3,Married,3,0,14.0,0.0,1.0,2.0,123.44999999999999,0
CUST-50922,17.0,Mobile Phone,1,26.0,Debit Card,Male,2.0,3,Mobile Phone,4,Single,2,0,13.0,1.0,1.0,3.0,134.2,0
CUST-50923,6.0,Computer,3,13.0,Credit Card,Male,2.0,3,Laptop & Accessory,5,Divorced,1,0,14.0,0.0,1.0,3.0,143.73,0
CUST-50924,7.0,Mobile Phone,3,9.0,UPI,Male,2.0,5,Laptop & Accessory,5,Single,4,0,18.0,2.0,3.0,12.0,147.59,0
CUST-50925,3.0,Mobile Phone,3,22.0,Debit Card,Male,3.0,3,Laptop & Accessory,3,Divorced,9,0,15.0,0.0,2.0,2.0,153.01,0
CUST-50926,15.0,Computer,1,15.0,Credit Card,Female,3.0,3,Mobile Phone,1,Single,2,0,13.0,4.0,5.0,8.0,136.73,0
CUST-50927,17.0,Computer,3,6.0,E wallet,Female,3.0,3,Laptop & Accessory,3,Divorced,8,0,12.0,1.0,1.0,0.0,147.68,0
CUST-50928,,Computer,1,13.0,Cash on Delivery,Male,3.0,3,Mobile Phone,3,Married,2,0,13.0,0.0,1.0,0.0,112.74000000000001,0
CUST-50929,50.0,Mobile Phone,1,6.0,Debit Card,Male,3.0,1,Laptop & Accessory,3,Divorced,1,0,24.0,1.0,2.0,8.0,149.0,0
CUST-50930,22.0,Mobile Phone,1,13.0,Debit Card,Male,2.0,3,Fashion,4,Married,4,0,14.0,0.0,1.0,7.0,204.66,0
CUST-50931,7.0,Computer,1,21.0,Credit Card,Male,3.0,3,Grocery,5,Married,8,0,14.0,,6.0,9.0,270.07,0
CUST-50932,0.0,Computer,3,6.0,Cash on Delivery,Male,,3,Mobile Phone,3,Divorced,4,0,15.0,1.0,1.0,2.0,129.09,1
CUST-50933,0.0,Computer,3,19.0,Cash on Delivery,Female,2.0,3,Laptop & Accessory,4,Single,6,0,11.0,0.0,1.0,0.0,157.65,1
CUST-50934,0.0,Mobile Phone,3,30.0,Credit Card,Female,2.0,4,Laptop & Accessory,4,Single,1,1,23.0,2.0,10.0,10.0,145.99,1
CUST-50935,8.0,Mobile Phone,3,,Debit Card,Male,3.0,3,Mobile Phone,3,Divorced,2,0,13.0,1.0,1.0,0.0,124.03999999999999,0
CUST-50936,0.0,Computer,1,15.0,Credit Card,Male,2.0,3,Mobile Phone,5,Single,3,1,11.0,0.0,1.0,0.0,131.72,1
CUST-50937,,Computer,3,19.0,Debit Card,Female,3.0,3,Mobile Phone,4,Divorced,2,0,13.0,0.0,1.0,0.0,120.33000000000001,0
CUST-50938,17.0,Computer,1,8.0,Credit Card,Male,2.0,3,Fashion,3,Single,6,1,18.0,0.0,2.0,2.0,202.09,0
CUST-50939,2.0,Mobile Phone,3,25.0,Debit Card,Male,3.0,4,Laptop & Accessory,3,Married,2,0,14.0,1.0,1.0,4.0,186.2,0
CUST-50940,,Mobile Phone,2,6.0,Debit Card,Male,2.0,3,Mobile Phone,3,Married,1,0,21.0,0.0,1.0,3.0,120.63999999999999,0
CUST-50941,28.0,Mobile Phone,1,10.0,Debit Card,Male,1.0,3,Laptop & Accessory,3,Divorced,1,1,16.0,0.0,1.0,2.0,140.35,0
CUST-50942,6.0,Mobile Phone,1,10.0,Credit Card,Female,2.0,4,Mobile Phone,4,Divorced,9,0,11.0,0.0,1.0,2.0,138.38,0
CUST-50943,20.0,Mobile Phone,3,20.0,Credit Card,Female,3.0,3,Laptop & Accessory,3,Divorced,4,1,17.0,1.0,1.0,2.0,145.91,0
CUST-50944,0.0,Computer,1,,Credit Card,Male,2.0,4,Mobile Phone,5,Single,8,0,11.0,0.0,1.0,0.0,125.61000000000001,1
CUST-50945,,Mobile Phone,1,6.0,Debit Card,Male,3.0,4,Mobile Phone,3,Married,2,0,14.0,0.0,1.0,0.0,115.63,0
CUST-50946,1.0,Computer,3,13.0,Debit Card,Male,2.0,3,Laptop & Accessory,5,Single,1,0,14.0,1.0,1.0,3.0,148.98,0
CUST-50947,22.0,Mobile Phone,1,9.0,Credit Card,Female,2.0,4,Laptop & Accessory,5,Divorced,5,0,25.0,1.0,1.0,2.0,147.89,0
CUST-50948,2.0,Computer,1,8.0,Debit Card,Female,3.0,3,Mobile Phone,4,Divorced,1,0,13.0,0.0,1.0,2.0,131.8,0
CUST-50949,1.0,Mobile Phone,1,35.0,Debit Card,Male,3.0,5,Laptop & Accessory,4,Divorced,2,0,14.0,1.0,1.0,7.0,165.49,0
CUST-50950,6.0,Mobile Phone,1,14.0,Debit Card,Male,3.0,3,Laptop & Accessory,3,Single,3,1,17.0,0.0,1.0,0.0,163.88,0
CUST-50951,5.0,Mobile Phone,1,16.0,Credit Card,Male,0.0,3,Fashion,1,Single,3,0,25.0,0.0,1.0,,212.44,0
CUST-50952,27.0,Computer,1,17.0,Credit Card,Female,2.0,3,Grocery,1,Married,4,0,20.0,1.0,,12.0,260.32,0
CUST-50953,0.0,Mobile Phone,1,,Cash on Delivery,Male,3.0,4,Mobile Phone,5,Single,7,0,13.0,0.0,1.0,7.0,123.62,1
CUST-50954,17.0,Mobile Phone,1,34.0,Debit Card,Male,2.0,3,Grocery,5,Divorced,4,0,13.0,,14.0,17.0,263.28,0
CUST-50955,12.0,Mobile Phone,1,12.0,Debit Card,Female,2.0,3,Fashion,4,Single,5,0,18.0,0.0,2.0,2.0,183.76,0
CUST-50956,19.0,Mobile Phone,3,9.0,Debit Card,Female,2.0,3,Grocery,4,Divorced,9,0,12.0,,5.0,1.0,266.06,0
CUST-50957,8.0,Mobile Phone,1,22.0,Debit Card,Female,3.0,4,Fashion,4,Single,2,0,19.0,1.0,3.0,3.0,186.06,0
CUST-50958,,Mobile Phone,1,26.0,Debit Card,Male,3.0,3,Laptop & Accessory,3,Single,1,0,14.0,1.0,1.0,2.0,122.72,0
CUST-50959,,Mobile Phone,1,15.0,Debit Card,Male,2.0,3,Mobile Phone,5,Single,4,0,14.0,1.0,1.0,0.0,120.18,1
CUST-50960,7.0,Mobile Phone,3,6.0,Cash on Delivery,Male,3.0,4,Fashion,3,Divorced,2,1,14.0,7.0,8.0,6.0,170.83,0
CUST-50961,0.0,Computer,1,9.0,Debit Card,Female,2.0,3,Mobile Phone,3,Single,2,0,12.0,6.0,7.0,7.0,140.84,1
CUST-50962,23.0,Computer,1,28.0,Credit Card,Male,2.0,5,Grocery,1,Single,2,1,13.0,13.0,,9.0,244.11,0
CUST-50963,,Mobile Phone,3,13.0,Cash on Delivery,Male,2.0,3,Mobile Phone,3,Married,1,1,25.0,0.0,5.0,7.0,123.08000000000001,0
CUST-50964,15.0,Mobile Phone,1,8.0,Credit Card,Male,3.0,4,Mobile Phone,4,Married,5,0,14.0,1.0,1.0,0.0,148.41,0
CUST-50965,10.0,Mobile Phone,1,19.0,Credit Card,Male,2.0,3,Laptop & Accessory,1,Married,2,0,17.0,0.0,3.0,7.0,142.85,0
CUST-50966,2.0,Mobile Phone,1,14.0,UPI,Female,2.0,5,Laptop & Accessory,5,Married,4,0,13.0,0.0,1.0,7.0,197.15,0
CUST-50967,6.0,Mobile Phone,1,31.0,Debit Card,Male,2.0,4,Laptop & Accessory,4,Single,2,0,13.0,0.0,1.0,2.0,143.2,0
CUST-50968,,Mobile Phone,1,34.0,Cash on Delivery,Male,3.0,3,Mobile Phone,1,Married,5,0,20.0,1.0,1.0,3.0,121.32,0
CUST-50969,15.0,Computer,1,8.0,Debit Card,Male,2.0,3,Fashion,1,Married,3,1,14.0,12.0,13.0,9.0,201.24,0
CUST-50970,13.0,Mobile Phone,3,15.0,Credit Card,Male,2.0,3,Laptop & Accessory,5,Married,1,0,12.0,2.0,7.0,1.0,154.73,0
CUST-50971,6.0,Mobile Phone,1,34.0,Debit Card,Male,3.0,3,Laptop & Accessory,3,Married,2,1,12.0,1.0,5.0,7.0,152.07,0
CUST-50972,13.0,Mobile Phone,2,12.0,Credit Card,Male,2.0,3,Grocery,1,Single,2,1,21.0,,7.0,7.0,264.37,0
CUST-50973,,Mobile Phone,1,27.0,Cash on Delivery,Male,2.0,4,Mobile Phone,5,Married,1,0,14.0,0.0,1.0,0.0,122.96000000000001,0
CUST-50974,13.0,Computer,1,14.0,Debit Card,Male,3.0,3,Laptop & Accessory,1,Married,4,1,18.0,2.0,2.0,2.0,140.69,0
CUST-50975,18.0,Mobile Phone,1,6.0,Cash on Delivery,Male,3.0,3,Fashion,4,Married,2,0,12.0,6.0,7.0,7.0,174.41,0
CUST-50976,8.0,Mobile Phone,3,,Debit Card,Female,3.0,4,Mobile Phone,3,Married,1,0,23.0,2.0,4.0,2.0,124.30000000000001,0
CUST-50977,5.0,Mobile Phone,1,11.0,Debit Card,Female,3.0,4,Laptop & Accessory,4,Married,4,0,12.0,1.0,2.0,5.0,158.78,0
CUST-50978,9.0,Mobile Phone,3,,Debit Card,Male,3.0,3,Mobile Phone,1,Single,4,1,21.0,0.0,1.0,2.0,126.44,0
CUST-50979,21.0,Mobile Phone,3,22.0,Debit Card,Female,3.0,3,Laptop & Accessory,3,Married,9,0,14.0,1.0,7.0,7.0,164.39,0
CUST-50980,2.0,Mobile Phone,1,,Debit Card,Male,3.0,1,Mobile Phone,3,Married,7,0,18.0,1.0,1.0,0.0,124.50999999999999,0
CUST-50981,6.0,Mobile Phone,3,14.0,Debit Card,Male,2.0,3,Laptop & Accessory,5,Married,3,0,13.0,2.0,2.0,2.0,163.92,0
CUST-50982,0.0,Mobile Phone,3,6.0,Debit Card,Male,3.0,4,Laptop & Accessory,5,Married,2,0,11.0,3.0,6.0,7.0,197.14,1
CUST-50983,11.0,Computer,2,16.0,UPI,Male,3.0,3,Laptop & Accessory,3,Married,4,0,11.0,0.0,1.0,2.0,160.77,0
CUST-50984,8.0,Mobile Phone,1,,Credit Card,Male,3.0,4,Mobile Phone,5,Single,2,0,19.0,0.0,1.0,2.0,124.5,0
CUST-50985,3.0,Mobile Phone,3,35.0,Cash on Delivery,Male,2.0,3,Fashion,4,Married,4,0,12.0,0.0,1.0,3.0,192.5,0
CUST-50986,,Mobile Phone,1,8.0,Debit Card,Female,3.0,3,Mobile Phone,5,Married,2,1,12.0,1.0,1.0,0.0,120.74000000000001,1
CUST-50987,16.0,Mobile Phone,1,8.0,Cash on Delivery,Female,3.0,4,Fashion,1,Married,1,0,16.0,1.0,1.0,9.0,201.69,1
CUST-50988,1.0,Mobile Phone,1,8.0,Credit Card,Male,2.0,3,Laptop & Accessory,4,Married,5,0,11.0,0.0,1.0,4.0,148.55,1
CUST-50989,5.0,Computer,1,6.0,Cash on Delivery,Male,3.0,3,Laptop & Accessory,5,Married,5,0,14.0,1.0,1.0,2.0,140.87,0
CUST-50990,21.0,Mobile Phone,1,,UPI,Female,3.0,3,Mobile Phone,5,Married,9,0,12.0,7.0,7.0,6.0,123.66999999999999,0
CUST-50991,7.0,Mobile Phone,1,13.0,Credit Card,Male,,3,Mobile Phone,1,Single,2,0,13.0,0.0,1.0,0.0,129.72,0
CUST-50992,28.0,Mobile Phone,3,32.0,E wallet,Male,2.0,4,Others,1,Married,2,0,,2.0,2.0,13.0,295.86,0
CUST-50993,7.0,Mobile Phone,1,6.0,Debit Card,Male,2.0,3,Laptop & Accessory,1,Married,10,0,17.0,1.0,2.0,1.0,154.84,0
CUST-50994,,Mobile Phone,1,9.0,Debit Card,Female,2.0,3,Mobile Phone,1,Married,2,0,21.0,1.0,1.0,0.0,120.61000000000001,0
CUST-50995,11.0,Mobile Phone,3,20.0,Debit Card,Male,3.0,3,Laptop & Accessory,4,Married,1,0,11.0,5.0,7.0,7.0,199.24,0
CUST-50996,11.0,Mobile Phone,3,22.0,Debit Card,Female,2.0,3,Laptop & Accessory,4,Single,3,0,12.0,0.0,1.0,2.0,141.98,0
CUST-50997,9.0,Mobile Phone,3,6.0,Debit Card,Female,3.0,3,Laptop & Accessory,3,Single,7,0,13.0,1.0,1.0,0.0,168.15,0
CUST-50998,2.0,Mobile Phone,1,9.0,Credit Card,Male,2.0,3,Mobile Phone,5,Single,2,1,18.0,0.0,1.0,5.0,147.23,0
CUST-50999,8.0,Mobile Phone,1,16.0,Credit Card,Female,2.0,3,Laptop & Accessory,3,Single,4,1,16.0,1.0,1.0,4.0,161.42,0
CUST-51000,12.0,Mobile Phone,3,12.0,Credit Card,Male,2.0,1,Fashion,3,Married,3,0,11.0,4.0,7.0,6.0,182.37,0
CUST-51001,2.0,Computer,1,8.0,Debit Card,Male,2.0,3,Laptop & Accessory,1,Married,2,0,19.0,0.0,1.0,3.0,188.53,0
CUST-51002,23.0,Mobile Phone,3,5.0,E wallet,Male,2.0,3,Others,3,Married,5,1,,0.0,1.0,0.0,293.31,0
CUST-51003,,Mobile Phone,1,16.0,Cash on Delivery,Male,2.0,1,Mobile Phone,3,Married,3,0,16.0,2.0,2.0,2.0,120.72999999999999,0
CUST-51004,9.0,Computer,1,12.0,Debit Card,Male,3.0,1,Laptop & Accessory,5,Married,4,1,13.0,1.0,1.0,2.0,155.62,0
CUST-51005,15.0,Mobile Phone,1,15.0,UPI,Male,3.0,4,Others,1,Single,9,0,,1.0,1.0,1.0,296.13,0
CUST-51006,8.0,Mobile Phone,1,34.0,Debit Card,Male,2.0,1,Laptop & Accessory,3,Married,2,0,17.0,5.0,6.0,8.0,134.07,0
CUST-51007,7.0,Computer,1,16.0,Cash on Delivery,Male,3.0,4,Laptop & Accessory,3,Married,2,0,14.0,2.0,7.0,7.0,150.63,0
CUST-51008,13.0,Mobile Phone,3,20.0,Debit Card,Female,2.0,3,Laptop & Accessory,5,Married,2,0,15.0,0.0,1.0,2.0,146.39,0
CUST-51009,16.0,Mobile Phone,1,33.0,Cash on Delivery,Male,2.0,1,Mobile Phone,4,Married,6,0,12.0,1.0,1.0,2.0,148.76,0
CUST-51010,8.0,Mobile Phone,1,13.0,Debit Card,Male,,4,Mobile Phone,1,Married,2,0,18.0,1.0,1.0,1.0,126.9,0
CUST-51011,19.0,Mobile Phone,3,6.0,Debit Card,Male,2.0,1,Grocery,5,Single,2,0,15.0,,1.0,12.0,275.67,0
CUST-51012,0.0,Mobile Phone,1,,Credit Card,Male,2.0,3,Mobile Phone,4,Married,2,1,17.0,0.0,1.0,0.0,124.08000000000001,1
CUST-51013,0.0,Computer,1,32.0,UPI,Female,,4,Mobile Phone,3,Married,2,1,14.0,0.0,1.0,3.0,128.14,0
CUST-51014,23.0,Computer,1,26.0,Credit Card,Male,2.0,3,Grocery,3,Married,3,1,15.0,3.0,12.0,,212.45,0
CUST-51015,5.0,Mobile Phone,1,11.0,UPI,Female,2.0,1,Mobile Phone,1,Married,4,0,17.0,1.0,1.0,2.0,133.12,0
CUST-51016,17.0,Mobile Phone,1,13.0,Credit Card,Female,2.0,3,Others,1,Married,1,1,14.0,,1.0,10.0,290.49,0
CUST-51017,,Mobile Phone,1,13.0,Credit Card,Male,2.0,4,Mobile Phone,4,Married,2,0,12.0,0.0,1.0,1.0,121.41,0
CUST-51018,18.0,Mobile Phone,1,11.0,Credit Card,Female,2.0,5,Laptop & Accessory,5,Single,2,1,14.0,1.0,1.0,4.0,157.69,0
CUST-51019,18.0,Computer,3,32.0,E wallet,Male,2.0,4,Laptop & Accessory,5,Married,2,0,15.0,0.0,4.0,5.0,143.85,0
CUST-51020,4.0,Computer,3,8.0,UPI,Male,2.0,3,Laptop & Accessory,5,Single,8,0,13.0,0.0,1.0,3.0,153.32,0
CUST-51021,9.0,Mobile Phone,1,18.0,Debit Card,Female,3.0,3,Laptop & Accessory,3,Married,10,1,12.0,0.0,1.0,1.0,146.63,0
CUST-51022,7.0,Computer,1,16.0,Debit Card,Male,2.0,1,Laptop & Accessory,1,Married,2,0,13.0,5.0,7.0,2.0,147.24,0
CUST-51023,22.0,Mobile Phone,1,31.0,Debit Card,Female,2.0,3,Mobile Phone,5,Married,2,0,14.0,0.0,1.0,4.0,132.11,0
CUST-51024,12.0,Mobile Phone,1,16.0,Credit Card,Male,3.0,3,Laptop & Accessory,5,Married,3,0,13.0,4.0,7.0,7.0,153.77,0
CUST-51025,0.0,Mobile Phone,1,25.0,UPI,Male,3.0,4,Mobile Phone,5,Married,2,0,11.0,0.0,1.0,7.0,140.66,0
CUST-51026,8.0,Mobile Phone,1,24.0,Debit Card,Male,2.0,1,Laptop & Accessory,5,Married,2,0,11.0,0.0,1.0,10.0,152.08,0
CUST-51027,1.0,Mobile Phone,1,33.0,Credit Card,Female,2.0,5,Laptop & Accessory,5,Married,1,0,21.0,1.0,1.0,0.0,0.0,0
CUST-51028,0.0,Mobile Phone,1,11.0,Credit Card,Male,,3,Mobile Phone,1,Single,2,0,18.0,1.0,2.0,2.0,131.17,0
CUST-51029,,Computer,3,9.0,Credit Card,Female,3.0,3,Mobile Phone,1,Single,2,1,12.0,0.0,1.0,0.0,115.69,1
CUST-51030,20.0,Mobile Phone,2,32.0,Debit Card,Female,3.0,3,Others,3,Married,4,0,,1.0,1.0,0.0,296.58,0
CUST-51031,12.0,Mobile Phone,1,9.0,Credit Card,Male,,4,Laptop & Accessory,3,Married,1,0,15.0,0.0,1.0,7.0,130.69,0
CUST-51032,13.0,Mobile Phone,1,21.0,Debit Card,Female,3.0,4,Fashion,3,Married,2,0,13.0,1.0,14.0,12.0,204.35,0
CUST-51033,8.0,Computer,1,14.0,Debit Card,Female,2.0,3,Laptop & Accessory,3,Married,2,0,12.0,2.0,2.0,9.0,141.48,0
CUST-51034,10.0,Mobile Phone,1,25.0,Debit Card,Male,2.0,3,Laptop & Accessory,3,Married,4,0,17.0,0.0,1.0,2.0,157.68,0
CUST-51035,12.0,Computer,1,10.0,Credit Card,Female,2.0,3,Laptop & Accessory,3,Single,1,0,13.0,3.0,3.0,8.0,150.42,0
CUST-51036,18.0,Mobile Phone,1,8.0,UPI,Female,2.0,4,Laptop & Accessory,1,Married,2,0,19.0,2.0,3.0,9.0,157.7,0
CUST-51037,11.0,Mobile Phone,1,8.0,Credit Card,Female,2.0,4,Fashion,3,Married,4,1,19.0,1.0,1.0,2.0,177.56,0
CUST-51038,0.0,Mobile Phone,3,16.0,Credit Card,Male,2.0,4,Fashion,5,Married,10,0,17.0,4.0,6.0,0.0,203.06,1
CUST-51039,10.0,Mobile Phone,1,16.0,Credit Card,Female,3.0,3,Mobile Phone,4,Married,2,0,11.0,1.0,7.0,7.0,139.36,0
CUST-51040,13.0,Mobile Phone,1,22.0,Debit Card,Female,2.0,3,Fashion,1,Single,7,1,15.0,1.0,3.0,3.0,179.45,0
CUST-51041,17.0,Computer,2,6.0,UPI,Male,2.0,3,Laptop & Accessory,1,Married,5,1,11.0,1.0,1.0,2.0,157.43,0
CUST-51042,21.0,Computer,1,10.0,Credit Card,Male,2.0,4,Grocery,1,Married,3,0,25.0,2.0,,2.0,252.01999999999998,0
CUST-51043,0.0,Mobile Phone,3,21.0,Credit Card,Male,2.0,5,Laptop & Accessory,1,Married,7,1,14.0,1.0,2.0,2.0,154.4,1
CUST-51044,0.0,Computer,1,8.0,Cash on Delivery,Female,2.0,3,Mobile Phone,1,Single,2,1,13.0,1.0,1.0,3.0,137.6,0
CUST-51045,0.0,Mobile Phone,1,14.0,Credit Card,Female,2.0,1,Mobile Phone,3,Married,8,0,17.0,0.0,1.0,2.0,135.17,0
CUST-51046,0.0,Computer,1,,Credit Card,Male,2.0,3,Mobile Phone,1,Single,3,0,13.0,0.0,1.0,2.0,125.80000000000001,0
CUST-51047,,Mobile Phone,1,13.0,Debit Card,Male,3.0,3,Mobile Phone,5,Single,4,1,14.0,0.0,1.0,3.0,121.66,1
CUST-51048,2.0,Mobile Phone,3,16.0,Credit Card,Male,2.0,4,Laptop & Accessory,3,Single,10,0,11.0,1.0,1.0,4.0,158.69,0
CUST-51049,9.0,Mobile Phone,1,11.0,Debit Card,Female,2.0,3,Fashion,5,Married,5,0,12.0,1.0,1.0,2.0,180.08,0
CUST-51050,0.0,Computer,1,8.0,Debit Card,Male,3.0,1,Laptop & Accessory,3,Married,2,0,17.0,0.0,1.0,7.0,152.06,0
CUST-51051,12.0,Mobile Phone,1,18.0,Credit Card,Male,3.0,3,Laptop & Accessory,4,Married,5,0,21.0,1.0,1.0,0.0,152.95,0
CUST-51052,22.0,Mobile Phone,1,28.0,UPI,Female,3.0,3,Grocery,4,Married,4,0,16.0,,1.0,2.0,264.13,0
CUST-51053,23.0,Mobile Phone,1,23.0,Debit Card,Female,2.0,4,Fashion,5,Married,6,0,15.0,1.0,,11.0,232.69,0
CUST-51054,0.0,Mobile Phone,3,8.0,Credit Card,Female,,3,Mobile Phone,3,Single,2,0,19.0,0.0,2.0,2.0,127.83000000000001,0
CUST-51055,7.0,Mobile Phone,1,9.0,Debit Card,Female,3.0,3,Laptop & Accessory,4,Married,2,0,12.0,7.0,7.0,9.0,154.33,0
CUST-51056,,Mobile Phone,1,13.0,Debit Card,Male,3.0,3,Mobile Phone,4,Single,3,0,11.0,0.0,1.0,3.0,120.13,0
CUST-51057,22.0,Mobile Phone,1,12.0,Debit Card,Female,2.0,4,Grocery,3,Married,3,1,19.0,1.0,,12.0,239.66000000000003,0
CUST-51058,9.0,Computer,1,6.0,Credit Card,Female,2.0,4,Laptop & Accessory,3,Married,1,0,15.0,1.0,1.0,2.0,143.74,0
CUST-51059,9.0,Mobile Phone,1,9.0,Debit Card,Male,3.0,1,Laptop & Accessory,5,Married,7,0,20.0,1.0,1.0,4.0,168.42,0
CUST-51060,27.0,Mobile Phone,1,28.0,Credit Card,Female,3.0,3,Grocery,3,Married,4,0,25.0,,4.0,7.0,274.26,0
CUST-51061,16.0,Mobile Phone,1,21.0,Debit Card,Male,3.0,4,Grocery,3,Married,2,0,24.0,,6.0,11.0,276.03,0
CUST-51062,0.0,Computer,3,18.0,UPI,Male,2.0,3,Laptop & Accessory,1,Single,4,1,24.0,3.0,6.0,7.0,145.81,1
CUST-51063,11.0,Computer,1,6.0,Debit Card,Male,2.0,3,Laptop & Accessory,1,Married,8,0,15.0,2.0,2.0,9.0,147.35,0
CUST-51064,2.0,Mobile Phone,3,11.0,Credit Card,Male,2.0,4,Laptop & Accessory,4,Married,2,1,13.0,0.0,1.0,9.0,141.87,0
CUST-51065,6.0,Mobile Phone,3,8.0,Credit Card,Male,3.0,3,Laptop & Accessory,1,Married,2,0,14.0,1.0,1.0,4.0,155.05,0
CUST-51066,5.0,Mobile Phone,1,8.0,Credit Card,Male,2.0,3,Laptop & Accessory,4,Married,1,0,13.0,0.0,1.0,6.0,154.7,0
CUST-51067,4.0,Mobile Phone,3,11.0,Debit Card,Female,3.0,3,Laptop & Accessory,1,Married,2,0,11.0,0.0,1.0,2.0,154.76,0
CUST-51068,22.0,Mobile Phone,1,,Credit Card,Female,3.0,3,Mobile Phone,5,Married,5,1,16.0,1.0,2.0,2.0,125.87,0
CUST-51069,11.0,Computer,1,,Credit Card,Female,2.0,4,Mobile Phone,4,Single,2,0,22.0,1.0,3.0,3.0,124.4,0
CUST-51070,20.0,Mobile Phone,3,8.0,Debit Card,Female,2.0,1,Grocery,4,Married,7,0,14.0,0.0,,2.0,259.72,0
CUST-51071,22.0,Mobile Phone,1,6.0,Debit Card,Male,2.0,3,Grocery,3,Single,5,0,14.0,1.0,,0.0,253.79000000000002,0
CUST-51072,14.0,Mobile Phone,3,29.0,Debit Card,Male,3.0,3,Fashion,3,Single,4,1,16.0,0.0,1.0,2.0,170.82,0
CUST-51073,0.0,Mobile Phone,3,15.0,Debit Card,Male,,3,Mobile Phone,5,Single,2,0,11.0,0.0,1.0,2.0,127.28,0
CUST-51074,6.0,Computer,3,22.0,Debit Card,Female,2.0,3,Laptop & Accessory,1,Married,2,1,25.0,0.0,1.0,2.0,153.68,0
CUST-51075,9.0,Mobile Phone,1,32.0,Debit Card,Male,3.0,3,Laptop & Accessory,3,Married,7,0,14.0,1.0,1.0,2.0,153.47,0
CUST-51076,17.0,Mobile Phone,2,6.0,Debit Card,Female,2.0,3,Mobile Phone,1,Married,5,1,18.0,2.0,2.0,2.0,131.95,0
CUST-51077,0.0,Mobile Phone,1,14.0,Credit Card,Male,3.0,4,Mobile Phone,3,Single,2,1,11.0,1.0,1.0,2.0,139.89,1
CUST-51078,11.0,Mobile Phone,1,10.0,Credit Card,Female,2.0,3,Mobile Phone,3,Married,8,0,19.0,0.0,1.0,0.0,133.06,0
CUST-51079,26.0,Mobile Phone,1,30.0,Credit Card,Male,2.0,1,Fashion,1,Married,4,0,15.0,0.0,1.0,2.0,170.05,0
CUST-51080,11.0,Computer,3,,Credit Card,Female,3.0,3,Mobile Phone,3,Married,3,1,11.0,4.0,7.0,7.0,126.55000000000001,1
CUST-51081,,Mobile Phone,1,8.0,Debit Card,Male,3.0,3,Mobile Phone,4,Single,2,0,12.0,1.0,1.0,0.0,113.93,1
CUST-51082,0.0,Computer,1,,Credit Card,Male,3.0,3,Mobile Phone,1,Single,2,0,20.0,5.0,5.0,7.0,125.69999999999999,0
CUST-51083,28.0,Mobile Phone,1,28.0,Cash on Delivery,Male,3.0,4,Mobile Phone,4,Married,6,0,12.0,1.0,1.0,2.0,135.37,0
CUST-51084,7.0,Mobile Phone,1,11.0,Credit Card,Male,2.0,4,Laptop & Accessory,1,Married,2,0,14.0,4.0,4.0,13.0,139.86,0
CUST-51085,30.0,Mobile Phone,1,6.0,Credit Card,Male,3.0,5,Fashion,1,Married,4,0,20.0,0.0,1.0,0.0,208.82999999999998,0
CUST-51086,,Mobile Phone,1,27.0,Credit Card,Male,3.0,1,Mobile Phone,4,Married,2,0,18.0,2.0,2.0,13.0,120.28,0
CUST-51087,10.0,Computer,3,6.0,Credit Card,Male,2.0,5,Laptop & Accessory,1,Married,2,0,14.0,0.0,1.0,3.0,195.25,0
CUST-51088,7.0,Mobile Phone,1,25.0,Debit Card,Female,,4,Mobile Phone,1,Married,2,0,12.0,3.0,8.0,7.0,129.29,0
CUST-51089,,Mobile Phone,3,13.0,Debit Card,Male,2.0,3,Mobile Phone,1,Married,2,1,21.0,1.0,1.0,2.0,122.75,1
CUST-51090,17.0,Mobile Phone,1,8.0,Debit Card,Female,3.0,1,Fashion,1,Married,2,1,19.0,6.0,6.0,7.0,178.79,0
CUST-51091,8.0,Computer,1,8.0,Credit Card,Male,3.0,4,Mobile Phone,1,Single,1,1,14.0,1.0,1.0,4.0,149.3,0
CUST-51092,16.0,Mobile Phone,3,8.0,Credit Card,Male,3.0,3,Laptop & Accessory,1,Married,2,1,17.0,0.0,8.0,8.0,178.47,0
CUST-51093,0.0,Mobile Phone,1,15.0,Credit Card,Male,3.0,1,Mobile Phone,3,Married,2,0,16.0,0.0,1.0,4.0,144.01,0
CUST-51094,14.0,Mobile Phone,3,12.0,E wallet,Male,2.0,3,Fashion,3,Single,2,0,12.0,6.0,8.0,7.0,192.41,0
CUST-51095,2.0,Mobile Phone,1,15.0,Credit Card,Female,,3,Mobile Phone,3,Married,10,0,17.0,1.0,1.0,2.0,129.74,0
CUST-51096,9.0,Mobile Phone,3,8.0,Debit Card,Female,2.0,3,Laptop & Accessory,1,Single,4,0,15.0,3.0,6.0,7.0,145.02,0
CUST-51097,18.0,Computer,1,6.0,Debit Card,Male,3.0,4,Fashion,3,Married,4,0,23.0,3.0,14.0,4.0,207.48000000000002,0
CUST-51098,,Mobile Phone,2,28.0,UPI,Male,2.0,5,Mobile Phone,3,Married,2,0,11.0,0.0,1.0,0.0,115.55000000000001,1
CUST-51099,10.0,Computer,3,15.0,Debit Card,Male,2.0,5,Grocery,3,Married,8,0,11.0,1.0,14.0,,229.36,1
CUST-51100,,Mobile Phone,1,23.0,Credit Card,Male,3.0,5,Mobile Phone,3,Married,2,0,15.0,0.0,1.0,2.0,123.05000000000001,0
CUST-51101,18.0,Mobile Phone,1,34.0,Cash on Delivery,Female,2.0,4,Grocery,4,Single,2,0,11.0,,8.0,6.0,267.04,0
CUST-51102,5.0,Computer,1,16.0,Debit Card,Male,2.0,3,Mobile Phone,3,Married,7,0,13.0,0.0,1.0,3.0,134.33,0
CUST-51103,4.0,Mobile Phone,1,8.0,Debit Card,Male,3.0,3,Mobile Phone,3,Married,2,0,14.0,0.0,1.0,3.0,134.77,0
CUST-51104,14.0,Computer,2,10.0,UPI,Male,2.0,5,Laptop & Accessory,4,Married,7,0,19.0,0.0,1.0,2.0,164.3,0
CUST-51105,13.0,Mobile Phone,1,14.0,Debit Card,Female,3.0,3,Laptop & Accessory,5,Married,3,1,16.0,0.0,1.0,0.0,165.16,0
CUST-51106,0.0,Mobile Phone,1,35.0,Credit Card,Male,3.0,3,Mobile Phone,5,Married,2,0,13.0,1.0,1.0,2.0,139.07,0
CUST-51107,19.0,Mobile Phone,1,19.0,Debit Card,Male,2.0,3,Laptop & Accessory,4,Single,7,0,14.0,1.0,1.0,9.0,155.62,0
CUST-51108,8.0,Mobile Phone,1,33.0,Debit Card,Male,2.0,3,Laptop & Accessory,3,Married,3,0,16.0,0.0,1.0,7.0,168.83,0
CUST-51109,3.0,Mobile Phone,1,22.0,Debit Card,Male,,3,Mobile Phone,1,Married,2,0,12.0,0.0,1.0,8.0,128.62,0
CUST-51110,20.0,Computer,3,8.0,E wallet,Male,2.0,3,Laptop & Accessory,4,Married,8,0,11.0,0.0,1.0,0.0,149.78,0
CUST-51111,19.0,Mobile Phone,3,8.0,Debit Card,Male,3.0,3,Fashion,1,Married,5,1,12.0,0.0,1.0,3.0,203.68,0
CUST-51112,0.0,Mobile Phone,3,19.0,E wallet,Male,3.0,4,Laptop & Accessory,5,Married,6,1,13.0,2.0,2.0,2.0,161.34,1
CUST-51113,0.0,Mobile Phone,3,6.0,Debit Card,Male,2.0,5,Laptop & Accessory,4,Single,7,0,15.0,0.0,1.0,0.0,167.35,1
CUST-51114,0.0,Mobile Phone,1,10.0,Credit Card,Female,2.0,3,Mobile Phone,4,Single,2,0,13.0,1.0,1.0,2.0,132.95,0
CUST-51115,4.0,Computer,1,30.0,Cash on Delivery,Female,1.0,3,Laptop & Accessory,1,Single,3,0,20.0,1.0,1.0,4.0,152.38,0
CUST-51116,12.0,Computer,1,6.0,Debit Card,Male,3.0,3,Laptop & Accessory,1,Married,2,1,15.0,3.0,5.0,8.0,164.72,0
CUST-51117,5.0,Mobile Phone,3,25.0,Debit Card,Male,3.0,5,Fashion,3,Married,4,0,13.0,1.0,1.0,2.0,196.1,0
CUST-51118,13.0,Mobile Phone,3,13.0,Credit Card,Male,2.0,3,Others,4,Single,2,0,,1.0,12.0,8.0,298.33,0
CUST-51119,18.0,Mobile Phone,2,10.0,Debit Card,Female,2.0,5,Fashion,3,Married,5,0,21.0,1.0,1.0,3.0,197.56,0
CUST-51120,3.0,Computer,1,8.0,Cash on Delivery,Female,3.0,4,Mobile Phone,5,Single,1,0,16.0,0.0,1.0,7.0,149.68,0
CUST-51121,,Computer,2,16.0,Credit Card,Male,2.0,3,Mobile Phone,1,Married,1,0,14.0,1.0,2.0,1.0,121.44999999999999,0
CUST-51122,,Computer,2,14.0,UPI,Female,3.0,4,Mobile Phone,1,Married,7,0,11.0,1.0,1.0,2.0,121.80000000000001,1
CUST-51123,4.0,Mobile Phone,3,11.0,Cash on Delivery,Male,2.0,3,Laptop & Accessory,3,Married,2,0,19.0,0.0,1.0,2.0,183.46,0
CUST-51124,0.0,Mobile Phone,1,14.0,Credit Card,Female,3.0,3,Mobile Phone,1,Single,2,0,11.0,1.0,1.0,4.0,134.45,0
CUST-51125,0.0,Mobile Phone,3,15.0,E wallet,Female,,5,Mobile Phone,4,Single,2,0,13.0,1.0,2.0,2.0,127.6,1
CUST-51126,2.0,Computer,1,6.0,Debit Card,Male,3.0,1,Laptop & Accessory,3,Single,9,1,12.0,0.0,1.0,2.0,162.94,0
CUST-51127,3.0,Mobile Phone,3,21.0,E wallet,Male,3.0,4,Fashion,5,Married,3,0,11.0,0.0,1.0,7.0,171.4,0
CUST-51128,7.0,Mobile Phone,1,8.0,Credit Card,Male,,1,Mobile Phone,1,Married,1,1,14.0,0.0,1.0,2.0,129.32,0
CUST-51129,6.0,Computer,3,8.0,E wallet,Female,3.0,3,Laptop & Accessory,4,Single,9,0,15.0,0.0,1.0,7.0,151.47,0
CUST-51130,22.0,Mobile Phone,3,17.0,E wallet,Female,3.0,3,Laptop & Accessory,1,Single,4,0,12.0,0.0,1.0,4.0,145.07,0
CUST-51131,0.0,Mobile Phone,3,22.0,Debit Card,Female,3.0,3,Fashion,5,Single,3,1,20.0,0.0,1.0,0.0,185.64,1
CUST-51132,11.0,Computer,1,,Credit Card,Female,3.0,4,Mobile Phone,4,Married,5,0,14.0,0.0,1.0,5.0,124.68,0
CUST-51133,0.0,Mobile Phone,3,22.0,E wallet,Male,3.0,3,Fashion,3,Married,3,0,13.0,1.0,1.0,0.0,181.61,1
CUST-51134,,Mobile Phone,1,10.0,Cash on Delivery,Female,3.0,4,Mobile Phone,5,Married,2,0,13.0,0.0,1.0,0.0,121.09,0
CUST-51135,0.0,Mobile Phone,1,22.0,Debit Card,Male,2.0,1,Laptop & Accessory,3,Married,4,0,16.0,1.0,1.0,7.0,152.94,0
CUST-51136,5.0,Computer,1,11.0,Cash on Delivery,Male,,3,Mobile Phone,4,Single,3,0,14.0,1.0,1.0,7.0,127.18,0
CUST-51137,11.0,Mobile Phone,1,24.0,Credit Card,Male,2.0,5,Laptop & Accessory,1,Married,4,1,16.0,0.0,1.0,0.0,158.11,0
CUST-51138,6.0,Computer,1,,Cash on Delivery,Male,2.0,4,Mobile Phone,3,Married,10,1,16.0,1.0,1.0,0.0,124.37,1
CUST-51139,15.0,Mobile Phone,1,18.0,Credit Card,Male,,3,Mobile Phone,4,Married,9,0,22.0,1.0,1.0,4.0,127.66,0
CUST-51140,28.0,Mobile Phone,1,8.0,Credit Card,Male,2.0,4,Others,5,Married,9,0,12.0,,1.0,0.0,290.38,0
CUST-51141,6.0,Computer,1,10.0,Cash on Delivery,Male,,3,Laptop & Accessory,4,Married,6,0,15.0,0.0,1.0,7.0,130.55,0
CUST-51142,,Mobile Phone,1,15.0,Debit Card,Male,3.0,3,Mobile Phone,5,Married,2,0,20.0,1.0,1.0,4.0,122.88999999999999,0
CUST-51143,7.0,Computer,3,16.0,Debit Card,Male,2.0,3,Laptop & Accessory,3,Married,2,1,14.0,1.0,1.0,7.0,140.01,0
CUST-51144,26.0,Computer,1,6.0,Credit Card,Female,2.0,4,Grocery,3,Married,5,1,20.0,0.0,1.0,,229.64999999999998,0
CUST-51145,16.0,Mobile Phone,2,8.0,Debit Card,Male,3.0,3,Mobile Phone,1,Single,1,0,13.0,0.0,1.0,8.0,135.39,0
CUST-51146,7.0,Mobile Phone,3,9.0,Debit Card,Female,2.0,5,Laptop & Accessory,1,Single,6,0,12.0,1.0,2.0,2.0,160.29,0
CUST-51147,0.0,Mobile Phone,3,13.0,E wallet,Male,,3,Mobile Phone,4,Single,2,0,13.0,1.0,1.0,0.0,126.78999999999999,1
CUST-51148,11.0,Mobile Phone,1,12.0,UPI,Female,2.0,4,Mobile Phone,3,Married,2,0,11.0,0.0,1.0,4.0,137.02,0
CUST-51149,0.0,Mobile Phone,1,,Credit Card,Female,3.0,3,Mobile Phone,5,Married,2,1,17.0,0.0,1.0,0.0,123.97999999999999,1
CUST-51150,4.0,Mobile Phone,3,35.0,E wallet,Female,3.0,4,Laptop & Accessory,1,Married,2,0,14.0,2.0,5.0,7.0,154.68,0
CUST-51151,24.0,Mobile Phone,1,9.0,Cash on Delivery,Female,2.0,3,Fashion,3,Married,3,0,11.0,2.0,2.0,,231.16000000000003,0
CUST-51152,10.0,Mobile Phone,3,15.0,E wallet,Male,2.0,4,Laptop & Accessory,4,Married,2,0,14.0,0.0,1.0,3.0,141.89,0
CUST-51153,19.0,Mobile Phone,1,8.0,Credit Card,Male,2.0,3,Others,1,Married,8,1,,1.0,2.0,2.0,293.28,0
CUST-51154,9.0,Mobile Phone,1,16.0,Debit Card,Male,2.0,3,Fashion,5,Married,8,1,13.0,1.0,5.0,7.0,183.21,0
CUST-51155,7.0,Computer,1,,Credit Card,Male,2.0,3,Mobile Phone,4,Married,2,1,12.0,1.0,2.0,3.0,123.41999999999999,1
CUST-51156,10.0,Mobile Phone,2,14.0,UPI,Male,2.0,3,Laptop & Accessory,4,Married,3,0,13.0,4.0,4.0,7.0,140.71,0
CUST-51157,0.0,Mobile Phone,3,33.0,Debit Card,Male,2.0,3,Laptop & Accessory,1,Single,2,1,18.0,0.0,7.0,7.0,158.13,1
CUST-51158,6.0,Mobile Phone,1,14.0,Debit Card,Male,,1,Mobile Phone,5,Married,7,0,19.0,6.0,7.0,6.0,131.43,0
CUST-51159,,Mobile Phone,1,6.0,Debit Card,Male,2.0,3,Mobile Phone,1,Married,2,0,11.0,0.0,1.0,3.0,120.44,0
CUST-51160,12.0,Mobile Phone,1,16.0,Credit Card,Male,3.0,3,Fashion,3,Single,8,0,21.0,2.0,,2.0,234.64,0
CUST-51161,19.0,Computer,3,32.0,Debit Card,Male,3.0,4,Laptop & Accessory,4,Single,9,0,15.0,2.0,2.0,2.0,179.91,0
CUST-51162,13.0,Mobile Phone,1,8.0,Debit Card,Female,2.0,3,Mobile Phone,5,Married,5,0,17.0,1.0,1.0,2.0,133.77,0
CUST-51163,15.0,Mobile Phone,1,19.0,Credit Card,Male,3.0,1,Laptop & Accessory,5,Married,6,0,18.0,1.0,1.0,0.0,155.38,0
CUST-51164,8.0,Computer,1,8.0,Credit Card,Male,2.0,3,Laptop & Accessory,1,Married,3,0,14.0,0.0,1.0,7.0,157.62,0
CUST-51165,11.0,Computer,2,,UPI,Male,3.0,3,Mobile Phone,4,Married,6,0,13.0,3.0,3.0,8.0,125.91999999999999,0
CUST-51166,0.0,Computer,1,15.0,Debit Card,Male,3.0,3,Laptop & Accessory,5,Married,5,0,17.0,0.0,1.0,7.0,153.46,1
CUST-51167,0.0,Mobile Phone,1,16.0,Credit Card,Male,2.0,3,Laptop & Accessory,5,Single,2,0,15.0,0.0,1.0,8.0,142.13,1
CUST-51168,12.0,Computer,3,26.0,Debit Card,Male,2.0,3,Laptop & Accessory,1,Married,3,0,18.0,1.0,2.0,2.0,141.27,0
CUST-51169,16.0,Computer,1,,Debit Card,Male,2.0,3,Mobile Phone,3,Single,5,0,13.0,0.0,1.0,2.0,124.38,0
CUST-51170,14.0,Mobile Phone,1,11.0,Debit Card,Male,2.0,1,Laptop & Accessory,4,Single,4,0,12.0,1.0,1.0,2.0,168.7,0
CUST-51171,14.0,Mobile Phone,3,10.0,E wallet,Female,2.0,3,Fashion,3,Married,1,1,13.0,0.0,13.0,5.0,204.47,0
CUST-51172,3.0,Mobile Phone,1,16.0,Credit Card,Female,3.0,3,Fashion,3,Single,10,0,14.0,0.0,1.0,2.0,196.67,0
CUST-51173,,Mobile Phone,2,26.0,Credit Card,Female,3.0,3,Mobile Phone,4,Married,1,1,11.0,0.0,1.0,4.0,121.47999999999999,1
CUST-51174,9.0,Mobile Phone,1,27.0,Credit Card,Female,3.0,3,Laptop & Accessory,4,Married,5,0,22.0,1.0,3.0,7.0,189.26,1
CUST-51175,13.0,Mobile Phone,1,6.0,Debit Card,Female,2.0,3,Laptop & Accessory,1,Married,5,0,17.0,0.0,1.0,3.0,165.13,0
CUST-51176,7.0,Mobile Phone,3,14.0,Cash on Delivery,Male,3.0,1,Laptop & Accessory,3,Married,2,0,21.0,0.0,4.0,8.0,167.99,0
CUST-51177,30.0,Computer,3,8.0,Credit Card,Male,2.0,3,Grocery,4,Married,5,0,22.0,10.0,14.0,14.0,0.0,0
CUST-51178,8.0,Mobile Phone,1,29.0,Credit Card,Male,,5,Mobile Phone,3,Married,1,0,16.0,1.0,1.0,3.0,127.05000000000001,0
CUST-51179,20.0,Mobile Phone,1,10.0,Debit Card,Female,3.0,4,Fashion,4,Married,9,1,12.0,2.0,14.0,10.0,203.33,0
CUST-51180,13.0,Mobile Phone,1,18.0,Debit Card,Female,2.0,3,Laptop & Accessory,5,Married,3,0,12.0,7.0,7.0,7.0,144.48,0
CUST-51181,27.0,Mobile Phone,1,13.0,Credit Card,Female,3.0,3,Laptop & Accessory,1,Married,5,0,15.0,1.0,1.0,7.0,168.54,0
CUST-51182,4.0,Computer,3,13.0,E wallet,Female,3.0,3,Fashion,5,Married,3,0,14.0,2.0,2.0,2.0,196.37,0
CUST-51183,1.0,Mobile Phone,1,6.0,Credit Card,Female,3.0,3,Mobile Phone,5,Married,2,0,25.0,1.0,1.0,2.0,135.91,0
CUST-51184,11.0,Mobile Phone,3,8.0,E wallet,Female,3.0,5,Laptop & Accessory,1,Married,3,1,20.0,0.0,1.0,3.0,154.05,0
CUST-51185,0.0,Mobile Phone,3,16.0,Credit Card,Male,2.0,3,Laptop & Accessory,1,Single,2,0,13.0,0.0,1.0,2.0,146.84,0
CUST-51186,30.0,Computer,1,21.0,Debit Card,Male,2.0,3,Grocery,3,Married,3,1,14.0,1.0,,2.0,257.87,0
CUST-51187,,Computer,1,20.0,Credit Card,Female,2.0,3,Mobile Phone,3,Single,2,0,16.0,1.0,1.0,0.0,115.13999999999999,0
CUST-51188,0.0,Mobile Phone,2,24.0,UPI,Male,,1,Mobile Phone,5,Married,1,0,17.0,1.0,1.0,0.0,129.56,1
CUST-51189,0.0,Mobile Phone,2,,UPI,Male,2.0,4,Mobile Phone,5,Married,5,1,15.0,1.0,2.0,0.0,123.35,1
CUST-51190,18.0,Computer,3,8.0,Debit Card,Female,3.0,3,Laptop & Accessory,3,Married,5,0,22.0,3.0,5.0,7.0,151.54,0
CUST-51191,9.0,Mobile Phone,1,8.0,UPI,Female,3.0,3,Laptop & Accessory,4,Married,5,1,22.0,0.0,1.0,0.0,169.62,0
CUST-51192,16.0,Computer,3,8.0,Debit Card,Male,3.0,3,Laptop & Accessory,1,Married,2,0,20.0,5.0,7.0,7.0,156.75,0
CUST-51193,0.0,Computer,1,,Debit Card,Female,2.0,3,Mobile Phone,1,Single,1,1,14.0,1.0,1.0,2.0,123.78999999999999,0
CUST-51194,2.0,Computer,1,26.0,Credit Card,Male,2.0,3,Mobile Phone,1,Married,2,0,13.0,1.0,3.0,10.0,138.12,0
CUST-51195,5.0,Computer,3,16.0,E wallet,Male,3.0,3,Laptop & Accessory,1,Single,9,0,13.0,1.0,1.0,0.0,146.48,0
CUST-51196,15.0,Computer,1,16.0,Cash on Delivery,Male,,3,Mobile Phone,3,Married,4,0,22.0,1.0,3.0,3.0,129.36,0
CUST-51197,,Mobile Phone,1,15.0,Debit Card,Female,3.0,3,Mobile Phone,3,Single,5,0,12.0,1.0,2.0,0.0,121.05000000000001,0
CUST-51198,19.0,Mobile Phone,1,8.0,Debit Card,Male,2.0,3,Fashion,1,Married,4,0,14.0,1.0,4.0,7.0,185.78,0
CUST-51199,1.0,Computer,2,6.0,Debit Card,Male,,3,Mobile Phone,1,Married,2,0,15.0,0.0,2.0,2.0,127.06,0
CUST-51200,2.0,Mobile Phone,1,35.0,Debit Card,Male,3.0,5,Laptop & Accessory,3,Married,9,0,17.0,1.0,1.0,6.0,163.84,0
CUST-51201,15.0,Mobile Phone,1,14.0,Debit Card,Male,2.0,3,Mobile Phone,3,Single,5,0,13.0,1.0,1.0,0.0,139.68,0
CUST-51202,0.0,Mobile Phone,3,8.0,E wallet,Male,2.0,4,Laptop & Accessory,4,Single,8,1,12.0,2.0,2.0,2.0,199.07,1
CUST-51203,19.0,Mobile Phone,3,9.0,Cash on Delivery,Female,2.0,1,Grocery,5,Married,3,0,12.0,1.0,,8.0,232.25,0
CUST-51204,0.0,Mobile Phone,3,29.0,Credit Card,Female,2.0,4,Laptop & Accessory,3,Married,2,0,21.0,4.0,5.0,8.0,135.4,0
CUST-51205,2.0,Mobile Phone,2,12.0,Credit Card,Male,,4,Mobile Phone,4,Married,2,0,11.0,1.0,1.0,0.0,128.04,0
CUST-51206,16.0,Mobile Phone,1,12.0,Credit Card,Female,2.0,4,Others,3,Married,8,0,,3.0,6.0,14.0,293.92,0
CUST-51207,21.0,Mobile Phone,1,16.0,Debit Card,Male,3.0,4,Others,4,Married,5,0,,3.0,12.0,9.0,296.65,0
CUST-51208,0.0,Computer,1,,Debit Card,Male,3.0,4,Mobile Phone,1,Single,2,1,24.0,1.0,1.0,0.0,124.38999999999999,1
CUST-51209,9.0,Mobile Phone,3,16.0,Debit Card,Female,3.0,3,Fashion,4,Married,6,0,21.0,0.0,1.0,7.0,173.14,1
CUST-51210,0.0,Computer,1,21.0,Debit Card,Female,3.0,4,Mobile Phone,5,Married,1,0,19.0,7.0,7.0,3.0,147.74,0
CUST-51211,12.0,Mobile Phone,1,25.0,UPI,Male,2.0,3,Laptop & Accessory,1,Married,9,0,14.0,1.0,2.0,2.0,139.02,0
CUST-51212,28.0,Mobile Phone,1,8.0,Cash on Delivery,Male,,4,Mobile Phone,1,Married,9,0,20.0,0.0,1.0,4.0,126.62,0
CUST-51213,1.0,Mobile Phone,3,9.0,Credit Card,Female,,3,Mobile Phone,4,Married,2,0,19.0,1.0,1.0,0.0,128.56,0
CUST-51214,0.0,Mobile Phone,3,15.0,Credit Card,Male,2.0,3,Mobile Phone,1,Single,2,0,13.0,0.0,1.0,0.0,110.81,1
CUST-51215,0.0,Mobile Phone,1,,Debit Card,Male,3.0,3,Mobile Phone,4,Single,2,1,23.0,1.0,1.0,0.0,124.72,1
CUST-51216,9.0,Mobile Phone,3,16.0,Cash on Delivery,Female,3.0,4,Laptop & Accessory,3,Married,2,1,13.0,1.0,1.0,7.0,156.73,0
CUST-51217,4.0,Mobile Phone,1,26.0,Debit Card,Male,2.0,3,Laptop & Accessory,3,Married,2,0,11.0,0.0,1.0,2.0,141.97,0
CUST-51218,7.0,Mobile Phone,3,10.0,Debit Card,Male,3.0,3,Fashion,1,Married,3,1,13.0,0.0,1.0,0.0,197.13,0
CUST-51219,,Mobile Phone,1,13.0,Debit Card,Male,2.0,3,Mobile Phone,5,Single,4,0,14.0,0.0,1.0,2.0,120.62,0
CUST-51220,10.0,Mobile Phone,1,13.0,Credit Card,Male,3.0,3,Laptop & Accessory,5,Married,6,1,22.0,0.0,1.0,4.0,142.84,0
CUST-51221,8.0,Mobile Phone,1,22.0,UPI,Female,2.0,4,Laptop & Accessory,4,Married,1,1,11.0,1.0,1.0,2.0,147.88,0
CUST-51222,18.0,Mobile Phone,1,31.0,Debit Card,Female,3.0,4,Laptop & Accessory,1,Married,1,0,13.0,0.0,3.0,8.0,159.06,0
CUST-51223,9.0,Computer,2,8.0,UPI,Male,3.0,4,Laptop & Accessory,1,Single,2,0,21.0,1.0,1.0,8.0,138.86,0
CUST-51224,13.0,Mobile Phone,1,6.0,Debit Card,Male,3.0,3,Grocery,5,Married,3,0,11.0,,11.0,16.0,268.23,0
CUST-51225,0.0,Mobile Phone,1,6.0,Debit Card,Female,,4,Mobile Phone,3,Married,2,1,13.0,0.0,1.0,0.0,129.33,0
CUST-51226,0.0,Mobile Phone,3,8.0,Credit Card,Female,2.0,1,Laptop & Accessory,3,Single,1,0,14.0,0.0,1.0,7.0,165.0,0
CUST-51227,21.0,Computer,1,28.0,Credit Card,Female,2.0,3,Grocery,1,Married,4,0,11.0,,4.0,7.0,271.74,0
CUST-51228,17.0,Mobile Phone,1,6.0,Debit Card,Male,3.0,1,Laptop & Accessory,5,Married,3,0,15.0,2.0,2.0,2.0,150.33,0
CUST-51229,,Computer,1,22.0,Cash on Delivery,Male,2.0,5,Mobile Phone,5,Married,2,1,23.0,3.0,3.0,0.0,123.07,1
CUST-51230,19.0,Mobile Phone,1,,Debit Card,Male,3.0,3,Mobile Phone,1,Single,2,0,16.0,0.0,1.0,0.0,125.87,1
CUST-51231,9.0,Mobile Phone,3,23.0,E wallet,Male,2.0,4,Laptop & Accessory,4,Married,3,0,16.0,1.0,1.0,3.0,155.07,0
CUST-51232,14.0,Mobile Phone,3,14.0,E wallet,Female,2.0,3,Laptop & Accessory,4,Married,6,0,21.0,1.0,1.0,4.0,143.93,0
CUST-51233,15.0,Mobile Phone,1,12.0,Credit Card,Male,2.0,3,Fashion,5,Married,10,0,13.0,3.0,,7.0,233.48000000000002,0
CUST-51234,4.0,Mobile Phone,3,16.0,Credit Card,Female,2.0,3,Laptop & Accessory,1,Married,3,1,11.0,0.0,1.0,4.0,165.83,0
CUST-51235,7.0,Mobile Phone,3,9.0,Credit Card,Female,3.0,4,Laptop & Accessory,1,Married,4,1,12.0,0.0,1.0,1.0,181.03,0
CUST-51236,4.0,Mobile Phone,1,10.0,Credit Card,Female,3.0,1,Mobile Phone,3,Married,9,0,12.0,2.0,2.0,2.0,139.78,0
CUST-51237,0.0,Computer,1,,UPI,Male,3.0,1,Mobile Phone,1,Married,1,0,18.0,2.0,7.0,7.0,125.44,0
CUST-51238,18.0,Computer,1,6.0,Credit Card,Male,2.0,3,Laptop & Accessory,3,Single,5,0,12.0,1.0,1.0,3.0,153.99,0
CUST-51239,6.0,Mobile Phone,3,16.0,E wallet,Male,2.0,3,Laptop & Accessory,3,Single,2,0,14.0,0.0,1.0,9.0,154.87,0
CUST-51240,1.0,Computer,3,6.0,Debit Card,Male,2.0,4,Laptop & Accessory,1,Married,2,1,12.0,0.0,1.0,7.0,168.34,0
CUST-51241,0.0,Computer,3,30.0,Cash on Delivery,Male,2.0,1,Mobile Phone,5,Single,2,0,17.0,1.0,1.0,0.0,110.91,1
CUST-51242,12.0,Computer,3,27.0,Debit Card,Female,2.0,5,Laptop & Accessory,3,Married,7,0,19.0,0.0,1.0,2.0,157.36,0
CUST-51243,,Mobile Phone,1,8.0,Cash on Delivery,Male,2.0,3,Mobile Phone,4,Married,2,0,11.0,1.0,1.0,2.0,122.25999999999999,0
CUST-51244,7.0,Computer,1,28.0,UPI,Male,2.0,4,Laptop & Accessory,1,Married,2,1,15.0,3.0,6.0,11.0,157.47,0
CUST-51245,0.0,Mobile Phone,3,19.0,E wallet,Female,2.0,3,Laptop & Accessory,3,Single,4,1,11.0,2.0,2.0,2.0,198.54,1
CUST-51246,20.0,Computer,1,20.0,Cash on Delivery,Male,3.0,3,Laptop & Accessory,4,Married,9,0,18.0,0.0,1.0,7.0,154.67,0
CUST-51247,29.0,Mobile Phone,3,17.0,E wallet,Female,2.0,4,Laptop & Accessory,5,Married,5,0,16.0,0.0,1.0,0.0,153.8,0
CUST-51248,12.0,Mobile Phone,1,15.0,Credit Card,Male,2.0,3,Laptop & Accessory,5,Married,2,0,25.0,4.0,7.0,9.0,151.51,0
CUST-51249,,Computer,1,14.0,Credit Card,Female,2.0,4,Laptop & Accessory,4,Married,2,1,16.0,1.0,1.0,7.0,121.33000000000001,0
CUST-51250,30.0,Mobile Phone,3,27.0,Debit Card,Female,3.0,3,Grocery,1,Married,5,1,13.0,,1.0,0.0,278.75,0
CUST-51251,0.0,Computer,1,,Debit Card,Female,2.0,1,Mobile Phone,3,Single,4,1,14.0,0.0,1.0,3.0,124.32,1
CUST-51252,11.0,Mobile Phone,1,15.0,Debit Card,Male,3.0,3,Mobile Phone,1,Married,3,0,19.0,1.0,1.0,3.0,147.71,0
CUST-51253,22.0,Computer,1,8.0,Debit Card,Male,2.0,3,Others,1,Married,4,0,15.0,,4.0,3.0,291.61,0
CUST-51254,15.0,Mobile Phone,3,18.0,E wallet,Male,3.0,3,Laptop & Accessory,1,Married,4,1,12.0,0.0,1.0,0.0,150.87,0
CUST-51255,0.0,Computer,2,28.0,UPI,Female,,4,Mobile Phone,4,Married,2,0,12.0,1.0,1.0,0.0,128.63,1
CUST-51256,8.0,Mobile Phone,3,24.0,Credit Card,Male,3.0,3,Laptop & Accessory,5,Married,1,0,16.0,0.0,1.0,4.0,0.0,0
CUST-51257,,Computer,1,22.0,Credit Card,Male,2.0,3,Mobile Phone,3,Single,2,0,14.0,0.0,1.0,4.0,121.44,0
CUST-51258,4.0,Computer,1,9.0,Credit Card,Male,,3,Mobile Phone,5,Married,2,1,13.0,0.0,2.0,3.0,130.65,0
CUST-51259,9.0,Computer,1,15.0,Debit Card,Male,,1,Mobile Phone,4,Married,2,0,22.0,1.0,1.0,2.0,128.1,0
CUST-51260,7.0,Mobile Phone,3,6.0,E wallet,Male,2.0,3,Fashion,1,Single,2,0,21.0,1.0,2.0,1.0,198.88,0
CUST-51261,7.0,Mobile Phone,3,19.0,Credit Card,Male,2.0,3,Fashion,3,Married,2,0,18.0,1.0,1.0,1.0,186.28,0
CUST-51262,0.0,Mobile Phone,1,6.0,Credit Card,Male,,3,Mobile Phone,5,Single,1,0,13.0,3.0,7.0,6.0,128.67,0
CUST-51263,2.0,Mobile Phone,1,6.0,Debit Card,Male,2.0,3,Laptop & Accessory,5,Married,1,0,12.0,1.0,1.0,2.0,153.73,0
CUST-51264,5.0,Computer,1,21.0,Credit Card,Female,2.0,3,Laptop & Accessory,1,Married,6,0,18.0,0.0,1.0,2.0,166.67,0
CUST-51265,4.0,Computer,1,6.0,Debit Card,Male,2.0,5,Laptop & Accessory,5,Married,2,0,21.0,1.0,8.0,7.0,150.03,0
CUST-51266,0.0,Mobile Phone,1,,Cash on Delivery,Male,2.0,4,Mobile Phone,1,Married,6,0,12.0,0.0,1.0,3.0,123.66999999999999,1
CUST-51267,11.0,Mobile Phone,3,6.0,Debit Card,Male,,4,Mobile Phone,5,Single,5,0,14.0,0.0,1.0,0.0,128.58,0
CUST-51268,8.0,Mobile Phone,3,13.0,Debit Card,Female,2.0,3,Laptop & Accessory,1,Married,2,1,11.0,1.0,1.0,9.0,152.04,0
CUST-51269,0.0,Mobile Phone,3,15.0,E wallet,Male,2.0,3,Laptop & Accessory,1,Single,2,0,14.0,0.0,1.0,7.0,141.05,0
CUST-51270,5.0,Mobile Phone,1,11.0,Debit Card,Male,2.0,4,Laptop & Accessory,1,Single,9,0,24.0,0.0,1.0,0.0,196.79,0
CUST-51271,0.0,Computer,3,32.0,E wallet,Male,3.0,3,Laptop & Accessory,1,Married,2,1,11.0,0.0,1.0,8.0,156.17,1
CUST-51272,16.0,Mobile Phone,3,30.0,Debit Card,Male,3.0,3,Fashion,5,Single,7,1,13.0,2.0,2.0,2.0,204.48,1
CUST-51273,27.0,Mobile Phone,1,15.0,Debit Card,Female,,3,Laptop & Accessory,3,Married,4,0,11.0,0.0,2.0,3.0,128.97,0
CUST-51274,6.0,Computer,1,13.0,Debit Card,Male,2.0,3,Laptop & Accessory,3,Married,2,0,20.0,2.0,2.0,8.0,159.68,0
CUST-51275,16.0,Mobile Phone,1,17.0,Debit Card,Male,1.0,3,Fashion,3,Married,2,0,17.0,1.0,1.0,9.0,175.1,0
CUST-51276,11.0,Computer,2,6.0,UPI,Male,,3,Mobile Phone,4,Married,1,1,11.0,1.0,1.0,2.0,129.91,0
CUST-51277,28.0,Mobile Phone,2,32.0,UPI,Male,3.0,1,Others,4,Married,5,1,,1.0,1.0,4.0,296.36,0
CUST-51278,4.0,Mobile Phone,1,8.0,Credit Card,Female,2.0,5,Mobile Phone,1,Married,2,1,11.0,1.0,1.0,0.0,111.28999999999999,0
CUST-51279,12.0,Mobile Phone,3,21.0,E wallet,Male,3.0,3,Grocery,5,Single,1,0,12.0,4.0,,10.0,233.41000000000003,0
CUST-51280,15.0,Computer,1,29.0,Debit Card,Male,2.0,4,Laptop & Accessory,3,Single,2,0,12.0,2.0,3.0,7.0,143.32,0
CUST-51281,4.0,Computer,1,16.0,Credit Card,Female,2.0,3,Fashion,3,Married,5,0,20.0,3.0,4.0,,210.31,0
CUST-51282,27.0,Mobile Phone,1,16.0,Credit Card,Female,3.0,3,Laptop & Accessory,5,Single,7,1,19.0,0.0,1.0,4.0,144.4,0
CUST-51283,0.0,Mobile Phone,1,6.0,Debit Card,Male,2.0,4,Laptop & Accessory,3,Single,2,0,12.0,1.0,1.0,2.0,146.17,0
CUST-51284,0.0,Mobile Phone,1,,UPI,Male,3.0,3,Mobile Phone,1,Single,2,0,13.0,1.0,1.0,4.0,126.47,0
CUST-51285,13.0,Computer,1,17.0,Cash on Delivery,Female,3.0,3,Laptop & Accessory,3,Married,2,0,11.0,2.0,9.0,4.0,163.23,0
CUST-51286,13.0,Mobile Phone,3,8.0,E wallet,Female,3.0,3,Laptop & Accessory,4,Married,4,0,14.0,1.0,5.0,10.0,156.77,0
CUST-51287,,Mobile Phone,2,8.0,UPI,Female,2.0,3,Mobile Phone,4,Married,5,0,14.0,0.0,1.0,2.0,121.87,0
CUST-51288,3.0,Mobile Phone,1,6.0,Credit Card,Male,3.0,3,Mobile Phone,4,Married,2,0,13.0,0.0,1.0,7.0,137.48,0
CUST-51289,0.0,Mobile Phone,1,8.0,UPI,Male,2.0,3,Mobile Phone,3,Married,7,1,19.0,0.0,1.0,2.0,139.77,0
CUST-51290,20.0,Mobile Phone,1,31.0,Credit Card,Male,2.0,3,Fashion,3,Single,3,0,23.0,1.0,12.0,11.0,186.33,0
CUST-51291,,Computer,1,6.0,Credit Card,Male,2.0,4,Mobile Phone,3,Married,2,0,12.0,0.0,1.0,0.0,120.08000000000001,0
CUST-51292,11.0,Mobile Phone,3,6.0,Debit Card,Male,2.0,3,Laptop & Accessory,4,Married,1,0,15.0,4.0,5.0,8.0,144.4,0
CUST-51293,4.0,Mobile Phone,3,8.0,Debit Card,Male,,3,Mobile Phone,3,Married,1,0,19.0,1.0,1.0,2.0,130.67,0
CUST-51294,11.0,Computer,1,12.0,Debit Card,Male,3.0,4,Laptop & Accessory,3,Married,3,0,11.0,2.0,7.0,7.0,153.21,0
CUST-51295,15.0,Mobile Phone,1,24.0,Debit Card,Male,2.0,3,Laptop & Accessory,5,Married,7,1,17.0,0.0,1.0,2.0,154.1,0
CUST-51296,14.0,Mobile Phone,1,6.0,Debit Card,Male,,3,Mobile Phone,1,Married,4,0,22.0,0.0,1.0,0.0,127.82,0
CUST-51297,20.0,Computer,1,6.0,Credit Card,Female,3.0,3,Fashion,4,Married,1,0,18.0,0.0,5.0,,219.57,0
CUST-51298,8.0,Mobile Phone,1,17.0,Credit Card,Male,2.0,3,Mobile Phone,3,Married,8,1,11.0,0.0,2.0,2.0,126.6,0
CUST-51299,0.0,Mobile Phone,1,6.0,Debit Card,Male,3.0,3,Mobile Phone,3,Single,1,0,12.0,0.0,1.0,2.0,133.75,0
CUST-51300,8.0,Mobile Phone,1,15.0,Credit Card,Male,2.0,3,Laptop & Accessory,3,Single,2,0,19.0,0.0,1.0,8.0,150.98,0
CUST-51301,6.0,Mobile Phone,1,21.0,Credit Card,Female,3.0,3,Laptop & Accessory,1,Married,1,1,13.0,5.0,8.0,1.0,12.0,0
CUST-51302,5.0,Mobile Phone,1,35.0,Debit Card,Female,,4,Mobile Phone,4,Single,2,0,13.0,3.0,4.0,1.0,128.37,0
CUST-51303,13.0,Mobile Phone,1,,Debit Card,Male,2.0,3,Mobile Phone,1,Married,9,0,19.0,0.0,1.0,0.0,124.06,0
CUST-51304,,Mobile Phone,3,6.0,Credit Card,Male,3.0,4,Mobile Phone,4,Married,1,0,14.0,0.0,2.0,2.0,122.69,0
CUST-51305,12.0,Mobile Phone,1,30.0,Debit Card,Male,2.0,3,Laptop & Accessory,1,Single,8,0,13.0,1.0,1.0,7.0,141.08,0
CUST-51306,11.0,Mobile Phone,1,16.0,Credit Card,Female,2.0,5,Fashion,3,Married,4,0,12.0,1.0,,11.0,232.06,0
CUST-51307,5.0,Mobile Phone,3,6.0,E wallet,Female,2.0,3,Fashion,1,Married,2,0,19.0,3.0,5.0,7.0,204.22,0
CUST-51308,10.0,Mobile Phone,1,16.0,Debit Card,Female,2.0,1,Fashion,1,Married,2,1,25.0,0.0,,8.0,237.44,0
CUST-51309,0.0,Mobile Phone,3,14.0,UPI,Female,2.0,3,Laptop & Accessory,3,Married,1,1,22.0,1.0,1.0,4.0,149.07,0
CUST-51310,25.0,Computer,3,126.0,Debit Card,Male,2.0,3,Mobile Phone,1,Married,3,0,15.0,1.0,1.0,0.0,134.82,0
CUST-51311,17.0,Mobile Phone,1,,Credit Card,Male,2.0,3,Mobile Phone,1,Single,7,1,12.0,0.0,1.0,2.0,124.36000000000001,0
CUST-51312,0.0,Mobile Phone,3,,Credit Card,Male,2.0,3,Mobile Phone,5,Single,2,1,11.0,1.0,1.0,2.0,123.80000000000001,0
CUST-51313,12.0,Computer,1,15.0,Debit Card,Male,2.0,3,Others,1,Single,3,0,,0.0,1.0,3.0,294.31,0
CUST-51314,,Computer,3,15.0,E wallet,Male,2.0,3,Mobile Phone,5,Married,2,0,19.0,1.0,1.0,0.0,117.9,1
CUST-51315,9.0,Mobile Phone,3,9.0,Credit Card,Female,3.0,4,Fashion,1,Married,1,0,19.0,3.0,3.0,4.0,176.44,0
CUST-51316,9.0,Computer,1,10.0,Debit Card,Female,3.0,3,Laptop & Accessory,4,Married,8,0,13.0,1.0,1.0,2.0,151.31,0
CUST-51317,29.0,Computer,1,6.0,Debit Card,Male,2.0,3,Laptop & Accessory,3,Married,2,0,21.0,0.0,1.0,9.0,163.06,0
CUST-51318,0.0,Mobile Phone,1,6.0,Credit Card,Male,2.0,3,Mobile Phone,1,Married,10,1,14.0,2.0,2.0,2.0,147.87,1
CUST-51319,15.0,Mobile Phone,1,8.0,Debit Card,Male,2.0,3,Others,3,Married,6,0,11.0,,4.0,14.0,288.8,0
CUST-51320,19.0,Mobile Phone,1,,Cash on Delivery,Male,3.0,3,Mobile Phone,3,Married,9,0,11.0,6.0,9.0,8.0,123.38999999999999,1
CUST-51321,14.0,Mobile Phone,1,34.0,Debit Card,Female,2.0,4,Grocery,4,Married,1,0,23.0,1.0,,10.0,235.7,0
CUST-51322,7.0,Mobile Phone,3,34.0,E wallet,Female,3.0,4,Laptop & Accessory,3,Married,2,0,21.0,1.0,1.0,7.0,167.12,0
CUST-51323,9.0,Computer,3,21.0,E wallet,Male,2.0,5,Laptop & Accessory,1,Married,2,0,24.0,4.0,11.0,11.0,154.06,0
CUST-51324,14.0,Mobile Phone,3,9.0,Debit Card,Male,2.0,4,Laptop & Accessory,4,Married,3,0,11.0,0.0,1.0,4.0,189.38,0
CUST-51325,5.0,Mobile Phone,1,,Cash on Delivery,Male,3.0,3,Mobile Phone,5,Single,2,0,14.0,1.0,1.0,2.0,124.38999999999999,0
CUST-51326,8.0,Mobile Phone,2,32.0,Debit Card,Female,2.0,3,Fashion,1,Single,2,1,16.0,1.0,1.0,7.0,188.37,0
CUST-51327,11.0,Mobile Phone,3,16.0,Debit Card,Female,3.0,3,Laptop & Accessory,1,Married,2,0,11.0,0.0,1.0,9.0,153.43,0
CUST-51328,13.0,Computer,3,6.0,Debit Card,Male,3.0,3,Laptop & Accessory,3,Married,8,0,12.0,1.0,1.0,1.0,167.28,1
CUST-51329,9.0,Mobile Phone,3,17.0,E wallet,Female,3.0,4,Laptop & Accessory,1,Married,5,0,13.0,1.0,1.0,0.0,166.52,0
CUST-51330,18.0,Mobile Phone,3,26.0,Debit Card,Female,2.0,3,Laptop & Accessory,3,Single,9,0,15.0,1.0,1.0,1.0,148.5,0
CUST-51331,13.0,Mobile Phone,1,8.0,Debit Card,Male,,4,Mobile Phone,3,Single,3,0,14.0,0.0,2.0,2.0,128.09,0
CUST-51332,8.0,Computer,1,24.0,Debit Card,Male,3.0,3,Laptop & Accessory,3,Married,2,1,14.0,1.0,1.0,2.0,156.89,0
CUST-51333,,Mobile Phone,1,8.0,Credit Card,Female,3.0,3,Mobile Phone,3,Married,3,0,14.0,1.0,1.0,2.0,120.00999999999999,0
CUST-51334,8.0,Mobile Phone,1,6.0,Debit Card,Female,,5,Mobile Phone,1,Married,2,0,12.0,0.0,1.0,1.0,129.77,0
CUST-51335,2.0,Mobile Phone,1,19.0,UPI,Male,2.0,4,Laptop & Accessory,4,Married,5,1,13.0,1.0,1.0,3.0,140.25,0
CUST-51336,2.0,Mobile Phone,1,34.0,Credit Card,Female,3.0,4,Mobile Phone,5,Single,2,0,14.0,0.0,1.0,4.0,137.85,0
CUST-51337,13.0,Mobile Phone,3,34.0,E wallet,Male,2.0,4,Fashion,5,Married,5,1,13.0,0.0,2.0,0.0,208.54000000000002,1
CUST-51338,12.0,Mobile Phone,3,30.0,E wallet,Female,2.0,4,Grocery,1,Married,1,0,11.0,1.0,9.0,,220.31,0
CUST-51339,4.0,Computer,1,11.0,Credit Card,Male,3.0,3,Laptop & Accessory,5,Single,1,0,19.0,0.0,1.0,7.0,199.36,0
CUST-51340,0.0,Mobile Phone,3,11.0,UPI,Female,,4,Mobile Phone,3,Single,1,0,18.0,0.0,1.0,0.0,129.66,0
CUST-51341,9.0,Computer,1,,Credit Card,Male,2.0,1,Laptop & Accessory,1,Married,5,0,17.0,0.0,1.0,3.0,125.71000000000001,0
CUST-51342,12.0,Mobile Phone,1,12.0,Credit Card,Male,2.0,4,Fashion,5,Married,5,0,15.0,1.0,1.0,7.0,199.91,0
CUST-51343,0.0,Mobile Phone,1,10.0,Debit Card,Male,2.0,1,Laptop & Accessory,4,Married,2,1,20.0,1.0,1.0,3.0,161.42,0
CUST-51344,22.0,Computer,3,8.0,Credit Card,Male,3.0,4,Laptop & Accessory,4,Married,3,0,14.0,1.0,1.0,8.0,153.9,0
CUST-51345,7.0,Mobile Phone,1,14.0,Credit Card,Male,2.0,1,Laptop & Accessory,3,Married,3,0,12.0,0.0,1.0,2.0,144.04,0
CUST-51346,4.0,Mobile Phone,3,6.0,Debit Card,Female,3.0,3,Laptop & Accessory,1,Single,9,1,11.0,0.0,1.0,5.0,159.93,1
CUST-51347,22.0,Computer,1,14.0,Debit Card,Male,3.0,4,Laptop & Accessory,4,Married,2,0,23.0,0.0,1.0,7.0,151.3,0
CUST-51348,,Mobile Phone,1,8.0,UPI,Male,3.0,4,Mobile Phone,3,Single,7,1,15.0,0.0,1.0,0.0,120.9,1
CUST-51349,6.0,Computer,1,9.0,Debit Card,Female,,3,Mobile Phone,3,Married,2,1,11.0,2.0,3.0,0.0,129.09,0
CUST-51350,0.0,Mobile Phone,1,8.0,Credit Card,Male,2.0,3,Mobile Phone,4,Married,10,0,12.0,1.0,2.0,2.0,134.68,0
CUST-51351,5.0,Computer,1,8.0,Debit Card,Male,,3,Mobile Phone,1,Single,1,0,13.0,1.0,3.0,6.0,130.68,0
CUST-51352,30.0,Mobile Phone,1,9.0,Credit Card,Female,,1,Mobile Phone,5,Married,5,1,20.0,0.0,1.0,0.0,126.69999999999999,0
CUST-51353,3.0,Mobile Phone,1,30.0,Debit Card,Male,,3,Mobile Phone,3,Married,2,0,22.0,1.0,1.0,0.0,126.93,0
CUST-51354,11.0,Computer,1,29.0,Debit Card,Male,2.0,4,Fashion,3,Single,1,0,21.0,1.0,1.0,8.0,195.26,0
CUST-51355,9.0,Mobile Phone,1,33.0,Credit Card,Male,3.0,3,Laptop & Accessory,3,Married,7,0,13.0,0.0,7.0,7.0,152.37,0
CUST-51356,8.0,Mobile Phone,1,,Credit Card,Male,2.0,1,Mobile Phone,4,Married,1,0,13.0,1.0,1.0,3.0,124.25999999999999,0
CUST-51357,2.0,Mobile Phone,1,21.0,Debit Card,Female,2.0,4,Laptop & Accessory,3,Single,1,1,12.0,1.0,1.0,8.0,141.93,0
CUST-51358,4.0,Mobile Phone,1,32.0,Debit Card,Male,,3,Mobile Phone,3,Married,2,0,17.0,3.0,4.0,3.0,129.11,0
CUST-51359,7.0,Mobile Phone,1,25.0,Credit Card,Male,3.0,3,Mobile Phone,1,Married,1,0,11.0,0.0,1.0,2.0,126.61000000000001,0
CUST-51360,,Mobile Phone,1,30.0,Debit Card,Male,2.0,4,Mobile Phone,3,Single,6,1,14.0,0.0,1.0,3.0,120.28,1
CUST-51361,2.0,Mobile Phone,1,27.0,Debit Card,Female,2.0,1,Fashion,5,Married,2,0,11.0,6.0,8.0,8.0,199.8,0
CUST-51362,5.0,Mobile Phone,1,11.0,Debit Card,Male,3.0,1,Mobile Phone,4,Married,1,1,12.0,1.0,1.0,5.0,132.98,0
CUST-51363,0.0,Computer,1,22.0,Credit Card,Male,,1,Mobile Phone,1,Married,2,1,13.0,0.0,1.0,0.0,129.35,0
CUST-51364,26.0,Mobile Phone,3,8.0,Debit Card,Female,3.0,4,Grocery,1,Married,3,0,16.0,0.0,,7.0,254.26999999999998,0
CUST-51365,11.0,Mobile Phone,1,8.0,Debit Card,Male,2.0,3,Mobile Phone,1,Single,6,1,11.0,0.0,1.0,2.0,139.44,0
CUST-51366,0.0,Computer,1,17.0,UPI,Female,3.0,1,Laptop & Accessory,3,Married,1,0,18.0,0.0,1.0,3.0,140.11,0
CUST-51367,0.0,Mobile Phone,3,15.0,Debit Card,Male,2.0,4,Mobile Phone,5,Single,8,0,23.0,0.0,1.0,3.0,134.07,1
CUST-51368,7.0,Mobile Phone,1,13.0,Debit Card,Female,2.0,3,Fashion,4,Single,1,0,11.0,0.0,2.0,,219.94,0
CUST-51369,,Mobile Phone,1,21.0,Debit Card,Male,3.0,3,Mobile Phone,1,Single,2,0,14.0,1.0,1.0,0.0,112.32,0
CUST-51370,0.0,Mobile Phone,1,12.0,Credit Card,Male,,3,Mobile Phone,5,Single,3,0,11.0,0.0,1.0,3.0,129.6,1
CUST-51371,26.0,Mobile Phone,1,11.0,UPI,Female,2.0,3,Others,3,Married,5,0,11.0,,4.0,8.0,290.94,0
CUST-51372,0.0,Computer,1,22.0,Debit Card,Female,3.0,5,Mobile Phone,5,Single,2,1,22.0,0.0,6.0,7.0,139.19,1
CUST-51373,15.0,Mobile Phone,3,14.0,E wallet,Male,2.0,3,Laptop & Accessory,4,Married,1,0,11.0,2.0,4.0,2.0,168.25,0
CUST-51374,17.0,Mobile Phone,1,13.0,Credit Card,Female,2.0,4,Fashion,1,Married,4,0,14.0,0.0,5.0,17.0,202.48,0
CUST-51375,19.0,Mobile Phone,3,8.0,E wallet,Female,2.0,3,Others,5,Single,4,0,12.0,,2.0,1.0,289.47,0
CUST-51376,6.0,Mobile Phone,1,,Credit Card,Male,3.0,3,Mobile Phone,1,Single,5,0,11.0,0.0,1.0,0.0,124.96000000000001,0
CUST-51377,17.0,Mobile Phone,1,16.0,UPI,Male,2.0,3,Laptop & Accessory,1,Married,3,1,13.0,0.0,1.0,3.0,164.65,0
CUST-51378,,Mobile Phone,1,15.0,Credit Card,Male,2.0,4,Mobile Phone,3,Single,2,0,13.0,0.0,1.0,8.0,122.06,0
CUST-51379,,Mobile Phone,3,11.0,Cash on Delivery,Male,2.0,3,Laptop & Accessory,1,Married,4,0,14.0,0.0,1.0,0.0,120.86000000000001,1
CUST-51380,,Mobile Phone,1,6.0,Credit Card,Male,3.0,3,Mobile Phone,1,Married,3,1,16.0,0.0,2.0,0.0,122.93,1
CUST-51381,16.0,Mobile Phone,1,,Credit Card,Female,3.0,1,Mobile Phone,3,Married,2,0,12.0,1.0,1.0,4.0,126.44999999999999,0
CUST-51382,13.0,Mobile Phone,3,9.0,E wallet,Male,,4,Mobile Phone,3,Married,2,1,14.0,1.0,1.0,2.0,126.83000000000001,1
CUST-51383,,Mobile Phone,3,8.0,E wallet,Female,3.0,3,Mobile Phone,1,Married,2,0,13.0,2.0,2.0,2.0,120.13999999999999,0
CUST-51384,9.0,Mobile Phone,1,11.0,Debit Card,Female,2.0,4,Mobile Phone,5,Married,10,1,14.0,1.0,1.0,0.0,134.19,0
CUST-51385,6.0,Computer,3,6.0,Debit Card,Female,2.0,1,Laptop & Accessory,5,Married,3,0,19.0,0.0,1.0,3.0,153.76,0
CUST-51386,,Mobile Phone,1,10.0,UPI,Male,3.0,3,Mobile Phone,1,Married,2,0,12.0,1.0,1.0,0.0,119.50999999999999,0
CUST-51387,0.0,Mobile Phone,1,,Debit Card,Female,2.0,3,Mobile Phone,5,Married,2,0,13.0,1.0,1.0,0.0,123.41,0
CUST-51388,,Mobile Phone,1,31.0,Debit Card,Male,2.0,5,Mobile Phone,3,Single,2,0,12.0,0.0,1.0,1.0,122.93,1
CUST-51389,0.0,Computer,3,14.0,Debit Card,Male,2.0,3,Fashion,3,Single,2,0,15.0,1.0,1.0,7.0,187.26,0
CUST-51390,3.0,Computer,1,6.0,Credit Card,Female,2.0,3,Laptop & Accessory,1,Single,2,0,23.0,1.0,3.0,7.0,140.11,0
CUST-51391,4.0,Mobile Phone,1,18.0,Cash on Delivery,Female,2.0,3,Others,3,Married,2,0,,1.0,15.0,8.0,295.45,1
CUST-51392,7.0,Computer,3,29.0,E wallet,Male,3.0,3,Laptop & Accessory,3,Single,1,0,20.0,0.0,8.0,7.0,145.68,0
CUST-51393,10.0,Mobile Phone,1,25.0,Debit Card,Male,,3,Mobile Phone,4,Married,5,0,21.0,0.0,1.0,0.0,130.22,0
CUST-51394,19.0,Computer,3,11.0,E wallet,Male,3.0,3,Laptop & Accessory,1,Single,5,1,21.0,1.0,1.0,8.0,157.72,0
CUST-51395,,Mobile Phone,1,14.0,Debit Card,Male,2.0,1,Mobile Phone,1,Married,2,0,19.0,1.0,1.0,1.0,122.69,0
CUST-51396,11.0,Mobile Phone,1,6.0,Debit Card,Male,3.0,4,Fashion,3,Single,10,1,13.0,0.0,1.0,0.0,153.81,1
CUST-51397,0.0,Mobile Phone,1,11.0,Cash on Delivery,Male,2.0,3,Mobile Phone,3,Single,2,1,13.0,0.0,2.0,2.0,134.41,1
CUST-51398,17.0,Mobile Phone,3,6.0,E wallet,Female,3.0,3,Laptop & Accessory,5,Married,6,1,21.0,1.0,1.0,3.0,154.54,0
CUST-51399,8.0,Computer,1,17.0,Credit Card,Male,3.0,4,Fashion,5,Married,3,1,13.0,1.0,2.0,3.0,198.84,0
CUST-51400,0.0,Mobile Phone,3,29.0,E wallet,Female,2.0,4,Laptop & Accessory,1,Married,8,1,19.0,0.0,1.0,0.0,141.57,0
CUST-51401,6.0,Computer,1,29.0,Debit Card,Female,3.0,3,Fashion,1,Single,2,1,12.0,3.0,,12.0,234.57999999999998,0
CUST-51402,8.0,Computer,3,5.0,Debit Card,Male,3.0,3,Fashion,5,Married,2,0,22.0,0.0,1.0,8.0,190.69,0
CUST-51403,8.0,Mobile Phone,1,29.0,Credit Card,Female,1.0,3,Mobile Phone,5,Married,4,1,15.0,0.0,2.0,2.0,140.14,0
CUST-51404,4.0,Mobile Phone,1,13.0,Debit Card,Male,2.0,3,Laptop & Accessory,1,Married,4,0,22.0,0.0,1.0,7.0,159.15,0
CUST-51405,10.0,Mobile Phone,1,6.0,Debit Card,Male,2.0,4,Laptop & Accessory,3,Married,2,0,18.0,0.0,1.0,7.0,159.93,0
CUST-51406,5.0,Mobile Phone,1,6.0,Credit Card,Male,2.0,3,Laptop & Accessory,1,Married,2,1,22.0,5.0,7.0,8.0,161.62,0
CUST-51407,11.0,Computer,1,,Debit Card,Female,2.0,3,Laptop & Accessory,1,Single,2,0,11.0,6.0,9.0,9.0,124.06,0
CUST-51408,23.0,Mobile Phone,1,13.0,Credit Card,Female,2.0,4,Others,3,Married,6,1,12.0,,13.0,8.0,287.4,0
CUST-51409,30.0,Mobile Phone,3,31.0,Debit Card,Female,4.0,3,Fashion,5,Single,8,0,11.0,6.0,7.0,9.0,176.37,0
CUST-51410,9.0,Mobile Phone,1,14.0,Cash on Delivery,Female,2.0,3,Fashion,3,Married,2,0,13.0,7.0,12.0,8.0,200.96,0
CUST-51411,28.0,Mobile Phone,1,14.0,Credit Card,Female,2.0,3,Grocery,3,Married,3,1,14.0,1.0,,2.0,247.56,0
CUST-51412,9.0,Computer,1,17.0,Debit Card,Male,3.0,4,Laptop & Accessory,4,Single,2,0,13.0,1.0,1.0,3.0,164.99,0
CUST-51413,18.0,Mobile Phone,1,13.0,Debit Card,Male,2.0,3,Fashion,5,Married,3,0,17.0,0.0,1.0,0.0,197.24,0
CUST-51414,,Computer,1,6.0,Credit Card,Male,3.0,3,Mobile Phone,5,Married,5,0,13.0,0.0,1.0,2.0,121.94,0
CUST-51415,0.0,Mobile Phone,1,15.0,Credit Card,Male,3.0,4,Mobile Phone,3,Married,1,1,17.0,1.0,1.0,0.0,133.88,1
CUST-51416,30.0,Computer,3,6.0,Debit Card,Female,2.0,4,Laptop & Accessory,3,Single,8,0,11.0,1.0,1.0,3.0,154.73,0
CUST-51417,2.0,Mobile Phone,1,8.0,Debit Card,Male,,3,Mobile Phone,4,Married,1,0,23.0,1.0,1.0,4.0,127.03,0
CUST-51418,4.0,Mobile Phone,1,,Credit Card,Male,2.0,3,Mobile Phone,4,Single,2,0,17.0,1.0,1.0,0.0,125.00999999999999,0
CUST-51419,5.0,Mobile Phone,1,6.0,Debit Card,Male,3.0,3,Laptop & Accessory,4,Married,2,0,17.0,1.0,1.0,9.0,162.2,0
CUST-51420,9.0,Mobile Phone,1,12.0,Debit Card,Female,,1,Mobile Phone,1,Married,4,0,12.0,0.0,1.0,0.0,130.38,0
CUST-51421,4.0,Mobile Phone,1,14.0,Debit Card,Female,3.0,3,Laptop & Accessory,1,Single,2,0,23.0,1.0,1.0,8.0,144.24,0
CUST-51422,8.0,Mobile Phone,3,6.0,E wallet,Male,2.0,4,Laptop & Accessory,5,Single,1,0,14.0,1.0,2.0,8.0,143.12,0
CUST-51423,18.0,Mobile Phone,1,12.0,UPI,Male,2.0,3,Fashion,5,Married,5,1,14.0,1.0,,0.0,232.45,0
CUST-51424,10.0,Mobile Phone,1,13.0,Credit Card,Male,1.0,3,Fashion,3,Single,5,0,13.0,0.0,,2.0,236.64,0
CUST-51425,19.0,Mobile Phone,2,11.0,Credit Card,Male,3.0,3,Laptop & Accessory,4,Married,2,1,22.0,1.0,1.0,2.0,150.21,0
CUST-51426,3.0,Mobile Phone,1,6.0,Debit Card,Male,2.0,4,Laptop & Accessory,1,Married,2,1,12.0,1.0,3.0,0.0,151.26,0
CUST-51427,8.0,Mobile Phone,1,6.0,Credit Card,Male,,4,Mobile Phone,3,Single,2,0,18.0,1.0,1.0,4.0,128.59,0
CUST-51428,28.0,Mobile Phone,3,6.0,Debit Card,Male,3.0,3,Fashion,1,Married,4,0,14.0,0.0,1.0,0.0,202.39,0
CUST-51429,11.0,Computer,1,12.0,Credit Card,Female,3.0,5,Laptop & Accessory,1,Married,8,1,12.0,0.0,1.0,9.0,153.29,0
CUST-51430,7.0,Mobile Phone,1,6.0,Credit Card,Male,3.0,3,Laptop & Accessory,4,Married,2,0,15.0,1.0,1.0,3.0,143.25,0
CUST-51431,29.0,Mobile Phone,1,13.0,Debit Card,Male,2.0,5,Fashion,1,Single,5,0,11.0,0.0,1.0,2.0,172.6,0
CUST-51432,0.0,Mobile Phone,3,,Cash on Delivery,Male,3.0,3,Mobile Phone,5,Married,4,0,13.0,1.0,1.0,0.0,123.22,0
CUST-51433,,Mobile Phone,1,15.0,Debit Card,Male,3.0,3,Mobile Phone,1,Married,4,0,23.0,1.0,1.0,3.0,120.75,0
CUST-51434,3.0,Mobile Phone,1,8.0,Debit Card,Male,4.0,4,Laptop & Accessory,1,Married,2,0,19.0,3.0,10.0,8.0,141.52,0
CUST-51435,9.0,Mobile Phone,3,15.0,Credit Card,Male,3.0,4,Fashion,1,Single,2,0,16.0,3.0,4.0,7.0,196.19,1
CUST-51436,13.0,Computer,1,6.0,Debit Card,Male,3.0,4,Grocery,4,Married,2,0,22.0,5.0,,11.0,235.02999999999997,0
CUST-51437,24.0,Mobile Phone,3,27.0,E wallet,Male,3.0,3,Laptop & Accessory,1,Single,1,1,22.0,0.0,1.0,0.0,154.41,0
CUST-51438,3.0,Mobile Phone,3,10.0,Credit Card,Female,3.0,4,Laptop & Accessory,4,Married,2,1,12.0,2.0,2.0,7.0,152.09,0
CUST-51439,19.0,Computer,1,6.0,Credit Card,Male,2.0,4,Fashion,5,Married,3,1,13.0,4.0,9.0,5.0,206.73000000000002,0
CUST-51440,5.0,Mobile Phone,3,12.0,Credit Card,Male,2.0,3,Laptop & Accessory,3,Single,2,0,16.0,5.0,5.0,7.0,150.1,0
CUST-51441,27.0,Mobile Phone,1,8.0,Cash on Delivery,Female,2.0,3,Fashion,3,Married,10,0,12.0,0.0,,3.0,235.49,0
CUST-51442,0.0,Mobile Phone,3,9.0,UPI,Female,2.0,3,Laptop & Accessory,3,Married,1,0,21.0,0.0,1.0,2.0,149.99,0
CUST-51443,1.0,Computer,3,10.0,Credit Card,Male,2.0,3,Laptop & Accessory,3,Married,2,0,15.0,0.0,1.0,4.0,142.21,0
CUST-51444,30.0,Mobile Phone,3,16.0,Credit Card,Male,2.0,3,Grocery,3,Single,1,0,13.0,0.0,,8.0,238.72000000000003,0
CUST-51445,,Computer,1,29.0,Credit Card,Male,3.0,3,Laptop & Accessory,4,Married,5,0,12.0,0.0,1.0,2.0,120.41999999999999,0
CUST-51446,,Mobile Phone,2,12.0,UPI,Male,3.0,3,Mobile Phone,5,Married,5,1,22.0,0.0,1.0,2.0,120.72999999999999,1
CUST-51447,5.0,Mobile Phone,1,6.0,Debit Card,Male,,3,Mobile Phone,5,Single,2,0,13.0,0.0,1.0,0.0,129.56,0
CUST-51448,0.0,Computer,1,12.0,Debit Card,Female,,4,Mobile Phone,1,Single,2,1,18.0,0.0,1.0,0.0,129.26,1
CUST-51449,7.0,Mobile Phone,1,12.0,UPI,Female,2.0,3,Laptop & Accessory,3,Single,2,0,14.0,0.0,2.0,10.0,148.09,0
CUST-51450,10.0,Computer,1,8.0,Debit Card,Male,3.0,4,Laptop & Accessory,1,Married,6,0,14.0,1.0,1.0,0.0,151.63,0
CUST-51451,30.0,Computer,2,8.0,UPI,Female,2.0,4,Others,1,Married,10,0,21.0,,2.0,2.0,288.44,0
CUST-51452,23.0,Computer,1,6.0,Debit Card,Female,3.0,3,Others,4,Married,4,1,19.0,,1.0,7.0,281.72,0
CUST-51453,0.0,Mobile Phone,3,11.0,E wallet,Male,2.0,4,Laptop & Accessory,3,Single,2,1,11.0,0.0,1.0,3.0,157.44,1
CUST-51454,0.0,Mobile Phone,1,13.0,Credit Card,Male,,4,Mobile Phone,1,Married,2,0,11.0,0.0,2.0,1.0,128.89,0
CUST-51455,0.0,Mobile Phone,1,21.0,Credit Card,Female,,3,Mobile Phone,1,Single,2,0,15.0,1.0,1.0,0.0,128.71,0
CUST-51456,24.0,Computer,1,6.0,Credit Card,Female,1.0,4,Fashion,5,Single,4,0,20.0,4.0,12.0,8.0,174.84,0
CUST-51457,0.0,Computer,1,13.0,Debit Card,Male,3.0,5,Laptop & Accessory,3,Single,2,1,24.0,1.0,1.0,6.0,160.74,1
CUST-51458,27.0,Computer,2,32.0,UPI,Female,1.0,1,Grocery,1,Single,3,1,12.0,,4.0,4.0,273.28,0
CUST-51459,0.0,Mobile Phone,1,24.0,Debit Card,Male,,3,Mobile Phone,3,Married,1,0,12.0,0.0,1.0,2.0,127.74000000000001,0
CUST-51460,7.0,Mobile Phone,1,12.0,Debit Card,Female,2.0,4,Laptop & Accessory,4,Married,7,0,15.0,1.0,1.0,0.0,145.05,0
CUST-51461,10.0,Mobile Phone,3,9.0,Debit Card,Male,2.0,3,Fashion,1,Single,3,0,12.0,0.0,1.0,3.0,174.28,0
CUST-51462,7.0,Mobile Phone,1,11.0,Credit Card,Female,2.0,4,Fashion,5,Single,3,0,12.0,2.0,5.0,,216.31,0
CUST-51463,9.0,Computer,3,17.0,Cash on Delivery,Female,3.0,3,Fashion,1,Married,1,0,14.0,0.0,2.0,8.0,197.38,0
CUST-51464,9.0,Mobile Phone,1,9.0,Debit Card,Female,,3,Mobile Phone,1,Married,6,0,22.0,0.0,1.0,0.0,128.35,0
CUST-51465,16.0,Computer,3,32.0,Debit Card,Male,3.0,3,Grocery,1,Married,2,1,12.0,,4.0,12.0,269.59,0
CUST-51466,3.0,Computer,1,,Debit Card,Male,3.0,5,Mobile Phone,3,Married,2,0,25.0,0.0,1.0,9.0,126.13,0
CUST-51467,6.0,Computer,3,28.0,E wallet,Male,3.0,3,Laptop & Accessory,4,Married,1,0,13.0,0.0,1.0,7.0,161.46,0
CUST-51468,19.0,Mobile Phone,1,20.0,Debit Card,Female,3.0,3,Mobile Phone,4,Married,10,1,18.0,3.0,4.0,3.0,149.63,1
CUST-51469,24.0,Mobile Phone,1,12.0,Debit Card,Male,2.0,3,Others,3,Single,8,0,,8.0,15.0,15.0,295.37,0
CUST-51470,0.0,Mobile Phone,3,12.0,Debit Card,Male,3.0,5,Laptop & Accessory,3,Married,5,1,18.0,0.0,7.0,7.0,161.72,1
CUST-51471,0.0,Mobile Phone,1,,UPI,Female,2.0,4,Mobile Phone,4,Married,2,0,19.0,2.0,4.0,3.0,123.68,0
CUST-51472,20.0,Mobile Phone,1,29.0,Credit Card,Female,3.0,3,Fashion,1,Married,2,0,12.0,7.0,15.0,6.0,203.12,1
CUST-51473,,Mobile Phone,3,28.0,E wallet,Male,2.0,3,Mobile Phone,3,Single,2,1,19.0,1.0,1.0,0.0,116.75,1
CUST-51474,0.0,Mobile Phone,1,,Cash on Delivery,Male,3.0,3,Mobile Phone,1,Married,1,0,14.0,2.0,2.0,1.0,125.22999999999999,0
CUST-51475,22.0,Mobile Phone,1,26.0,Credit Card,Female,3.0,3,Laptop & Accessory,5,Married,2,0,14.0,5.0,5.0,11.0,165.67,0
CUST-51476,16.0,Computer,1,34.0,Credit Card,Female,3.0,1,Mobile Phone,3,Single,5,0,12.0,0.0,1.0,2.0,147.39,0
CUST-51477,23.0,Computer,3,18.0,E wallet,Female,3.0,3,Fashion,1,Single,5,0,11.0,1.0,2.0,1.0,192.08,0
CUST-51478,0.0,Mobile Phone,3,26.0,Debit Card,Female,3.0,5,Laptop & Accessory,3,Married,4,1,11.0,0.0,2.0,2.0,145.59,1
CUST-51479,14.0,Mobile Phone,3,15.0,Debit Card,Male,3.0,3,Fashion,3,Married,4,1,13.0,0.0,1.0,7.0,181.89,0
CUST-51480,0.0,Mobile Phone,2,31.0,Debit Card,Female,,3,Mobile Phone,3,Married,2,0,23.0,2.0,5.0,7.0,129.42,0
CUST-51481,9.0,Mobile Phone,1,12.0,Credit Card,Male,2.0,3,Laptop & Accessory,4,Married,7,0,20.0,0.0,1.0,1.0,149.41,0
CUST-51482,14.0,Computer,1,14.0,Debit Card,Male,2.0,5,Fashion,1,Single,3,0,15.0,1.0,1.0,3.0,206.5,1
CUST-51483,12.0,Mobile Phone,3,10.0,Debit Card,Female,2.0,4,Laptop & Accessory,3,Married,5,0,14.0,5.0,5.0,9.0,159.02,0
CUST-51484,0.0,Mobile Phone,3,34.0,Debit Card,Male,2.0,4,Laptop & Accessory,3,Married,3,0,18.0,1.0,2.0,2.0,186.39,0
CUST-51485,3.0,Mobile Phone,2,15.0,UPI,Male,2.0,3,Laptop & Accessory,1,Married,1,1,19.0,4.0,4.0,7.0,163.47,0
CUST-51486,0.0,Mobile Phone,1,15.0,Credit Card,Female,2.0,3,Mobile Phone,5,Single,8,0,22.0,1.0,1.0,4.0,142.0,1
CUST-51487,18.0,Mobile Phone,1,35.0,Credit Card,Male,2.0,3,Mobile Phone,1,Single,6,0,13.0,1.0,1.0,3.0,134.52,0
CUST-51488,11.0,Mobile Phone,1,9.0,Cash on Delivery,Female,2.0,3,Laptop & Accessory,3,Single,4,1,20.0,2.0,2.0,2.0,143.17,0
CUST-51489,3.0,Mobile Phone,1,,Debit Card,Female,3.0,3,Mobile Phone,3,Single,2,0,14.0,1.0,1.0,4.0,126.32,0
CUST-51490,5.0,Computer,3,15.0,Credit Card,Male,2.0,5,Laptop & Accessory,1,Married,1,0,17.0,0.0,1.0,7.0,146.68,0
CUST-51491,3.0,Mobile Phone,1,11.0,Cash on Delivery,Female,2.0,3,Mobile Phone,5,Married,6,0,14.0,0.0,2.0,30.0,132.04,0
CUST-51492,3.0,Mobile Phone,1,8.0,Credit Card,Male,,4,Mobile Phone,1,Single,1,0,13.0,0.0,1.0,2.0,127.19999999999999,0
CUST-51493,14.0,Computer,1,16.0,Debit Card,Male,3.0,4,Grocery,5,Married,5,0,13.0,,7.0,7.0,271.81,0
CUST-51494,,Mobile Phone,1,15.0,Debit Card,Male,3.0,3,Mobile Phone,5,Married,3,0,21.0,0.0,1.0,4.0,122.38,0
CUST-51495,,Mobile Phone,1,9.0,Credit Card,Female,3.0,3,Mobile Phone,4,Single,2,0,14.0,1.0,1.0,0.0,114.83000000000001,0
CUST-51496,13.0,Computer,1,32.0,Credit Card,Female,2.0,3,Laptop & Accessory,4,Married,2,0,11.0,0.0,2.0,13.0,156.05,0
CUST-51497,8.0,Mobile Phone,3,6.0,E wallet,Male,3.0,3,Fashion,4,Married,2,0,13.0,0.0,1.0,6.0,172.95,0
CUST-51498,,Mobile Phone,3,12.0,E wallet,Male,2.0,3,Laptop & Accessory,3,Married,3,1,20.0,0.0,4.0,5.0,123.06,0
CUST-51499,18.0,Mobile Phone,1,,Debit Card,Male,2.0,3,Laptop & Accessory,4,Married,9,0,18.0,1.0,1.0,15.0,123.47999999999999,0
CUST-51500,5.0,Computer,3,14.0,E wallet,Female,2.0,3,Fashion,1,Single,2,0,14.0,2.0,3.0,7.0,189.98,0
CUST-51501,2.0,Computer,1,6.0,Cash on Delivery,Male,2.0,3,Laptop & Accessory,3,Married,2,0,13.0,0.0,1.0,9.0,143.19,0
CUST-51502,24.0,Mobile Phone,1,13.0,Credit Card,Male,2.0,4,Laptop & Accessory,3,Married,3,0,17.0,1.0,1.0,0.0,161.32,0
CUST-51503,30.0,Mobile Phone,1,15.0,Credit Card,Female,3.0,4,Mobile Phone,4,Married,5,1,20.0,1.0,1.0,0.0,133.46,0
CUST-51504,13.0,Mobile Phone,3,10.0,E wallet,Male,3.0,4,Fashion,1,Married,8,0,11.0,1.0,2.0,11.0,208.55,0
CUST-51505,,Computer,3,8.0,E wallet,Female,3.0,3,Mobile Phone,3,Married,7,0,18.0,0.0,1.0,2.0,122.31,0
CUST-51506,0.0,Mobile Phone,1,,Credit Card,Male,3.0,3,Mobile Phone,1,Married,2,0,24.0,2.0,2.0,2.0,123.22999999999999,0
CUST-51507,,Computer,1,15.0,Credit Card,Male,2.0,3,Mobile Phone,4,Married,7,0,18.0,2.0,2.0,2.0,120.24000000000001,0
CUST-51508,1.0,Mobile Phone,1,27.0,Credit Card,Male,,3,Mobile Phone,1,Married,2,0,11.0,0.0,1.0,2.0,127.13,0
CUST-51509,30.0,Mobile Phone,1,30.0,Debit Card,Male,2.0,1,Fashion,1,Married,4,1,16.0,1.0,1.0,4.0,194.39,0
CUST-51510,0.0,Computer,1,,Credit Card,Male,3.0,4,Mobile Phone,3,Married,2,1,15.0,0.0,1.0,1.0,125.66,0
CUST-51511,23.0,Mobile Phone,1,17.0,Debit Card,Female,2.0,3,Others,4,Single,4,0,,0.0,4.0,4.0,299.26,0
CUST-51512,14.0,Mobile Phone,1,,Debit Card,Male,2.0,3,Mobile Phone,3,Married,5,0,12.0,1.0,1.0,8.0,124.50999999999999,0
CUST-51513,3.0,Mobile Phone,3,11.0,Debit Card,Female,2.0,3,Fashion,1,Married,3,0,12.0,1.0,7.0,4.0,194.19,0
CUST-51514,11.0,Mobile Phone,3,6.0,Debit Card,Female,2.0,4,Laptop & Accessory,1,Single,5,0,22.0,0.0,1.0,7.0,186.86,0
CUST-51515,5.0,Mobile Phone,1,12.0,Debit Card,Male,,3,Mobile Phone,3,Single,4,0,20.0,0.0,1.0,4.0,130.38,0
CUST-51516,0.0,Mobile Phone,1,23.0,Cash on Delivery,Male,,3,Mobile Phone,4,Married,1,1,16.0,0.0,1.0,1.0,130.58,0
CUST-51517,0.0,Computer,3,,Cash on Delivery,Female,3.0,5,Mobile Phone,5,Single,1,0,21.0,1.0,1.0,0.0,123.25,1
CUST-51518,,Computer,1,9.0,Credit Card,Male,1.0,3,Mobile Phone,4,Single,5,0,12.0,2.0,7.0,2.0,120.88,0
CUST-51519,3.0,Computer,1,15.0,Credit Card,Male,,3,Laptop & Accessory,5,Married,2,0,11.0,5.0,6.0,10.0,130.72,0
CUST-51520,18.0,Mobile Phone,3,10.0,Debit Card,Female,1.0,3,Laptop & Accessory,5,Married,5,1,11.0,0.0,1.0,3.0,150.06,0
CUST-51521,29.0,Mobile Phone,1,14.0,Debit Card,Female,3.0,3,Mobile Phone,5,Married,5,1,18.0,2.0,2.0,2.0,142.57,0
CUST-51522,6.0,Mobile Phone,1,,Debit Card,Male,2.0,3,Mobile Phone,1,Single,1,0,14.0,1.0,1.0,2.0,125.0,0
CUST-51523,0.0,Mobile Phone,1,8.0,Debit Card,Male,2.0,4,Mobile Phone,1,Single,2,0,22.0,1.0,1.0,0.0,111.02000000000001,1
CUST-51524,19.0,Mobile Phone,3,6.0,E wallet,Female,3.0,3,Fashion,5,Married,2,0,25.0,8.0,15.0,7.0,204.53,0
CUST-51525,,Mobile Phone,1,15.0,Debit Card,Female,3.0,3,Mobile Phone,1,Single,2,0,12.0,1.0,2.0,1.0,122.88,0
CUST-51526,4.0,Mobile Phone,1,18.0,Credit Card,Female,3.0,3,Mobile Phone,1,Married,9,1,23.0,1.0,1.0,2.0,139.29,0
CUST-51527,,Mobile Phone,1,33.0,Credit Card,Female,3.0,3,Mobile Phone,4,Single,3,0,15.0,0.0,1.0,2.0,123.11000000000001,0
CUST-51528,4.0,Mobile Phone,3,26.0,E wallet,Female,,3,Mobile Phone,4,Single,2,1,22.0,0.0,1.0,2.0,131.4,1
CUST-51529,23.0,Mobile Phone,1,6.0,Credit Card,Male,2.0,4,Mobile Phone,3,Married,3,0,15.0,1.0,1.0,2.0,136.9,0
CUST-51530,26.0,Mobile Phone,1,19.0,Credit Card,Female,2.0,1,Laptop & Accessory,5,Married,2,0,11.0,1.0,1.0,3.0,144.5,0
CUST-51531,6.0,Mobile Phone,1,20.0,Credit Card,Female,,3,Mobile Phone,4,Married,2,0,13.0,1.0,1.0,6.0,127.56,0
CUST-51532,13.0,Mobile Phone,1,10.0,Credit Card,Female,2.0,3,Others,3,Married,2,0,14.0,,9.0,9.0,290.33,0
CUST-51533,28.0,Mobile Phone,1,20.0,Credit Card,Male,3.0,1,Others,4,Single,9,0,11.0,,2.0,15.0,287.22,0
CUST-51534,7.0,Computer,1,8.0,Debit Card,Male,2.0,4,Laptop & Accessory,3,Married,2,0,17.0,0.0,1.0,9.0,195.47,0
CUST-51535,24.0,Mobile Phone,1,9.0,Credit Card,Female,3.0,3,Grocery,4,Single,4,0,18.0,1.0,,0.0,237.33999999999997,0
CUST-51536,25.0,Mobile Phone,1,6.0,Debit Card,Male,3.0,4,Others,3,Married,1,0,,7.0,11.0,9.0,299.99,0
CUST-51537,,Mobile Phone,1,15.0,Credit Card,Female,4.0,3,Mobile Phone,4,Single,2,0,16.0,0.0,1.0,3.0,122.78999999999999,0
CUST-51538,0.0,Mobile Phone,1,29.0,Debit Card,Male,2.0,4,Laptop & Accessory,3,Married,4,1,13.0,1.0,1.0,1.0,159.16,1
CUST-51539,,Computer,1,13.0,Credit Card,Male,2.0,1,Mobile Phone,1,Married,5,0,14.0,1.0,2.0,2.0,120.88999999999999,0
CUST-51540,18.0,Computer,1,8.0,Credit Card,Male,3.0,4,Grocery,1,Married,10,0,23.0,,11.0,8.0,267.92,0
CUST-51541,10.0,Mobile Phone,1,27.0,Debit Card,Male,3.0,1,Mobile Phone,5,Married,2,1,12.0,1.0,1.0,7.0,135.64,0
CUST-51542,8.0,Computer,1,8.0,Credit Card,Female,2.0,3,Laptop & Accessory,4,Single,6,0,11.0,0.0,1.0,2.0,144.25,0
CUST-51543,15.0,Computer,1,27.0,Credit Card,Female,2.0,3,Laptop & Accessory,3,Married,3,0,16.0,0.0,1.0,2.0,152.65,0
CUST-51544,11.0,Mobile Phone,1,8.0,Debit Card,Male,2.0,3,Laptop & Accessory,3,Married,10,0,14.0,1.0,1.0,0.0,165.53,0
CUST-51545,11.0,Mobile Phone,1,35.0,Cash on Delivery,Male,2.0,3,Laptop & Accessory,1,Married,4,0,18.0,0.0,1.0,7.0,162.61,0
CUST-51546,0.0,Computer,1,6.0,Cash on Delivery,Male,2.0,4,Laptop & Accessory,5,Married,6,0,19.0,2.0,2.0,0.0,142.98,0
CUST-51547,22.0,Computer,1,24.0,Debit Card,Male,3.0,3,Laptop & Accessory,1,Married,2,1,15.0,0.0,1.0,7.0,168.04,0
CUST-51548,7.0,Computer,1,16.0,Credit Card,Male,2.0,3,Mobile Phone,3,Married,2,1,17.0,2.0,2.0,0.0,138.15,0
CUST-51549,13.0,Mobile Phone,1,25.0,Credit Card,Male,,3,Laptop & Accessory,1,Married,9,1,15.0,3.0,3.0,7.0,127.41,0
CUST-51550,1.0,Mobile Phone,1,35.0,Credit Card,Male,3.0,3,Laptop & Accessory,5,Married,8,1,19.0,1.0,1.0,0.0,166.73,1
CUST-51551,0.0,Mobile Phone,3,33.0,E wallet,Female,2.0,3,Fashion,1,Married,2,0,22.0,0.0,1.0,9.0,176.39,1
CUST-51552,0.0,Mobile Phone,1,,Debit Card,Male,2.0,1,Mobile Phone,4,Married,2,1,16.0,2.0,2.0,2.0,123.28,0
CUST-51553,,Computer,1,24.0,Credit Card,Female,3.0,3,Mobile Phone,1,Single,2,0,13.0,0.0,1.0,7.0,121.53,0
CUST-51554,13.0,Computer,1,15.0,Debit Card,Male,3.0,4,Laptop & Accessory,1,Married,10,0,14.0,0.0,1.0,2.0,148.76,0
CUST-51555,19.0,Mobile Phone,1,6.0,Credit Card,Male,3.0,3,Fashion,5,Married,8,0,16.0,0.0,1.0,3.0,193.96,0
CUST-51556,0.0,Mobile Phone,3,10.0,Credit Card,Male,2.0,5,Fashion,1,Married,2,0,11.0,6.0,9.0,8.0,204.0,1
CUST-51557,3.0,Computer,1,6.0,Debit Card,Male,2.0,4,Fashion,3,Single,2,0,22.0,4.0,5.0,8.0,184.74,0
CUST-51558,0.0,Computer,3,26.0,Debit Card,Female,2.0,3,Laptop & Accessory,3,Single,2,0,14.0,1.0,1.0,7.0,199.81,0
CUST-51559,24.0,Mobile Phone,1,14.0,Debit Card,Male,2.0,4,Fashion,4,Married,6,0,16.0,2.0,4.0,,224.89999999999998,0
CUST-51560,0.0,Mobile Phone,1,,Cash on Delivery,Female,2.0,3,Mobile Phone,5,Single,6,1,11.0,0.0,1.0,4.0,126.57,1
CUST-51561,14.0,Mobile Phone,3,12.0,Debit Card,Female,3.0,3,Fashion,1,Single,4,1,18.0,0.0,,0.0,235.91000000000003,0
CUST-51562,0.0,Computer,3,32.0,E wallet,Female,2.0,4,Laptop & Accessory,5,Single,6,0,15.0,1.0,1.0,1.0,166.96,1
CUST-51563,,Mobile Phone,1,6.0,Cash on Delivery,Male,2.0,3,Mobile Phone,3,Single,1,0,14.0,0.0,1.0,5.0,120.58000000000001,1
CUST-51564,18.0,Computer,3,12.0,Credit Card,Female,2.0,4,Fashion,1,Single,7,0,12.0,5.0,12.0,8.0,188.65,0
CUST-51565,27.0,Mobile Phone,3,9.0,E wallet,Female,2.0,3,Laptop & Accessory,5,Married,3,0,14.0,1.0,1.0,5.0,159.4,0
CUST-51566,9.0,Mobile Phone,1,11.0,Debit Card,Male,3.0,3,Laptop & Accessory,4,Single,9,0,16.0,2.0,3.0,7.0,159.14,0
CUST-51567,6.0,Mobile Phone,1,,Credit Card,Female,2.0,4,Mobile Phone,4,Married,7,0,21.0,0.0,1.0,1.0,126.22,0
CUST-51568,10.0,Computer,1,17.0,UPI,Male,2.0,3,Fashion,1,Married,2,1,14.0,1.0,1.0,,221.85000000000002,0
CUST-51569,11.0,Mobile Phone,3,9.0,Debit Card,Male,3.0,3,Fashion,3,Married,1,0,12.0,1.0,5.0,13.0,206.08999999999997,0
CUST-51570,4.0,Computer,1,6.0,Credit Card,Male,2.0,5,Laptop & Accessory,3,Married,1,0,12.0,0.0,1.0,4.0,143.45,0
CUST-51571,,Mobile Phone,1,9.0,Debit Card,Male,3.0,4,Mobile Phone,1,Married,4,0,17.0,0.0,1.0,0.0,121.77000000000001,0
CUST-51572,10.0,Computer,3,10.0,E wallet,Male,,3,Mobile Phone,1,Married,5,0,17.0,3.0,5.0,8.0,127.93,0
CUST-51573,2.0,Computer,3,6.0,Credit Card,Female,2.0,3,Fashion,1,Married,2,0,14.0,4.0,4.0,1.0,179.18,0
CUST-51574,8.0,Computer,3,6.0,E wallet,Female,3.0,3,Fashion,3,Single,2,0,14.0,1.0,1.0,8.0,187.89,0
CUST-51575,0.0,Mobile Phone,1,,Credit Card,Male,2.0,4,Mobile Phone,1,Single,2,1,13.0,0.0,1.0,1.0,123.88999999999999,1
CUST-51576,25.0,Mobile Phone,1,8.0,Debit Card,Female,2.0,4,Mobile Phone,1,Single,8,0,15.0,2.0,2.0,2.0,132.12,0
CUST-51577,15.0,Mobile Phone,1,10.0,Cash on Delivery,Male,2.0,3,Others,1,Married,2,0,,0.0,11.0,15.0,292.32,0
CUST-51578,,Mobile Phone,2,12.0,Credit Card,Male,2.0,3,Mobile Phone,3,Married,9,0,17.0,0.0,2.0,2.0,122.66999999999999,0
CUST-51579,23.0,Mobile Phone,3,6.0,Credit Card,Female,3.0,3,Others,1,Married,4,0,,1.0,1.0,6.0,295.17,0
CUST-51580,0.0,Mobile Phone,1,,Credit Card,Male,2.0,3,Mobile Phone,1,Married,6,1,13.0,1.0,1.0,4.0,124.36000000000001,1
CUST-51581,16.0,Mobile Phone,3,22.0,E wallet,Female,3.0,3,Grocery,1,Married,6,1,22.0,0.0,,9.0,260.64,0
CUST-51582,0.0,Mobile Phone,1,8.0,Debit Card,Female,,3,Mobile Phone,5,Married,8,0,20.0,1.0,1.0,7.0,127.07,1
CUST-51583,25.0,Computer,3,8.0,Debit Card,Male,3.0,4,Others,3,Single,2,1,18.0,,15.0,12.0,290.68,0
CUST-51584,5.0,Mobile Phone,3,10.0,Debit Card,Female,2.0,3,Mobile Phone,4,Married,3,0,11.0,1.0,1.0,2.0,139.31,0
CUST-51585,0.0,Mobile Phone,1,6.0,Debit Card,Male,3.0,4,Mobile Phone,3,Single,1,1,14.0,0.0,1.0,2.0,137.3,1
CUST-51586,,Mobile Phone,1,6.0,Credit Card,Female,3.0,3,Mobile Phone,3,Married,8,0,14.0,1.0,1.0,2.0,122.32,0
CUST-51587,5.0,Computer,3,32.0,E wallet,Male,3.0,3,Laptop & Accessory,1,Married,1,0,18.0,2.0,2.0,2.0,144.65,0
CUST-51588,14.0,Mobile Phone,1,25.0,Debit Card,Male,,3,Laptop & Accessory,5,Married,3,0,16.0,0.0,1.0,0.0,130.72,0
CUST-51589,13.0,Mobile Phone,1,30.0,Cash on Delivery,Male,3.0,3,Laptop & Accessory,1,Married,2,0,17.0,2.0,4.0,7.0,133.19,0
CUST-51590,18.0,Mobile Phone,1,6.0,UPI,Male,3.0,1,Others,1,Married,1,0,,1.0,1.0,7.0,292.02,0
CUST-51591,4.0,Computer,1,9.0,Credit Card,Male,3.0,3,Fashion,3,Married,10,0,12.0,2.0,,2.0,236.75,0
CUST-51592,6.0,Mobile Phone,1,11.0,Debit Card,Female,,4,Mobile Phone,1,Married,2,0,13.0,0.0,1.0,2.0,129.11,0
CUST-51593,7.0,Mobile Phone,1,8.0,Debit Card,Male,2.0,4,Laptop & Accessory,5,Married,7,0,13.0,0.0,5.0,9.0,159.57,0
CUST-51594,10.0,Mobile Phone,1,6.0,Credit Card,Female,2.0,4,Mobile Phone,5,Married,3,0,14.0,0.0,1.0,2.0,139.2,0
CUST-51595,18.0,Computer,1,13.0,Debit Card,Male,3.0,1,Laptop & Accessory,3,Married,5,0,17.0,1.0,1.0,2.0,164.34,0
CUST-51596,0.0,Computer,1,16.0,Credit Card,Male,3.0,3,Fashion,3,Married,7,0,11.0,0.0,1.0,0.0,200.48,1
CUST-51597,12.0,Computer,1,8.0,Cash on Delivery,Female,3.0,3,Fashion,3,Single,1,0,25.0,6.0,11.0,,209.38,0
CUST-51598,2.0,Mobile Phone,1,,Debit Card,Male,2.0,3,Mobile Phone,1,Single,2,0,19.0,1.0,1.0,5.0,123.4,0
CUST-51599,15.0,Mobile Phone,1,23.0,Debit Card,Female,2.0,1,Laptop & Accessory,5,Single,4,1,13.0,1.0,1.0,2.0,165.45,0
CUST-51600,2.0,Mobile Phone,3,26.0,E wallet,Male,2.0,3,Laptop & Accessory,1,Married,3,0,14.0,1.0,1.0,2.0,169.31,0
CUST-51601,0.0,Mobile Phone,1,6.0,Debit Card,Female,3.0,3,Laptop & Accessory,3,Married,1,0,12.0,1.0,1.0,2.0,148.98,0
CUST-51602,15.0,Mobile Phone,1,,Credit Card,Female,2.0,4,Mobile Phone,5,Married,1,1,11.0,7.0,7.0,8.0,125.93,0
CUST-51603,13.0,Mobile Phone,1,8.0,Credit Card,Male,2.0,3,Others,3,Married,1,0,,3.0,3.0,9.0,294.36,0
CUST-51604,24.0,Mobile Phone,1,6.0,Debit Card,Male,,3,Mobile Phone,1,Married,2,0,11.0,1.0,1.0,0.0,127.22999999999999,0
CUST-51605,0.0,Computer,1,35.0,Credit Card,Male,3.0,4,Mobile Phone,4,Single,1,0,11.0,0.0,1.0,4.0,134.79,1
CUST-51606,5.0,Computer,1,13.0,Debit Card,Male,,1,Mobile Phone,4,Married,2,0,20.0,0.0,1.0,3.0,127.94,0
CUST-51607,11.0,Computer,3,8.0,Debit Card,Male,2.0,4,Laptop & Accessory,1,Married,4,0,18.0,1.0,7.0,5.0,152.49,0
CUST-51608,,Mobile Phone,1,8.0,Cash on Delivery,Male,2.0,4,Laptop & Accessory,5,Single,5,0,13.0,0.0,1.0,4.0,121.75999999999999,0
CUST-51609,19.0,Mobile Phone,3,8.0,Cash on Delivery,Female,3.0,5,Grocery,4,Married,4,1,12.0,,7.0,7.0,268.72,0
CUST-51610,0.0,Mobile Phone,1,8.0,Debit Card,Male,3.0,3,Mobile Phone,3,Single,3,0,11.0,0.0,1.0,0.0,134.85,1
CUST-51611,2.0,Mobile Phone,3,8.0,Credit Card,Male,3.0,4,Laptop & Accessory,4,Married,3,0,19.0,1.0,1.0,0.0,166.44,0
CUST-51612,4.0,Mobile Phone,1,29.0,Credit Card,Male,3.0,4,Laptop & Accessory,1,Married,1,0,21.0,0.0,7.0,8.0,155.82,0
CUST-51613,0.0,Computer,1,11.0,Debit Card,Male,2.0,1,Laptop & Accessory,5,Married,2,0,12.0,1.0,1.0,5.0,140.0,0
CUST-51614,18.0,Mobile Phone,1,26.0,Credit Card,Male,3.0,3,Grocery,1,Married,1,1,14.0,2.0,,10.0,234.95999999999998,0
CUST-51615,9.0,Mobile Phone,1,12.0,Debit Card,Male,2.0,3,Mobile Phone,1,Married,1,0,11.0,1.0,10.0,11.0,132.1,0
CUST-51616,28.0,Mobile Phone,1,6.0,Credit Card,Male,2.0,3,Others,5,Single,1,1,14.0,,4.0,13.0,290.45,0
CUST-51617,10.0,Computer,1,35.0,Debit Card,Male,2.0,3,Fashion,4,Married,2,1,12.0,4.0,9.0,,218.49,1
CUST-51618,,Mobile Phone,1,15.0,Credit Card,Male,3.0,3,Mobile Phone,1,Married,2,0,23.0,1.0,1.0,4.0,120.69999999999999,0
CUST-51619,10.0,Mobile Phone,3,12.0,Credit Card,Male,3.0,3,Laptop & Accessory,1,Married,5,0,14.0,1.0,1.0,1.0,165.02,0
CUST-51620,0.0,Mobile Phone,1,9.0,Credit Card,Male,3.0,4,Mobile Phone,3,Single,2,0,17.0,1.0,1.0,0.0,132.3,0
CUST-51621,10.0,Computer,1,6.0,Credit Card,Female,3.0,3,Fashion,1,Married,3,1,18.0,0.0,,2.0,236.02999999999997,0
CUST-51622,8.0,Mobile Phone,1,28.0,Debit Card,Female,3.0,1,Fashion,4,Married,8,0,18.0,5.0,6.0,,219.95999999999998,0
CUST-51623,11.0,Mobile Phone,3,13.0,Credit Card,Female,2.0,1,Laptop & Accessory,5,Married,2,1,24.0,4.0,7.0,7.0,156.05,0
CUST-51624,0.0,Computer,1,6.0,Debit Card,Female,2.0,3,Laptop & Accessory,4,Married,2,0,20.0,1.0,1.0,4.0,163.97,0
CUST-51625,23.0,Mobile Phone,1,10.0,Debit Card,Male,3.0,3,Others,4,Married,4,0,14.0,,1.0,6.0,291.44,0
CUST-51626,26.0,Mobile Phone,1,9.0,Credit Card,Male,2.0,3,Grocery,3,Married,4,1,16.0,,1.0,3.0,275.84,0
CUST-51627,15.0,Mobile Phone,3,6.0,Debit Card,Male,1.0,3,Laptop & Accessory,3,Married,2,0,25.0,6.0,11.0,6.0,149.07,0
CUST-51628,2.0,Computer,3,8.0,Debit Card,Male,2.0,3,Laptop & Accessory,1,Single,2,0,18.0,0.0,1.0,9.0,145.54,0
CUST-51629,28.0,Mobile Phone,1,26.0,Cash on Delivery,Male,2.0,3,Laptop & Accessory,1,Married,4,1,19.0,0.0,1.0,8.0,154.15,0
CUST-51630,0.0,Computer,1,17.0,Credit Card,Male,2.0,3,Laptop & Accessory,5,Married,2,1,13.0,1.0,3.0,3.0,147.41,0
CUST-51631,,Mobile Phone,1,6.0,Debit Card,Female,2.0,3,Mobile Phone,1,Single,2,0,12.0,1.0,5.0,7.0,121.15,0
CUST-51632,7.0,Computer,1,30.0,Debit Card,Male,,3,Mobile Phone,3,Married,4,1,22.0,0.0,1.0,0.0,131.61,1
CUST-51633,11.0,Mobile Phone,1,29.0,Debit Card,Male,2.0,3,Laptop & Accessory,1,Married,10,0,14.0,0.0,1.0,2.0,157.45,0
CUST-51634,0.0,Mobile Phone,1,,Credit Card,Male,2.0,3,Mobile Phone,4,Married,3,1,13.0,1.0,1.0,2.0,123.72999999999999,1
CUST-51635,1.0,Mobile Phone,1,14.0,Debit Card,Female,3.0,3,Mobile Phone,1,Single,2,0,21.0,1.0,1.0,2.0,133.1,0
CUST-51636,22.0,Computer,1,16.0,Debit Card,Female,2.0,3,Others,5,Single,10,1,11.0,,1.0,2.0,286.65,0
CUST-51637,9.0,Mobile Phone,1,9.0,Cash on Delivery,Male,1.0,3,Laptop & Accessory,4,Single,5,0,12.0,2.0,7.0,7.0,144.85,0
CUST-51638,4.0,Computer,3,11.0,E wallet,Female,,3,Mobile Phone,4,Married,2,0,11.0,0.0,2.0,2.0,127.88999999999999,0
CUST-51639,0.0,Mobile Phone,3,10.0,E wallet,Male,2.0,4,Laptop & Accessory,1,Single,2,1,12.0,4.0,7.0,4.0,158.28,1
CUST-51640,10.0,Computer,1,,Credit Card,Male,2.0,3,Mobile Phone,1,Married,2,1,12.0,0.0,1.0,2.0,123.25999999999999,0
CUST-51641,15.0,Computer,3,32.0,E wallet,Female,3.0,3,Grocery,4,Married,6,0,14.0,3.0,,8.0,235.25,0
CUST-51642,,Mobile Phone,1,9.0,Debit Card,Male,2.0,3,Mobile Phone,3,Single,2,0,13.0,1.0,1.0,0.0,114.19999999999999,1
CUST-51643,8.0,Mobile Phone,3,22.0,E wallet,Male,3.0,3,Fashion,4,Married,1,0,15.0,3.0,6.0,9.0,180.2,0
CUST-51644,9.0,Computer,1,24.0,Debit Card,Male,2.0,1,Mobile Phone,1,Married,5,0,18.0,1.0,1.0,0.0,136.88,0
CUST-51645,24.0,Mobile Phone,1,8.0,Credit Card,Male,2.0,5,Laptop & Accessory,4,Married,6,0,18.0,0.0,1.0,2.0,154.82,0
CUST-51646,14.0,Mobile Phone,3,8.0,Debit Card,Male,2.0,3,Grocery,4,Single,2,0,19.0,1.0,,4.0,260.15,0
CUST-51647,,Mobile Phone,3,16.0,Credit Card,Female,3.0,4,Mobile Phone,3,Single,2,0,12.0,0.0,1.0,0.0,112.0,0
CUST-51648,1.0,Mobile Phone,1,22.0,Credit Card,Male,3.0,1,Laptop & Accessory,5,Single,1,0,19.0,0.0,1.0,7.0,156.61,0
CUST-51649,4.0,Mobile Phone,3,13.0,Cash on Delivery,Male,3.0,1,Laptop & Accessory,1,Married,5,0,11.0,3.0,7.0,7.0,169.29,0
CUST-51650,12.0,Mobile Phone,1,6.0,Credit Card,Male,2.0,1,Fashion,1,Married,1,0,17.0,1.0,3.0,7.0,196.13,0
CUST-51651,9.0,Computer,1,30.0,Debit Card,Female,2.0,3,Laptop & Accessory,4,Married,8,0,15.0,1.0,1.0,8.0,156.74,0
CUST-51652,5.0,Mobile Phone,3,13.0,Debit Card,Male,3.0,4,Laptop & Accessory,3,Married,2,0,14.0,3.0,4.0,8.0,154.84,0
CUST-51653,11.0,Mobile Phone,1,31.0,Debit Card,Female,2.0,4,Fashion,4,Married,4,0,17.0,0.0,1.0,,220.61,0
CUST-51654,30.0,Computer,1,6.0,Debit Card,Male,2.0,5,Laptop & Accessory,3,Married,3,1,13.0,1.0,1.0,2.0,156.6,0
CUST-51655,4.0,Mobile Phone,1,11.0,Cash on Delivery,Male,2.0,3,Mobile Phone,1,Married,1,1,12.0,1.0,1.0,3.0,148.21,0
CUST-51656,4.0,Mobile Phone,2,8.0,UPI,Male,3.0,4,Laptop & Accessory,5,Married,4,0,12.0,0.0,1.0,0.0,164.1,0
CUST-51657,18.0,Computer,1,13.0,Debit Card,Male,3.0,3,Fashion,5,Married,2,0,18.0,2.0,9.0,11.0,152.1,0
CUST-51658,4.0,Mobile Phone,1,8.0,Debit Card,Male,,3,Mobile Phone,1,Married,1,1,18.0,2.0,2.0,2.0,126.94999999999999,0
CUST-51659,6.0,Computer,1,11.0,Debit Card,Female,3.0,3,Fashion,4,Married,7,0,11.0,7.0,8.0,,218.77999999999997,0
CUST-51660,0.0,Mobile Phone,1,16.0,Credit Card,Male,3.0,3,Grocery,5,Married,2,1,14.0,,11.0,10.0,270.68,0
CUST-51661,16.0,Computer,1,,Debit Card,Female,2.0,3,Mobile Phone,1,Single,1,0,19.0,0.0,1.0,7.0,124.55000000000001,0
CUST-51662,22.0,Mobile Phone,1,6.0,Cash on Delivery,Female,2.0,4,Grocery,3,Single,8,1,12.0,0.0,,7.0,239.64,0
CUST-51663,15.0,Mobile Phone,1,14.0,Credit Card,Male,2.0,4,Laptop & Accessory,4,Married,3,0,15.0,7.0,7.0,7.0,149.41,1
CUST-51664,0.0,Mobile Phone,1,,Debit Card,Female,2.0,3,Mobile Phone,4,Single,2,1,12.0,0.0,1.0,2.0,124.78,0
CUST-51665,5.0,Mobile Phone,3,14.0,Cash on Delivery,Female,3.0,4,Laptop & Accessory,4,Married,2,1,11.0,11.0,11.0,9.0,152.28,0
CUST-51666,0.0,Mobile Phone,3,8.0,Debit Card,Male,3.0,3,Laptop & Accessory,3,Single,2,1,11.0,0.0,1.0,4.0,144.78,0
CUST-51667,4.0,Mobile Phone,3,13.0,E wallet,Male,3.0,3,Laptop & Accessory,1,Married,5,0,12.0,0.0,1.0,7.0,175.47,0
CUST-51668,5.0,Mobile Phone,1,8.0,Credit Card,Female,3.0,1,Laptop & Accessory,1,Single,8,0,16.0,0.0,1.0,7.0,150.55,0
CUST-51669,0.0,Mobile Phone,1,8.0,Credit Card,Male,2.0,5,Mobile Phone,1,Married,6,1,13.0,1.0,2.0,2.0,134.64,1
CUST-51670,3.0,Mobile Phone,1,34.0,Credit Card,Female,3.0,3,Laptop & Accessory,1,Married,2,0,13.0,1.0,1.0,9.0,157.75,0
CUST-51671,4.0,Computer,1,13.0,Debit Card,Female,2.0,4,Fashion,3,Married,2,0,24.0,7.0,8.0,9.0,189.43,0
CUST-51672,12.0,Computer,1,13.0,Credit Card,Male,2.0,4,Others,1,Married,2,0,,6.0,13.0,3.0,292.72,0
CUST-51673,2.0,Mobile Phone,3,9.0,Credit Card,Female,2.0,3,Laptop & Accessory,3,Married,5,1,18.0,1.0,1.0,0.0,152.38,1
CUST-51674,6.0,Computer,3,16.0,E wallet,Male,2.0,4,Laptop & Accessory,1,Single,4,0,14.0,1.0,1.0,1.0,146.82,0
CUST-51675,20.0,Mobile Phone,1,11.0,Debit Card,Male,2.0,3,Others,3,Married,5,0,11.0,,1.0,1.0,283.0,0
CUST-51676,16.0,Computer,1,16.0,Debit Card,Female,2.0,4,Laptop & Accessory,3,Married,2,0,11.0,1.0,1.0,0.0,152.57,0
CUST-51677,0.0,Computer,3,6.0,E wallet,Male,3.0,3,Laptop & Accessory,4,Married,1,1,13.0,0.0,1.0,4.0,163.49,0
CUST-51678,27.0,Computer,1,26.0,Debit Card,Female,2.0,3,Laptop & Accessory,3,Single,4,0,12.0,0.0,1.0,3.0,148.69,0
CUST-51679,16.0,Mobile Phone,1,13.0,Debit Card,Female,2.0,3,Fashion,5,Married,9,0,16.0,1.0,1.0,0.0,199.85,0
CUST-51680,18.0,Mobile Phone,1,14.0,UPI,Male,3.0,3,Laptop & Accessory,1,Married,10,0,14.0,8.0,9.0,8.0,136.97,0
CUST-51681,13.0,Mobile Phone,3,6.0,Credit Card,Male,2.0,5,Laptop & Accessory,1,Married,3,1,22.0,1.0,1.0,2.0,174.57,0
CUST-51682,,Mobile Phone,1,14.0,UPI,Male,3.0,5,Mobile Phone,5,Married,2,1,11.0,0.0,1.0,7.0,121.19,1
CUST-51683,2.0,Mobile Phone,1,15.0,UPI,Male,1.0,4,Mobile Phone,1,Single,1,0,17.0,1.0,2.0,2.0,139.83,0
CUST-51684,3.0,Mobile Phone,3,11.0,E wallet,Female,1.0,4,Laptop & Accessory,3,Married,2,0,13.0,1.0,1.0,2.0,161.18,0
CUST-51685,0.0,Mobile Phone,3,14.0,E wallet,Female,2.0,3,Laptop & Accessory,4,Married,2,0,18.0,0.0,1.0,7.0,162.14,0
CUST-51686,10.0,Mobile Phone,1,11.0,Credit Card,Male,3.0,3,Laptop & Accessory,1,Married,8,0,16.0,1.0,1.0,4.0,163.47,0
CUST-51687,11.0,Mobile Phone,1,21.0,Debit Card,Male,3.0,4,Fashion,1,Married,1,1,14.0,2.0,2.0,,215.10000000000002,0
CUST-51688,4.0,Mobile Phone,1,13.0,Credit Card,Female,2.0,3,Fashion,1,Single,2,1,14.0,4.0,4.0,10.0,171.43,0
CUST-51689,2.0,Mobile Phone,3,16.0,E wallet,Female,2.0,4,Laptop & Accessory,4,Married,2,1,14.0,1.0,1.0,7.0,182.68,0
CUST-51690,8.0,Mobile Phone,1,11.0,Cash on Delivery,Male,3.0,3,Fashion,4,Single,1,0,13.0,1.0,1.0,13.0,180.95,0
CUST-51691,0.0,Mobile Phone,1,32.0,Debit Card,Male,,3,Mobile Phone,1,Married,2,0,12.0,0.0,1.0,2.0,129.04,0
CUST-51692,14.0,Mobile Phone,1,12.0,Credit Card,Male,3.0,4,Laptop & Accessory,4,Single,7,1,15.0,1.0,1.0,2.0,160.32,0
CUST-51693,20.0,Computer,3,10.0,Credit Card,Male,,3,Laptop & Accessory,3,Single,4,0,19.0,0.0,1.0,0.0,129.76,0
CUST-51694,15.0,Mobile Phone,1,29.0,Debit Card,Female,2.0,3,Grocery,1,Single,3,0,14.0,0.0,,0.0,259.92,0
CUST-51695,2.0,Computer,3,8.0,Debit Card,Male,3.0,3,Laptop & Accessory,3,Married,2,0,14.0,1.0,1.0,2.0,146.49,0
CUST-51696,15.0,Mobile Phone,2,8.0,Cash on Delivery,Male,,3,Mobile Phone,3,Married,1,1,11.0,1.0,1.0,0.0,126.96000000000001,0
CUST-51697,5.0,Mobile Phone,1,,Credit Card,Female,3.0,3,Mobile Phone,4,Married,2,0,13.0,0.0,1.0,7.0,123.69999999999999,0
CUST-51698,21.0,Mobile Phone,3,35.0,Credit Card,Female,3.0,3,Fashion,3,Married,4,0,21.0,0.0,1.0,,225.04000000000002,0
CUST-51699,10.0,Mobile Phone,1,12.0,Credit Card,Male,2.0,1,Laptop & Accessory,5,Married,5,1,13.0,6.0,6.0,7.0,159.74,0
CUST-51700,3.0,Computer,3,31.0,Cash on Delivery,Female,2.0,3,Laptop & Accessory,3,Married,8,1,12.0,2.0,2.0,2.0,147.36,0
CUST-51701,0.0,Mobile Phone,3,6.0,Debit Card,Male,2.0,3,Laptop & Accessory,3,Married,2,0,17.0,0.0,7.0,7.0,152.96,0
CUST-51702,15.0,Mobile Phone,1,8.0,UPI,Male,3.0,4,Laptop & Accessory,1,Single,4,0,23.0,1.0,1.0,0.0,167.81,0
CUST-51703,,Computer,3,6.0,Cash on Delivery,Female,3.0,4,Mobile Phone,4,Single,2,1,11.0,1.0,1.0,2.0,121.74000000000001,1
CUST-51704,9.0,Computer,3,6.0,Credit Card,Female,2.0,3,Laptop & Accessory,1,Single,5,0,15.0,1.0,1.0,0.0,166.53,0
CUST-51705,9.0,Computer,3,9.0,Credit Card,Male,2.0,4,Fashion,1,Married,5,0,11.0,0.0,1.0,12.0,196.99,0
CUST-51706,30.0,Mobile Phone,1,6.0,Credit Card,Male,2.0,3,Laptop & Accessory,3,Married,3,0,11.0,0.0,1.0,2.0,167.55,0
CUST-51707,,Mobile Phone,1,16.0,Debit Card,Female,2.0,1,Mobile Phone,3,Married,4,1,13.0,0.0,1.0,7.0,122.13,0
CUST-51708,0.0,Computer,3,,Credit Card,Male,2.0,3,Mobile Phone,1,Single,2,0,24.0,2.0,2.0,2.0,126.1,0
CUST-51709,0.0,Mobile Phone,3,11.0,E wallet,Female,,3,Mobile Phone,3,Single,2,1,13.0,0.0,1.0,0.0,128.51,1
CUST-51710,10.0,Mobile Phone,1,16.0,Credit Card,Female,3.0,3,Mobile Phone,5,Married,7,0,20.0,1.0,1.0,3.0,134.52,0
CUST-51711,19.0,Computer,1,13.0,Credit Card,Female,1.0,3,Laptop & Accessory,3,Married,3,0,14.0,1.0,1.0,0.0,152.58,0
CUST-51712,4.0,Computer,3,10.0,E wallet,Male,2.0,3,Laptop & Accessory,4,Single,2,0,18.0,4.0,7.0,7.0,193.55,1
CUST-51713,23.0,Mobile Phone,1,16.0,Cash on Delivery,Male,3.0,4,Fashion,1,Single,7,0,15.0,1.0,1.0,3.0,204.96,0
CUST-51714,3.0,Mobile Phone,3,28.0,E wallet,Male,3.0,4,Laptop & Accessory,3,Married,3,1,12.0,1.0,1.0,0.0,163.8,1
CUST-51715,4.0,Mobile Phone,1,,Debit Card,Male,2.0,4,Mobile Phone,4,Single,1,1,16.0,2.0,2.0,2.0,126.57,0
CUST-51716,0.0,Mobile Phone,3,18.0,Debit Card,Female,,1,Mobile Phone,4,Single,2,0,15.0,0.0,1.0,0.0,127.16,1
CUST-51717,,Mobile Phone,1,29.0,Debit Card,Male,2.0,3,Mobile Phone,1,Single,10,0,16.0,0.0,1.0,2.0,122.00999999999999,0
CUST-51718,8.0,Mobile Phone,1,15.0,Debit Card,Male,3.0,4,Laptop & Accessory,4,Single,10,0,19.0,0.0,1.0,0.0,165.4,0
CUST-51719,0.0,Mobile Phone,1,6.0,Credit Card,Male,2.0,3,Mobile Phone,4,Married,2,0,11.0,0.0,1.0,4.0,138.16,0
CUST-51720,1.0,Mobile Phone,3,15.0,Debit Card,Male,3.0,3,Laptop & Accessory,1,Single,2,0,16.0,1.0,1.0,7.0,152.53,0
CUST-51721,22.0,Mobile Phone,1,13.0,UPI,Male,2.0,4,Fashion,3,Single,9,0,24.0,1.0,1.0,,209.64999999999998,0
CUST-51722,24.0,Mobile Phone,3,20.0,Debit Card,Female,2.0,3,Laptop & Accessory,1,Married,5,0,11.0,1.0,1.0,7.0,149.36,0
CUST-51723,9.0,Mobile Phone,1,,Debit Card,Female,3.0,3,Mobile Phone,3,Married,5,0,13.0,2.0,2.0,2.0,125.43,0
CUST-51724,0.0,Computer,3,25.0,E wallet,Male,3.0,1,Laptop & Accessory,1,Single,9,1,13.0,0.0,1.0,4.0,153.04,1
CUST-51725,28.0,Mobile Phone,1,8.0,Debit Card,Female,3.0,3,Grocery,1,Single,3,1,13.0,,1.0,2.0,266.59,0
CUST-51726,0.0,Mobile Phone,3,16.0,E wallet,Female,3.0,3,Laptop & Accessory,3,Married,2,1,12.0,0.0,1.0,3.0,142.6,0
CUST-51727,3.0,Mobile Phone,3,,Cash on Delivery,Male,3.0,3,Mobile Phone,4,Married,2,0,18.0,1.0,1.0,0.0,124.75999999999999,0
CUST-51728,0.0,Computer,1,9.0,Cash on Delivery,Male,,3,Mobile Phone,5,Single,1,0,22.0,0.0,1.0,4.0,131.02,1
CUST-51729,,Mobile Phone,1,17.0,Credit Card,Female,2.0,3,Mobile Phone,4,Married,2,0,13.0,1.0,1.0,2.0,122.44,0
CUST-51730,9.0,Mobile Phone,3,8.0,Credit Card,Male,3.0,4,Fashion,3,Married,2,0,13.0,8.0,9.0,0.0,175.96,0
CUST-51731,,Computer,1,10.0,Cash on Delivery,Male,2.0,3,Mobile Phone,1,Single,10,1,23.0,1.0,1.0,0.0,122.85,1
CUST-51732,10.0,Mobile Phone,1,20.0,Debit Card,Female,,3,Mobile Phone,5,Married,2,0,12.0,10.0,12.0,17.0,130.34,0
CUST-51733,13.0,Mobile Phone,3,8.0,E wallet,Female,2.0,3,Laptop & Accessory,4,Married,8,0,12.0,0.0,1.0,3.0,157.15,0
CUST-51734,15.0,Mobile Phone,1,,Debit Card,Female,3.0,3,Mobile Phone,5,Married,4,0,16.0,0.0,1.0,2.0,125.75999999999999,0
CUST-51735,10.0,Mobile Phone,1,16.0,Debit Card,Male,2.0,3,Laptop & Accessory,4,Single,3,1,12.0,0.0,1.0,1.0,141.97,0
CUST-51736,16.0,Mobile Phone,1,18.0,Debit Card,Male,2.0,4,Grocery,4,Married,2,0,11.0,3.0,,9.0,243.36,0
CUST-51737,13.0,Mobile Phone,1,8.0,Credit Card,Female,3.0,4,Laptop & Accessory,3,Married,7,0,22.0,1.0,1.0,0.0,134.48,0
CUST-51738,27.0,Mobile Phone,1,11.0,Credit Card,Male,2.0,3,Others,5,Married,5,0,,1.0,1.0,2.0,294.06,0
CUST-51739,7.0,Computer,3,10.0,E wallet,Female,3.0,3,Laptop & Accessory,3,Married,10,0,15.0,0.0,1.0,2.0,165.38,0
CUST-51740,4.0,Mobile Phone,1,13.0,Credit Card,Female,2.0,3,Laptop & Accessory,5,Married,2,0,12.0,3.0,3.0,12.0,143.06,0
CUST-51741,,Computer,1,27.0,Credit Card,Male,3.0,3,Mobile Phone,1,Married,8,0,20.0,1.0,1.0,2.0,122.58000000000001,0
CUST-51742,16.0,Mobile Phone,1,14.0,UPI,Female,3.0,3,Laptop & Accessory,3,Married,5,1,14.0,1.0,1.0,2.0,145.22,0
CUST-51743,0.0,Mobile Phone,3,10.0,Debit Card,Female,3.0,4,Laptop & Accessory,1,Single,2,1,11.0,0.0,1.0,3.0,144.87,0
CUST-51744,10.0,Computer,1,31.0,Credit Card,Female,3.0,3,Laptop & Accessory,3,Married,4,1,15.0,4.0,10.0,7.0,144.49,0
CUST-51745,,Mobile Phone,1,6.0,Debit Card,Male,3.0,4,Mobile Phone,5,Married,2,0,12.0,3.0,3.0,2.0,122.18,0
CUST-51746,12.0,Computer,1,6.0,Debit Card,Male,2.0,3,Others,3,Married,2,1,14.0,0.0,1.0,6.0,291.97,0
CUST-51747,29.0,Computer,3,12.0,Debit Card,Female,2.0,1,Grocery,5,Married,10,0,11.0,6.0,,7.0,232.12,0
CUST-51748,3.0,Mobile Phone,3,18.0,Cash on Delivery,Female,2.0,3,Laptop & Accessory,3,Single,1,0,11.0,3.0,4.0,4.0,165.77,0
CUST-51749,14.0,Mobile Phone,3,6.0,E wallet,Male,2.0,1,Fashion,5,Married,2,0,16.0,1.0,1.0,7.0,183.92,0
CUST-51750,1.0,Mobile Phone,1,23.0,Credit Card,Male,3.0,3,Laptop & Accessory,5,Married,2,0,12.0,0.0,1.0,8.0,145.58,0
CUST-51751,0.0,Mobile Phone,1,9.0,Credit Card,Male,3.0,3,Mobile Phone,5,Married,6,0,13.0,1.0,1.0,2.0,140.31,1
CUST-51752,25.0,Mobile Phone,1,9.0,Credit Card,Male,2.0,4,Fashion,3,Married,3,1,14.0,1.0,1.0,4.0,179.69,0
CUST-51753,18.0,Mobile Phone,1,,Debit Card,Male,3.0,3,Mobile Phone,1,Married,4,0,21.0,0.0,1.0,2.0,126.53999999999999,0
CUST-51754,25.0,Mobile Phone,1,10.0,Debit Card,Female,1.0,3,Grocery,1,Married,3,0,13.0,,1.0,4.0,265.55,0
CUST-51755,15.0,Computer,1,35.0,Debit Card,Female,3.0,3,Laptop & Accessory,3,Married,3,0,11.0,1.0,1.0,2.0,145.56,0
CUST-51756,3.0,Mobile Phone,1,8.0,Debit Card,Female,2.0,5,Laptop & Accessory,1,Single,3,0,20.0,1.0,1.0,2.0,160.91,0
CUST-51757,30.0,Mobile Phone,1,13.0,Debit Card,Female,2.0,3,Others,5,Married,6,0,,1.0,11.0,10.0,295.66,0
CUST-51758,19.0,Mobile Phone,1,24.0,Credit Card,Female,2.0,3,Laptop & Accessory,3,Married,3,0,14.0,1.0,1.0,8.0,148.1,0
CUST-51759,15.0,Computer,1,34.0,Cash on Delivery,Female,2.0,4,Laptop & Accessory,1,Married,1,0,11.0,0.0,1.0,4.0,145.23,0
CUST-51760,0.0,Mobile Phone,3,6.0,Cash on Delivery,Female,3.0,3,Mobile Phone,4,Single,2,1,16.0,0.0,1.0,4.0,132.02,1
CUST-51761,0.0,Computer,3,,E wallet,Female,2.0,5,Mobile Phone,3,Married,1,0,16.0,0.0,1.0,0.0,123.50999999999999,1
CUST-51762,,Computer,1,8.0,Debit Card,Male,2.0,3,Mobile Phone,1,Married,2,1,23.0,1.0,1.0,0.0,117.02000000000001,0
CUST-51763,13.0,Mobile Phone,3,8.0,Debit Card,Female,3.0,3,Others,3,Married,1,0,14.0,,1.0,12.0,280.41,0
CUST-51764,0.0,Mobile Phone,1,29.0,Debit Card,Female,,3,Mobile Phone,1,Married,2,0,22.0,0.0,1.0,2.0,128.86,0
CUST-51765,,Computer,1,9.0,Debit Card,Male,2.0,3,Mobile Phone,1,Married,5,0,15.0,1.0,1.0,4.0,120.97,0
CUST-51766,2.0,Mobile Phone,1,9.0,Credit Card,Male,3.0,4,Fashion,3,Married,2,0,18.0,0.0,1.0,,219.35000000000002,0
CUST-51767,0.0,Mobile Phone,1,,Cash on Delivery,Female,3.0,4,Mobile Phone,4,Married,6,0,16.0,1.0,1.0,1.0,125.46000000000001,1
CUST-51768,0.0,Mobile Phone,2,,Cash on Delivery,Male,2.0,4,Mobile Phone,1,Single,2,0,12.0,0.0,1.0,0.0,125.63999999999999,1
CUST-51769,3.0,Computer,3,28.0,UPI,Female,3.0,3,Fashion,5,Married,1,0,11.0,3.0,7.0,8.0,184.12,0
CUST-51770,30.0,Mobile Phone,3,35.0,E wallet,Male,2.0,4,Grocery,1,Married,4,0,12.0,1.0,,0.0,241.18,0
CUST-51771,23.0,Mobile Phone,1,35.0,Debit Card,Male,2.0,4,Grocery,3,Married,1,0,15.0,,15.0,7.0,270.46,0
CUST-51772,3.0,Computer,1,,Credit Card,Female,2.0,3,Mobile Phone,1,Single,1,0,14.0,1.0,6.0,7.0,125.63999999999999,0
CUST-51773,30.0,Computer,3,34.0,E wallet,Female,3.0,4,Fashion,5,Married,5,0,19.0,3.0,13.0,11.0,202.66,0
CUST-51774,20.0,Mobile Phone,1,8.0,Credit Card,Female,3.0,3,Laptop & Accessory,1,Married,6,0,13.0,0.0,1.0,4.0,150.7,0
CUST-51775,19.0,Mobile Phone,1,8.0,Debit Card,Male,2.0,3,Grocery,3,Married,7,0,13.0,,1.0,1.0,278.61,0
CUST-51776,8.0,Mobile Phone,1,28.0,Debit Card,Male,2.0,5,Mobile Phone,3,Single,1,0,15.0,1.0,4.0,3.0,142.3,0
CUST-51777,27.0,Mobile Phone,1,5.0,Debit Card,Female,2.0,3,Laptop & Accessory,3,Single,8,0,11.0,0.0,1.0,0.0,137.8,0
CUST-51778,7.0,Mobile Phone,1,8.0,Debit Card,Male,,4,Mobile Phone,3,Married,4,0,12.0,3.0,5.0,7.0,127.68,0
CUST-51779,5.0,Mobile Phone,3,16.0,E wallet,Female,3.0,4,Fashion,1,Married,3,1,19.0,0.0,1.0,2.0,190.71,0
CUST-51780,4.0,Mobile Phone,1,15.0,Debit Card,Male,2.0,3,Fashion,4,Married,2,0,25.0,0.0,1.0,8.0,206.48000000000002,0
CUST-51781,0.0,Mobile Phone,1,21.0,Credit Card,Male,2.0,3,Fashion,3,Married,8,1,12.0,3.0,,7.0,236.10000000000002,1
CUST-51782,0.0,Mobile Phone,1,16.0,Credit Card,Male,2.0,5,Mobile Phone,1,Married,8,0,13.0,0.0,1.0,3.0,134.08,1
CUST-51783,3.0,Mobile Phone,3,13.0,E wallet,Male,,3,Mobile Phone,4,Single,1,0,14.0,0.0,1.0,2.0,129.83,0
CUST-51784,8.0,Mobile Phone,1,22.0,Debit Card,Male,3.0,3,Fashion,3,Married,5,1,12.0,0.0,1.0,0.0,176.32,0
CUST-51785,0.0,Computer,1,26.0,Debit Card,Male,3.0,3,Fashion,3,Married,4,0,12.0,1.0,1.0,0.0,198.24,1
CUST-51786,0.0,Computer,2,29.0,UPI,Female,2.0,3,Fashion,5,Married,10,1,15.0,1.0,1.0,2.0,199.5,1
CUST-51787,,Computer,1,11.0,UPI,Male,3.0,3,Mobile Phone,3,Married,5,0,17.0,0.0,2.0,0.0,120.93,0
CUST-51788,9.0,Computer,3,16.0,Credit Card,Male,2.0,3,Fashion,1,Single,2,0,14.0,8.0,9.0,7.0,199.8,0
CUST-51789,0.0,Computer,1,10.0,Cash on Delivery,Male,3.0,4,Mobile Phone,3,Single,6,0,16.0,0.0,1.0,2.0,138.94,1
CUST-51790,21.0,Mobile Phone,3,8.0,E wallet,Female,2.0,3,Laptop & Accessory,1,Married,3,0,14.0,6.0,6.0,7.0,140.51,0
CUST-51791,28.0,Mobile Phone,3,24.0,Debit Card,Female,2.0,3,Grocery,4,Single,4,0,23.0,,7.0,8.0,268.35,0
CUST-51792,14.0,Computer,3,16.0,Debit Card,Male,2.0,3,Laptop & Accessory,1,Single,8,0,14.0,0.0,1.0,10.0,162.3,0
CUST-51793,8.0,Mobile Phone,3,6.0,E wallet,Male,2.0,3,Laptop & Accessory,3,Married,10,0,11.0,0.0,6.0,9.0,147.17,0
CUST-51794,13.0,Mobile Phone,1,12.0,Debit Card,Female,3.0,3,Grocery,3,Single,8,0,15.0,4.0,,13.0,232.37,0
CUST-51795,12.0,Computer,1,14.0,Debit Card,Female,2.0,3,Mobile Phone,3,Married,2,0,11.0,1.0,1.0,7.0,137.55,0
CUST-51796,4.0,Mobile Phone,3,8.0,Debit Card,Male,3.0,3,Laptop & Accessory,1,Single,5,1,13.0,1.0,1.0,5.0,165.82,0
CUST-51797,15.0,Mobile Phone,1,30.0,Credit Card,Male,2.0,3,Fashion,5,Married,2,1,21.0,5.0,5.0,8.0,174.06,0
CUST-51798,18.0,Mobile Phone,3,8.0,UPI,Male,3.0,3,Laptop & Accessory,4,Married,1,0,19.0,3.0,3.0,7.0,148.05,0
CUST-51799,0.0,Computer,2,23.0,Debit Card,Female,,3,Mobile Phone,3,Married,1,1,11.0,0.0,1.0,0.0,127.41,1
CUST-51800,2.0,Mobile Phone,1,25.0,Cash on Delivery,Male,2.0,3,Laptop & Accessory,1,Married,5,0,12.0,1.0,1.0,2.0,142.62,0
CUST-51801,6.0,Mobile Phone,1,6.0,Credit Card,Female,3.0,1,Grocery,3,Married,5,0,19.0,,1.0,5.0,261.84,0
CUST-51802,4.0,Mobile Phone,3,13.0,Debit Card,Male,2.0,4,Fashion,1,Married,10,0,21.0,1.0,1.0,,215.57,0
CUST-51803,,Computer,3,11.0,E wallet,Male,3.0,3,Mobile Phone,4,Single,2,1,14.0,1.0,1.0,0.0,118.78,1
CUST-51804,13.0,Computer,3,34.0,UPI,Male,2.0,5,Fashion,5,Married,4,0,15.0,0.0,1.0,,209.32,0
CUST-51805,14.0,Computer,1,8.0,UPI,Female,3.0,4,Laptop & Accessory,3,Single,3,1,17.0,0.0,1.0,7.0,168.11,0
CUST-51806,0.0,Mobile Phone,3,35.0,Credit Card,Male,2.0,3,Laptop & Accessory,3,Married,6,0,12.0,0.0,1.0,0.0,143.06,0
CUST-51807,8.0,Mobile Phone,3,6.0,Credit Card,Female,3.0,3,Laptop & Accessory,3,Single,2,0,16.0,1.0,1.0,3.0,148.59,0
CUST-51808,7.0,Mobile Phone,3,27.0,Debit Card,Male,3.0,1,Laptop & Accessory,1,Single,2,0,12.0,0.0,5.0,7.0,153.37,0
CUST-51809,0.0,Mobile Phone,1,,Cash on Delivery,Male,3.0,5,Mobile Phone,1,Single,2,1,18.0,0.0,1.0,0.0,123.4,1
CUST-51810,10.0,Mobile Phone,1,6.0,Cash on Delivery,Female,2.0,3,Fashion,1,Single,5,0,17.0,1.0,1.0,2.0,174.91,0
CUST-51811,19.0,Computer,1,24.0,Credit Card,Female,2.0,3,Fashion,3,Married,6,0,11.0,0.0,1.0,2.0,205.27,0
CUST-51812,14.0,Mobile Phone,3,8.0,Debit Card,Female,3.0,3,Grocery,5,Married,8,0,16.0,,11.0,8.0,265.95,0
CUST-51813,10.0,Computer,3,15.0,Credit Card,Male,3.0,3,Fashion,4,Married,2,0,13.0,1.0,7.0,7.0,188.34,0
CUST-51814,25.0,Mobile Phone,1,12.0,Cash on Delivery,Male,3.0,3,Laptop & Accessory,5,Married,4,1,12.0,2.0,6.0,9.0,155.77,0
CUST-51815,0.0,Computer,3,17.0,UPI,Male,2.0,1,Laptop & Accessory,3,Married,9,0,12.0,1.0,1.0,2.0,147.07,1
CUST-51816,0.0,Computer,3,,Credit Card,Male,2.0,3,Mobile Phone,1,Married,1,0,13.0,1.0,2.0,1.0,124.0,0
CUST-51817,11.0,Mobile Phone,1,16.0,Credit Card,Female,3.0,3,Laptop & Accessory,3,Married,4,0,19.0,0.0,1.0,0.0,198.24,0
CUST-51818,10.0,Mobile Phone,1,6.0,Debit Card,Female,3.0,3,Laptop & Accessory,4,Married,7,0,12.0,4.0,4.0,3.0,164.47,0
CUST-51819,22.0,Mobile Phone,1,24.0,Debit Card,Male,2.0,4,Others,3,Married,2,1,,1.0,1.0,9.0,295.02,0
CUST-51820,0.0,Mobile Phone,1,29.0,Credit Card,Male,,1,Mobile Phone,1,Married,2,1,11.0,0.0,1.0,4.0,127.25,0
CUST-51821,0.0,Mobile Phone,3,34.0,E wallet,Male,3.0,3,Laptop & Accessory,4,Married,2,0,20.0,0.0,1.0,4.0,162.72,0
CUST-51822,,Mobile Phone,1,23.0,UPI,Male,3.0,4,Mobile Phone,4,Married,2,0,21.0,1.0,1.0,0.0,121.27000000000001,0
CUST-51823,23.0,Computer,2,9.0,Credit Card,Male,3.0,3,Others,4,Married,2,0,11.0,,10.0,7.0,282.0,0
CUST-51824,,Mobile Phone,3,19.0,Credit Card,Male,2.0,3,Mobile Phone,3,Married,2,0,11.0,1.0,1.0,6.0,120.96000000000001,0
CUST-51825,0.0,Computer,1,13.0,Debit Card,Female,,3,Mobile Phone,3,Married,2,1,16.0,0.0,1.0,2.0,128.86,1
CUST-51826,,Computer,3,18.0,Debit Card,Male,3.0,4,Mobile Phone,5,Married,2,0,18.0,1.0,1.0,0.0,120.33000000000001,1
CUST-51827,7.0,Mobile Phone,1,6.0,Debit Card,Male,2.0,4,Mobile Phone,1,Married,2,1,13.0,1.0,1.0,3.0,136.22,0
CUST-51828,0.0,Mobile Phone,3,19.0,Credit Card,Male,2.0,3,Laptop & Accessory,5,Married,3,0,17.0,0.0,1.0,2.0,142.33,1
CUST-51829,8.0,Mobile Phone,1,31.0,UPI,Male,2.0,4,Laptop & Accessory,1,Single,5,0,14.0,1.0,1.0,2.0,136.81,0
CUST-51830,4.0,Mobile Phone,3,12.0,Credit Card,Male,3.0,1,Laptop & Accessory,1,Married,5,0,22.0,5.0,5.0,7.0,154.6,0
CUST-51831,,Mobile Phone,1,12.0,Credit Card,Female,3.0,4,Mobile Phone,3,Married,1,0,12.0,0.0,1.0,3.0,121.87,0
CUST-51832,10.0,Mobile Phone,3,8.0,E wallet,Male,3.0,3,Laptop & Accessory,3,Married,5,1,11.0,0.0,1.0,0.0,196.02,0
CUST-51833,0.0,Mobile Phone,1,6.0,Debit Card,Female,,4,Mobile Phone,4,Single,2,0,13.0,0.0,1.0,0.0,128.36,0
CUST-51834,15.0,Mobile Phone,1,8.0,Debit Card,Female,2.0,3,Laptop & Accessory,1,Married,2,0,13.0,0.0,2.0,2.0,140.89,0
CUST-51835,16.0,Mobile Phone,1,12.0,UPI,Male,2.0,4,Grocery,1,Married,5,1,14.0,,1.0,0.0,266.27,0
CUST-51836,11.0,Mobile Phone,1,,Debit Card,Female,2.0,3,Mobile Phone,5,Single,4,0,17.0,0.0,1.0,0.0,126.19,0
CUST-51837,16.0,Computer,1,15.0,Credit Card,Male,3.0,3,Laptop & Accessory,3,Married,4,1,13.0,1.0,4.0,7.0,156.79,0
CUST-51838,21.0,Mobile Phone,1,6.0,Debit Card,Female,2.0,4,Grocery,5,Married,8,0,11.0,0.0,,2.0,254.01999999999998,0
CUST-51839,17.0,Mobile Phone,2,6.0,Debit Card,Female,2.0,4,Laptop & Accessory,3,Single,5,0,11.0,1.0,1.0,2.0,159.85,0
CUST-51840,7.0,Mobile Phone,3,,Cash on Delivery,Female,2.0,3,Mobile Phone,3,Married,2,1,18.0,1.0,1.0,6.0,125.78999999999999,0
CUST-51841,0.0,Mobile Phone,3,8.0,E wallet,Male,,3,Mobile Phone,5,Married,1,0,11.0,1.0,1.0,2.0,130.41,1
CUST-51842,0.0,Mobile Phone,3,28.0,Cash on Delivery,Male,2.0,3,Mobile Phone,3,Single,2,0,11.0,0.0,1.0,2.0,134.47,0
CUST-51843,17.0,Mobile Phone,1,9.0,UPI,Male,2.0,3,Others,1,Married,5,1,,0.0,1.0,1.0,295.13,0
CUST-51844,0.0,Mobile Phone,1,12.0,Credit Card,Male,,3,Mobile Phone,3,Married,1,0,20.0,1.0,2.0,2.0,127.72999999999999,0
CUST-51845,6.0,Mobile Phone,3,14.0,E wallet,Male,2.0,3,Laptop & Accessory,3,Married,1,0,12.0,0.0,1.0,2.0,171.04,0
CUST-51846,5.0,Mobile Phone,1,15.0,Debit Card,Female,3.0,3,Laptop & Accessory,1,Married,2,1,12.0,1.0,1.0,5.0,163.22,0
CUST-51847,,Computer,1,9.0,Credit Card,Female,3.0,3,Mobile Phone,3,Married,2,0,20.0,1.0,1.0,0.0,120.83000000000001,0
CUST-51848,26.0,Mobile Phone,3,6.0,Credit Card,Female,2.0,3,Laptop & Accessory,5,Single,8,0,20.0,4.0,8.0,10.0,183.81,0
CUST-51849,7.0,Mobile Phone,1,6.0,Debit Card,Male,,3,Mobile Phone,1,Married,2,0,12.0,1.0,8.0,8.0,126.91,0
CUST-51850,8.0,Computer,3,32.0,Debit Card,Female,3.0,3,Laptop & Accessory,5,Married,3,0,14.0,0.0,1.0,0.0,142.86,1
CUST-51851,0.0,Mobile Phone,1,12.0,Debit Card,Female,3.0,3,Mobile Phone,1,Married,2,1,13.0,0.0,1.0,2.0,56.0,0
CUST-51852,10.0,Mobile Phone,1,9.0,UPI,Male,2.0,3,Fashion,3,Married,2,0,15.0,7.0,7.0,8.0,194.34,0
CUST-51853,2.0,Mobile Phone,3,9.0,Credit Card,Female,3.0,3,Laptop & Accessory,3,Married,2,0,14.0,0.0,1.0,2.0,155.61,0
CUST-51854,8.0,Mobile Phone,1,12.0,Debit Card,Male,2.0,5,Laptop & Accessory,1,Single,2,0,13.0,0.0,11.0,8.0,166.46,0
CUST-51855,6.0,Computer,1,12.0,Debit Card,Male,1.0,3,Laptop & Accessory,1,Married,4,0,23.0,3.0,4.0,7.0,177.25,0
CUST-51856,27.0,Mobile Phone,2,25.0,Credit Card,Male,2.0,3,Fashion,4,Married,3,0,15.0,2.0,7.0,1.0,207.25,0
CUST-51857,9.0,Mobile Phone,1,15.0,Credit Card,Male,2.0,4,Laptop & Accessory,4,Married,3,1,11.0,0.0,1.0,2.0,188.47,0
CUST-51858,,Mobile Phone,1,9.0,Credit Card,Male,2.0,4,Mobile Phone,1,Single,1,0,13.0,1.0,1.0,1.0,120.44999999999999,0
CUST-51859,0.0,Mobile Phone,1,16.0,Credit Card,Male,2.0,3,Mobile Phone,3,Single,2,1,11.0,1.0,1.0,1.0,110.09,1
CUST-51860,0.0,Computer,1,9.0,Debit Card,Male,3.0,3,Mobile Phone,5,Single,2,1,11.0,5.0,9.0,7.0,133.48,1
CUST-51861,,Computer,1,9.0,Debit Card,Male,2.0,4,Mobile Phone,3,Married,2,0,18.0,1.0,1.0,0.0,112.81,0
CUST-51862,0.0,Mobile Phone,1,10.0,Credit Card,Male,,1,Mobile Phone,5,Married,3,0,16.0,0.0,1.0,2.0,128.19,0
CUST-51863,0.0,Mobile Phone,3,14.0,Debit Card,Male,2.0,1,Laptop & Accessory,4,Married,1,0,22.0,1.0,1.0,2.0,148.51,0
CUST-51864,11.0,Mobile Phone,3,13.0,E wallet,Female,2.0,4,Laptop & Accessory,1,Single,1,0,20.0,1.0,1.0,5.0,140.28,0
CUST-51865,2.0,Computer,1,6.0,Debit Card,Male,,5,Mobile Phone,1,Married,2,0,18.0,0.0,2.0,8.0,127.19999999999999,0
CUST-51866,21.0,Mobile Phone,3,8.0,E wallet,Male,2.0,1,Laptop & Accessory,4,Married,4,0,12.0,0.0,2.0,2.0,181.2,0
CUST-51867,0.0,Computer,3,9.0,Credit Card,Female,3.0,1,Laptop & Accessory,1,Married,2,1,20.0,1.0,1.0,4.0,146.47,0
CUST-51868,10.0,Mobile Phone,1,16.0,Debit Card,Male,3.0,1,Mobile Phone,1,Single,4,0,17.0,1.0,1.0,0.0,146.8,0
CUST-51869,23.0,Mobile Phone,1,34.0,Credit Card,Male,3.0,1,Mobile Phone,3,Married,2,1,11.0,0.0,3.0,8.0,132.21,0
CUST-51870,7.0,Mobile Phone,1,15.0,Credit Card,Female,2.0,4,Fashion,4,Single,2,0,14.0,4.0,7.0,7.0,186.21,0
CUST-51871,0.0,Mobile Phone,3,9.0,Debit Card,Female,3.0,3,Laptop & Accessory,3,Single,10,0,14.0,1.0,2.0,0.0,145.77,1
CUST-51872,12.0,Mobile Phone,1,8.0,Cash on Delivery,Female,3.0,4,Laptop & Accessory,3,Single,2,0,11.0,1.0,11.0,10.0,145.53,0
CUST-51873,5.0,Mobile Phone,3,16.0,E wallet,Male,2.0,3,Laptop & Accessory,1,Single,2,0,12.0,1.0,1.0,8.0,153.96,0
CUST-51874,13.0,Computer,3,14.0,Cash on Delivery,Male,2.0,3,Laptop & Accessory,3,Married,4,1,14.0,0.0,1.0,3.0,167.96,1
CUST-51875,11.0,Mobile Phone,1,6.0,Debit Card,Female,2.0,1,Laptop & Accessory,1,Single,1,0,13.0,0.0,1.0,8.0,176.25,0
CUST-51876,0.0,Mobile Phone,1,6.0,Debit Card,Female,3.0,3,Fashion,5,Married,2,0,11.0,0.0,1.0,7.0,174.12,0
CUST-51877,5.0,Mobile Phone,1,9.0,Debit Card,Female,2.0,3,Fashion,1,Single,4,0,15.0,6.0,7.0,,211.58999999999997,0
CUST-51878,20.0,Mobile Phone,3,20.0,E wallet,Male,2.0,3,Laptop & Accessory,5,Single,3,0,12.0,1.0,1.0,7.0,149.6,0
CUST-51879,13.0,Computer,3,11.0,Debit Card,Male,2.0,4,Fashion,5,Married,6,1,21.0,0.0,1.0,12.0,204.75,0
CUST-51880,26.0,Mobile Phone,1,13.0,Debit Card,Male,2.0,1,Grocery,3,Married,4,0,19.0,0.0,,3.0,248.14,0
CUST-51881,14.0,Mobile Phone,2,16.0,UPI,Male,3.0,4,Others,1,Married,4,0,15.0,,12.0,6.0,291.41,0
CUST-51882,30.0,Mobile Phone,3,22.0,E wallet,Male,2.0,3,Laptop & Accessory,5,Single,9,0,14.0,2.0,2.0,2.0,154.05,0
CUST-51883,0.0,Computer,1,16.0,Debit Card,Male,2.0,3,Fashion,5,Married,2,0,21.0,0.0,1.0,7.0,187.93,0
CUST-51884,14.0,Mobile Phone,2,6.0,UPI,Male,2.0,4,Others,3,Married,2,0,12.0,,2.0,10.0,291.89,0
CUST-51885,23.0,Mobile Phone,3,14.0,E wallet,Male,2.0,3,Mobile Phone,4,Married,8,0,15.0,0.0,2.0,2.0,138.75,0
CUST-51886,,Mobile Phone,1,6.0,Debit Card,Female,3.0,5,Mobile Phone,4,Single,8,1,13.0,1.0,3.0,7.0,122.16,1
CUST-51887,9.0,Computer,1,14.0,Debit Card,Female,3.0,1,Fashion,5,Married,10,0,14.0,0.0,1.0,,217.13,0
CUST-51888,11.0,Mobile Phone,1,6.0,Debit Card,Female,2.0,3,Fashion,3,Single,5,1,14.0,0.0,1.0,0.0,178.61,0
CUST-51889,17.0,Computer,1,30.0,Credit Card,Male,2.0,5,Mobile Phone,3,Single,3,0,14.0,0.0,1.0,4.0,137.08,0
CUST-51890,20.0,Computer,3,9.0,Credit Card,Female,2.0,3,Grocery,3,Married,10,1,12.0,1.0,,13.0,237.7,0
CUST-51891,3.0,Mobile Phone,3,33.0,E wallet,Male,3.0,3,Laptop & Accessory,1,Married,8,0,23.0,2.0,7.0,7.0,153.04,0
CUST-51892,2.0,Mobile Phone,3,,Debit Card,Male,3.0,3,Mobile Phone,3,Single,2,0,11.0,1.0,1.0,0.0,126.41999999999999,0
CUST-51893,5.0,Computer,1,25.0,Credit Card,Male,,1,Mobile Phone,3,Married,7,1,12.0,0.0,2.0,2.0,127.59,1
CUST-51894,16.0,Computer,3,21.0,Debit Card,Male,2.0,4,Laptop & Accessory,1,Married,4,0,18.0,1.0,2.0,2.0,168.04,0
CUST-51895,7.0,Mobile Phone,1,14.0,Credit Card,Female,3.0,3,Laptop & Accessory,3,Single,4,0,11.0,0.0,4.0,3.0,161.42,0
CUST-51896,0.0,Mobile Phone,1,,Credit Card,Male,2.0,3,Mobile Phone,5,Married,2,0,14.0,1.0,1.0,2.0,125.0,0
CUST-51897,12.0,Mobile Phone,2,9.0,UPI,Female,2.0,1,Laptop & Accessory,4,Married,10,0,15.0,0.0,3.0,6.0,163.89,0
CUST-51898,29.0,Mobile Phone,1,15.0,Credit Card,Male,2.0,3,Grocery,1,Married,8,0,11.0,0.0,1.0,,211.02999999999997,0
CUST-51899,13.0,Mobile Phone,1,,Credit Card,Female,2.0,4,Mobile Phone,1,Single,1,1,20.0,0.0,2.0,3.0,123.41999999999999,0
CUST-51900,0.0,Mobile Phone,1,13.0,Credit Card,Female,2.0,4,Laptop & Accessory,5,Single,9,0,19.0,1.0,1.0,7.0,168.11,0
CUST-51901,,Mobile Phone,3,16.0,E wallet,Male,2.0,3,Mobile Phone,4,Married,2,0,14.0,2.0,2.0,2.0,122.97,0
CUST-51902,26.0,Mobile Phone,1,,Debit Card,Male,2.0,3,Laptop & Accessory,1,Single,3,0,17.0,2.0,2.0,2.0,124.5,0
CUST-51903,8.0,Computer,1,8.0,Debit Card,Female,3.0,3,Laptop & Accessory,5,Married,3,0,11.0,1.0,1.0,0.0,150.93,0
CUST-51904,5.0,Computer,1,30.0,Debit Card,Male,3.0,3,Laptop & Accessory,1,Married,2,0,15.0,1.0,4.0,7.0,153.09,0
CUST-51905,11.0,Mobile Phone,1,8.0,Credit Card,Male,,3,Mobile Phone,3,Married,7,1,13.0,0.0,1.0,1.0,130.57,0
CUST-51906,7.0,Mobile Phone,1,14.0,Debit Card,Female,2.0,3,Laptop & Accessory,5,Married,4,0,14.0,1.0,1.0,0.0,151.21,0
CUST-51907,25.0,Mobile Phone,3,9.0,E wallet,Male,2.0,4,Grocery,5,Married,2,0,11.0,,1.0,16.0,268.56,0
CUST-51908,0.0,Mobile Phone,1,6.0,UPI,Male,,3,Mobile Phone,1,Single,2,1,13.0,6.0,7.0,8.0,126.86000000000001,1
CUST-51909,0.0,Mobile Phone,3,32.0,Credit Card,Female,2.0,3,Laptop & Accessory,1,Single,2,0,23.0,0.0,1.0,4.0,161.8,0
CUST-51910,18.0,Mobile Phone,3,8.0,Cash on Delivery,Male,2.0,5,Laptop & Accessory,3,Single,1,0,13.0,1.0,3.0,1.0,166.32,0
CUST-51911,0.0,Mobile Phone,1,16.0,Credit Card,Male,3.0,1,Mobile Phone,3,Single,2,0,18.0,0.0,1.0,2.0,135.05,0
CUST-51912,10.0,Computer,3,33.0,Debit Card,Female,3.0,1,Laptop & Accessory,3,Single,5,1,12.0,0.0,1.0,3.0,163.97,1
CUST-51913,7.0,Mobile Phone,3,8.0,UPI,Male,2.0,3,Laptop & Accessory,1,Single,2,0,22.0,0.0,1.0,4.0,162.74,0
CUST-51914,18.0,Mobile Phone,1,8.0,Credit Card,Male,3.0,3,Others,5,Married,6,1,,1.0,1.0,4.0,298.59,1
CUST-51915,9.0,Computer,3,14.0,Debit Card,Male,3.0,4,Fashion,5,Single,2,0,15.0,0.0,1.0,9.0,175.87,0
CUST-51916,25.0,Computer,1,25.0,Credit Card,Male,2.0,3,Mobile Phone,1,Married,1,0,18.0,1.0,1.0,2.0,142.58,0
CUST-51917,0.0,Computer,1,6.0,Debit Card,Female,3.0,5,Mobile Phone,1,Married,4,0,14.0,2.0,2.0,0.0,143.64,0
CUST-51918,2.0,Mobile Phone,1,33.0,Credit Card,Female,3.0,3,Laptop & Accessory,3,Married,5,0,12.0,0.0,1.0,1.0,143.35,0
CUST-51919,0.0,Mobile Phone,3,14.0,Cash on Delivery,Male,2.0,4,Laptop & Accessory,5,Single,7,0,17.0,0.0,1.0,2.0,153.26,1
CUST-51920,7.0,Mobile Phone,1,6.0,Debit Card,Female,3.0,1,Mobile Phone,1,Single,3,0,16.0,1.0,1.0,3.0,132.8,0
CUST-51921,27.0,Mobile Phone,1,25.0,Credit Card,Female,3.0,3,Laptop & Accessory,5,Married,10,1,11.0,0.0,1.0,4.0,154.85,0
CUST-51922,0.0,Computer,3,14.0,E wallet,Male,2.0,3,Laptop & Accessory,1,Married,1,0,19.0,1.0,1.0,1.0,143.42,0
CUST-51923,10.0,Mobile Phone,1,16.0,Debit Card,Female,,3,Mobile Phone,5,Married,1,1,13.0,4.0,4.0,3.0,127.82,0
CUST-51924,11.0,Computer,1,8.0,Debit Card,Female,3.0,1,Laptop & Accessory,5,Single,7,1,12.0,0.0,4.0,12.0,159.8,0
CUST-51925,7.0,Mobile Phone,1,8.0,Credit Card,Female,2.0,4,Mobile Phone,5,Single,2,0,11.0,1.0,1.0,3.0,143.81,0
CUST-51926,8.0,Mobile Phone,3,,Debit Card,Female,3.0,3,Mobile Phone,1,Married,2,0,16.0,1.0,1.0,2.0,125.72,0
CUST-51927,3.0,Mobile Phone,1,6.0,Debit Card,Male,2.0,5,Mobile Phone,3,Married,4,0,21.0,1.0,1.0,2.0,138.33,0
CUST-51928,13.0,Computer,1,8.0,Credit Card,Female,2.0,1,Laptop & Accessory,4,Married,2,0,24.0,0.0,3.0,7.0,142.44,0
CUST-51929,7.0,Mobile Phone,3,14.0,Debit Card,Female,3.0,3,Laptop & Accessory,5,Married,6,0,17.0,1.0,1.0,2.0,165.0,0
CUST-51930,15.0,Computer,1,14.0,Debit Card,Male,3.0,3,Others,1,Married,2,0,13.0,,14.0,9.0,284.3,0
CUST-51931,,Mobile Phone,1,12.0,Debit Card,Male,3.0,1,Mobile Phone,5,Married,2,1,21.0,0.0,1.0,0.0,116.00999999999999,1
CUST-51932,0.0,Computer,1,15.0,Debit Card,Male,,4,Mobile Phone,4,Married,2,0,11.0,0.0,1.0,0.0,126.94,0
CUST-51933,25.0,Mobile Phone,1,17.0,Debit Card,Female,,3,Laptop & Accessory,3,Married,9,0,20.0,1.0,1.0,4.0,131.49,0
CUST-51934,23.0,Mobile Phone,1,8.0,Credit Card,Male,3.0,3,Grocery,3,Married,6,0,16.0,,1.0,3.0,276.39,0
CUST-51935,0.0,Mobile Phone,1,,Debit Card,Female,2.0,4,Mobile Phone,5,Married,2,1,11.0,0.0,1.0,0.0,123.19,1
CUST-51936,6.0,Mobile Phone,1,13.0,Credit Card,Male,2.0,3,Fashion,3,Married,1,0,11.0,1.0,3.0,,216.91000000000003,0
CUST-51937,0.0,Mobile Phone,3,22.0,E wallet,Female,3.0,3,Laptop & Accessory,5,Single,6,0,15.0,1.0,1.0,2.0,153.24,1
CUST-51938,20.0,Mobile Phone,1,8.0,UPI,Female,2.0,3,Grocery,1,Married,2,1,11.0,,3.0,0.0,267.52,0
CUST-51939,9.0,Mobile Phone,1,6.0,UPI,Female,2.0,3,Laptop & Accessory,4,Married,1,0,15.0,1.0,1.0,5.0,152.28,0
CUST-51940,2.0,Mobile Phone,1,29.0,Debit Card,Male,,1,Mobile Phone,3,Married,2,0,24.0,1.0,1.0,7.0,127.0,0
CUST-51941,20.0,Mobile Phone,1,8.0,Debit Card,Male,2.0,3,Others,4,Single,8,1,,7.0,13.0,8.0,292.46,1
CUST-51942,8.0,Mobile Phone,1,,Debit Card,Female,2.0,1,Mobile Phone,3,Single,4,0,13.0,2.0,2.0,2.0,125.06,0
CUST-51943,15.0,Mobile Phone,1,6.0,Debit Card,Female,2.0,4,Laptop & Accessory,1,Married,10,1,13.0,0.0,1.0,2.0,160.62,0
CUST-51944,0.0,Mobile Phone,1,8.0,Credit Card,Male,2.0,3,Mobile Phone,3,Single,7,0,17.0,2.0,2.0,1.0,143.82,1
CUST-51945,,Mobile Phone,2,19.0,UPI,Male,2.0,3,Mobile Phone,4,Married,5,0,13.0,1.0,1.0,4.0,121.43,0
CUST-51946,5.0,Mobile Phone,1,10.0,Debit Card,Female,3.0,4,Laptop & Accessory,3,Married,2,0,12.0,5.0,6.0,8.0,161.62,0
CUST-51947,13.0,Computer,1,22.0,Credit Card,Male,2.0,4,Laptop & Accessory,3,Single,7,0,14.0,0.0,1.0,0.0,150.94,0
CUST-51948,3.0,Mobile Phone,1,8.0,Credit Card,Female,2.0,4,Laptop & Accessory,1,Single,6,1,24.0,1.0,1.0,0.0,168.77,0
CUST-51949,,Mobile Phone,1,8.0,Debit Card,Female,3.0,4,Mobile Phone,3,Single,2,0,14.0,1.0,1.0,0.0,122.74000000000001,0
CUST-51950,15.0,Mobile Phone,1,35.0,Debit Card,Male,3.0,3,Laptop & Accessory,4,Married,2,0,13.0,5.0,7.0,8.0,144.34,0
CUST-51951,11.0,Computer,1,18.0,Debit Card,Male,0.0,4,Laptop & Accessory,5,Married,3,0,15.0,1.0,1.0,2.0,162.88,0
CUST-51952,7.0,Computer,1,,Debit Card,Female,3.0,4,Mobile Phone,1,Single,2,0,16.0,1.0,1.0,3.0,125.53,0
CUST-51953,12.0,Mobile Phone,3,17.0,E wallet,Female,2.0,3,Fashion,1,Married,2,0,18.0,0.0,7.0,7.0,176.54,1
CUST-51954,18.0,Mobile Phone,3,8.0,Credit Card,Male,2.0,3,Laptop & Accessory,1,Single,5,0,16.0,1.0,7.0,3.0,151.6,1
CUST-51955,16.0,Mobile Phone,1,20.0,Debit Card,Male,3.0,3,Grocery,5,Married,7,0,24.0,,1.0,0.0,271.59,0
CUST-51956,0.0,Mobile Phone,1,11.0,Cash on Delivery,Male,2.0,4,Fashion,1,Married,2,1,16.0,1.0,1.0,,228.07999999999998,0
CUST-51957,8.0,Mobile Phone,1,13.0,UPI,Male,2.0,3,Fashion,3,Single,4,0,21.0,0.0,1.0,6.0,202.21,0
CUST-51958,1.0,Mobile Phone,3,8.0,E wallet,Female,2.0,3,Laptop & Accessory,4,Married,2,1,20.0,6.0,7.0,5.0,147.79,0
CUST-51959,7.0,Mobile Phone,2,9.0,UPI,Male,2.0,3,Mobile Phone,1,Married,1,0,19.0,1.0,1.0,2.0,137.37,0
CUST-51960,0.0,Computer,1,,Credit Card,Female,2.0,4,Mobile Phone,3,Married,2,1,14.0,0.0,1.0,7.0,123.66,1
CUST-51961,,Computer,1,9.0,Credit Card,Male,2.0,3,Mobile Phone,1,Married,2,0,11.0,0.0,1.0,0.0,117.06,0
CUST-51962,24.0,Mobile Phone,3,32.0,E wallet,Female,3.0,3,Grocery,3,Married,3,0,14.0,,4.0,17.0,263.07,0
CUST-51963,17.0,Mobile Phone,1,10.0,Credit Card,Male,2.0,3,Laptop & Accessory,4,Single,10,0,12.0,1.0,2.0,3.0,159.33,0
CUST-51964,0.0,Mobile Phone,1,8.0,Credit Card,Male,3.0,1,Mobile Phone,5,Single,8,0,13.0,0.0,1.0,1.0,134.24,0
CUST-51965,6.0,Mobile Phone,3,6.0,Credit Card,Male,2.0,1,Laptop & Accessory,5,Married,2,0,22.0,0.0,1.0,8.0,140.37,0
CUST-51966,8.0,Mobile Phone,1,,Credit Card,Female,2.0,4,Mobile Phone,5,Single,2,0,11.0,0.0,1.0,1.0,125.59,0
CUST-51967,9.0,Mobile Phone,3,6.0,Debit Card,Male,2.0,3,Laptop & Accessory,1,Married,2,1,14.0,3.0,4.0,11.0,162.01,0
CUST-51968,5.0,Mobile Phone,3,19.0,Debit Card,Male,3.0,3,Laptop & Accessory,1,Married,3,0,11.0,0.0,1.0,3.0,144.03,0
CUST-51969,3.0,Computer,1,11.0,Debit Card,Male,3.0,4,Mobile Phone,1,Married,10,0,12.0,0.0,1.0,3.0,137.61,0
CUST-51970,26.0,Mobile Phone,3,13.0,E wallet,Female,3.0,4,Fashion,1,Married,8,1,18.0,0.0,1.0,,209.33999999999997,0
CUST-51971,18.0,Mobile Phone,3,15.0,E wallet,Male,3.0,3,Fashion,5,Married,5,1,12.0,0.0,1.0,2.0,207.61,0
CUST-51972,5.0,Mobile Phone,1,14.0,Credit Card,Female,3.0,1,Laptop & Accessory,3,Married,6,0,12.0,1.0,1.0,3.0,151.75,0
CUST-51973,25.0,Computer,1,31.0,Credit Card,Female,2.0,4,Grocery,1,Married,4,0,22.0,0.0,,0.0,238.26,0
CUST-51974,10.0,Mobile Phone,3,22.0,E wallet,Male,3.0,4,Laptop & Accessory,3,Married,5,0,19.0,1.0,1.0,0.0,163.34,0
CUST-51975,1.0,Mobile Phone,2,14.0,Credit Card,Male,3.0,4,Mobile Phone,1,Married,2,0,13.0,1.0,1.0,4.0,149.36,0
CUST-51976,0.0,Mobile Phone,1,6.0,Debit Card,Male,2.0,4,Laptop & Accessory,1,Married,7,0,22.0,2.0,2.0,2.0,147.75,0
CUST-51977,17.0,Mobile Phone,1,14.0,Debit Card,Male,,1,Mobile Phone,1,Married,3,1,24.0,1.0,1.0,2.0,128.18,0
CUST-51978,15.0,Computer,1,,Credit Card,Male,2.0,3,Mobile Phone,1,Single,6,1,14.0,1.0,2.0,2.0,125.15,0
CUST-51979,9.0,Mobile Phone,2,,Debit Card,Male,3.0,4,Mobile Phone,5,Married,1,0,21.0,0.0,1.0,3.0,123.41999999999999,0
CUST-51980,0.0,Mobile Phone,3,9.0,UPI,Male,3.0,3,Laptop & Accessory,5,Married,2,1,18.0,0.0,1.0,3.0,141.94,0
CUST-51981,8.0,Mobile Phone,1,15.0,Debit Card,Female,3.0,4,Fashion,3,Married,2,1,20.0,3.0,5.0,15.0,206.85000000000002,0
CUST-51982,,Computer,1,31.0,Debit Card,Female,3.0,3,Mobile Phone,4,Married,2,1,19.0,6.0,7.0,8.0,120.22,1
CUST-51983,5.0,Computer,1,6.0,Debit Card,Male,3.0,3,Mobile Phone,1,Married,1,0,12.0,1.0,1.0,2.0,123.13999999999999,0
CUST-51984,0.0,Mobile Phone,3,10.0,E wallet,Male,2.0,4,Laptop & Accessory,5,Married,2,0,12.0,1.0,1.0,3.0,142.56,0
CUST-51985,22.0,Mobile Phone,1,6.0,Cash on Delivery,Female,2.0,3,Mobile Phone,5,Married,3,0,16.0,0.0,1.0,2.0,135.8,0
CUST-51986,0.0,Computer,1,10.0,Debit Card,Male,2.0,4,Mobile Phone,1,Married,1,0,17.0,0.0,3.0,4.0,131.62,0
CUST-51987,5.0,Computer,3,11.0,Debit Card,Male,2.0,3,Laptop & Accessory,4,Married,2,0,14.0,2.0,5.0,3.0,165.24,0
CUST-51988,11.0,Mobile Phone,3,15.0,E wallet,Male,,4,Mobile Phone,4,Married,1,0,19.0,0.0,1.0,2.0,128.99,0
CUST-51989,15.0,Mobile Phone,1,9.0,Debit Card,Female,3.0,1,Laptop & Accessory,1,Married,3,1,13.0,1.0,1.0,3.0,152.31,0
CUST-51990,4.0,Mobile Phone,1,,Debit Card,Male,2.0,3,Mobile Phone,1,Married,4,1,19.0,0.0,1.0,2.0,123.56,0
CUST-51991,0.0,Mobile Phone,3,6.0,Credit Card,Female,,4,Mobile Phone,3,Married,7,1,19.0,1.0,1.0,2.0,128.0,1
CUST-51992,26.0,Mobile Phone,3,14.0,E wallet,Male,3.0,3,Grocery,1,Married,6,0,14.0,2.0,2.0,,218.36,0
CUST-51993,8.0,Mobile Phone,1,31.0,Cash on Delivery,Male,3.0,4,Fashion,4,Married,4,0,16.0,2.0,4.0,8.0,209.02999999999997,0
CUST-51994,10.0,Computer,3,27.0,Credit Card,Female,,3,Mobile Phone,1,Married,6,0,15.0,1.0,1.0,0.0,129.73,0
CUST-51995,26.0,Mobile Phone,1,29.0,Debit Card,Female,3.0,3,Grocery,1,Single,7,0,18.0,3.0,,8.0,242.75,0
CUST-51996,16.0,Computer,1,6.0,Debit Card,Female,2.0,3,Laptop & Accessory,1,Married,5,0,13.0,1.0,2.0,2.0,155.62,0
CUST-51997,20.0,Mobile Phone,3,8.0,E wallet,Female,2.0,3,Laptop & Accessory,1,Married,1,1,22.0,3.0,7.0,7.0,145.37,0
CUST-51998,10.0,Computer,3,25.0,Credit Card,Male,2.0,3,Fashion,4,Single,2,1,13.0,0.0,1.0,9.0,176.42,0
CUST-51999,23.0,Computer,1,8.0,Debit Card,Male,3.0,3,Grocery,5,Married,2,0,11.0,,14.0,7.0,279.24,0
CUST-52000,12.0,Mobile Phone,2,8.0,Debit Card,Female,2.0,4,Laptop & Accessory,1,Married,9,0,11.0,1.0,1.0,4.0,152.04,0
CUST-52001,,Mobile Phone,2,9.0,UPI,Male,2.0,3,Mobile Phone,4,Married,4,1,11.0,0.0,1.0,3.0,122.77000000000001,0
CUST-52002,0.0,Mobile Phone,1,31.0,Debit Card,Male,,3,Mobile Phone,1,Single,2,1,24.0,0.0,1.0,1.0,127.94999999999999,1
CUST-52003,2.0,Mobile Phone,1,,Credit Card,Female,3.0,4,Mobile Phone,1,Married,7,0,14.0,1.0,1.0,3.0,125.32,0
CUST-52004,17.0,Mobile Phone,1,,Debit Card,Male,3.0,3,Mobile Phone,5,Married,2,1,13.0,5.0,7.0,1.0,125.59,0
CUST-52005,1.0,Mobile Phone,3,11.0,Credit Card,Male,3.0,3,Laptop & Accessory,1,Single,2,0,14.0,0.0,1.0,2.0,149.08,0
CUST-52006,20.0,Computer,1,,Debit Card,Male,2.0,4,Mobile Phone,1,Married,10,1,14.0,1.0,1.0,0.0,123.80000000000001,1
CUST-52007,16.0,Mobile Phone,1,14.0,Debit Card,Female,2.0,3,Laptop & Accessory,4,Married,5,0,21.0,1.0,1.0,0.0,147.65,0
CUST-52008,,Mobile Phone,3,8.0,Credit Card,Female,2.0,4,Mobile Phone,3,Single,2,0,13.0,1.0,1.0,2.0,120.44,1
CUST-52009,0.0,Mobile Phone,1,24.0,UPI,Female,,3,Mobile Phone,1,Single,2,0,19.0,1.0,1.0,0.0,126.93,1
CUST-52010,9.0,Mobile Phone,1,20.0,Debit Card,Male,3.0,3,Laptop & Accessory,1,Married,1,1,17.0,2.0,4.0,11.0,165.86,0
CUST-52011,20.0,Mobile Phone,3,8.0,Debit Card,Female,3.0,4,Mobile Phone,1,Single,2,1,18.0,0.0,1.0,2.0,132.94,0
CUST-52012,0.0,Mobile Phone,1,9.0,Debit Card,Female,2.0,3,Laptop & Accessory,3,Married,1,1,19.0,1.0,1.0,2.0,141.71,1
CUST-52013,4.0,Mobile Phone,1,8.0,Debit Card,Female,,5,Mobile Phone,1,Married,5,1,13.0,0.0,1.0,0.0,127.78,1
CUST-52014,1.0,Mobile Phone,1,,Credit Card,Female,3.0,3,Mobile Phone,3,Married,6,0,18.0,0.0,2.0,2.0,123.77000000000001,0
CUST-52015,2.0,Mobile Phone,1,,Credit Card,Male,3.0,3,Mobile Phone,5,Married,8,1,21.0,1.0,2.0,2.0,124.03999999999999,1
CUST-52016,0.0,Mobile Phone,1,,Debit Card,Female,3.0,3,Mobile Phone,3,Single,2,0,19.0,0.0,1.0,0.0,123.18,0
CUST-52017,,Mobile Phone,1,16.0,Debit Card,Male,2.0,3,Mobile Phone,4,Married,2,0,14.0,1.0,1.0,0.0,120.08000000000001,0
CUST-52018,15.0,Mobile Phone,3,20.0,Credit Card,Female,3.0,4,Laptop & Accessory,3,Single,8,0,17.0,1.0,1.0,3.0,162.44,0
CUST-52019,6.0,Mobile Phone,1,6.0,UPI,Male,,4,Mobile Phone,5,Single,4,1,11.0,1.0,1.0,2.0,127.99000000000001,0
CUST-52020,30.0,Mobile Phone,1,11.0,Cash on Delivery,Female,2.0,4,Fashion,4,Married,3,1,13.0,1.0,1.0,4.0,205.52,0
CUST-52021,4.0,Mobile Phone,3,,Debit Card,Male,2.0,4,Mobile Phone,3,Married,4,0,15.0,2.0,5.0,2.0,123.28999999999999,0
CUST-52022,8.0,Mobile Phone,1,27.0,Debit Card,Female,2.0,3,Laptop & Accessory,1,Married,2,1,25.0,0.0,1.0,7.0,140.14,0
CUST-52023,22.0,Mobile Phone,1,14.0,UPI,Female,2.0,3,Fashion,4,Married,5,0,11.0,0.0,1.0,7.0,174.03,0
CUST-52024,,Mobile Phone,1,26.0,Credit Card,Male,2.0,3,Mobile Phone,3,Married,5,0,17.0,1.0,1.0,0.0,122.59,0
CUST-52025,4.0,Computer,3,26.0,E wallet,Female,2.0,3,Laptop & Accessory,3,Married,2,0,13.0,1.0,1.0,0.0,169.32,0
CUST-52026,9.0,Mobile Phone,1,13.0,UPI,Male,3.0,3,Mobile Phone,1,Single,3,0,18.0,1.0,1.0,1.0,146.78,0
CUST-52027,11.0,Mobile Phone,1,6.0,Cash on Delivery,Female,3.0,3,Fashion,5,Married,2,0,13.0,4.0,,11.0,235.82,0
CUST-52028,5.0,Computer,1,,Debit Card,Female,3.0,4,Mobile Phone,4,Married,7,0,20.0,0.0,1.0,2.0,123.32,0
CUST-52029,0.0,Mobile Phone,3,,E wallet,Male,2.0,4,Mobile Phone,4,Married,2,1,18.0,0.0,1.0,0.0,124.13,1
CUST-52030,13.0,Mobile Phone,3,16.0,E wallet,Male,3.0,4,Fashion,4,Married,3,0,12.0,0.0,1.0,0.0,197.05,0
CUST-52031,0.0,Computer,3,6.0,Credit Card,Male,2.0,4,Laptop & Accessory,5,Single,2,0,12.0,0.0,1.0,7.0,142.94,0
CUST-52032,14.0,Mobile Phone,1,12.0,Credit Card,Male,2.0,3,Mobile Phone,5,Single,3,1,13.0,1.0,2.0,17.0,147.21,0
CUST-52033,9.0,Mobile Phone,1,,Credit Card,Male,3.0,3,Mobile Phone,3,Single,5,0,21.0,1.0,3.0,9.0,125.19,0
CUST-52034,,Mobile Phone,3,27.0,UPI,Male,2.0,4,Mobile Phone,4,Single,2,1,13.0,1.0,1.0,0.0,121.21000000000001,1
CUST-52035,0.0,Mobile Phone,1,10.0,Cash on Delivery,Male,,3,Mobile Phone,5,Single,2,0,19.0,1.0,1.0,0.0,129.73,1
CUST-52036,4.0,Mobile Phone,1,18.0,Credit Card,Female,2.0,3,Laptop & Accessory,1,Married,1,1,11.0,6.0,8.0,5.0,158.55,0
CUST-52037,13.0,Computer,1,15.0,Credit Card,Male,2.0,3,Mobile Phone,4,Married,9,1,14.0,0.0,1.0,0.0,136.17,0
CUST-52038,5.0,Mobile Phone,1,9.0,Credit Card,Female,3.0,3,Laptop & Accessory,5,Married,2,0,12.0,1.0,6.0,3.0,167.25,0
CUST-52039,0.0,Mobile Phone,3,9.0,Debit Card,Male,2.0,4,Fashion,1,Married,2,1,11.0,3.0,3.0,7.0,203.25,1
CUST-52040,6.0,Mobile Phone,1,6.0,Debit Card,Female,2.0,4,Laptop & Accessory,1,Single,1,0,14.0,1.0,1.0,4.0,169.49,0
CUST-52041,0.0,Mobile Phone,3,6.0,Debit Card,Male,2.0,4,Fashion,3,Married,6,0,11.0,5.0,11.0,46.0,206.08999999999997,1
CUST-52042,18.0,Computer,1,10.0,Debit Card,Male,2.0,3,Laptop & Accessory,4,Married,2,0,12.0,1.0,1.0,8.0,144.47,0
CUST-52043,,Computer,3,26.0,Cash on Delivery,Female,2.0,3,Mobile Phone,1,Married,2,0,15.0,0.0,1.0,2.0,121.57,0
CUST-52044,8.0,Mobile Phone,3,24.0,Credit Card,Female,2.0,3,Laptop & Accessory,3,Married,2,0,16.0,1.0,1.0,0.0,146.01,0
CUST-52045,25.0,Mobile Phone,1,6.0,Debit Card,Male,3.0,3,Grocery,1,Married,3,0,15.0,,7.0,8.0,270.99,0
CUST-52046,20.0,Mobile Phone,1,,Cash on Delivery,Male,2.0,3,Mobile Phone,3,Single,5,0,24.0,0.0,1.0,0.0,124.78999999999999,1
CUST-52047,26.0,Mobile Phone,3,8.0,Credit Card,Male,2.0,3,Grocery,3,Married,7,0,13.0,11.0,,2.0,248.51999999999998,0
CUST-52048,3.0,Mobile Phone,3,14.0,UPI,Male,3.0,3,Fashion,3,Married,6,0,11.0,2.0,7.0,7.0,172.64,0
CUST-52049,11.0,Computer,3,16.0,Cash on Delivery,Female,2.0,3,Laptop & Accessory,1,Single,2,1,13.0,1.0,1.0,3.0,156.66,0
CUST-52050,8.0,Mobile Phone,3,9.0,Debit Card,Male,3.0,3,Fashion,1,Married,7,0,13.0,0.0,1.0,8.0,178.23,0
CUST-52051,12.0,Mobile Phone,3,8.0,Debit Card,Male,2.0,1,Fashion,3,Single,1,0,18.0,0.0,1.0,7.0,178.8,0
CUST-52052,3.0,Computer,3,30.0,Debit Card,Female,3.0,1,Grocery,4,Single,5,1,16.0,1.0,,0.0,231.94,1
CUST-52053,20.0,Computer,1,22.0,Credit Card,Male,3.0,1,Laptop & Accessory,3,Married,2,1,19.0,1.0,2.0,7.0,150.67,0
CUST-52054,9.0,Computer,3,14.0,Cash on Delivery,Male,2.0,3,Laptop & Accessory,1,Married,5,0,13.0,1.0,1.0,7.0,150.79,0
CUST-52055,0.0,Computer,1,,Credit Card,Male,2.0,4,Mobile Phone,5,Single,1,1,22.0,0.0,1.0,2.0,123.21000000000001,1
CUST-52056,6.0,Computer,3,23.0,Debit Card,Male,2.0,3,Grocery,3,Single,2,0,11.0,,6.0,0.0,274.44,0
CUST-52057,0.0,Mobile Phone,1,,Debit Card,Female,3.0,4,Mobile Phone,5,Single,7,1,20.0,1.0,1.0,0.0,124.03999999999999,1
CUST-52058,6.0,Mobile Phone,1,19.0,Debit Card,Female,2.0,3,Mobile Phone,1,Single,4,0,18.0,1.0,1.0,2.0,134.52,0
CUST-52059,,Mobile Phone,1,6.0,Credit Card,Female,3.0,3,Mobile Phone,1,Married,4,0,14.0,1.0,1.0,2.0,122.69999999999999,0
CUST-52060,23.0,Mobile Phone,1,6.0,Credit Card,Male,3.0,3,Grocery,1,Married,10,0,22.0,,1.0,3.0,273.99,0
CUST-52061,6.0,Computer,1,6.0,UPI,Female,2.0,1,Laptop & Accessory,4,Married,2,1,13.0,1.0,1.0,2.0,154.88,0
CUST-52062,14.0,Computer,1,15.0,Credit Card,Male,3.0,3,Others,3,Married,3,0,,0.0,1.0,11.0,294.19,0
CUST-52063,0.0,Mobile Phone,1,22.0,Cash on Delivery,Female,,3,Mobile Phone,4,Married,10,0,14.0,2.0,2.0,2.0,128.11,0
CUST-52064,18.0,Computer,1,29.0,Debit Card,Male,2.0,3,Laptop & Accessory,5,Married,2,1,15.0,1.0,1.0,8.0,136.33,0
CUST-52065,20.0,Mobile Phone,3,10.0,Debit Card,Female,2.0,3,Laptop & Accessory,1,Single,2,1,17.0,1.0,1.0,7.0,141.63,0
CUST-52066,,Mobile Phone,1,28.0,Debit Card,Female,2.0,3,Mobile Phone,3,Married,5,1,11.0,0.0,1.0,1.0,121.32,1
CUST-52067,23.0,Mobile Phone,1,30.0,Debit Card,Male,3.0,3,Grocery,3,Married,4,1,18.0,1.0,,5.0,239.73000000000002,0
CUST-52068,11.0,Computer,1,16.0,Credit Card,Male,,3,Mobile Phone,3,Married,1,0,17.0,0.0,1.0,2.0,126.84,0
CUST-52069,19.0,Mobile Phone,1,13.0,Credit Card,Male,3.0,3,Fashion,3,Married,7,0,13.0,1.0,1.0,7.0,208.45,0
CUST-52070,0.0,Mobile Phone,1,23.0,Credit Card,Female,2.0,4,Laptop & Accessory,3,Married,2,0,15.0,0.0,3.0,2.0,143.77,0
CUST-52071,0.0,Mobile Phone,1,20.0,UPI,Male,2.0,4,Mobile Phone,4,Married,2,1,24.0,1.0,1.0,2.0,137.43,1
CUST-52072,4.0,Computer,1,6.0,Debit Card,Female,3.0,3,Laptop & Accessory,5,Married,2,0,12.0,1.0,1.0,3.0,141.48,0
CUST-52073,0.0,Computer,1,11.0,Debit Card,Male,3.0,3,Mobile Phone,1,Single,2,0,15.0,0.0,1.0,0.0,110.50999999999999,0
CUST-52074,27.0,Mobile Phone,1,23.0,Cash on Delivery,Female,2.0,3,Fashion,3,Married,9,0,11.0,0.0,1.0,8.0,207.39,0
CUST-52075,8.0,Mobile Phone,1,31.0,Credit Card,Female,2.0,3,Fashion,3,Married,2,1,11.0,0.0,10.0,1.0,203.88,0
CUST-52076,3.0,Mobile Phone,1,14.0,Debit Card,Female,3.0,1,Fashion,5,Married,1,1,12.0,0.0,1.0,,214.16000000000003,0
CUST-52077,0.0,Mobile Phone,1,,Credit Card,Female,3.0,4,Mobile Phone,5,Single,2,1,15.0,1.0,1.0,0.0,126.0,1
CUST-52078,0.0,Computer,1,,Credit Card,Female,2.0,3,Mobile Phone,4,Single,1,0,17.0,0.0,1.0,2.0,124.22,1
CUST-52079,0.0,Mobile Phone,1,8.0,Credit Card,Male,2.0,1,Laptop & Accessory,1,Married,2,0,12.0,1.0,1.0,3.0,154.72,0
CUST-52080,0.0,Mobile Phone,1,,Debit Card,Male,3.0,5,Mobile Phone,5,Married,2,0,15.0,0.0,1.0,1.0,124.50999999999999,0
CUST-52081,21.0,Mobile Phone,1,12.0,Debit Card,Male,3.0,4,Laptop & Accessory,3,Single,3,0,13.0,0.0,2.0,2.0,142.4,0
CUST-52082,21.0,Mobile Phone,1,10.0,Debit Card,Male,3.0,4,Fashion,3,Single,8,0,14.0,1.0,4.0,,209.99,0
CUST-52083,14.0,Mobile Phone,1,13.0,Credit Card,Female,2.0,3,Laptop & Accessory,3,Single,7,0,14.0,2.0,2.0,1.0,150.03,0
CUST-52084,12.0,Mobile Phone,1,6.0,Debit Card,Female,3.0,4,Grocery,1,Married,2,0,16.0,9.0,11.0,,227.42000000000002,0
CUST-52085,0.0,Mobile Phone,1,8.0,Debit Card,Female,2.0,3,Laptop & Accessory,1,Married,1,0,18.0,2.0,2.0,2.0,142.27,0
CUST-52086,8.0,Mobile Phone,1,16.0,UPI,Male,2.0,3,Mobile Phone,1,Married,2,0,20.0,0.0,1.0,2.0,139.17,0
CUST-52087,0.0,Mobile Phone,3,11.0,E wallet,Male,2.0,3,Others,3,Married,7,0,13.0,,1.0,0.0,283.03,0
CUST-52088,23.0,Mobile Phone,1,,Debit Card,Male,3.0,3,Mobile Phone,1,Married,5,0,18.0,1.0,1.0,0.0,123.80000000000001,0
CUST-52089,30.0,Mobile Phone,1,8.0,Debit Card,Female,3.0,4,Grocery,1,Single,4,1,13.0,4.0,,3.0,237.26,0
CUST-52090,0.0,Mobile Phone,1,17.0,Credit Card,Female,3.0,5,Laptop & Accessory,4,Married,6,0,15.0,1.0,1.0,0.0,147.77,1
CUST-52091,28.0,Computer,1,24.0,Credit Card,Male,3.0,3,Laptop & Accessory,4,Married,4,1,14.0,2.0,6.0,7.0,163.85,0
CUST-52092,14.0,Computer,1,13.0,Debit Card,Female,2.0,5,Others,3,Married,2,0,,5.0,5.0,10.0,299.73,0
CUST-52093,11.0,Mobile Phone,3,9.0,Debit Card,Male,2.0,3,Laptop & Accessory,1,Single,9,1,12.0,1.0,1.0,0.0,168.61,0
CUST-52094,0.0,Computer,3,35.0,Credit Card,Male,3.0,5,Laptop & Accessory,5,Single,9,0,18.0,1.0,2.0,2.0,149.69,1
CUST-52095,15.0,Mobile Phone,3,8.0,E wallet,Female,2.0,5,Others,1,Married,2,0,,3.0,6.0,9.0,298.45,1
CUST-52096,17.0,Mobile Phone,3,34.0,Credit Card,Female,2.0,1,Grocery,1,Married,4,1,18.0,4.0,,11.0,233.2,0
CUST-52097,23.0,Computer,3,6.0,Debit Card,Female,3.0,3,Laptop & Accessory,3,Married,1,0,12.0,0.0,1.0,13.0,163.47,0
CUST-52098,0.0,Mobile Phone,1,22.0,Debit Card,Female,,1,Mobile Phone,5,Single,2,0,16.0,3.0,15.0,14.0,127.43,1
CUST-52099,12.0,Computer,1,28.0,Credit Card,Female,2.0,3,Fashion,5,Single,2,1,13.0,1.0,2.0,8.0,208.8,0
CUST-52100,6.0,Computer,3,,Debit Card,Female,2.0,4,Mobile Phone,1,Single,1,0,19.0,0.0,2.0,2.0,123.41999999999999,0
CUST-52101,18.0,Mobile Phone,3,17.0,Debit Card,Female,2.0,3,Grocery,1,Married,4,0,13.0,,1.0,1.0,276.5,0
CUST-52102,5.0,Computer,1,35.0,Credit Card,Female,3.0,3,Mobile Phone,3,Single,10,0,12.0,6.0,7.0,7.0,140.25,0
CUST-52103,7.0,Mobile Phone,3,6.0,E wallet,Male,3.0,1,Laptop & Accessory,1,Married,1,0,11.0,0.0,1.0,9.0,197.25,0
CUST-52104,30.0,Mobile Phone,3,6.0,Cash on Delivery,Male,3.0,3,Fashion,1,Married,4,1,14.0,1.0,1.0,,219.04000000000002,0
CUST-52105,,Mobile Phone,2,30.0,Credit Card,Male,2.0,3,Mobile Phone,4,Single,2,0,16.0,0.0,1.0,4.0,121.77000000000001,0
CUST-52106,26.0,Computer,3,8.0,E wallet,Female,2.0,4,Fashion,4,Married,3,0,12.0,5.0,6.0,12.0,175.25,0
CUST-52107,0.0,Mobile Phone,1,21.0,UPI,Male,2.0,3,Laptop & Accessory,3,Married,8,0,14.0,0.0,1.0,0.0,148.34,1
CUST-52108,,Computer,1,8.0,Debit Card,Male,2.0,3,Mobile Phone,5,Married,7,1,14.0,0.0,1.0,2.0,120.41999999999999,1
CUST-52109,,Mobile Phone,3,16.0,Debit Card,Female,2.0,3,Mobile Phone,3,Married,2,1,19.0,0.0,1.0,0.0,122.19999999999999,0
CUST-52110,1.0,Mobile Phone,3,16.0,Credit Card,Male,3.0,3,Mobile Phone,4,Married,2,0,22.0,0.0,1.0,0.0,110.52000000000001,0
CUST-52111,11.0,Computer,1,9.0,UPI,Male,,3,Mobile Phone,3,Married,4,0,16.0,2.0,2.0,2.0,128.21,0
CUST-52112,23.0,Mobile Phone,1,8.0,Credit Card,Male,3.0,3,Others,3,Married,3,1,,4.0,7.0,7.0,292.37,0
CUST-52113,10.0,Mobile Phone,1,9.0,UPI,Female,2.0,3,Laptop & Accessory,4,Single,4,0,15.0,1.0,1.0,1.0,141.07,0
CUST-52114,13.0,Mobile Phone,3,32.0,E wallet,Male,3.0,3,Laptop & Accessory,5,Married,2,0,14.0,3.0,7.0,5.0,183.96,0
CUST-52115,,Computer,1,6.0,Credit Card,Female,3.0,4,Mobile Phone,3,Married,2,0,13.0,0.0,1.0,3.0,120.07,0
CUST-52116,19.0,Mobile Phone,1,6.0,Credit Card,Male,2.0,3,Others,1,Married,10,0,,1.0,2.0,2.0,296.27,0
CUST-52117,27.0,Mobile Phone,3,8.0,Debit Card,Female,2.0,4,Fashion,3,Married,7,0,11.0,6.0,7.0,0.0,206.86,0
CUST-52118,29.0,Computer,1,15.0,Credit Card,Female,,3,Mobile Phone,3,Married,3,0,19.0,1.0,1.0,3.0,129.42,0
CUST-52119,9.0,Mobile Phone,1,18.0,Credit Card,Female,2.0,4,Fashion,1,Single,1,0,11.0,5.0,7.0,8.0,188.58,0
CUST-52120,28.0,Computer,1,8.0,Credit Card,Male,2.0,4,Grocery,5,Single,8,0,15.0,,6.0,2.0,267.56,0
CUST-52121,16.0,Mobile Phone,3,31.0,Credit Card,Male,3.0,4,Fashion,1,Married,6,0,13.0,1.0,1.0,0.0,207.98000000000002,0
CUST-52122,0.0,Computer,3,,E wallet,Female,2.0,3,Mobile Phone,1,Single,2,1,14.0,1.0,1.0,2.0,123.22999999999999,1
CUST-52123,,Mobile Phone,1,16.0,Debit Card,Female,2.0,4,Mobile Phone,5,Single,2,0,13.0,0.0,1.0,0.0,114.16,1
CUST-52124,19.0,Mobile Phone,1,14.0,Debit Card,Female,3.0,4,Laptop & Accessory,5,Married,9,1,23.0,1.0,1.0,7.0,146.15,0
CUST-52125,14.0,Mobile Phone,1,,Debit Card,Male,2.0,3,Mobile Phone,3,Married,10,1,12.0,0.0,2.0,7.0,124.61000000000001,1
CUST-52126,0.0,Computer,1,30.0,Cash on Delivery,Male,3.0,4,Fashion,5,Single,2,0,12.0,1.0,1.0,9.0,187.22,1
CUST-52127,0.0,Mobile Phone,1,6.0,Credit Card,Male,2.0,4,Mobile Phone,5,Married,2,0,16.0,1.0,1.0,3.0,139.55,0
CUST-52128,3.0,Mobile Phone,1,26.0,UPI,Male,2.0,3,Laptop & Accessory,5,Married,1,0,15.0,0.0,1.0,2.0,199.57,0
CUST-52129,14.0,Mobile Phone,1,13.0,Cash on Delivery,Female,2.0,1,Mobile Phone,3,Married,2,0,13.0,0.0,1.0,8.0,133.76,0
CUST-52130,11.0,Mobile Phone,1,23.0,Debit Card,Female,3.0,4,Fashion,3,Married,1,0,18.0,1.0,1.0,9.0,188.23,0
CUST-52131,13.0,Mobile Phone,1,26.0,Cash on Delivery,Male,3.0,3,Fashion,1,Married,5,0,20.0,3.0,11.0,1.0,203.22,0
CUST-52132,0.0,Computer,1,14.0,Debit Card,Male,2.0,5,Mobile Phone,3,Married,2,0,19.0,1.0,1.0,2.0,146.21,0
CUST-52133,28.0,Computer,1,8.0,Debit Card,Male,3.0,3,Fashion,4,Married,4,0,18.0,0.0,1.0,,209.76,0
CUST-52134,1.0,Mobile Phone,1,16.0,UPI,Female,2.0,3,Laptop & Accessory,3,Single,4,0,13.0,0.0,1.0,7.0,136.6,0
CUST-52135,7.0,Mobile Phone,2,6.0,Credit Card,Male,3.0,4,Fashion,5,Married,10,0,14.0,2.0,3.0,6.0,204.82,1
CUST-52136,6.0,Mobile Phone,1,11.0,Debit Card,Male,2.0,4,Fashion,1,Married,5,0,15.0,1.0,1.0,2.0,171.19,0
CUST-52137,0.0,Mobile Phone,3,10.0,Cash on Delivery,Male,2.0,3,Fashion,5,Single,1,1,22.0,2.0,4.0,7.0,195.82,1
CUST-52138,0.0,Computer,1,35.0,Credit Card,Female,2.0,4,Laptop & Accessory,3,Single,2,0,22.0,2.0,3.0,8.0,145.08,1
CUST-52139,,Mobile Phone,1,21.0,Debit Card,Male,2.0,3,Mobile Phone,3,Married,2,0,16.0,0.0,2.0,2.0,122.07,0
CUST-52140,7.0,Computer,1,9.0,Debit Card,Male,2.0,3,Laptop & Accessory,1,Single,1,0,17.0,1.0,1.0,4.0,177.56,0
CUST-52141,10.0,Mobile Phone,3,16.0,Debit Card,Female,2.0,4,Laptop & Accessory,1,Married,3,1,14.0,1.0,1.0,0.0,166.94,0
CUST-52142,0.0,Mobile Phone,1,10.0,Cash on Delivery,Male,2.0,3,Mobile Phone,1,Married,2,1,15.0,4.0,5.0,6.0,136.91,1
CUST-52143,0.0,Mobile Phone,1,,Credit Card,Male,2.0,3,Mobile Phone,3,Married,2,0,20.0,1.0,1.0,0.0,123.77000000000001,1
CUST-52144,0.0,Mobile Phone,1,31.0,Credit Card,Male,2.0,4,Mobile Phone,4,Single,5,1,20.0,1.0,2.0,2.0,123.13,1
CUST-52145,15.0,Mobile Phone,1,8.0,Credit Card,Male,2.0,3,Grocery,5,Married,1,0,17.0,,13.0,7.0,276.65,0
CUST-52146,0.0,Computer,1,,Credit Card,Male,2.0,4,Mobile Phone,4,Married,2,0,15.0,1.0,1.0,0.0,125.96000000000001,1
CUST-52147,13.0,Computer,3,6.0,UPI,Male,2.0,3,Laptop & Accessory,3,Single,4,1,14.0,1.0,1.0,0.0,147.28,1
CUST-52148,6.0,Computer,3,13.0,Debit Card,Female,1.0,3,Laptop & Accessory,4,Married,1,0,17.0,0.0,1.0,2.0,143.02,0
CUST-52149,7.0,Computer,1,9.0,Debit Card,Male,,4,Mobile Phone,1,Married,4,0,17.0,0.0,1.0,0.0,129.79,0
CUST-52150,21.0,Computer,1,6.0,Credit Card,Male,2.0,1,Grocery,1,Single,3,0,22.0,,2.0,1.0,268.85,0
CUST-52151,18.0,Computer,3,15.0,Debit Card,Female,3.0,4,Laptop & Accessory,3,Married,2,0,13.0,4.0,4.0,12.0,155.93,0
CUST-52152,25.0,Mobile Phone,1,5.0,Debit Card,Male,2.0,3,Fashion,4,Single,8,0,19.0,2.0,4.0,0.0,204.45,0
CUST-52153,11.0,Mobile Phone,3,16.0,E wallet,Male,3.0,4,Fashion,3,Married,1,1,14.0,1.0,2.0,7.0,187.4,0
CUST-52154,2.0,Mobile Phone,1,,Debit Card,Female,3.0,3,Mobile Phone,1,Married,5,0,22.0,1.0,1.0,7.0,125.13999999999999,0
CUST-52155,1.0,Mobile Phone,1,9.0,Credit Card,Female,3.0,3,Fashion,4,Married,1,0,17.0,0.0,1.0,7.0,176.55,0
CUST-52156,19.0,Mobile Phone,3,9.0,E wallet,Male,2.0,3,Grocery,3,Married,4,0,12.0,,4.0,9.0,274.65,0
CUST-52157,11.0,Mobile Phone,3,8.0,E wallet,Male,2.0,3,Fashion,4,Single,8,0,16.0,1.0,1.0,0.0,173.51,0
CUST-52158,16.0,Computer,1,33.0,Debit Card,Female,2.0,3,Fashion,5,Married,9,0,11.0,1.0,1.0,1.0,208.2,0
CUST-52159,2.0,Computer,1,8.0,Debit Card,Male,2.0,3,Grocery,1,Married,8,0,11.0,10.0,11.0,,221.69,1
CUST-52160,13.0,Mobile Phone,1,20.0,Credit Card,Male,2.0,4,Others,3,Single,2,0,,3.0,4.0,9.0,296.26,0
CUST-52161,,Mobile Phone,1,6.0,Cash on Delivery,Female,3.0,4,Mobile Phone,4,Single,2,1,11.0,1.0,2.0,2.0,120.69999999999999,0
CUST-52162,12.0,Computer,1,15.0,Debit Card,Male,3.0,3,Laptop & Accessory,4,Single,10,0,15.0,1.0,1.0,3.0,167.82,0
CUST-52163,9.0,Computer,1,24.0,Debit Card,Male,3.0,3,Laptop & Accessory,1,Single,3,0,20.0,0.0,1.0,9.0,177.79,0
CUST-52164,4.0,Computer,3,26.0,Debit Card,Male,,1,Mobile Phone,1,Married,1,0,12.0,2.0,2.0,2.0,127.91,0
CUST-52165,1.0,Mobile Phone,1,8.0,Debit Card,Male,3.0,4,Mobile Phone,4,Married,1,0,17.0,0.0,1.0,4.0,132.01,0
CUST-52166,8.0,Computer,3,17.0,E wallet,Male,2.0,3,Laptop & Accessory,1,Married,2,0,11.0,1.0,1.0,2.0,149.68,0
CUST-52167,22.0,Mobile Phone,3,14.0,Cash on Delivery,Male,2.0,4,Grocery,4,Married,7,0,17.0,1.0,2.0,,231.2,0
CUST-52168,7.0,Computer,1,8.0,Debit Card,Male,3.0,3,Laptop & Accessory,3,Single,3,0,11.0,1.0,1.0,2.0,140.33,0
CUST-52169,2.0,Computer,1,16.0,Debit Card,Female,3.0,3,Mobile Phone,4,Married,1,0,14.0,0.0,1.0,1.0,132.91,0
CUST-52170,15.0,Mobile Phone,1,35.0,Credit Card,Male,2.0,5,Laptop & Accessory,1,Single,5,0,19.0,1.0,1.0,0.0,142.72,0
CUST-52171,2.0,Mobile Phone,1,14.0,Credit Card,Male,3.0,4,Laptop & Accessory,1,Married,2,1,15.0,1.0,1.0,2.0,150.56,0
CUST-52172,11.0,Mobile Phone,2,6.0,UPI,Male,,1,Mobile Phone,3,Married,2,0,13.0,3.0,5.0,0.0,128.44,0
CUST-52173,1.0,Computer,1,12.0,Debit Card,Male,,4,Mobile Phone,3,Married,2,1,14.0,1.0,1.0,2.0,127.03,0
CUST-52174,,Computer,1,14.0,Credit Card,Male,3.0,3,Mobile Phone,3,Single,2,0,12.0,1.0,1.0,0.0,119.03999999999999,1
CUST-52175,0.0,Mobile Phone,3,15.0,E wallet,Female,3.0,3,Laptop & Accessory,5,Single,4,1,17.0,0.0,1.0,3.0,182.24,1
CUST-52176,14.0,Mobile Phone,1,18.0,Debit Card,Male,2.0,3,Mobile Phone,1,Married,4,1,11.0,1.0,1.0,0.0,147.66,0
CUST-52177,0.0,Computer,1,,Credit Card,Male,3.0,3,Mobile Phone,3,Married,2,0,12.0,1.0,2.0,2.0,126.1,1
CUST-52178,10.0,Mobile Phone,1,31.0,Credit Card,Female,2.0,4,Laptop & Accessory,1,Married,8,0,13.0,1.0,1.0,3.0,157.31,0
CUST-52179,0.0,Mobile Phone,1,,Debit Card,Male,2.0,4,Mobile Phone,3,Married,2,0,13.0,1.0,2.0,2.0,125.38999999999999,0
CUST-52180,7.0,Mobile Phone,3,15.0,Debit Card,Female,3.0,3,Laptop & Accessory,3,Married,2,0,20.0,0.0,1.0,3.0,157.14,0
CUST-52181,8.0,Mobile Phone,2,14.0,Cash on Delivery,Male,3.0,3,Mobile Phone,3,Single,2,0,17.0,0.0,1.0,4.0,143.23,0
CUST-52182,0.0,Mobile Phone,3,29.0,Debit Card,Female,2.0,4,Fashion,5,Married,2,0,13.0,1.0,3.0,10.0,173.36,1
CUST-52183,13.0,Computer,1,15.0,Credit Card,Female,2.0,3,Fashion,3,Single,10,0,17.0,1.0,,13.0,234.99,0
CUST-52184,5.0,Computer,3,18.0,Debit Card,Male,2.0,3,Grocery,5,Single,1,1,12.0,2.0,,14.0,237.57999999999998,1
CUST-52185,15.0,Mobile Phone,3,10.0,E wallet,Male,2.0,3,Laptop & Accessory,5,Single,8,0,13.0,1.0,1.0,5.0,151.55,0
CUST-52186,,Mobile Phone,1,6.0,Credit Card,Male,2.0,4,Mobile Phone,3,Married,7,0,12.0,1.0,1.0,7.0,122.58000000000001,0
CUST-52187,0.0,Mobile Phone,1,30.0,Credit Card,Male,2.0,3,Mobile Phone,4,Single,9,0,22.0,0.0,1.0,2.0,135.97,0
CUST-52188,0.0,Mobile Phone,1,,Debit Card,Female,3.0,3,Mobile Phone,1,Married,2,1,11.0,1.0,1.0,0.0,125.15,1
CUST-52189,0.0,Mobile Phone,1,9.0,Credit Card,Male,2.0,1,Mobile Phone,1,Married,2,0,22.0,1.0,1.0,7.0,144.2,0
CUST-52190,3.0,Mobile Phone,3,16.0,E wallet,Male,3.0,4,Laptop & Accessory,3,Married,2,0,18.0,0.0,1.0,4.0,165.78,0
CUST-52191,13.0,Computer,1,32.0,Credit Card,Female,3.0,4,Laptop & Accessory,1,Married,4,1,13.0,0.0,1.0,0.0,144.22,0
CUST-52192,8.0,Mobile Phone,1,8.0,Debit Card,Male,2.0,4,Fashion,4,Married,3,0,18.0,2.0,6.0,4.0,202.74,0
CUST-52193,7.0,Computer,1,7.0,Credit Card,Male,3.0,4,Laptop & Accessory,5,Single,1,0,20.0,0.0,4.0,9.0,153.43,0
CUST-52194,8.0,Computer,1,,UPI,Male,2.0,4,Mobile Phone,1,Married,2,0,13.0,1.0,2.0,2.0,123.75999999999999,0
CUST-52195,6.0,Mobile Phone,3,15.0,E wallet,Female,2.0,5,Laptop & Accessory,3,Single,9,0,13.0,0.0,1.0,3.0,153.46,1
CUST-52196,5.0,Computer,3,8.0,Debit Card,Female,,3,Mobile Phone,5,Married,2,0,12.0,1.0,1.0,0.0,128.27,0
CUST-52197,29.0,Mobile Phone,1,10.0,Cash on Delivery,Female,3.0,3,Others,5,Married,5,0,,4.0,4.0,2.0,299.43,0
CUST-52198,2.0,Mobile Phone,1,12.0,Credit Card,Female,,3,Mobile Phone,1,Married,2,0,13.0,0.0,1.0,8.0,131.31,0
CUST-52199,0.0,Mobile Phone,1,,Debit Card,Male,2.0,3,Mobile Phone,5,Single,2,0,25.0,0.0,1.0,0.0,125.52000000000001,0
CUST-52200,18.0,Mobile Phone,1,13.0,Credit Card,Female,2.0,3,Mobile Phone,3,Married,5,1,19.0,0.0,1.0,2.0,144.77,0
CUST-52201,10.0,Mobile Phone,1,7.0,Debit Card,Female,2.0,4,Laptop & Accessory,1,Married,2,0,13.0,0.0,3.0,11.0,164.74,0
CUST-52202,0.0,Mobile Phone,1,5.0,Debit Card,Male,,4,Mobile Phone,3,Single,2,0,12.0,0.0,1.0,2.0,130.33,0
CUST-52203,7.0,Mobile Phone,1,16.0,Debit Card,Male,,3,Mobile Phone,3,Single,2,1,11.0,1.0,1.0,2.0,129.36,1
CUST-52204,26.0,Mobile Phone,1,13.0,Credit Card,Female,2.0,3,Others,3,Married,4,0,18.0,,4.0,7.0,286.06,0
CUST-52205,,Mobile Phone,1,21.0,Debit Card,Female,3.0,5,Mobile Phone,1,Married,1,1,18.0,1.0,1.0,3.0,121.68,0
CUST-52206,0.0,Computer,1,9.0,Debit Card,Male,,4,Mobile Phone,1,Married,1,1,11.0,0.0,1.0,0.0,128.53,1
CUST-52207,19.0,Mobile Phone,3,8.0,E wallet,Female,3.0,3,Grocery,5,Married,9,0,23.0,,15.0,9.0,270.48,0
CUST-52208,,Computer,1,23.0,Debit Card,Male,3.0,5,Mobile Phone,3,Single,3,0,13.0,1.0,1.0,0.0,122.9,0
CUST-52209,6.0,Mobile Phone,2,8.0,UPI,Male,3.0,3,Mobile Phone,3,Married,2,0,13.0,1.0,1.0,4.0,136.0,0
CUST-52210,,Computer,1,11.0,Debit Card,Male,3.0,4,Mobile Phone,5,Married,7,0,17.0,0.0,1.0,0.0,121.07,1
CUST-52211,3.0,Mobile Phone,3,35.0,Debit Card,Male,3.0,3,Laptop & Accessory,5,Married,9,0,19.0,1.0,1.0,3.0,141.15,0
CUST-52212,13.0,Computer,3,8.0,Credit Card,Male,3.0,3,Laptop & Accessory,4,Married,6,0,12.0,1.0,1.0,0.0,143.27,0
CUST-52213,23.0,Computer,1,8.0,Credit Card,Female,1.0,3,Grocery,5,Married,3,0,22.0,,2.0,2.0,278.56,0
CUST-52214,1.0,Mobile Phone,1,25.0,Credit Card,Male,3.0,4,Mobile Phone,5,Married,2,0,12.0,1.0,3.0,3.0,131.96,0
CUST-52215,19.0,Mobile Phone,1,21.0,Debit Card,Male,2.0,3,Others,4,Married,6,0,11.0,,1.0,3.0,290.81,0
CUST-52216,8.0,Mobile Phone,3,23.0,Debit Card,Male,3.0,3,Laptop & Accessory,5,Married,4,1,15.0,0.0,1.0,7.0,189.66,0
CUST-52217,,Mobile Phone,1,23.0,Debit Card,Female,3.0,3,Mobile Phone,4,Married,2,0,13.0,1.0,1.0,0.0,122.1,1
CUST-52218,6.0,Computer,3,31.0,Credit Card,Female,2.0,3,Laptop & Accessory,3,Married,2,0,12.0,0.0,1.0,1.0,145.39,0
CUST-52219,9.0,Mobile Phone,1,12.0,Debit Card,Male,,5,Mobile Phone,3,Married,2,0,14.0,1.0,1.0,7.0,127.41,0
CUST-52220,3.0,Mobile Phone,1,13.0,Debit Card,Male,2.0,3,Laptop & Accessory,3,Married,2,0,13.0,4.0,8.0,9.0,134.91,0
CUST-52221,17.0,Mobile Phone,1,35.0,UPI,Male,2.0,3,Laptop & Accessory,1,Single,2,0,25.0,6.0,13.0,17.0,145.41,0
CUST-52222,0.0,Mobile Phone,3,27.0,E wallet,Male,,1,Mobile Phone,1,Single,2,0,17.0,2.0,2.0,2.0,126.78,0
CUST-52223,19.0,Mobile Phone,1,8.0,Cash on Delivery,Male,2.0,3,Laptop & Accessory,1,Married,3,0,11.0,0.0,1.0,4.0,173.79,0
CUST-52224,15.0,Computer,2,8.0,Credit Card,Male,3.0,1,Laptop & Accessory,5,Married,8,0,16.0,1.0,1.0,3.0,162.72,0
CUST-52225,30.0,Mobile Phone,3,13.0,E wallet,Male,2.0,1,Laptop & Accessory,1,Married,1,1,18.0,0.0,1.0,9.0,152.2,0
CUST-52226,5.0,Computer,1,19.0,UPI,Female,3.0,4,Mobile Phone,4,Married,2,0,20.0,2.0,2.0,2.0,134.0,0
CUST-52227,5.0,Computer,1,8.0,Debit Card,Female,2.0,3,Laptop & Accessory,3,Single,5,1,14.0,1.0,1.0,7.0,149.98,0
CUST-52228,9.0,Mobile Phone,1,7.0,Cash on Delivery,Female,3.0,5,Fashion,5,Married,3,1,21.0,7.0,7.0,7.0,202.52,0
CUST-52229,6.0,Mobile Phone,1,15.0,Credit Card,Male,,3,Mobile Phone,1,Married,1,0,13.0,0.0,4.0,10.0,127.81,0
CUST-52230,13.0,Mobile Phone,3,16.0,Cash on Delivery,Female,2.0,4,Laptop & Accessory,4,Married,8,0,12.0,1.0,1.0,3.0,168.52,0
CUST-52231,0.0,Mobile Phone,3,16.0,Debit Card,Male,2.0,3,Laptop & Accessory,1,Single,1,0,14.0,1.0,1.0,1.0,149.5,0
CUST-52232,3.0,Mobile Phone,1,7.0,Credit Card,Male,3.0,3,Mobile Phone,4,Married,1,1,21.0,3.0,5.0,7.0,135.79,0
CUST-52233,15.0,Computer,1,32.0,Credit Card,Female,2.0,3,Fashion,5,Married,4,1,17.0,0.0,,0.0,231.91000000000003,0
CUST-52234,8.0,Computer,3,14.0,E wallet,Female,3.0,4,Fashion,1,Married,5,1,11.0,3.0,4.0,12.0,203.77,0
CUST-52235,,Mobile Phone,1,20.0,Debit Card,Male,2.0,3,Mobile Phone,5,Married,2,1,14.0,5.0,6.0,8.0,122.35,0
CUST-52236,27.0,Computer,1,7.0,Debit Card,Female,2.0,3,Fashion,3,Married,8,0,17.0,0.0,1.0,4.0,205.02,0
CUST-52237,,Mobile Phone,1,8.0,Debit Card,Female,3.0,1,Mobile Phone,1,Married,2,0,13.0,1.0,7.0,7.0,120.11000000000001,0
CUST-52238,,Computer,1,16.0,Credit Card,Female,3.0,4,Mobile Phone,4,Single,2,1,25.0,0.0,1.0,0.0,118.59,1
CUST-52239,2.0,Mobile Phone,1,7.0,Debit Card,Female,3.0,3,Mobile Phone,1,Married,2,0,15.0,1.0,1.0,2.0,137.6,0
CUST-52240,27.0,Mobile Phone,1,9.0,Debit Card,Male,2.0,3,Grocery,1,Married,4,0,14.0,,1.0,9.0,277.79,0
CUST-52241,4.0,Mobile Phone,1,17.0,Credit Card,Male,3.0,3,Laptop & Accessory,5,Married,2,1,12.0,1.0,1.0,1.0,168.33,0
CUST-52242,4.0,Mobile Phone,1,30.0,Credit Card,Female,3.0,4,Laptop & Accessory,5,Single,2,0,19.0,1.0,1.0,8.0,168.12,0
CUST-52243,30.0,Mobile Phone,3,9.0,Debit Card,Female,2.0,4,Laptop & Accessory,1,Single,6,0,17.0,0.0,1.0,5.0,151.71,0
CUST-52244,16.0,Mobile Phone,1,9.0,Debit Card,Male,3.0,5,Others,1,Married,4,0,,1.0,1.0,7.0,297.4,0
CUST-52245,22.0,Mobile Phone,1,10.0,Credit Card,Male,2.0,4,Others,3,Married,3,0,13.0,,1.0,0.0,287.11,0
CUST-52246,9.0,Computer,1,9.0,Cash on Delivery,Male,2.0,3,Mobile Phone,4,Married,2,0,12.0,0.0,1.0,7.0,136.92,0
CUST-52247,21.0,Mobile Phone,1,,Cash on Delivery,Male,3.0,1,Mobile Phone,4,Single,6,0,11.0,0.0,1.0,0.0,125.59,0
CUST-52248,0.0,Mobile Phone,1,,Debit Card,Male,3.0,3,Mobile Phone,3,Married,2,0,11.0,1.0,1.0,3.0,125.16999999999999,0
CUST-52249,2.0,Mobile Phone,1,13.0,Debit Card,Male,2.0,3,Laptop & Accessory,1,Married,2,1,11.0,1.0,1.0,0.0,166.23,0
CUST-52250,21.0,Mobile Phone,1,7.0,Debit Card,Male,3.0,4,Others,1,Single,7,0,12.0,,1.0,0.0,282.65,0
CUST-52251,2.0,Mobile Phone,1,7.0,Debit Card,Female,2.0,4,Grocery,1,Married,4,0,14.0,,1.0,7.0,261.24,0
CUST-52252,7.0,Mobile Phone,1,,Cash on Delivery,Female,2.0,1,Mobile Phone,3,Married,1,0,17.0,1.0,1.0,0.0,125.85,0
CUST-52253,17.0,Mobile Phone,3,11.0,E wallet,Male,2.0,3,Others,4,Married,8,0,11.0,,3.0,10.0,282.13,0
CUST-52254,6.0,Mobile Phone,3,16.0,E wallet,Male,2.0,1,Fashion,3,Married,1,1,14.0,0.0,1.0,8.0,183.8,0
CUST-52255,0.0,Mobile Phone,1,31.0,Debit Card,Female,,1,Mobile Phone,1,Single,2,1,12.0,0.0,1.0,1.0,129.94,0
CUST-52256,,Mobile Phone,1,7.0,Debit Card,Male,2.0,3,Mobile Phone,3,Married,2,0,22.0,1.0,1.0,1.0,112.22999999999999,0
CUST-52257,0.0,Computer,3,30.0,Debit Card,Male,3.0,5,Mobile Phone,1,Single,2,1,14.0,1.0,1.0,0.0,111.18,1
CUST-52258,0.0,Mobile Phone,1,10.0,Debit Card,Male,,3,Mobile Phone,1,Single,2,1,20.0,2.0,2.0,2.0,128.75,0
CUST-52259,8.0,Mobile Phone,3,8.0,E wallet,Female,3.0,5,Others,4,Single,3,1,16.0,,1.0,11.0,288.24,1
CUST-52260,28.0,Computer,1,14.0,Credit Card,Male,2.0,4,Grocery,4,Married,2,1,15.0,2.0,,0.0,235.76999999999998,0
CUST-52261,0.0,Computer,1,,Debit Card,Female,2.0,4,Mobile Phone,3,Single,2,0,20.0,1.0,2.0,2.0,126.25,1
CUST-52262,19.0,Mobile Phone,3,10.0,E wallet,Female,2.0,4,Others,4,Married,3,0,14.0,,1.0,8.0,287.89,0
CUST-52263,7.0,Mobile Phone,3,8.0,E wallet,Female,2.0,3,Laptop & Accessory,5,Single,1,1,12.0,1.0,1.0,2.0,145.38,0
CUST-52264,24.0,Computer,3,15.0,Debit Card,Male,2.0,3,Others,4,Married,5,1,,6.0,11.0,10.0,298.47,0
CUST-52265,30.0,Mobile Phone,1,24.0,Credit Card,Male,3.0,3,Fashion,1,Single,7,0,12.0,3.0,5.0,4.0,205.12,0
CUST-52266,7.0,Computer,1,25.0,Credit Card,Female,2.0,3,Laptop & Accessory,4,Married,5,0,13.0,0.0,5.0,10.0,144.44,0
CUST-52267,,Computer,1,7.0,Credit Card,Male,2.0,3,Mobile Phone,3,Single,1,1,11.0,1.0,1.0,2.0,121.53999999999999,0
CUST-52268,17.0,Mobile Phone,1,10.0,Debit Card,Male,3.0,1,Others,5,Married,2,0,14.0,2.0,14.0,13.0,291.9,0
CUST-52269,7.0,Computer,2,17.0,Debit Card,Male,2.0,4,Laptop & Accessory,4,Married,5,0,11.0,0.0,1.0,8.0,144.9,0
CUST-52270,8.0,Mobile Phone,1,12.0,Debit Card,Male,3.0,3,Mobile Phone,3,Married,1,1,14.0,1.0,2.0,2.0,135.06,0
CUST-52271,15.0,Mobile Phone,1,,Credit Card,Female,3.0,1,Laptop & Accessory,4,Married,7,1,16.0,0.0,1.0,0.0,123.72,0
CUST-52272,16.0,Mobile Phone,3,10.0,E wallet,Female,2.0,4,Fashion,1,Single,4,0,14.0,10.0,15.0,17.0,202.31,0
CUST-52273,9.0,Mobile Phone,1,8.0,Debit Card,Female,2.0,3,Laptop & Accessory,4,Single,10,1,11.0,4.0,5.0,12.0,154.1,0
CUST-52274,7.0,Mobile Phone,1,21.0,Credit Card,Female,3.0,3,Fashion,1,Married,2,0,11.0,0.0,1.0,5.0,179.78,1
CUST-52275,1.0,Computer,1,8.0,Debit Card,Male,2.0,4,Mobile Phone,1,Married,2,1,12.0,0.0,2.0,2.0,138.67,0
CUST-52276,24.0,Computer,1,12.0,Credit Card,Female,,4,Mobile Phone,3,Single,1,0,14.0,3.0,7.0,7.0,128.38,0
CUST-52277,3.0,Computer,1,15.0,Credit Card,Female,3.0,3,Laptop & Accessory,3,Single,8,1,18.0,0.0,1.0,7.0,146.95,0
CUST-52278,0.0,Mobile Phone,1,13.0,Cash on Delivery,Female,2.0,3,Mobile Phone,3,Married,4,1,13.0,4.0,7.0,7.0,133.39,1
CUST-52279,,Mobile Phone,1,7.0,Cash on Delivery,Male,2.0,3,Mobile Phone,5,Single,3,0,11.0,1.0,1.0,2.0,120.80000000000001,0
CUST-52280,,Mobile Phone,1,7.0,Credit Card,Female,2.0,3,Mobile Phone,4,Single,2,0,18.0,1.0,2.0,1.0,120.96000000000001,0
CUST-52281,5.0,Mobile Phone,3,14.0,Credit Card,Male,2.0,1,Laptop & Accessory,1,Married,2,0,15.0,0.0,1.0,8.0,162.09,0
CUST-52282,18.0,Computer,1,31.0,Credit Card,Female,2.0,3,Others,4,Single,4,0,22.0,,1.0,0.0,280.61,0
CUST-52283,12.0,Mobile Phone,1,19.0,Credit Card,Female,3.0,4,Grocery,4,Married,7,1,13.0,,15.0,2.0,271.23,0
CUST-52284,30.0,Mobile Phone,1,,Debit Card,Male,2.0,3,Mobile Phone,3,Married,2,0,12.0,1.0,2.0,2.0,123.72,0
CUST-52285,0.0,Mobile Phone,1,13.0,Debit Card,Male,3.0,3,Laptop & Accessory,3,Married,2,0,18.0,0.0,1.0,1.0,148.83,1
CUST-52286,2.0,Mobile Phone,1,29.0,Credit Card,Male,3.0,3,Mobile Phone,5,Single,1,0,13.0,0.0,1.0,3.0,139.04,1
CUST-52287,3.0,Mobile Phone,1,12.0,Cash on Delivery,Female,2.0,4,Laptop & Accessory,1,Married,1,0,12.0,5.0,6.0,7.0,146.27,0
CUST-52288,9.0,Mobile Phone,1,16.0,Cash on Delivery,Female,3.0,3,Fashion,3,Married,4,0,12.0,1.0,1.0,7.0,170.94,0
CUST-52289,19.0,Mobile Phone,2,7.0,Debit Card,Female,2.0,3,Mobile Phone,5,Single,7,0,12.0,2.0,5.0,7.0,134.23,0
CUST-52290,1.0,Computer,1,7.0,Debit Card,Female,2.0,5,Laptop & Accessory,1,Married,1,0,11.0,7.0,7.0,5.0,166.74,0
CUST-52291,23.0,Mobile Phone,1,34.0,Debit Card,Female,2.0,3,Grocery,5,Married,5,1,11.0,,1.0,2.0,268.8,0
CUST-52292,3.0,Mobile Phone,3,31.0,E wallet,Male,2.0,4,Fashion,4,Single,3,1,12.0,1.0,1.0,0.0,190.94,1
CUST-52293,15.0,Mobile Phone,3,11.0,Debit Card,Male,3.0,3,Fashion,4,Single,10,1,19.0,7.0,7.0,7.0,184.46,1
CUST-52294,3.0,Mobile Phone,1,23.0,Credit Card,Female,3.0,3,Fashion,5,Married,2,1,23.0,1.0,1.0,,219.16000000000003,0
CUST-52295,12.0,Mobile Phone,1,24.0,Debit Card,Male,2.0,3,Laptop & Accessory,3,Single,1,0,11.0,1.0,1.0,7.0,145.34,0
CUST-52296,4.0,Computer,3,8.0,Debit Card,Female,2.0,3,Fashion,3,Married,2,1,19.0,8.0,9.0,6.0,198.52,0
CUST-52297,14.0,Computer,3,16.0,Credit Card,Male,2.0,5,Laptop & Accessory,4,Single,2,0,13.0,3.0,11.0,9.0,161.51,0
CUST-52298,,Computer,3,7.0,Debit Card,Female,2.0,3,Mobile Phone,4,Single,2,1,11.0,2.0,2.0,2.0,123.02000000000001,1
CUST-52299,7.0,Mobile Phone,1,,Debit Card,Male,2.0,3,Mobile Phone,5,Married,5,0,12.0,1.0,1.0,2.0,123.62,1
CUST-52300,15.0,Computer,1,8.0,Debit Card,Male,2.0,3,Grocery,3,Married,1,1,13.0,,2.0,10.0,278.61,0
CUST-52301,28.0,Mobile Phone,1,8.0,Credit Card,Female,2.0,5,Others,3,Married,5,0,14.0,,9.0,11.0,291.87,0
CUST-52302,29.0,Mobile Phone,2,14.0,Debit Card,Male,3.0,3,Others,4,Single,7,0,,2.0,7.0,7.0,297.17,0
CUST-52303,13.0,Computer,1,22.0,Debit Card,Male,3.0,3,Mobile Phone,3,Married,10,0,16.0,1.0,1.0,0.0,135.44,0
CUST-52304,7.0,Mobile Phone,1,15.0,Debit Card,Male,2.0,3,Fashion,1,Married,1,0,11.0,0.0,1.0,6.0,185.0,0
CUST-52305,13.0,Mobile Phone,1,8.0,Debit Card,Male,3.0,3,Laptop & Accessory,1,Single,2,0,13.0,3.0,8.0,8.0,146.61,0
CUST-52306,14.0,Computer,3,7.0,E wallet,Female,3.0,3,Laptop & Accessory,5,Married,1,0,17.0,0.0,1.0,7.0,141.03,0
CUST-52307,8.0,Computer,1,10.0,Debit Card,Male,2.0,3,Laptop & Accessory,3,Single,2,1,11.0,1.0,1.0,1.0,142.49,0
CUST-52308,24.0,Mobile Phone,2,11.0,Debit Card,Male,2.0,3,Grocery,4,Married,2,1,11.0,0.0,,10.0,240.26,0
CUST-52309,11.0,Mobile Phone,3,8.0,Debit Card,Female,2.0,3,Laptop & Accessory,5,Married,4,0,15.0,0.0,1.0,7.0,168.93,0
CUST-52310,7.0,Mobile Phone,3,21.0,Credit Card,Female,3.0,3,Laptop & Accessory,5,Single,2,0,12.0,4.0,9.0,6.0,161.25,0
CUST-52311,0.0,Mobile Phone,1,25.0,Credit Card,Male,3.0,3,Mobile Phone,1,Married,4,0,11.0,0.0,1.0,2.0,136.69,0
CUST-52312,20.0,Mobile Phone,1,13.0,Credit Card,Female,2.0,4,Fashion,5,Married,8,1,14.0,1.0,5.0,9.0,200.08,1
CUST-52313,13.0,Mobile Phone,1,,Debit Card,Male,2.0,3,Mobile Phone,4,Married,4,0,22.0,1.0,1.0,3.0,123.87,0
CUST-52314,9.0,Computer,3,13.0,E wallet,Female,2.0,1,Laptop & Accessory,5,Married,3,0,16.0,5.0,6.0,13.0,146.39,0
CUST-52315,21.0,Mobile Phone,1,10.0,Debit Card,Male,2.0,3,Fashion,1,Single,2,0,11.0,1.0,1.0,8.0,178.98,0
CUST-52316,0.0,Mobile Phone,3,,Credit Card,Female,3.0,1,Mobile Phone,1,Married,9,0,14.0,0.0,1.0,0.0,125.34,0
CUST-52317,24.0,Mobile Phone,1,17.0,Cash on Delivery,Female,2.0,4,Grocery,4,Single,4,0,16.0,0.0,1.0,3.0,231.42000000000002,0
CUST-52318,,Computer,1,7.0,Debit Card,Female,3.0,3,Mobile Phone,1,Single,2,0,15.0,1.0,1.0,0.0,116.11000000000001,0
CUST-52319,8.0,Mobile Phone,1,7.0,Credit Card,Female,2.0,4,Laptop & Accessory,1,Married,1,0,12.0,0.0,1.0,0.0,153.63,0
CUST-52320,0.0,Computer,3,8.0,Debit Card,Male,2.0,5,Laptop & Accessory,1,Single,4,0,20.0,0.0,1.0,0.0,150.71,0
CUST-52321,18.0,Mobile Phone,3,19.0,E wallet,Male,2.0,1,Grocery,3,Single,7,1,17.0,1.0,,8.0,236.95,1
CUST-52322,29.0,Mobile Phone,1,29.0,Debit Card,Male,3.0,3,Grocery,4,Married,5,1,12.0,13.0,,9.0,234.01999999999998,0
CUST-52323,,Computer,1,32.0,Cash on Delivery,Female,3.0,4,Mobile Phone,3,Married,2,0,20.0,1.0,1.0,0.0,120.28999999999999,0
CUST-52324,13.0,Mobile Phone,1,8.0,Credit Card,Female,2.0,1,Laptop & Accessory,3,Married,6,0,20.0,6.0,11.0,8.0,163.77,0
CUST-52325,7.0,Mobile Phone,1,35.0,Credit Card,Male,2.0,3,Laptop & Accessory,3,Married,5,0,13.0,5.0,7.0,7.0,154.29,0
CUST-52326,0.0,Computer,3,8.0,Debit Card,Female,,4,Mobile Phone,1,Single,8,0,14.0,0.0,1.0,0.0,127.85,1
CUST-52327,0.0,Computer,3,24.0,E wallet,Female,3.0,3,Laptop & Accessory,3,Married,1,1,18.0,0.0,3.0,2.0,146.14,1
CUST-52328,11.0,Computer,1,,Debit Card,Male,2.0,1,Mobile Phone,3,Married,2,0,11.0,0.0,1.0,3.0,126.1,0
CUST-52329,7.0,Mobile Phone,1,8.0,Cash on Delivery,Female,3.0,3,Laptop & Accessory,1,Single,2,0,11.0,4.0,4.0,11.0,166.87,0
CUST-52330,1.0,Mobile Phone,3,32.0,Debit Card,Male,2.0,4,Laptop & Accessory,5,Married,2,0,11.0,1.0,1.0,4.0,147.24,0
CUST-52331,0.0,Mobile Phone,1,28.0,Credit Card,Male,3.0,3,Laptop & Accessory,3,Married,2,1,15.0,5.0,6.0,7.0,161.79,1
CUST-52332,12.0,Mobile Phone,3,27.0,Debit Card,Male,2.0,4,Laptop & Accessory,1,Married,4,1,12.0,0.0,1.0,4.0,161.2,0
CUST-52333,24.0,Computer,3,8.0,E wallet,Male,2.0,3,Fashion,4,Married,3,0,11.0,3.0,3.0,2.0,205.96,0
CUST-52334,14.0,Computer,1,28.0,Debit Card,Female,3.0,3,Laptop & Accessory,1,Married,4,1,14.0,2.0,3.0,3.0,154.67,0
CUST-52335,10.0,Mobile Phone,1,10.0,Debit Card,Male,,3,Mobile Phone,3,Married,8,1,15.0,1.0,1.0,3.0,129.96,0
CUST-52336,6.0,Computer,3,11.0,Debit Card,Male,3.0,3,Laptop & Accessory,1,Married,7,0,13.0,1.0,1.0,2.0,199.98,0
CUST-52337,5.0,Mobile Phone,3,8.0,E wallet,Male,2.0,3,Laptop & Accessory,4,Married,1,1,13.0,1.0,1.0,2.0,140.78,0
CUST-52338,12.0,Computer,1,31.0,Debit Card,Male,3.0,3,Fashion,3,Married,4,0,21.0,0.0,1.0,,209.2,0
CUST-52339,0.0,Mobile Phone,3,24.0,Debit Card,Male,3.0,1,Laptop & Accessory,3,Married,3,0,11.0,1.0,1.0,2.0,162.32,0
CUST-52340,25.0,Computer,1,34.0,Credit Card,Female,2.0,1,Grocery,3,Married,3,1,11.0,1.0,,2.0,232.47000000000003,0
CUST-52341,16.0,Mobile Phone,1,12.0,Credit Card,Female,3.0,4,Laptop & Accessory,3,Single,2,1,14.0,0.0,1.0,8.0,140.81,0
CUST-52342,0.0,Mobile Phone,3,16.0,E wallet,Female,3.0,4,Laptop & Accessory,1,Married,2,1,11.0,1.0,4.0,4.0,157.69,0
CUST-52343,0.0,Mobile Phone,1,,Debit Card,Female,2.0,3,Mobile Phone,3,Single,2,1,13.0,4.0,7.0,7.0,123.94,1
CUST-52344,0.0,Mobile Phone,1,8.0,Credit Card,Male,2.0,4,Mobile Phone,1,Single,1,0,12.0,1.0,1.0,1.0,139.04,0
CUST-52345,15.0,Mobile Phone,2,16.0,UPI,Female,2.0,3,Grocery,5,Married,1,0,14.0,,1.0,9.0,267.99,0
CUST-52346,25.0,Mobile Phone,1,14.0,UPI,Female,,3,Mobile Phone,5,Married,10,0,13.0,1.0,1.0,4.0,129.5,0
CUST-52347,10.0,Mobile Phone,1,17.0,Credit Card,Female,3.0,3,Mobile Phone,3,Single,5,0,18.0,1.0,1.0,2.0,136.29,0
CUST-52348,8.0,Computer,1,24.0,Debit Card,Male,2.0,3,Fashion,1,Single,3,0,11.0,2.0,2.0,2.0,193.62,0
CUST-52349,0.0,Mobile Phone,1,7.0,Cash on Delivery,Male,2.0,3,Mobile Phone,1,Married,5,0,11.0,0.0,1.0,2.0,132.29,0
CUST-52350,0.0,Mobile Phone,1,13.0,UPI,Male,3.0,1,Mobile Phone,5,Single,1,0,12.0,0.0,1.0,7.0,135.78,0
CUST-52351,2.0,Mobile Phone,2,23.0,UPI,Male,2.0,4,Fashion,5,Single,2,0,13.0,0.0,1.0,9.0,179.88,0
CUST-52352,12.0,Computer,1,34.0,Debit Card,Male,3.0,4,Laptop & Accessory,5,Single,4,0,20.0,0.0,1.0,3.0,142.84,1
CUST-52353,0.0,Computer,1,20.0,UPI,Female,2.0,3,Fashion,1,Single,1,1,12.0,4.0,7.0,7.0,175.53,1
CUST-52354,27.0,Mobile Phone,1,7.0,Credit Card,Female,2.0,3,Grocery,1,Single,7,0,19.0,,12.0,7.0,273.28,0
CUST-52355,30.0,Mobile Phone,1,7.0,Credit Card,Female,3.0,3,Others,5,Married,4,1,,1.0,1.0,5.0,297.01,0
CUST-52356,28.0,Mobile Phone,1,7.0,Credit Card,Male,2.0,1,Grocery,1,Married,3,0,13.0,0.0,,0.0,247.32,0
CUST-52357,9.0,Mobile Phone,3,9.0,E wallet,Female,3.0,3,Laptop & Accessory,4,Single,4,1,16.0,0.0,1.0,1.0,192.78,0
CUST-52358,,Computer,3,7.0,Debit Card,Female,2.0,5,Mobile Phone,3,Single,2,0,12.0,0.0,1.0,0.0,113.59,1
CUST-52359,3.0,Mobile Phone,3,13.0,E wallet,Female,3.0,3,Laptop & Accessory,5,Married,8,0,14.0,1.0,1.0,2.0,147.79,0
CUST-52360,4.0,Mobile Phone,1,14.0,Debit Card,Female,3.0,3,Grocery,4,Single,4,0,11.0,,1.0,0.0,264.22,0
CUST-52361,7.0,Computer,1,7.0,UPI,Male,,3,Mobile Phone,5,Married,6,0,14.0,1.0,1.0,3.0,129.96,0
CUST-52362,,Mobile Phone,1,14.0,Debit Card,Female,2.0,4,Mobile Phone,4,Single,2,0,12.0,0.0,1.0,0.0,112.61000000000001,1
CUST-52363,,Mobile Phone,1,17.0,Debit Card,Male,3.0,3,Mobile Phone,5,Married,1,0,14.0,1.0,1.0,4.0,120.99000000000001,0
CUST-52364,9.0,Mobile Phone,1,10.0,Debit Card,Male,2.0,4,Laptop & Accessory,1,Single,2,0,16.0,0.0,1.0,8.0,158.1,0
CUST-52365,9.0,Mobile Phone,3,22.0,E wallet,Female,3.0,4,Laptop & Accessory,5,Married,5,0,13.0,1.0,1.0,2.0,156.47,0
CUST-52366,20.0,Mobile Phone,1,7.0,Cash on Delivery,Male,3.0,3,Mobile Phone,1,Married,8,0,12.0,1.0,1.0,2.0,134.2,0
CUST-52367,0.0,Mobile Phone,3,15.0,Debit Card,Male,3.0,4,Mobile Phone,5,Married,4,0,12.0,2.0,2.0,2.0,144.0,1
CUST-52368,10.0,Computer,1,11.0,Cash on Delivery,Male,2.0,1,Mobile Phone,3,Single,1,0,14.0,0.0,1.0,3.0,135.0,0
CUST-52369,,Mobile Phone,1,7.0,Debit Card,Female,2.0,3,Mobile Phone,5,Married,3,0,22.0,0.0,1.0,0.0,120.66,0
CUST-52370,20.0,Mobile Phone,1,8.0,Credit Card,Female,2.0,3,Grocery,3,Married,4,0,19.0,,5.0,6.0,271.69,0
CUST-52371,0.0,Mobile Phone,3,10.0,Credit Card,Female,2.0,3,Laptop & Accessory,3,Married,2,1,12.0,1.0,1.0,3.0,141.62,0
CUST-52372,5.0,Mobile Phone,3,13.0,E wallet,Male,3.0,3,Laptop & Accessory,1,Married,5,0,12.0,0.0,1.0,3.0,192.04,0
CUST-52373,7.0,Mobile Phone,1,7.0,Debit Card,Female,2.0,4,Mobile Phone,4,Married,6,0,17.0,1.0,1.0,2.0,132.94,0
CUST-52374,,Mobile Phone,1,11.0,Credit Card,Male,2.0,1,Mobile Phone,3,Married,3,1,12.0,0.0,1.0,3.0,121.27000000000001,0
CUST-52375,13.0,Computer,1,15.0,UPI,Male,2.0,3,Laptop & Accessory,3,Married,4,0,11.0,0.0,1.0,7.0,139.75,0
CUST-52376,4.0,Mobile Phone,3,14.0,Debit Card,Male,2.0,3,Fashion,1,Married,2,0,18.0,2.0,9.0,9.0,207.93,0
CUST-52377,9.0,Mobile Phone,3,15.0,E wallet,Male,2.0,3,Fashion,1,Married,5,0,11.0,4.0,4.0,3.0,200.96,1
CUST-52378,2.0,Computer,1,8.0,Debit Card,Female,2.0,4,Mobile Phone,5,Single,3,1,23.0,0.0,1.0,0.0,136.46,1
CUST-52379,0.0,Computer,1,7.0,Debit Card,Female,3.0,1,Fashion,4,Single,2,0,11.0,1.0,4.0,7.0,174.46,1
CUST-52380,18.0,Mobile Phone,1,26.0,Credit Card,Male,3.0,5,Fashion,5,Married,3,1,18.0,1.0,1.0,7.0,208.51,0
CUST-52381,,Mobile Phone,2,14.0,Credit Card,Female,3.0,1,Mobile Phone,4,Single,10,0,18.0,1.0,1.0,2.0,121.09,0
CUST-52382,0.0,Computer,1,8.0,Debit Card,Male,3.0,3,Mobile Phone,1,Married,7,1,13.0,0.0,2.0,2.0,137.22,1
CUST-52383,18.0,Mobile Phone,1,35.0,Cash on Delivery,Male,2.0,3,Fashion,1,Married,5,1,18.0,1.0,1.0,2.0,193.8,0
CUST-52384,21.0,Mobile Phone,3,13.0,E wallet,Male,3.0,3,Laptop & Accessory,5,Married,5,0,11.0,0.0,2.0,2.0,154.86,0
CUST-52385,0.0,Mobile Phone,2,15.0,Cash on Delivery,Female,,3,Mobile Phone,3,Married,2,0,15.0,2.0,2.0,2.0,127.41999999999999,1
CUST-52386,13.0,Computer,1,14.0,Credit Card,Male,2.0,4,Fashion,4,Married,3,0,11.0,4.0,,8.0,237.57,0
CUST-52387,1.0,Mobile Phone,3,11.0,Credit Card,Male,2.0,3,Laptop & Accessory,5,Single,1,0,18.0,0.0,1.0,3.0,184.63,0
CUST-52388,17.0,Computer,1,11.0,Debit Card,Male,2.0,4,Mobile Phone,3,Single,4,0,14.0,0.0,1.0,3.0,131.62,0
CUST-52389,26.0,Mobile Phone,1,8.0,Credit Card,Male,2.0,1,Grocery,4,Single,5,0,12.0,,8.0,8.0,265.98,0
CUST-52390,22.0,Mobile Phone,1,11.0,Cash on Delivery,Male,3.0,3,Laptop & Accessory,3,Married,3,0,14.0,0.0,1.0,2.0,166.51,0
CUST-52391,13.0,Mobile Phone,1,,Credit Card,Male,3.0,3,Mobile Phone,3,Married,3,0,14.0,1.0,1.0,2.0,123.44999999999999,0
CUST-52392,17.0,Mobile Phone,1,26.0,Debit Card,Male,2.0,3,Mobile Phone,4,Single,2,0,13.0,1.0,1.0,3.0,134.2,0
CUST-52393,6.0,Computer,3,13.0,Credit Card,Male,2.0,3,Laptop & Accessory,5,Married,1,0,14.0,1.0,1.0,3.0,143.73,0
CUST-52394,7.0,Mobile Phone,3,9.0,UPI,Male,2.0,5,Laptop & Accessory,5,Single,4,0,18.0,2.0,3.0,12.0,147.59,0
CUST-52395,3.0,Mobile Phone,3,22.0,Debit Card,Male,3.0,3,Laptop & Accessory,3,Married,9,0,15.0,1.0,2.0,2.0,153.01,0
CUST-52396,15.0,Computer,1,15.0,Credit Card,Female,3.0,3,Mobile Phone,1,Single,2,0,13.0,0.0,5.0,8.0,136.73,0
CUST-52397,17.0,Computer,3,7.0,E wallet,Female,3.0,3,Laptop & Accessory,3,Married,8,0,12.0,0.0,1.0,0.0,147.68,0
CUST-52398,,Computer,1,13.0,Cash on Delivery,Male,3.0,3,Mobile Phone,3,Married,2,0,13.0,0.0,1.0,0.0,112.74000000000001,0
CUST-52399,30.0,Mobile Phone,1,7.0,Debit Card,Male,3.0,1,Laptop & Accessory,3,Married,1,0,24.0,1.0,2.0,8.0,149.0,0
CUST-52400,22.0,Mobile Phone,1,13.0,Debit Card,Male,2.0,3,Fashion,4,Married,4,0,14.0,0.0,1.0,7.0,204.66,0
CUST-52401,7.0,Computer,1,21.0,Credit Card,Male,3.0,3,Grocery,5,Married,8,0,14.0,,6.0,9.0,270.07,0
CUST-52402,0.0,Computer,3,7.0,Cash on Delivery,Male,,3,Mobile Phone,3,Married,4,0,15.0,1.0,1.0,2.0,129.09,1
CUST-52403,0.0,Computer,3,19.0,Cash on Delivery,Female,2.0,3,Laptop & Accessory,4,Single,6,0,11.0,1.0,1.0,0.0,157.65,1
CUST-52404,0.0,Mobile Phone,3,30.0,Credit Card,Female,2.0,4,Laptop & Accessory,4,Single,1,1,23.0,4.0,10.0,10.0,145.99,1
CUST-52405,8.0,Mobile Phone,3,,Debit Card,Male,3.0,3,Mobile Phone,3,Married,2,0,13.0,0.0,1.0,0.0,124.03999999999999,0
CUST-52406,0.0,Computer,1,15.0,Credit Card,Male,2.0,3,Mobile Phone,5,Single,3,1,11.0,0.0,1.0,0.0,131.72,1
CUST-52407,,Computer,3,19.0,Debit Card,Female,3.0,3,Mobile Phone,4,Married,2,0,13.0,0.0,1.0,0.0,120.33000000000001,0
CUST-52408,17.0,Computer,1,8.0,Credit Card,Male,2.0,3,Fashion,3,Single,6,1,18.0,2.0,2.0,2.0,202.09,0
CUST-52409,2.0,Mobile Phone,3,25.0,Debit Card,Male,3.0,4,Laptop & Accessory,3,Married,2,0,14.0,1.0,1.0,4.0,186.2,0
CUST-52410,,Mobile Phone,2,7.0,Debit Card,Male,2.0,3,Mobile Phone,3,Married,1,0,21.0,0.0,1.0,3.0,120.63999999999999,0
CUST-52411,28.0,Mobile Phone,1,10.0,Debit Card,Male,1.0,3,Laptop & Accessory,3,Married,1,1,16.0,1.0,1.0,2.0,140.35,0
CUST-52412,6.0,Mobile Phone,1,10.0,Credit Card,Female,2.0,4,Mobile Phone,4,Married,9,0,11.0,1.0,1.0,2.0,138.38,0
CUST-52413,20.0,Mobile Phone,3,20.0,Credit Card,Female,3.0,3,Laptop & Accessory,3,Married,4,1,17.0,1.0,1.0,2.0,145.91,0
CUST-52414,0.0,Computer,1,,Credit Card,Male,2.0,4,Mobile Phone,5,Single,8,0,11.0,1.0,1.0,0.0,125.61000000000001,1
CUST-52415,,Mobile Phone,1,7.0,Debit Card,Male,3.0,4,Mobile Phone,3,Married,2,0,14.0,0.0,1.0,0.0,115.63,0
CUST-52416,1.0,Computer,3,13.0,Debit Card,Male,2.0,3,Laptop & Accessory,5,Single,1,0,14.0,1.0,1.0,3.0,148.98,0
CUST-52417,22.0,Mobile Phone,1,9.0,Credit Card,Female,2.0,4,Laptop & Accessory,5,Married,5,0,25.0,0.0,1.0,2.0,147.89,0
CUST-52418,2.0,Computer,1,8.0,Debit Card,Female,3.0,3,Mobile Phone,4,Married,1,0,13.0,1.0,1.0,2.0,131.8,0
CUST-52419,1.0,Mobile Phone,1,35.0,Debit Card,Male,3.0,5,Laptop & Accessory,4,Married,2,0,14.0,0.0,1.0,7.0,165.49,0
CUST-52420,6.0,Mobile Phone,1,14.0,Debit Card,Male,3.0,3,Laptop & Accessory,3,Single,3,1,17.0,1.0,1.0,0.0,163.88,0
CUST-52421,5.0,Mobile Phone,1,16.0,Credit Card,Male,3.0,3,Fashion,1,Single,3,0,25.0,0.0,1.0,,212.44,0
CUST-52422,27.0,Computer,1,17.0,Credit Card,Female,2.0,3,Grocery,1,Married,4,0,20.0,0.0,,12.0,260.32,0
CUST-52423,0.0,Mobile Phone,1,,Cash on Delivery,Male,3.0,4,Mobile Phone,5,Single,7,0,13.0,1.0,1.0,7.0,123.62,1
CUST-52424,17.0,Mobile Phone,1,34.0,Debit Card,Male,2.0,3,Grocery,5,Married,4,0,13.0,,14.0,17.0,263.28,0
CUST-52425,12.0,Mobile Phone,1,12.0,Debit Card,Female,2.0,3,Fashion,4,Single,5,0,18.0,2.0,2.0,2.0,183.76,0
CUST-52426,19.0,Mobile Phone,3,9.0,Debit Card,Female,2.0,3,Grocery,4,Married,9,0,12.0,,5.0,1.0,266.06,0
CUST-52427,8.0,Mobile Phone,1,22.0,Debit Card,Female,3.0,4,Fashion,4,Single,2,0,19.0,3.0,3.0,3.0,186.06,0
CUST-52428,,Mobile Phone,1,26.0,Debit Card,Male,3.0,3,Laptop & Accessory,3,Single,1,0,14.0,1.0,1.0,2.0,122.72,0
CUST-52429,,Mobile Phone,1,15.0,Debit Card,Male,2.0,3,Mobile Phone,5,Single,4,0,14.0,1.0,1.0,0.0,120.18,1
CUST-52430,7.0,Mobile Phone,3,7.0,Cash on Delivery,Male,3.0,4,Fashion,3,Married,2,1,14.0,7.0,8.0,6.0,170.83,0
CUST-52431,0.0,Computer,1,9.0,Debit Card,Female,2.0,3,Mobile Phone,3,Single,2,0,12.0,2.0,7.0,7.0,140.84,1
CUST-52432,23.0,Computer,1,28.0,Credit Card,Male,2.0,5,Grocery,1,Single,2,1,13.0,1.0,,9.0,244.11,0
CUST-52433,,Mobile Phone,3,13.0,Cash on Delivery,Male,2.0,3,Mobile Phone,3,Married,1,1,25.0,3.0,5.0,7.0,123.08000000000001,0
CUST-52434,15.0,Mobile Phone,1,8.0,Credit Card,Male,3.0,4,Mobile Phone,4,Married,5,0,14.0,0.0,1.0,0.0,148.41,0
CUST-52435,10.0,Mobile Phone,1,19.0,Credit Card,Male,2.0,3,Laptop & Accessory,1,Married,2,0,17.0,2.0,3.0,7.0,142.85,0
CUST-52436,2.0,Mobile Phone,1,14.0,UPI,Female,2.0,5,Laptop & Accessory,5,Married,4,0,13.0,1.0,1.0,7.0,197.15,0
CUST-52437,6.0,Mobile Phone,1,31.0,Debit Card,Male,2.0,4,Laptop & Accessory,4,Single,2,0,13.0,1.0,1.0,2.0,143.2,0
CUST-52438,,Mobile Phone,1,34.0,Cash on Delivery,Male,3.0,3,Mobile Phone,1,Married,5,0,20.0,1.0,1.0,3.0,121.32,0
CUST-52439,15.0,Computer,1,8.0,Debit Card,Male,2.0,3,Fashion,1,Married,3,1,14.0,4.0,13.0,9.0,201.24,0
CUST-52440,13.0,Mobile Phone,3,15.0,Credit Card,Male,2.0,3,Laptop & Accessory,5,Married,1,0,12.0,7.0,7.0,1.0,154.73,0
CUST-52441,6.0,Mobile Phone,1,34.0,Debit Card,Male,3.0,3,Laptop & Accessory,3,Married,2,1,12.0,4.0,5.0,7.0,152.07,0
CUST-52442,13.0,Mobile Phone,2,12.0,Credit Card,Male,2.0,3,Grocery,1,Single,2,1,21.0,,7.0,7.0,264.37,0
CUST-52443,,Mobile Phone,1,27.0,Cash on Delivery,Male,2.0,4,Mobile Phone,5,Married,1,0,14.0,0.0,1.0,0.0,122.96000000000001,0
CUST-52444,13.0,Computer,1,14.0,Debit Card,Male,3.0,3,Laptop & Accessory,1,Married,4,1,18.0,1.0,2.0,2.0,140.69,0
CUST-52445,18.0,Mobile Phone,1,7.0,Cash on Delivery,Male,3.0,3,Fashion,4,Married,2,0,12.0,3.0,7.0,7.0,174.41,0
CUST-52446,8.0,Mobile Phone,3,,Debit Card,Female,3.0,4,Mobile Phone,3,Married,1,0,23.0,2.0,4.0,2.0,124.30000000000001,0
CUST-52447,5.0,Mobile Phone,1,11.0,Debit Card,Female,3.0,4,Laptop & Accessory,4,Married,4,0,12.0,1.0,2.0,5.0,158.78,0
CUST-52448,9.0,Mobile Phone,3,,Debit Card,Male,3.0,3,Mobile Phone,1,Single,4,1,21.0,1.0,1.0,2.0,126.44,0
CUST-52449,21.0,Mobile Phone,3,22.0,Debit Card,Female,3.0,3,Laptop & Accessory,3,Married,9,0,14.0,7.0,7.0,7.0,164.39,0
CUST-52450,2.0,Mobile Phone,1,,Debit Card,Male,3.0,1,Mobile Phone,3,Married,7,0,18.0,0.0,1.0,0.0,124.50999999999999,0
CUST-52451,6.0,Mobile Phone,3,14.0,Debit Card,Male,2.0,3,Laptop & Accessory,5,Married,3,0,13.0,2.0,2.0,2.0,163.92,0
CUST-52452,0.0,Mobile Phone,3,7.0,Debit Card,Male,3.0,4,Laptop & Accessory,5,Married,2,0,11.0,1.0,6.0,7.0,197.14,1
CUST-52453,11.0,Computer,2,16.0,UPI,Male,3.0,3,Laptop & Accessory,3,Married,4,0,11.0,0.0,1.0,2.0,160.77,0
CUST-52454,8.0,Mobile Phone,1,,Credit Card,Male,3.0,4,Mobile Phone,5,Single,2,0,19.0,1.0,1.0,2.0,124.5,0
CUST-52455,7.0,Mobile Phone,3,35.0,Cash on Delivery,Male,2.0,3,Fashion,4,Married,4,0,12.0,1.0,1.0,3.0,192.5,0
CUST-52456,,Mobile Phone,1,8.0,Debit Card,Female,3.0,3,Mobile Phone,5,Married,2,1,12.0,1.0,1.0,0.0,120.74000000000001,1
CUST-52457,16.0,Mobile Phone,1,8.0,Cash on Delivery,Female,3.0,4,Fashion,1,Married,1,0,16.0,0.0,1.0,9.0,201.69,1
CUST-52458,1.0,Mobile Phone,1,8.0,Credit Card,Male,2.0,3,Laptop & Accessory,4,Married,5,0,11.0,1.0,1.0,4.0,148.55,1
CUST-52459,5.0,Computer,1,7.0,Cash on Delivery,Male,3.0,3,Laptop & Accessory,5,Married,5,0,14.0,0.0,1.0,2.0,140.87,0
CUST-52460,21.0,Mobile Phone,1,,UPI,Female,3.0,3,Mobile Phone,5,Married,9,0,12.0,6.0,7.0,6.0,123.66999999999999,0
CUST-52461,7.0,Mobile Phone,1,13.0,Credit Card,Male,,3,Mobile Phone,1,Single,2,0,13.0,0.0,1.0,0.0,129.72,0
CUST-52462,28.0,Mobile Phone,3,32.0,E wallet,Male,2.0,4,Others,1,Married,2,0,,0.0,2.0,13.0,295.86,0
CUST-52463,7.0,Mobile Phone,1,7.0,Debit Card,Male,2.0,3,Laptop & Accessory,1,Married,10,0,17.0,0.0,2.0,1.0,154.84,0
CUST-52464,,Mobile Phone,1,9.0,Debit Card,Female,2.0,3,Mobile Phone,1,Married,2,0,21.0,1.0,1.0,0.0,120.61000000000001,0
CUST-52465,11.0,Mobile Phone,3,20.0,Debit Card,Male,3.0,3,Laptop & Accessory,4,Married,1,0,11.0,3.0,7.0,7.0,199.24,0
CUST-52466,11.0,Mobile Phone,3,22.0,Debit Card,Female,2.0,3,Laptop & Accessory,4,Single,3,0,12.0,1.0,1.0,2.0,141.98,0
CUST-52467,9.0,Mobile Phone,3,7.0,Debit Card,Female,3.0,3,Laptop & Accessory,3,Single,7,0,13.0,1.0,1.0,0.0,168.15,0
CUST-52468,2.0,Mobile Phone,1,9.0,Credit Card,Male,2.0,3,Mobile Phone,5,Single,2,1,18.0,0.0,1.0,5.0,147.23,0
CUST-52469,8.0,Mobile Phone,1,16.0,Credit Card,Female,2.0,3,Laptop & Accessory,3,Single,4,1,16.0,0.0,1.0,4.0,161.42,0
CUST-52470,12.0,Mobile Phone,3,12.0,Credit Card,Male,2.0,1,Fashion,3,Married,3,0,11.0,3.0,7.0,6.0,182.37,0
CUST-52471,2.0,Computer,1,8.0,Debit Card,Male,2.0,3,Laptop & Accessory,1,Married,2,0,19.0,1.0,1.0,3.0,188.53,0
CUST-52472,23.0,Mobile Phone,3,15.0,E wallet,Male,2.0,3,Others,3,Married,5,1,,0.0,1.0,0.0,293.31,0
CUST-52473,,Mobile Phone,1,16.0,Cash on Delivery,Male,2.0,1,Mobile Phone,3,Married,3,0,16.0,0.0,2.0,2.0,120.72999999999999,0
CUST-52474,9.0,Computer,1,12.0,Debit Card,Male,3.0,1,Laptop & Accessory,5,Married,4,1,13.0,0.0,1.0,2.0,155.62,0
CUST-52475,15.0,Mobile Phone,1,15.0,UPI,Male,3.0,4,Others,1,Single,9,0,,1.0,1.0,1.0,296.13,0
CUST-52476,8.0,Mobile Phone,1,34.0,Debit Card,Male,2.0,1,Laptop & Accessory,3,Married,2,0,17.0,6.0,6.0,8.0,134.07,0
CUST-52477,7.0,Computer,1,16.0,Cash on Delivery,Male,3.0,4,Laptop & Accessory,3,Married,2,0,14.0,1.0,7.0,7.0,150.63,0
CUST-52478,13.0,Mobile Phone,3,20.0,Debit Card,Female,2.0,3,Laptop & Accessory,5,Married,2,0,15.0,0.0,1.0,2.0,146.39,0
CUST-52479,16.0,Mobile Phone,1,33.0,Cash on Delivery,Male,2.0,1,Mobile Phone,4,Married,6,0,12.0,1.0,1.0,2.0,148.76,0
CUST-52480,8.0,Mobile Phone,1,13.0,Debit Card,Male,,4,Mobile Phone,1,Married,2,0,18.0,1.0,1.0,1.0,126.9,0
CUST-52481,19.0,Mobile Phone,3,7.0,Debit Card,Male,2.0,1,Grocery,5,Single,2,0,15.0,,1.0,12.0,275.67,0
CUST-52482,0.0,Mobile Phone,1,,Credit Card,Male,2.0,3,Mobile Phone,4,Married,2,1,17.0,0.0,1.0,0.0,124.08000000000001,1
CUST-52483,0.0,Computer,1,32.0,UPI,Female,,4,Mobile Phone,3,Married,2,1,14.0,1.0,1.0,3.0,128.14,0
CUST-52484,23.0,Computer,1,26.0,Credit Card,Male,2.0,3,Grocery,3,Married,3,1,15.0,0.0,12.0,,212.45,0
CUST-52485,5.0,Mobile Phone,1,11.0,UPI,Female,2.0,1,Mobile Phone,1,Married,4,0,17.0,1.0,1.0,2.0,133.12,0
CUST-52486,17.0,Mobile Phone,1,13.0,Credit Card,Female,2.0,3,Others,1,Married,1,1,14.0,,1.0,10.0,290.49,0
CUST-52487,,Mobile Phone,1,13.0,Credit Card,Male,2.0,4,Mobile Phone,4,Married,2,0,12.0,1.0,1.0,1.0,121.41,0
CUST-52488,18.0,Mobile Phone,1,11.0,Credit Card,Female,2.0,5,Laptop & Accessory,5,Single,2,1,14.0,0.0,1.0,4.0,157.69,0
CUST-52489,18.0,Computer,3,32.0,E wallet,Male,2.0,4,Laptop & Accessory,5,Married,2,0,15.0,3.0,4.0,5.0,143.85,0
CUST-52490,4.0,Computer,3,8.0,UPI,Male,2.0,3,Laptop & Accessory,5,Single,8,0,13.0,1.0,1.0,3.0,153.32,0
CUST-52491,9.0,Mobile Phone,1,18.0,Debit Card,Female,3.0,3,Laptop & Accessory,3,Married,10,1,12.0,0.0,1.0,1.0,146.63,0
CUST-52492,7.0,Computer,1,16.0,Debit Card,Male,2.0,1,Laptop & Accessory,1,Married,2,0,13.0,3.0,7.0,2.0,147.24,0
CUST-52493,22.0,Mobile Phone,1,31.0,Debit Card,Female,2.0,3,Mobile Phone,5,Married,2,0,14.0,1.0,1.0,4.0,132.11,0
CUST-52494,12.0,Mobile Phone,1,16.0,Credit Card,Male,3.0,3,Laptop & Accessory,5,Married,3,0,13.0,3.0,7.0,7.0,153.77,0
CUST-52495,0.0,Mobile Phone,1,25.0,UPI,Male,3.0,4,Mobile Phone,5,Married,2,0,11.0,0.0,1.0,7.0,140.66,0
CUST-52496,8.0,Mobile Phone,1,24.0,Debit Card,Male,2.0,1,Laptop & Accessory,5,Married,2,0,11.0,1.0,1.0,10.0,152.08,0
CUST-52497,1.0,Mobile Phone,1,33.0,Credit Card,Female,2.0,5,Laptop & Accessory,5,Married,1,0,21.0,1.0,1.0,0.0,148.77,0
CUST-52498,0.0,Mobile Phone,1,11.0,Credit Card,Male,,3,Mobile Phone,1,Single,2,0,18.0,0.0,2.0,2.0,131.17,0
CUST-52499,,Computer,3,9.0,Credit Card,Female,3.0,3,Mobile Phone,1,Single,2,1,12.0,1.0,1.0,0.0,115.69,1
CUST-52500,20.0,Mobile Phone,2,32.0,Debit Card,Female,3.0,3,Others,3,Married,4,0,,1.0,1.0,0.0,296.58,0
CUST-52501,12.0,Mobile Phone,1,9.0,Credit Card,Male,,4,Laptop & Accessory,3,Married,1,0,15.0,0.0,1.0,7.0,130.69,0
CUST-52502,13.0,Mobile Phone,1,21.0,Debit Card,Female,3.0,4,Fashion,3,Married,2,0,13.0,6.0,14.0,12.0,204.35,0
CUST-52503,8.0,Computer,1,14.0,Debit Card,Female,2.0,3,Laptop & Accessory,3,Married,2,0,12.0,0.0,2.0,9.0,141.48,0
CUST-52504,10.0,Mobile Phone,1,25.0,Debit Card,Male,2.0,3,Laptop & Accessory,3,Married,4,0,17.0,0.0,1.0,2.0,157.68,0
CUST-52505,12.0,Computer,1,10.0,Credit Card,Female,2.0,3,Laptop & Accessory,3,Single,1,0,13.0,3.0,3.0,8.0,150.42,0
CUST-52506,18.0,Mobile Phone,1,8.0,UPI,Female,2.0,4,Laptop & Accessory,1,Married,2,0,19.0,3.0,3.0,9.0,157.7,0
CUST-52507,11.0,Mobile Phone,1,8.0,Credit Card,Female,2.0,4,Fashion,3,Married,4,1,19.0,0.0,1.0,2.0,177.56,0
CUST-52508,0.0,Mobile Phone,3,16.0,Credit Card,Male,2.0,4,Fashion,5,Married,10,0,17.0,0.0,6.0,0.0,203.06,1
CUST-52509,10.0,Mobile Phone,1,16.0,Credit Card,Female,3.0,3,Mobile Phone,4,Married,2,0,11.0,4.0,7.0,7.0,139.36,0
CUST-52510,13.0,Mobile Phone,1,22.0,Debit Card,Female,2.0,3,Fashion,1,Single,7,1,15.0,3.0,3.0,3.0,179.45,0
CUST-52511,17.0,Computer,2,7.0,UPI,Male,2.0,3,Laptop & Accessory,1,Married,5,1,11.0,1.0,1.0,2.0,157.43,0
CUST-52512,21.0,Computer,1,10.0,Credit Card,Male,2.0,4,Grocery,1,Married,3,0,25.0,0.0,,2.0,252.01999999999998,0
CUST-52513,0.0,Mobile Phone,3,21.0,Credit Card,Male,2.0,5,Laptop & Accessory,1,Married,7,1,14.0,0.0,2.0,2.0,154.4,1
CUST-52514,0.0,Computer,1,8.0,Cash on Delivery,Female,2.0,3,Mobile Phone,1,Single,2,1,13.0,0.0,1.0,3.0,137.6,0
CUST-52515,0.0,Mobile Phone,1,14.0,Credit Card,Female,2.0,1,Mobile Phone,3,Married,8,0,17.0,0.0,1.0,2.0,135.17,0
CUST-52516,0.0,Computer,1,,Credit Card,Male,2.0,3,Mobile Phone,1,Single,3,0,13.0,0.0,1.0,2.0,125.80000000000001,0
CUST-52517,,Mobile Phone,1,13.0,Debit Card,Male,3.0,3,Mobile Phone,5,Single,4,1,14.0,0.0,1.0,3.0,121.66,1
CUST-52518,2.0,Mobile Phone,3,16.0,Credit Card,Male,2.0,4,Laptop & Accessory,3,Single,10,0,11.0,1.0,1.0,4.0,158.69,0
CUST-52519,9.0,Mobile Phone,1,11.0,Debit Card,Female,2.0,3,Fashion,5,Married,5,0,12.0,1.0,1.0,2.0,180.08,0
CUST-52520,0.0,Computer,1,8.0,Debit Card,Male,3.0,1,Laptop & Accessory,3,Married,2,0,17.0,1.0,1.0,7.0,152.06,0
CUST-52521,12.0,Mobile Phone,1,18.0,Credit Card,Male,3.0,3,Laptop & Accessory,4,Married,5,0,21.0,1.0,1.0,0.0,152.95,0
CUST-52522,22.0,Mobile Phone,1,28.0,UPI,Female,3.0,3,Grocery,4,Married,4,0,16.0,,1.0,2.0,264.13,0
CUST-52523,23.0,Mobile Phone,1,23.0,Debit Card,Female,2.0,4,Fashion,5,Married,6,0,15.0,0.0,,11.0,232.69,0
CUST-52524,0.0,Mobile Phone,3,8.0,Credit Card,Female,,3,Mobile Phone,3,Single,2,0,19.0,0.0,2.0,2.0,127.83000000000001,0
CUST-52525,7.0,Mobile Phone,1,9.0,Debit Card,Female,3.0,3,Laptop & Accessory,4,Married,2,0,12.0,1.0,7.0,9.0,154.33,0
CUST-52526,,Mobile Phone,1,13.0,Debit Card,Male,3.0,3,Mobile Phone,4,Single,3,0,11.0,0.0,1.0,3.0,120.13,0
CUST-52527,22.0,Mobile Phone,1,12.0,Debit Card,Female,2.0,4,Grocery,3,Married,3,1,19.0,2.0,,12.0,239.66000000000003,0
CUST-52528,9.0,Computer,1,7.0,Credit Card,Female,2.0,4,Laptop & Accessory,3,Married,1,0,15.0,0.0,1.0,2.0,143.74,0
CUST-52529,9.0,Mobile Phone,1,9.0,Debit Card,Male,3.0,1,Laptop & Accessory,5,Married,7,0,20.0,0.0,1.0,4.0,168.42,0
CUST-52530,27.0,Mobile Phone,1,28.0,Credit Card,Female,3.0,3,Grocery,3,Married,4,0,25.0,,4.0,7.0,274.26,0
CUST-52531,16.0,Mobile Phone,1,21.0,Debit Card,Male,3.0,4,Grocery,3,Married,2,0,24.0,,6.0,11.0,276.03,0
CUST-52532,0.0,Computer,3,18.0,UPI,Male,2.0,3,Laptop & Accessory,1,Single,4,1,24.0,5.0,6.0,7.0,145.81,1
CUST-52533,11.0,Computer,1,7.0,Debit Card,Male,2.0,3,Laptop & Accessory,1,Married,8,0,15.0,1.0,2.0,9.0,147.35,0
CUST-52534,2.0,Mobile Phone,3,11.0,Credit Card,Male,2.0,4,Laptop & Accessory,4,Married,2,1,13.0,0.0,1.0,9.0,141.87,0
CUST-52535,6.0,Mobile Phone,3,8.0,Credit Card,Male,3.0,3,Laptop & Accessory,1,Married,2,0,14.0,1.0,1.0,4.0,155.05,0
CUST-52536,5.0,Mobile Phone,1,8.0,Credit Card,Male,2.0,3,Laptop & Accessory,4,Married,1,0,13.0,1.0,1.0,6.0,154.7,0
CUST-52537,4.0,Mobile Phone,3,11.0,Debit Card,Female,3.0,3,Laptop & Accessory,1,Married,2,0,11.0,0.0,1.0,2.0,154.76,0
CUST-52538,22.0,Mobile Phone,1,,Credit Card,Female,3.0,3,Mobile Phone,5,Married,5,1,16.0,0.0,2.0,2.0,125.87,0
CUST-52539,11.0,Computer,1,,Credit Card,Female,2.0,4,Mobile Phone,4,Single,2,0,22.0,0.0,3.0,3.0,124.4,0
CUST-52540,20.0,Mobile Phone,3,8.0,Debit Card,Female,2.0,1,Grocery,4,Married,7,0,14.0,1.0,,2.0,259.72,0
CUST-52541,22.0,Mobile Phone,1,7.0,Debit Card,Male,2.0,3,Grocery,3,Single,5,0,14.0,1.0,,0.0,253.79000000000002,0
CUST-52542,14.0,Mobile Phone,3,29.0,Debit Card,Male,3.0,3,Fashion,3,Single,4,1,16.0,0.0,1.0,2.0,170.82,0
CUST-52543,0.0,Mobile Phone,3,15.0,Debit Card,Male,,3,Mobile Phone,5,Single,2,0,11.0,0.0,1.0,2.0,127.28,0
CUST-52544,6.0,Computer,3,22.0,Debit Card,Female,2.0,3,Laptop & Accessory,1,Married,2,1,25.0,0.0,1.0,2.0,153.68,0
CUST-52545,9.0,Mobile Phone,1,32.0,Debit Card,Male,3.0,3,Laptop & Accessory,3,Married,7,0,14.0,1.0,1.0,2.0,153.47,0
CUST-52546,17.0,Mobile Phone,2,7.0,Debit Card,Female,2.0,3,Mobile Phone,1,Married,5,1,18.0,2.0,2.0,2.0,131.95,0
CUST-52547,0.0,Mobile Phone,1,14.0,Credit Card,Male,3.0,4,Mobile Phone,3,Single,2,1,11.0,1.0,1.0,2.0,139.89,1
CUST-52548,11.0,Mobile Phone,1,10.0,Credit Card,Female,2.0,3,Mobile Phone,3,Married,8,0,19.0,0.0,1.0,0.0,133.06,0
CUST-52549,26.0,Mobile Phone,1,30.0,Credit Card,Male,2.0,1,Fashion,1,Married,4,0,15.0,0.0,1.0,2.0,170.05,0
CUST-52550,11.0,Computer,3,,Credit Card,Female,3.0,3,Mobile Phone,3,Married,3,1,11.0,1.0,7.0,7.0,126.55000000000001,1
CUST-52551,,Mobile Phone,1,8.0,Debit Card,Male,3.0,3,Mobile Phone,4,Single,2,0,12.0,0.0,1.0,0.0,113.93,1
CUST-52552,0.0,Computer,1,,Credit Card,Male,3.0,3,Mobile Phone,1,Single,2,0,20.0,0.0,5.0,7.0,125.69999999999999,0
CUST-52553,28.0,Mobile Phone,1,28.0,Cash on Delivery,Male,3.0,4,Mobile Phone,4,Married,6,0,12.0,1.0,1.0,2.0,135.37,0
CUST-52554,7.0,Mobile Phone,1,11.0,Credit Card,Male,2.0,4,Laptop & Accessory,1,Married,2,0,14.0,0.0,4.0,13.0,139.86,0
CUST-52555,30.0,Mobile Phone,1,7.0,Credit Card,Male,3.0,5,Fashion,1,Married,4,0,20.0,1.0,1.0,0.0,208.82999999999998,0
CUST-52556,,Mobile Phone,1,27.0,Credit Card,Male,3.0,1,Mobile Phone,4,Married,2,0,18.0,0.0,2.0,13.0,120.28,0
CUST-52557,10.0,Computer,3,7.0,Credit Card,Male,2.0,5,Laptop & Accessory,1,Married,2,0,14.0,1.0,1.0,3.0,195.25,0
CUST-52558,7.0,Mobile Phone,1,25.0,Debit Card,Female,,4,Mobile Phone,1,Married,2,0,12.0,1.0,8.0,7.0,129.29,0
CUST-52559,,Mobile Phone,3,13.0,Debit Card,Male,3.0,3,Mobile Phone,1,Married,2,1,21.0,1.0,1.0,2.0,122.75,1
CUST-52560,17.0,Mobile Phone,1,8.0,Debit Card,Female,3.0,1,Fashion,1,Married,2,1,19.0,1.0,6.0,7.0,178.79,0
CUST-52561,8.0,Computer,1,8.0,Credit Card,Male,3.0,4,Mobile Phone,1,Single,1,1,14.0,1.0,1.0,4.0,149.3,0
CUST-52562,16.0,Mobile Phone,3,8.0,Credit Card,Male,3.0,3,Laptop & Accessory,1,Married,2,1,17.0,3.0,8.0,8.0,178.47,0
CUST-52563,0.0,Mobile Phone,1,15.0,Credit Card,Male,3.0,1,Mobile Phone,3,Married,2,0,16.0,0.0,1.0,4.0,144.01,0
CUST-52564,14.0,Mobile Phone,3,12.0,E wallet,Male,2.0,3,Fashion,3,Single,2,0,12.0,3.0,8.0,7.0,192.41,0
CUST-52565,2.0,Mobile Phone,1,15.0,Credit Card,Female,,3,Mobile Phone,3,Married,10,0,17.0,0.0,1.0,2.0,129.74,0
CUST-52566,9.0,Mobile Phone,3,8.0,Debit Card,Female,2.0,3,Laptop & Accessory,1,Single,4,0,15.0,6.0,6.0,7.0,145.02,0
CUST-52567,18.0,Computer,1,7.0,Debit Card,Male,3.0,4,Fashion,3,Married,4,0,23.0,4.0,14.0,4.0,207.48000000000002,0
CUST-52568,,Mobile Phone,2,28.0,UPI,Male,2.0,5,Mobile Phone,3,Married,2,0,11.0,0.0,1.0,0.0,115.55000000000001,1
CUST-52569,10.0,Computer,3,15.0,Debit Card,Male,2.0,5,Grocery,3,Married,8,0,11.0,6.0,14.0,,229.36,1
CUST-52570,,Mobile Phone,1,23.0,Credit Card,Male,3.0,5,Mobile Phone,3,Married,2,0,15.0,1.0,1.0,2.0,123.05000000000001,0
CUST-52571,18.0,Mobile Phone,1,34.0,Cash on Delivery,Female,2.0,4,Grocery,4,Single,2,0,11.0,,8.0,6.0,267.04,0
CUST-52572,5.0,Computer,1,16.0,Debit Card,Male,2.0,3,Mobile Phone,3,Married,7,0,13.0,0.0,1.0,3.0,134.33,0
CUST-52573,4.0,Mobile Phone,1,8.0,Debit Card,Male,3.0,3,Mobile Phone,3,Married,2,0,14.0,1.0,1.0,3.0,134.77,0
CUST-52574,14.0,Computer,2,10.0,UPI,Male,2.0,5,Laptop & Accessory,4,Married,7,0,19.0,0.0,1.0,2.0,164.3,0
CUST-52575,13.0,Mobile Phone,1,14.0,Debit Card,Female,3.0,3,Laptop & Accessory,5,Married,3,1,16.0,1.0,1.0,0.0,165.16,0
CUST-52576,0.0,Mobile Phone,1,35.0,Credit Card,Male,3.0,3,Mobile Phone,5,Married,2,0,13.0,1.0,1.0,2.0,139.07,0
CUST-52577,19.0,Mobile Phone,1,19.0,Debit Card,Male,2.0,3,Laptop & Accessory,4,Single,7,0,14.0,1.0,1.0,9.0,155.62,0
CUST-52578,8.0,Mobile Phone,1,33.0,Debit Card,Male,2.0,3,Laptop & Accessory,3,Married,3,0,16.0,1.0,1.0,7.0,168.83,0
CUST-52579,3.0,Mobile Phone,1,22.0,Debit Card,Male,,3,Mobile Phone,1,Married,2,0,12.0,0.0,1.0,8.0,128.62,0
CUST-52580,20.0,Computer,3,8.0,E wallet,Male,2.0,3,Laptop & Accessory,4,Married,8,0,11.0,0.0,1.0,0.0,149.78,0
CUST-52581,19.0,Mobile Phone,3,8.0,Debit Card,Male,3.0,3,Fashion,1,Married,5,1,12.0,0.0,1.0,3.0,203.68,0
CUST-52582,0.0,Mobile Phone,3,19.0,E wallet,Male,3.0,4,Laptop & Accessory,5,Married,6,1,13.0,1.0,2.0,2.0,161.34,1
CUST-52583,0.0,Mobile Phone,3,7.0,Debit Card,Male,2.0,5,Laptop & Accessory,4,Single,7,0,15.0,0.0,1.0,0.0,167.35,1
CUST-52584,0.0,Mobile Phone,1,10.0,Credit Card,Female,2.0,3,Mobile Phone,4,Single,2,0,13.0,0.0,1.0,2.0,132.95,0
CUST-52585,4.0,Computer,1,30.0,Cash on Delivery,Female,1.0,3,Laptop & Accessory,1,Single,3,0,20.0,0.0,1.0,4.0,152.38,0
CUST-52586,12.0,Computer,1,7.0,Debit Card,Male,3.0,3,Laptop & Accessory,1,Married,2,1,15.0,0.0,5.0,8.0,164.72,0
CUST-52587,5.0,Mobile Phone,3,25.0,Debit Card,Male,3.0,5,Fashion,3,Married,4,0,13.0,0.0,1.0,2.0,196.1,0
CUST-52588,13.0,Mobile Phone,3,13.0,Credit Card,Male,2.0,3,Others,4,Single,2,0,,12.0,12.0,8.0,298.33,0
CUST-52589,18.0,Mobile Phone,2,10.0,Debit Card,Female,2.0,5,Fashion,3,Married,5,0,21.0,1.0,1.0,3.0,197.56,0
CUST-52590,3.0,Computer,1,8.0,Cash on Delivery,Female,3.0,4,Mobile Phone,5,Single,1,0,16.0,0.0,1.0,7.0,149.68,0
CUST-52591,,Computer,2,16.0,Credit Card,Male,2.0,3,Mobile Phone,1,Married,1,0,14.0,0.0,2.0,1.0,121.44999999999999,0
CUST-52592,,Computer,2,14.0,UPI,Female,3.0,4,Mobile Phone,1,Married,7,0,11.0,1.0,1.0,2.0,121.80000000000001,1
CUST-52593,4.0,Mobile Phone,3,11.0,Cash on Delivery,Male,2.0,3,Laptop & Accessory,3,Married,2,0,19.0,1.0,1.0,2.0,183.46,0
CUST-52594,0.0,Mobile Phone,1,14.0,Credit Card,Female,3.0,3,Mobile Phone,1,Single,2,0,11.0,0.0,1.0,4.0,134.45,0
CUST-52595,0.0,Mobile Phone,3,15.0,E wallet,Female,,5,Mobile Phone,4,Single,2,0,13.0,2.0,2.0,2.0,127.6,1
CUST-52596,2.0,Computer,1,7.0,Debit Card,Male,3.0,1,Laptop & Accessory,3,Single,9,1,12.0,1.0,1.0,2.0,162.94,0
CUST-52597,3.0,Mobile Phone,3,21.0,E wallet,Male,3.0,4,Fashion,5,Married,3,0,11.0,1.0,1.0,7.0,171.4,0
CUST-52598,7.0,Mobile Phone,1,8.0,Credit Card,Male,,1,Mobile Phone,1,Married,1,1,14.0,1.0,1.0,2.0,129.32,0
CUST-52599,6.0,Computer,3,8.0,E wallet,Female,3.0,3,Laptop & Accessory,4,Single,9,0,15.0,1.0,1.0,7.0,151.47,0
CUST-52600,22.0,Mobile Phone,3,17.0,E wallet,Female,3.0,3,Laptop & Accessory,1,Single,4,0,12.0,0.0,1.0,4.0,145.07,0
CUST-52601,0.0,Mobile Phone,3,22.0,Debit Card,Female,3.0,3,Fashion,5,Single,3,1,20.0,1.0,1.0,0.0,185.64,1
CUST-52602,11.0,Computer,1,,Credit Card,Female,3.0,4,Mobile Phone,4,Married,5,0,14.0,0.0,1.0,5.0,124.68,0
CUST-52603,0.0,Mobile Phone,3,22.0,E wallet,Male,3.0,3,Fashion,3,Married,3,0,13.0,0.0,1.0,0.0,181.61,1
CUST-52604,,Mobile Phone,1,10.0,Cash on Delivery,Female,3.0,4,Mobile Phone,5,Married,2,0,13.0,0.0,1.0,0.0,121.09,0
CUST-52605,3.0,Mobile Phone,1,22.0,Debit Card,Male,2.0,1,Laptop & Accessory,3,Married,4,0,16.0,1.0,1.0,7.0,152.94,0
CUST-52606,5.0,Computer,1,11.0,Cash on Delivery,Male,,3,Mobile Phone,4,Single,3,0,14.0,1.0,1.0,7.0,127.18,0
CUST-52607,11.0,Mobile Phone,1,24.0,Credit Card,Male,2.0,5,Laptop & Accessory,1,Married,4,1,16.0,0.0,1.0,0.0,158.11,0
CUST-52608,6.0,Computer,1,,Cash on Delivery,Male,2.0,4,Mobile Phone,3,Married,10,1,16.0,1.0,1.0,0.0,124.37,1
CUST-52609,15.0,Mobile Phone,1,18.0,Credit Card,Male,,3,Mobile Phone,4,Married,9,0,22.0,1.0,1.0,4.0,127.66,0
CUST-52610,28.0,Mobile Phone,1,8.0,Credit Card,Male,2.0,4,Others,5,Married,9,0,12.0,,1.0,0.0,290.38,0
CUST-52611,6.0,Computer,1,10.0,Cash on Delivery,Male,,3,Laptop & Accessory,4,Married,6,0,15.0,0.0,1.0,7.0,130.55,0
CUST-52612,,Mobile Phone,1,15.0,Debit Card,Male,3.0,3,Mobile Phone,5,Married,2,0,20.0,0.0,1.0,4.0,122.88999999999999,0
CUST-52613,7.0,Computer,3,16.0,Debit Card,Male,2.0,3,Laptop & Accessory,3,Married,2,1,14.0,1.0,1.0,7.0,140.01,0
CUST-52614,26.0,Computer,1,7.0,Credit Card,Female,2.0,4,Grocery,3,Married,5,1,20.0,1.0,1.0,,229.64999999999998,0
CUST-52615,16.0,Mobile Phone,2,8.0,Debit Card,Male,3.0,3,Mobile Phone,1,Single,1,0,13.0,1.0,1.0,8.0,135.39,0
CUST-52616,7.0,Mobile Phone,3,9.0,Debit Card,Female,2.0,5,Laptop & Accessory,1,Single,6,0,12.0,2.0,2.0,2.0,160.29,0
CUST-52617,0.0,Mobile Phone,3,13.0,E wallet,Male,,3,Mobile Phone,4,Single,2,0,13.0,0.0,1.0,0.0,126.78999999999999,1
CUST-52618,11.0,Mobile Phone,1,12.0,UPI,Female,2.0,4,Mobile Phone,3,Married,2,0,11.0,1.0,1.0,4.0,137.02,0
CUST-52619,0.0,Mobile Phone,1,,Credit Card,Female,3.0,3,Mobile Phone,5,Married,2,1,17.0,0.0,1.0,0.0,123.97999999999999,1
CUST-52620,4.0,Mobile Phone,3,35.0,E wallet,Female,3.0,4,Laptop & Accessory,1,Married,2,0,14.0,0.0,5.0,7.0,154.68,0
CUST-52621,24.0,Mobile Phone,1,9.0,Cash on Delivery,Female,2.0,3,Fashion,3,Married,3,0,11.0,2.0,2.0,,231.16000000000003,0
CUST-52622,10.0,Mobile Phone,3,15.0,E wallet,Male,2.0,4,Laptop & Accessory,4,Married,2,0,14.0,1.0,1.0,3.0,141.89,0
CUST-52623,19.0,Mobile Phone,1,8.0,Credit Card,Male,2.0,3,Others,1,Married,8,1,,2.0,2.0,2.0,293.28,0
CUST-52624,9.0,Mobile Phone,1,16.0,Debit Card,Male,2.0,3,Fashion,5,Married,8,1,13.0,2.0,5.0,7.0,183.21,0
CUST-52625,7.0,Computer,1,,Credit Card,Male,3.0,3,Mobile Phone,4,Married,2,1,12.0,2.0,2.0,3.0,123.41999999999999,1
CUST-52626,10.0,Mobile Phone,2,14.0,UPI,Male,2.0,3,Laptop & Accessory,4,Married,3,0,13.0,3.0,4.0,7.0,140.71,0
CUST-52627,0.0,Mobile Phone,3,33.0,Debit Card,Male,2.0,3,Laptop & Accessory,1,Single,2,1,18.0,3.0,7.0,7.0,158.13,1
CUST-52628,6.0,Mobile Phone,1,14.0,Debit Card,Male,,1,Mobile Phone,5,Married,7,0,19.0,3.0,7.0,6.0,131.43,0
CUST-52629,,Mobile Phone,1,7.0,Debit Card,Male,2.0,3,Mobile Phone,1,Married,2,0,11.0,0.0,1.0,3.0,120.44,0
CUST-52630,12.0,Mobile Phone,1,16.0,Credit Card,Male,3.0,3,Fashion,3,Single,8,0,21.0,2.0,,2.0,234.64,0
CUST-52631,19.0,Computer,3,32.0,Debit Card,Male,3.0,4,Laptop & Accessory,4,Single,9,0,15.0,1.0,2.0,2.0,179.91,0
CUST-52632,13.0,Mobile Phone,1,8.0,Debit Card,Female,3.0,3,Mobile Phone,5,Married,5,0,17.0,1.0,1.0,2.0,133.77,0
CUST-52633,15.0,Mobile Phone,1,19.0,Credit Card,Male,3.0,1,Laptop & Accessory,5,Married,6,0,18.0,1.0,1.0,0.0,155.38,0
CUST-52634,8.0,Computer,1,8.0,Credit Card,Male,2.0,3,Laptop & Accessory,1,Married,3,0,14.0,1.0,1.0,7.0,157.62,0
CUST-52635,11.0,Computer,2,,UPI,Male,3.0,3,Mobile Phone,4,Married,6,0,13.0,2.0,3.0,8.0,125.91999999999999,0
CUST-52636,0.0,Computer,1,15.0,Debit Card,Male,3.0,3,Laptop & Accessory,5,Married,5,0,17.0,0.0,1.0,7.0,153.46,1
CUST-52637,0.0,Mobile Phone,1,16.0,Credit Card,Male,2.0,3,Laptop & Accessory,5,Single,2,0,15.0,0.0,1.0,8.0,142.13,1
CUST-52638,12.0,Computer,3,26.0,Debit Card,Male,2.0,3,Laptop & Accessory,1,Married,3,0,18.0,1.0,2.0,2.0,141.27,0
CUST-52639,16.0,Computer,1,,Debit Card,Male,2.0,3,Mobile Phone,3,Single,5,0,13.0,1.0,1.0,2.0,124.38,0
CUST-52640,14.0,Mobile Phone,1,11.0,Debit Card,Male,2.0,1,Laptop & Accessory,4,Single,4,0,12.0,0.0,1.0,2.0,168.7,0
CUST-52641,14.0,Mobile Phone,3,10.0,E wallet,Female,2.0,3,Fashion,3,Married,1,1,13.0,5.0,13.0,5.0,204.47,0
CUST-52642,3.0,Mobile Phone,1,16.0,Credit Card,Female,3.0,3,Fashion,3,Single,10,0,14.0,0.0,1.0,2.0,196.67,0
CUST-52643,,Mobile Phone,2,26.0,Credit Card,Female,3.0,3,Mobile Phone,4,Married,1,1,11.0,0.0,1.0,4.0,121.47999999999999,1
CUST-52644,9.0,Mobile Phone,1,27.0,Credit Card,Female,3.0,3,Laptop & Accessory,4,Married,5,0,22.0,3.0,3.0,7.0,189.26,1
CUST-52645,13.0,Mobile Phone,1,7.0,Debit Card,Female,2.0,3,Laptop & Accessory,1,Married,5,0,17.0,0.0,1.0,3.0,165.13,0
CUST-52646,7.0,Mobile Phone,3,14.0,Cash on Delivery,Male,3.0,1,Laptop & Accessory,3,Married,2,0,21.0,2.0,4.0,8.0,167.99,0
CUST-52647,30.0,Computer,3,8.0,Credit Card,Male,2.0,3,Grocery,4,Married,5,0,22.0,,14.0,14.0,262.91,0
CUST-52648,8.0,Mobile Phone,1,29.0,Credit Card,Male,,5,Mobile Phone,3,Married,1,0,16.0,0.0,1.0,3.0,127.05000000000001,0
CUST-52649,20.0,Mobile Phone,1,10.0,Debit Card,Female,3.0,4,Fashion,4,Married,9,1,12.0,5.0,14.0,10.0,203.33,0
CUST-52650,13.0,Mobile Phone,1,18.0,Debit Card,Female,2.0,3,Laptop & Accessory,5,Married,3,0,12.0,1.0,7.0,7.0,144.48,0
CUST-52651,27.0,Mobile Phone,1,13.0,Credit Card,Female,3.0,3,Laptop & Accessory,1,Married,5,0,15.0,1.0,1.0,7.0,168.54,0
CUST-52652,4.0,Computer,3,13.0,E wallet,Female,3.0,3,Fashion,5,Married,3,0,14.0,2.0,2.0,2.0,196.37,0
CUST-52653,1.0,Mobile Phone,1,7.0,Credit Card,Female,3.0,3,Mobile Phone,5,Married,2,0,25.0,1.0,1.0,2.0,135.91,0
CUST-52654,11.0,Mobile Phone,3,8.0,E wallet,Female,3.0,5,Laptop & Accessory,1,Married,3,1,20.0,0.0,1.0,3.0,154.05,0
CUST-52655,0.0,Mobile Phone,3,16.0,Credit Card,Male,2.0,3,Laptop & Accessory,1,Single,2,0,13.0,1.0,1.0,2.0,146.84,0
CUST-52656,30.0,Computer,1,21.0,Debit Card,Male,2.0,3,Grocery,3,Married,3,1,14.0,2.0,,2.0,257.87,0
CUST-52657,,Computer,1,20.0,Credit Card,Female,2.0,3,Mobile Phone,3,Single,2,0,16.0,1.0,1.0,0.0,115.13999999999999,0
CUST-52658,0.0,Mobile Phone,2,24.0,UPI,Male,,1,Mobile Phone,5,Married,1,0,17.0,1.0,1.0,0.0,129.56,1
CUST-52659,0.0,Mobile Phone,2,,UPI,Male,2.0,4,Mobile Phone,5,Married,5,1,15.0,2.0,2.0,0.0,123.35,1
CUST-52660,18.0,Computer,3,8.0,Debit Card,Female,3.0,3,Laptop & Accessory,3,Married,5,0,22.0,3.0,5.0,7.0,151.54,0
CUST-52661,9.0,Mobile Phone,1,8.0,UPI,Female,3.0,3,Laptop & Accessory,4,Married,5,1,22.0,1.0,1.0,0.0,169.62,0
CUST-52662,16.0,Computer,3,8.0,Debit Card,Male,3.0,3,Laptop & Accessory,1,Married,2,0,20.0,7.0,7.0,7.0,156.75,0
CUST-52663,0.0,Computer,1,,Debit Card,Female,2.0,3,Mobile Phone,1,Single,1,1,14.0,1.0,1.0,2.0,123.78999999999999,0
CUST-52664,2.0,Computer,1,26.0,Credit Card,Male,2.0,3,Mobile Phone,1,Married,2,0,13.0,1.0,3.0,10.0,138.12,0
CUST-52665,5.0,Computer,3,16.0,E wallet,Male,3.0,3,Laptop & Accessory,1,Single,9,0,13.0,0.0,1.0,0.0,146.48,0
CUST-52666,15.0,Computer,1,16.0,Cash on Delivery,Male,,3,Mobile Phone,3,Married,4,0,22.0,3.0,3.0,3.0,129.36,0
CUST-52667,,Mobile Phone,1,15.0,Debit Card,Female,3.0,3,Mobile Phone,3,Single,5,0,12.0,0.0,2.0,0.0,121.05000000000001,0
CUST-52668,19.0,Mobile Phone,1,8.0,Debit Card,Male,2.0,3,Fashion,1,Married,4,0,14.0,0.0,4.0,7.0,185.78,0
CUST-52669,1.0,Computer,2,7.0,Debit Card,Male,,3,Mobile Phone,1,Married,2,0,15.0,1.0,2.0,2.0,127.06,0
CUST-52670,2.0,Mobile Phone,1,35.0,Debit Card,Male,3.0,5,Laptop & Accessory,3,Married,9,0,17.0,0.0,1.0,6.0,163.84,0
CUST-52671,15.0,Mobile Phone,1,14.0,Debit Card,Male,2.0,3,Mobile Phone,3,Single,5,0,13.0,1.0,1.0,0.0,139.68,0
CUST-52672,0.0,Mobile Phone,3,8.0,E wallet,Male,2.0,4,Laptop & Accessory,4,Single,8,1,12.0,1.0,2.0,2.0,199.07,1
CUST-52673,19.0,Mobile Phone,3,9.0,Cash on Delivery,Female,2.0,1,Grocery,5,Married,3,0,12.0,2.0,,8.0,232.25,0
CUST-52674,0.0,Mobile Phone,3,29.0,Credit Card,Female,2.0,4,Laptop & Accessory,3,Married,2,0,21.0,3.0,5.0,8.0,135.4,0
CUST-52675,2.0,Mobile Phone,2,12.0,Credit Card,Male,,4,Mobile Phone,4,Married,2,0,11.0,1.0,1.0,0.0,128.04,0
CUST-52676,16.0,Mobile Phone,1,12.0,Credit Card,Female,2.0,4,Others,3,Married,8,0,,6.0,6.0,14.0,293.92,0
CUST-52677,21.0,Mobile Phone,1,16.0,Debit Card,Male,3.0,4,Others,4,Married,5,0,,3.0,12.0,9.0,296.65,0
CUST-52678,0.0,Computer,1,,Debit Card,Male,3.0,4,Mobile Phone,1,Single,2,1,24.0,1.0,1.0,0.0,124.38999999999999,1
CUST-52679,9.0,Mobile Phone,3,16.0,Debit Card,Female,3.0,3,Fashion,4,Married,6,0,21.0,1.0,1.0,7.0,173.14,1
CUST-52680,0.0,Computer,1,21.0,Debit Card,Female,3.0,4,Mobile Phone,5,Married,1,0,19.0,0.0,7.0,3.0,147.74,0
CUST-52681,12.0,Mobile Phone,1,25.0,UPI,Male,2.0,3,Laptop & Accessory,1,Married,9,0,14.0,0.0,2.0,2.0,139.02,0
CUST-52682,28.0,Mobile Phone,1,8.0,Cash on Delivery,Male,,4,Mobile Phone,1,Married,9,0,20.0,1.0,1.0,4.0,126.62,0
CUST-52683,1.0,Mobile Phone,3,9.0,Credit Card,Female,,3,Mobile Phone,4,Married,2,0,19.0,1.0,1.0,0.0,128.56,0
CUST-52684,0.0,Mobile Phone,3,15.0,Credit Card,Male,2.0,3,Mobile Phone,1,Single,2,0,13.0,0.0,1.0,0.0,110.81,1
CUST-52685,0.0,Mobile Phone,1,,Debit Card,Male,3.0,3,Mobile Phone,4,Single,2,1,23.0,1.0,1.0,0.0,124.72,1
CUST-52686,9.0,Mobile Phone,3,16.0,Cash on Delivery,Female,3.0,4,Laptop & Accessory,3,Married,2,1,13.0,0.0,1.0,7.0,156.73,0
CUST-52687,4.0,Mobile Phone,1,26.0,Debit Card,Male,2.0,3,Laptop & Accessory,3,Married,2,0,11.0,0.0,1.0,2.0,141.97,0
CUST-52688,7.0,Mobile Phone,3,10.0,Debit Card,Male,3.0,3,Fashion,1,Married,3,1,13.0,0.0,1.0,0.0,197.13,0
CUST-52689,,Mobile Phone,1,13.0,Debit Card,Male,2.0,3,Mobile Phone,5,Single,4,0,14.0,0.0,1.0,2.0,120.62,0
CUST-52690,10.0,Mobile Phone,1,13.0,Credit Card,Male,3.0,3,Laptop & Accessory,5,Married,6,1,22.0,0.0,1.0,4.0,142.84,0
CUST-52691,8.0,Mobile Phone,1,22.0,UPI,Female,2.0,4,Laptop & Accessory,4,Married,1,1,11.0,0.0,1.0,2.0,147.88,0
CUST-52692,18.0,Mobile Phone,1,31.0,Debit Card,Female,3.0,4,Laptop & Accessory,1,Married,1,0,13.0,0.0,3.0,8.0,159.06,0
CUST-52693,9.0,Computer,2,8.0,UPI,Male,3.0,4,Laptop & Accessory,1,Single,2,0,21.0,1.0,1.0,8.0,138.86,0
CUST-52694,13.0,Mobile Phone,1,7.0,Debit Card,Male,3.0,3,Grocery,5,Married,3,0,11.0,,11.0,16.0,268.23,0
CUST-52695,0.0,Mobile Phone,1,7.0,Debit Card,Female,,4,Mobile Phone,3,Married,2,1,13.0,0.0,1.0,0.0,129.33,0
CUST-52696,0.0,Mobile Phone,3,8.0,Credit Card,Female,2.0,1,Laptop & Accessory,3,Single,1,0,14.0,0.0,1.0,7.0,165.0,0
CUST-52697,21.0,Computer,1,28.0,Credit Card,Female,2.0,3,Grocery,1,Married,4,0,11.0,,4.0,7.0,271.74,0
CUST-52698,17.0,Mobile Phone,1,7.0,Debit Card,Male,3.0,1,Laptop & Accessory,5,Married,3,0,15.0,1.0,2.0,2.0,150.33,0
CUST-52699,,Computer,1,22.0,Cash on Delivery,Male,2.0,5,Mobile Phone,5,Married,2,1,23.0,0.0,3.0,0.0,123.07,1
CUST-52700,19.0,Mobile Phone,1,,Debit Card,Male,3.0,3,Mobile Phone,1,Single,2,0,16.0,0.0,1.0,0.0,125.87,1
CUST-52701,9.0,Mobile Phone,3,23.0,E wallet,Male,2.0,4,Laptop & Accessory,4,Married,3,0,16.0,1.0,1.0,3.0,155.07,0
CUST-52702,14.0,Mobile Phone,3,14.0,E wallet,Female,2.0,3,Laptop & Accessory,4,Married,6,0,21.0,0.0,1.0,4.0,143.93,0
CUST-52703,15.0,Mobile Phone,1,12.0,Credit Card,Male,2.0,3,Fashion,5,Married,10,0,13.0,5.0,,7.0,233.48000000000002,0
CUST-52704,4.0,Mobile Phone,3,16.0,Credit Card,Female,2.0,3,Laptop & Accessory,1,Married,3,1,11.0,1.0,1.0,4.0,165.83,0
CUST-52705,7.0,Mobile Phone,3,9.0,Credit Card,Female,3.0,4,Laptop & Accessory,1,Married,4,1,12.0,0.0,1.0,1.0,181.03,0
CUST-52706,4.0,Mobile Phone,1,10.0,Credit Card,Female,3.0,1,Mobile Phone,3,Married,9,0,12.0,1.0,2.0,2.0,139.78,0
CUST-52707,0.0,Computer,1,,UPI,Male,3.0,1,Mobile Phone,1,Married,1,0,18.0,2.0,7.0,7.0,125.44,0
CUST-52708,18.0,Computer,1,7.0,Credit Card,Male,2.0,3,Laptop & Accessory,3,Single,5,0,12.0,0.0,1.0,3.0,153.99,0
CUST-52709,6.0,Mobile Phone,3,16.0,E wallet,Male,2.0,3,Laptop & Accessory,3,Single,2,0,14.0,0.0,1.0,9.0,154.87,0
CUST-52710,1.0,Computer,3,7.0,Debit Card,Male,2.0,4,Laptop & Accessory,1,Married,2,1,12.0,1.0,1.0,7.0,168.34,0
CUST-52711,0.0,Computer,3,30.0,Cash on Delivery,Male,2.0,1,Mobile Phone,5,Single,2,0,17.0,0.0,1.0,0.0,110.91,1
CUST-52712,12.0,Computer,3,27.0,Debit Card,Female,2.0,5,Laptop & Accessory,3,Married,7,0,19.0,0.0,1.0,2.0,157.36,0
CUST-52713,,Mobile Phone,1,8.0,Cash on Delivery,Male,2.0,3,Mobile Phone,4,Married,2,0,11.0,0.0,1.0,2.0,122.25999999999999,0
CUST-52714,7.0,Computer,1,28.0,UPI,Male,2.0,4,Laptop & Accessory,1,Married,2,1,15.0,3.0,6.0,11.0,157.47,0
CUST-52715,0.0,Mobile Phone,3,19.0,E wallet,Female,2.0,3,Laptop & Accessory,3,Single,4,1,11.0,0.0,2.0,2.0,198.54,1
CUST-52716,20.0,Computer,1,20.0,Cash on Delivery,Male,3.0,3,Laptop & Accessory,4,Married,9,0,18.0,0.0,1.0,7.0,154.67,0
CUST-52717,29.0,Mobile Phone,3,17.0,E wallet,Female,2.0,4,Laptop & Accessory,5,Married,5,0,16.0,0.0,1.0,0.0,153.8,0
CUST-52718,12.0,Mobile Phone,1,15.0,Credit Card,Male,2.0,3,Laptop & Accessory,5,Married,2,0,25.0,0.0,7.0,9.0,151.51,0
CUST-52719,,Computer,1,14.0,Credit Card,Female,2.0,4,Laptop & Accessory,4,Married,2,1,16.0,1.0,1.0,7.0,121.33000000000001,0
CUST-52720,60.0,Mobile Phone,3,27.0,Debit Card,Female,3.0,3,Grocery,1,Married,5,1,13.0,,1.0,0.0,278.75,0
CUST-52721,0.0,Computer,1,,Debit Card,Female,2.0,1,Mobile Phone,3,Single,4,1,14.0,0.0,1.0,3.0,124.32,1
CUST-52722,11.0,Mobile Phone,1,15.0,Debit Card,Male,3.0,3,Mobile Phone,1,Married,3,0,19.0,0.0,1.0,3.0,147.71,0
CUST-52723,22.0,Computer,1,8.0,Debit Card,Male,2.0,3,Others,1,Married,4,0,15.0,,4.0,3.0,291.61,0
CUST-52724,15.0,Mobile Phone,3,18.0,E wallet,Male,3.0,3,Laptop & Accessory,1,Married,4,1,12.0,1.0,1.0,0.0,150.87,0
CUST-52725,0.0,Computer,2,28.0,UPI,Female,,4,Mobile Phone,4,Married,2,0,12.0,1.0,1.0,0.0,128.63,1
CUST-52726,8.0,Mobile Phone,3,24.0,Credit Card,Male,3.0,3,Laptop & Accessory,5,Married,1,0,16.0,1.0,1.0,4.0,155.61,0
CUST-52727,,Computer,1,22.0,Credit Card,Male,2.0,3,Mobile Phone,3,Single,2,0,14.0,0.0,1.0,4.0,121.44,0
CUST-52728,4.0,Computer,1,9.0,Credit Card,Male,,3,Mobile Phone,5,Married,2,1,13.0,2.0,2.0,3.0,130.65,0
CUST-52729,9.0,Computer,1,15.0,Debit Card,Male,,1,Mobile Phone,4,Married,2,0,22.0,1.0,1.0,2.0,128.1,0
CUST-52730,7.0,Mobile Phone,3,7.0,E wallet,Male,2.0,3,Fashion,1,Single,2,0,21.0,2.0,2.0,1.0,198.88,0
CUST-52731,7.0,Mobile Phone,3,19.0,Credit Card,Male,2.0,3,Fashion,3,Married,2,0,18.0,0.0,1.0,1.0,186.28,0
CUST-52732,0.0,Mobile Phone,1,7.0,Credit Card,Male,,3,Mobile Phone,5,Single,1,0,13.0,7.0,7.0,6.0,128.67,0
CUST-52733,2.0,Mobile Phone,1,7.0,Debit Card,Male,2.0,3,Laptop & Accessory,5,Married,1,0,12.0,0.0,1.0,2.0,153.73,0
CUST-52734,5.0,Computer,1,21.0,Credit Card,Female,2.0,3,Laptop & Accessory,1,Married,6,0,18.0,0.0,1.0,2.0,166.67,0
CUST-52735,4.0,Computer,1,7.0,Debit Card,Male,2.0,5,Laptop & Accessory,5,Married,2,0,21.0,6.0,8.0,7.0,150.03,0
CUST-52736,0.0,Mobile Phone,1,,Cash on Delivery,Male,2.0,4,Mobile Phone,1,Married,6,0,12.0,1.0,1.0,3.0,123.66999999999999,1
CUST-52737,11.0,Mobile Phone,3,7.0,Debit Card,Male,,4,Mobile Phone,5,Single,5,0,14.0,1.0,1.0,0.0,128.58,0
CUST-52738,8.0,Mobile Phone,3,13.0,Debit Card,Female,2.0,3,Laptop & Accessory,1,Married,2,1,11.0,1.0,1.0,9.0,152.04,0
CUST-52739,0.0,Mobile Phone,3,15.0,E wallet,Male,2.0,3,Laptop & Accessory,1,Single,2,0,14.0,1.0,1.0,7.0,141.05,0
CUST-52740,5.0,Mobile Phone,1,11.0,Debit Card,Male,2.0,4,Laptop & Accessory,1,Single,9,0,24.0,1.0,1.0,0.0,196.79,0
CUST-52741,0.0,Computer,3,32.0,E wallet,Male,3.0,3,Laptop & Accessory,1,Married,2,1,11.0,0.0,1.0,8.0,156.17,1
CUST-52742,16.0,Mobile Phone,3,30.0,Debit Card,Male,3.0,3,Fashion,5,Single,7,1,13.0,0.0,2.0,2.0,204.48,1
CUST-52743,27.0,Mobile Phone,1,15.0,Debit Card,Female,,3,Laptop & Accessory,3,Married,4,0,11.0,1.0,2.0,3.0,128.97,0
CUST-52744,6.0,Computer,1,13.0,Debit Card,Male,2.0,3,Laptop & Accessory,3,Married,2,0,20.0,0.0,2.0,8.0,159.68,0
CUST-52745,16.0,Mobile Phone,1,17.0,Debit Card,Male,1.0,3,Fashion,3,Married,2,0,17.0,1.0,1.0,9.0,175.1,0
CUST-52746,11.0,Computer,2,7.0,UPI,Male,,3,Mobile Phone,4,Married,1,1,11.0,0.0,1.0,2.0,129.91,0
CUST-52747,28.0,Mobile Phone,2,32.0,UPI,Male,3.0,1,Others,4,Married,5,1,,1.0,1.0,4.0,296.36,0
CUST-52748,4.0,Mobile Phone,1,8.0,Credit Card,Female,2.0,5,Mobile Phone,1,Married,2,1,11.0,0.0,1.0,0.0,111.28999999999999,0
CUST-52749,12.0,Mobile Phone,3,21.0,E wallet,Male,3.0,3,Grocery,5,Single,1,0,12.0,4.0,,10.0,233.41000000000003,0
CUST-52750,15.0,Computer,1,29.0,Debit Card,Male,2.0,4,Laptop & Accessory,3,Single,2,0,12.0,3.0,3.0,7.0,143.32,0
CUST-52751,4.0,Computer,1,16.0,Credit Card,Female,2.0,3,Fashion,3,Married,5,0,20.0,3.0,4.0,,210.31,0
CUST-52752,27.0,Mobile Phone,1,16.0,Credit Card,Female,3.0,3,Laptop & Accessory,5,Single,7,1,19.0,0.0,1.0,4.0,144.4,0
CUST-52753,0.0,Mobile Phone,1,7.0,Debit Card,Male,2.0,4,Laptop & Accessory,3,Single,2,0,12.0,1.0,1.0,2.0,146.17,0
CUST-52754,0.0,Mobile Phone,1,,UPI,Male,3.0,3,Mobile Phone,1,Single,2,0,13.0,1.0,1.0,4.0,126.47,0
CUST-52755,13.0,Computer,1,17.0,Cash on Delivery,Female,3.0,3,Laptop & Accessory,3,Married,2,0,11.0,7.0,9.0,4.0,163.23,0
CUST-52756,13.0,Mobile Phone,3,8.0,E wallet,Female,3.0,3,Laptop & Accessory,4,Married,4,0,14.0,1.0,5.0,10.0,156.77,0
CUST-52757,,Mobile Phone,2,8.0,UPI,Female,2.0,3,Mobile Phone,4,Married,5,0,14.0,0.0,1.0,2.0,121.87,0
CUST-52758,3.0,Mobile Phone,1,7.0,Credit Card,Male,3.0,3,Mobile Phone,4,Married,2,0,13.0,1.0,1.0,7.0,137.48,0
CUST-52759,0.0,Mobile Phone,1,8.0,UPI,Male,2.0,3,Mobile Phone,3,Married,7,1,19.0,0.0,1.0,2.0,139.77,0
CUST-52760,20.0,Mobile Phone,1,31.0,Credit Card,Male,2.0,3,Fashion,3,Single,3,0,23.0,9.0,12.0,11.0,186.33,0
CUST-52761,,Computer,1,7.0,Credit Card,Male,2.0,4,Mobile Phone,3,Married,2,0,12.0,0.0,1.0,0.0,120.08000000000001,0
CUST-52762,11.0,Mobile Phone,3,7.0,Debit Card,Male,2.0,3,Laptop & Accessory,4,Married,1,0,15.0,1.0,5.0,8.0,144.4,0
CUST-52763,4.0,Mobile Phone,3,8.0,Debit Card,Male,,3,Mobile Phone,3,Married,1,0,19.0,0.0,1.0,2.0,130.67,0
CUST-52764,11.0,Computer,1,12.0,Debit Card,Male,3.0,4,Laptop & Accessory,3,Married,3,0,11.0,2.0,7.0,7.0,153.21,0
CUST-52765,15.0,Mobile Phone,1,24.0,Debit Card,Male,2.0,3,Laptop & Accessory,5,Married,7,1,17.0,1.0,1.0,2.0,154.1,0
CUST-52766,14.0,Mobile Phone,1,7.0,Debit Card,Male,,3,Mobile Phone,1,Married,4,0,22.0,0.0,1.0,0.0,127.82,0
CUST-52767,20.0,Computer,1,7.0,Credit Card,Female,3.0,3,Fashion,4,Married,1,0,18.0,0.0,5.0,,219.57,0
CUST-52768,8.0,Mobile Phone,1,17.0,Credit Card,Male,2.0,3,Mobile Phone,3,Married,8,1,11.0,2.0,2.0,2.0,126.6,0
CUST-52769,0.0,Mobile Phone,1,7.0,Debit Card,Male,3.0,3,Mobile Phone,3,Single,1,0,12.0,1.0,1.0,2.0,133.75,0
CUST-52770,8.0,Mobile Phone,1,15.0,Credit Card,Male,2.0,3,Laptop & Accessory,3,Single,2,0,19.0,0.0,1.0,8.0,150.98,0
CUST-52771,6.0,Mobile Phone,1,21.0,Credit Card,Female,3.0,3,Laptop & Accessory,1,Married,1,1,13.0,6.0,8.0,1.0,148.78,0
CUST-52772,5.0,Mobile Phone,1,35.0,Debit Card,Female,,4,Mobile Phone,4,Single,2,0,13.0,0.0,4.0,1.0,128.37,0
CUST-52773,13.0,Mobile Phone,1,,Debit Card,Male,2.0,3,Mobile Phone,1,Married,9,0,19.0,1.0,1.0,0.0,124.06,0
CUST-52774,,Mobile Phone,3,7.0,Credit Card,Male,3.0,4,Mobile Phone,4,Married,1,0,14.0,2.0,2.0,2.0,122.69,0
CUST-52775,12.0,Mobile Phone,1,30.0,Debit Card,Male,2.0,3,Laptop & Accessory,1,Single,8,0,13.0,0.0,1.0,7.0,141.08,0
CUST-52776,11.0,Mobile Phone,1,16.0,Credit Card,Female,3.0,5,Fashion,3,Married,4,0,12.0,0.0,,11.0,232.06,0
CUST-52777,5.0,Mobile Phone,3,7.0,E wallet,Female,2.0,3,Fashion,1,Married,2,0,19.0,0.0,5.0,7.0,204.22,0
CUST-52778,10.0,Mobile Phone,1,16.0,Debit Card,Female,2.0,1,Fashion,1,Married,2,1,25.0,5.0,,8.0,237.44,0
CUST-52779,0.0,Mobile Phone,3,14.0,UPI,Female,2.0,3,Laptop & Accessory,3,Married,1,1,22.0,0.0,1.0,4.0,149.07,0
CUST-52780,25.0,Computer,3,35.0,Debit Card,Male,2.0,3,Mobile Phone,1,Married,3,0,15.0,1.0,1.0,0.0,134.82,0
CUST-52781,17.0,Mobile Phone,1,,Credit Card,Male,2.0,3,Mobile Phone,1,Single,7,1,12.0,1.0,1.0,2.0,124.36000000000001,0
CUST-52782,0.0,Mobile Phone,3,,Credit Card,Male,2.0,3,Mobile Phone,5,Single,2,1,11.0,1.0,1.0,2.0,123.80000000000001,0
CUST-52783,12.0,Computer,1,15.0,Debit Card,Male,2.0,3,Others,1,Single,3,0,,1.0,1.0,3.0,294.31,0
CUST-52784,,Computer,3,15.0,E wallet,Male,2.0,3,Mobile Phone,5,Married,2,0,19.0,1.0,1.0,0.0,117.9,1
CUST-52785,9.0,Mobile Phone,3,9.0,Credit Card,Female,3.0,4,Fashion,1,Married,1,0,19.0,0.0,3.0,4.0,176.44,0
CUST-52786,9.0,Computer,1,10.0,Debit Card,Female,3.0,3,Laptop & Accessory,4,Married,8,0,13.0,0.0,1.0,2.0,151.31,0
CUST-52787,29.0,Computer,1,7.0,Debit Card,Male,2.0,3,Laptop & Accessory,3,Married,2,0,21.0,0.0,1.0,9.0,163.06,0
CUST-52788,0.0,Mobile Phone,1,7.0,Credit Card,Male,2.0,3,Mobile Phone,1,Married,10,1,14.0,2.0,2.0,2.0,147.87,1
CUST-52789,15.0,Mobile Phone,1,8.0,Debit Card,Male,2.0,3,Others,3,Married,6,0,11.0,,4.0,14.0,288.8,0
CUST-52790,19.0,Mobile Phone,1,,Cash on Delivery,Male,3.0,3,Mobile Phone,3,Married,9,0,11.0,6.0,9.0,8.0,123.38999999999999,1
CUST-52791,14.0,Mobile Phone,1,34.0,Debit Card,Female,2.0,4,Grocery,4,Married,1,0,23.0,1.0,,10.0,235.7,0
CUST-52792,7.0,Mobile Phone,3,34.0,E wallet,Female,3.0,4,Laptop & Accessory,3,Married,2,0,21.0,1.0,1.0,7.0,167.12,0
CUST-52793,9.0,Computer,3,21.0,E wallet,Male,2.0,5,Laptop & Accessory,1,Married,2,0,24.0,5.0,11.0,11.0,154.06,0
CUST-52794,14.0,Mobile Phone,3,9.0,Debit Card,Male,2.0,4,Laptop & Accessory,4,Married,3,0,11.0,1.0,1.0,4.0,189.38,0
CUST-52795,5.0,Mobile Phone,1,,Cash on Delivery,Male,3.0,3,Mobile Phone,5,Single,2,0,14.0,0.0,1.0,2.0,124.38999999999999,0
CUST-52796,8.0,Mobile Phone,2,32.0,Debit Card,Female,2.0,3,Fashion,1,Single,2,1,16.0,1.0,1.0,7.0,188.37,0
CUST-52797,11.0,Mobile Phone,3,16.0,Debit Card,Female,3.0,3,Laptop & Accessory,1,Married,2,0,11.0,0.0,1.0,9.0,153.43,0
CUST-52798,13.0,Computer,3,7.0,Debit Card,Male,3.0,3,Laptop & Accessory,3,Married,8,0,12.0,1.0,1.0,1.0,167.28,1
CUST-52799,9.0,Mobile Phone,3,17.0,E wallet,Female,3.0,4,Laptop & Accessory,1,Married,5,0,13.0,1.0,1.0,0.0,166.52,0
CUST-52800,18.0,Mobile Phone,3,26.0,Debit Card,Female,2.0,3,Laptop & Accessory,3,Single,9,0,15.0,0.0,1.0,1.0,148.5,0
CUST-52801,13.0,Mobile Phone,1,8.0,Debit Card,Male,,4,Mobile Phone,3,Single,3,0,14.0,0.0,2.0,2.0,128.09,0
CUST-52802,8.0,Computer,1,24.0,Debit Card,Male,3.0,3,Laptop & Accessory,3,Married,2,1,14.0,0.0,1.0,2.0,156.89,0
CUST-52803,,Mobile Phone,1,8.0,Credit Card,Female,3.0,3,Mobile Phone,3,Married,3,0,14.0,0.0,1.0,2.0,120.00999999999999,0
CUST-52804,8.0,Mobile Phone,1,7.0,Debit Card,Female,,5,Mobile Phone,1,Married,2,0,12.0,1.0,1.0,1.0,129.77,0
CUST-52805,2.0,Mobile Phone,1,19.0,UPI,Male,2.0,4,Laptop & Accessory,4,Married,5,1,13.0,0.0,1.0,3.0,140.25,0
CUST-52806,2.0,Mobile Phone,1,34.0,Credit Card,Female,3.0,4,Mobile Phone,5,Single,2,0,14.0,0.0,1.0,4.0,137.85,0
CUST-52807,13.0,Mobile Phone,3,34.0,E wallet,Male,2.0,4,Fashion,5,Married,5,1,13.0,2.0,2.0,0.0,208.54000000000002,1
CUST-52808,12.0,Mobile Phone,3,30.0,E wallet,Female,2.0,4,Grocery,1,Married,1,0,11.0,3.0,9.0,,220.31,0
CUST-52809,4.0,Computer,1,11.0,Credit Card,Male,3.0,3,Laptop & Accessory,5,Single,1,0,19.0,1.0,1.0,7.0,199.36,0
CUST-52810,0.0,Mobile Phone,3,11.0,UPI,Female,,4,Mobile Phone,3,Single,1,0,18.0,1.0,1.0,0.0,129.66,0
CUST-52811,9.0,Computer,1,,Credit Card,Male,2.0,1,Laptop & Accessory,1,Married,5,0,17.0,0.0,1.0,3.0,125.71000000000001,0
CUST-52812,12.0,Mobile Phone,1,12.0,Credit Card,Male,2.0,4,Fashion,5,Married,5,0,15.0,0.0,1.0,7.0,199.91,0
CUST-52813,0.0,Mobile Phone,1,10.0,Debit Card,Male,2.0,1,Laptop & Accessory,4,Married,2,1,20.0,0.0,1.0,3.0,161.42,0
CUST-52814,22.0,Computer,3,8.0,Credit Card,Male,3.0,4,Laptop & Accessory,4,Married,3,0,14.0,1.0,1.0,8.0,153.9,0
CUST-52815,7.0,Mobile Phone,1,14.0,Credit Card,Male,2.0,1,Laptop & Accessory,3,Married,3,0,12.0,1.0,1.0,2.0,144.04,0
CUST-52816,5.0,Mobile Phone,3,7.0,Debit Card,Female,4.0,4,Laptop & Accessory,2,Single,10,1,12.0,2.0,2.0,6.0,184.93,1
CUST-52817,1.0,Mobile Phone,1,9.0,UPI,Male,4.0,5,Mobile Phone,3,Single,8,1,16.0,1.0,2.0,1.0,145.9,1
CUST-52818,1.0,Mobile Phone,1,31.0,Debit Card,Male,3.0,5,Mobile Phone,3,Single,7,1,15.0,1.0,2.0,4.0,145.28,1
CUST-52819,1.0,Mobile Phone,3,16.0,Debit Card,Male,3.0,5,Laptop & Accessory,5,Single,9,0,24.0,1.0,2.0,4.0,159.07,1
CUST-52820,1.0,Mobile Phone,1,13.0,Credit Card,Male,3.0,4,Mobile Phone,5,Single,4,0,12.0,2.0,2.0,4.0,154.6,1
CUST-52821,1.0,Computer,1,23.0,Debit Card,Female,4.0,6,Mobile Phone,5,Single,3,1,23.0,5.0,7.0,8.0,164.19,1
CUST-52822,3.0,Mobile Phone,3,12.0,Cash on Delivery,Male,3.0,4,Laptop & Accessory,2,Divorced,5,0,15.0,1.0,2.0,1.0,145.86,1
CUST-52823,1.0,Mobile Phone,1,7.0,Credit Card,Male,4.0,4,Mobile Phone,2,Divorced,4,1,17.0,3.0,3.0,1.0,147.93,1
CUST-52824,14.0,Mobile Phone,3,10.0,E wallet,Male,3.0,5,Mobile Phone,3,Divorced,3,1,15.0,1.0,2.0,3.0,151.83,1
CUST-52825,1.0,Mobile Phone,1,32.0,Debit Card,Male,3.0,6,Mobile Phone,3,Single,3,0,13.0,2.0,2.0,2.0,147.93,1
CUST-52826,5.0,Mobile Phone,1,19.0,Cash on Delivery,Female,3.0,4,Others,3,Divorced,3,0,,10.0,16.0,9.0,320.45,1
CUST-52827,12.0,Mobile Phone,1,7.0,Debit Card,Male,4.0,5,Fashion,3,Single,11,1,14.0,1.0,2.0,1.0,178.81,1
CUST-52828,1.0,Mobile Phone,1,12.0,Cash on Delivery,Male,3.0,4,Mobile Phone,3,Single,3,1,14.0,3.0,3.0,3.0,159.41,1
CUST-52829,1.0,Mobile Phone,1,16.0,Credit Card,Male,4.0,5,Mobile Phone,3,Divorced,2,1,18.0,1.0,2.0,1.0,158.88,1
CUST-52830,10.0,Mobile Phone,3,16.0,Credit Card,Male,4.0,5,Fashion,2,Single,3,0,17.0,1.0,5.0,,221.19,1
CUST-52831,1.0,Mobile Phone,2,13.0,UPI,Male,4.0,4,Mobile Phone,5,Married,6,1,23.0,2.0,2.0,3.0,145.73,1
CUST-52832,1.0,Computer,1,13.0,Debit Card,Female,4.0,5,Mobile Phone,2,Single,3,1,19.0,2.0,2.0,1.0,154.26,1
CUST-52833,1.0,Mobile Phone,3,12.0,E wallet,Male,3.0,5,Laptop & Accessory,3,Single,3,1,12.0,2.0,2.0,4.0,182.44,1
CUST-52834,1.0,Computer,1,14.0,Debit Card,Male,4.0,6,Laptop & Accessory,3,Single,3,1,25.0,2.0,2.0,7.0,185.74,1
CUST-52835,20.0,Mobile Phone,1,21.0,Debit Card,Female,4.0,4,Mobile Phone,4,Divorced,11,1,19.0,2.0,5.0,4.0,174.63,1
CUST-52836,1.0,Mobile Phone,3,13.0,Debit Card,Male,4.0,6,Laptop & Accessory,3,Divorced,6,1,19.0,7.0,8.0,8.0,186.72,1
CUST-52837,21.0,Mobile Phone,1,30.0,Credit Card,Female,4.0,4,Fashion,2,Divorced,3,0,13.0,12.0,16.0,,228.12,1
CUST-52838,1.0,Mobile Phone,3,29.0,E wallet,Male,3.0,4,Mobile Phone,3,Single,3,1,20.0,1.0,2.0,1.0,141.75,1
CUST-52839,1.0,Mobile Phone,3,27.0,Debit Card,Female,4.0,6,Laptop & Accessory,3,Divorced,5,1,12.0,2.0,3.0,3.0,170.59,1
CUST-52840,15.0,Computer,1,15.0,Debit Card,Male,3.0,6,Fashion,2,Single,4,0,16.0,1.0,2.0,4.0,231.5,1
CUST-52841,1.0,Mobile Phone,1,16.0,Credit Card,Female,3.0,4,Mobile Phone,5,Single,9,0,23.0,2.0,2.0,5.0,167.0,1
CUST-52842,9.0,Mobile Phone,3,7.0,E wallet,Male,4.0,4,Fashion,4,Divorced,3,0,14.0,2.0,2.0,7.0,197.95,0
CUST-52843,27.0,Mobile Phone,3,13.0,E wallet,Male,3.0,4,Laptop & Accessory,3,Divorced,4,1,21.0,1.0,5.0,6.0,148.06,0
CUST-52844,19.0,Mobile Phone,1,16.0,Debit Card,Male,3.0,4,Laptop & Accessory,4,Married,10,0,19.0,2.0,2.0,16.0,148.48,0
CUST-52845,6.0,Computer,3,15.0,E wallet,Female,3.0,4,Fashion,2,Single,3,0,15.0,3.0,4.0,,214.98,0
CUST-52846,3.0,Computer,1,7.0,Cash on Delivery,Male,3.0,4,Laptop & Accessory,3,Divorced,3,0,14.0,1.0,2.0,10.0,168.19,0
CUST-52847,1.0,Mobile Phone,1,14.0,Credit Card,Male,3.0,5,Laptop & Accessory,3,Divorced,4,0,18.0,2.0,2.0,1.0,186.32,0
CUST-52848,31.0,Mobile Phone,1,16.0,Credit Card,Female,4.0,5,Mobile Phone,4,Divorced,6,1,21.0,2.0,2.0,1.0,158.46,0
CUST-52849,14.0,Mobile Phone,3,11.0,E wallet,Male,4.0,5,Fashion,2,Divorced,9,0,12.0,3.0,,12.0,233.55,0
CUST-52850,8.0,Computer,3,9.0,E wallet,Female,4.0,4,Mobile Phone,3,Divorced,8,0,19.0,2.0,2.0,3.0,147.31,0
CUST-52851,1.0,Mobile Phone,1,26.0,Credit Card,Male,4.0,4,Mobile Phone,2,Divorced,3,0,25.0,1.0,3.0,3.0,148.23,0
CUST-52852,1.0,Computer,1,16.0,Credit Card,Male,3.0,4,Mobile Phone,4,Married,8,0,19.0,1.0,3.0,3.0,145.24,0
CUST-52853,2.0,Mobile Phone,1,28.0,Credit Card,Male,3.0,4,Mobile Phone,2,Divorced,3,0,12.0,1.0,2.0,3.0,152.13,0
CUST-52854,31.0,Mobile Phone,1,31.0,Debit Card,Male,3.0,3,Fashion,2,Married,5,1,17.0,2.0,2.0,,219.39,0
CUST-52855,1.0,Computer,1,10.0,Credit Card,Male,4.0,5,Mobile Phone,3,Married,3,1,16.0,1.0,2.0,2.0,150.66,0
CUST-52856,24.0,Mobile Phone,1,18.0,Debit Card,Female,3.0,4,Others,4,Single,5,0,16.0,3.0,5.0,5.0,324.26,0
CUST-52857,15.0,Mobile Phone,1,21.0,Debit Card,Male,3.0,4,Mobile Phone,3,Married,6,0,13.0,2.0,2.0,9.0,149.51,0
CUST-52858,4.0,Mobile Phone,3,12.0,Debit Card,Female,3.0,4,Fashion,2,Divorced,4,0,13.0,3.0,8.0,,219.19,0
CUST-52859,12.0,Mobile Phone,3,7.0,Debit Card,Female,3.0,5,Laptop & Accessory,2,Single,6,0,23.0,2.0,2.0,,211.86,0
CUST-52860,6.0,Mobile Phone,1,13.0,Debit Card,Male,3.0,4,Mobile Phone,3,Single,5,0,21.0,1.0,2.0,5.0,155.38,0
CUST-52861,1.0,Mobile Phone,1,24.0,Cash on Delivery,Male,3.0,4,Mobile Phone,4,Divorced,2,1,17.0,2.0,2.0,2.0,155.58,0
CUST-52862,1.0,Computer,3,7.0,Cash on Delivery,Female,4.0,6,Mobile Phone,5,Single,2,0,22.0,2.0,2.0,1.0,148.25,1
CUST-52863,10.0,Computer,1,10.0,Credit Card,Male,2.0,4,Mobile Phone,4,Single,6,0,13.0,5.0,8.0,3.0,145.88,0
CUST-52864,4.0,Computer,1,16.0,Credit Card,Male,4.0,4,Laptop & Accessory,5,Married,3,0,12.0,1.0,7.0,11.0,155.72,0
CUST-52865,19.0,Mobile Phone,3,11.0,Debit Card,Female,2.0,4,Laptop & Accessory,5,Married,6,1,12.0,1.0,2.0,4.0,175.06,0
CUST-52866,30.0,Mobile Phone,1,15.0,Debit Card,Female,4.0,4,Mobile Phone,5,Married,6,1,19.0,2.0,3.0,3.0,167.57,0
CUST-52867,7.0,Mobile Phone,1,9.0,Debit Card,Male,3.0,4,Mobile Phone,2,Single,2,0,15.0,1.0,2.0,3.0,150.0,0
CUST-52868,1.0,Mobile Phone,1,9.0,Debit Card,Male,3.0,5,Mobile Phone,2,Single,3,0,23.0,1.0,2.0,1.0,136.02,1
CUST-52869,20.0,Mobile Phone,3,7.0,E wallet,Female,4.0,4,Fashion,5,Married,3,0,26.0,5.0,16.0,,229.53,0
CUST-52870,12.0,Mobile Phone,1,16.0,Debit Card,Female,4.0,4,Mobile Phone,2,Single,3,0,13.0,2.0,3.0,2.0,147.88,0
CUST-52871,5.0,Mobile Phone,1,19.0,Credit Card,Female,4.0,4,Mobile Phone,2,Divorced,10,1,24.0,2.0,2.0,3.0,164.29,0
CUST-52872,8.0,Mobile Phone,1,34.0,Credit Card,Female,4.0,4,Mobile Phone,4,Single,4,0,16.0,2.0,2.0,3.0,148.11,0
CUST-52873,5.0,Mobile Phone,3,27.0,E wallet,Female,4.0,4,Mobile Phone,4,Single,3,1,23.0,1.0,2.0,3.0,156.4,1
CUST-52874,24.0,Mobile Phone,1,7.0,Credit Card,Male,3.0,5,Mobile Phone,3,Divorced,4,0,16.0,1.0,2.0,3.0,161.9,0
CUST-52875,27.0,Mobile Phone,1,20.0,Credit Card,Female,3.0,3,Laptop & Accessory,5,Married,3,0,12.0,2.0,2.0,4.0,169.5,0
CUST-52876,7.0,Mobile Phone,1,21.0,Credit Card,Female,4.0,4,Mobile Phone,4,Divorced,3,0,14.0,1.0,2.0,7.0,152.56,0
CUST-52877,14.0,Mobile Phone,1,11.0,Credit Card,Female,3.0,4,Others,3,Divorced,3,0,,1.0,10.0,10.0,315.33,0
CUST-52878,29.0,Mobile Phone,1,21.0,Credit Card,Male,4.0,3,Others,4,Single,10,0,,1.0,3.0,16.0,312.22,0
CUST-52879,8.0,Computer,1,9.0,Debit Card,Male,3.0,5,Laptop & Accessory,3,Divorced,3,0,18.0,1.0,2.0,,220.47,0
CUST-52880,25.0,Mobile Phone,1,10.0,Credit Card,Female,4.0,4,Grocery,4,Single,5,0,19.0,,2.0,1.0,262.34,0
CUST-52881,26.0,Mobile Phone,1,7.0,Debit Card,Male,4.0,5,Others,3,Divorced,2,0,15.0,2.0,12.0,10.0,324.99,0
CUST-52882,1.0,Mobile Phone,1,16.0,Credit Card,Female,3.0,4,Mobile Phone,4,Single,3,0,17.0,2.0,2.0,4.0,147.79,0
CUST-52883,1.0,Mobile Phone,1,30.0,Debit Card,Male,3.0,5,Laptop & Accessory,3,Divorced,5,1,14.0,2.0,2.0,2.0,184.16,1
CUST-52884,17.0,Computer,1,14.0,Credit Card,Male,3.0,3,Mobile Phone,2,Married,6,0,15.0,1.0,3.0,3.0,145.89,0
CUST-52885,19.0,Computer,1,9.0,Credit Card,Male,4.0,5,Grocery,2,Divorced,11,0,,10.0,12.0,9.0,292.92,0
CUST-52886,11.0,Mobile Phone,1,28.0,Debit Card,Male,4.0,3,Mobile Phone,5,Divorced,3,1,13.0,1.0,2.0,8.0,160.64,0
CUST-52887,9.0,Computer,1,9.0,Credit Card,Female,3.0,4,Laptop & Accessory,4,Single,7,0,12.0,2.0,2.0,3.0,169.25,0
CUST-52888,16.0,Computer,1,28.0,Credit Card,Female,3.0,4,Laptop & Accessory,3,Married,4,0,17.0,1.0,2.0,3.0,177.65,0
CUST-52889,12.0,Mobile Phone,1,9.0,Debit Card,Male,3.0,4,Laptop & Accessory,3,Divorced,11,0,15.0,1.0,2.0,1.0,190.53,0
CUST-52890,12.0,Mobile Phone,1,36.0,Cash on Delivery,Male,3.0,4,Laptop & Accessory,2,Divorced,5,0,19.0,1.0,2.0,8.0,187.61,0
CUST-52891,1.0,Computer,1,7.0,Cash on Delivery,Male,3.0,5,Laptop & Accessory,5,Divorced,7,0,20.0,1.0,3.0,1.0,167.98,0
CUST-52892,23.0,Computer,1,25.0,Debit Card,Male,4.0,4,Laptop & Accessory,2,Married,3,1,16.0,1.0,2.0,8.0,193.04,0
CUST-52893,8.0,Computer,1,17.0,Credit Card,Male,3.0,4,Mobile Phone,3,Married,3,1,18.0,3.0,3.0,1.0,163.15,0
CUST-52894,14.0,Mobile Phone,1,26.0,Credit Card,Male,3.0,4,Laptop & Accessory,2,Divorced,10,1,16.0,2.0,4.0,8.0,152.41,0
CUST-52895,2.0,Mobile Phone,1,36.0,Credit Card,Male,4.0,4,Laptop & Accessory,5,Divorced,9,1,20.0,1.0,2.0,1.0,191.73,1
CUST-52896,1.0,Mobile Phone,3,34.0,E wallet,Female,3.0,4,Fashion,2,Divorced,3,0,23.0,2.0,2.0,10.0,201.39,1
CUST-52897,1.0,Mobile Phone,1,12.0,Debit Card,Male,3.0,3,Mobile Phone,4,Married,3,1,17.0,1.0,3.0,3.0,148.28,0
CUST-52898,10.0,Computer,1,25.0,Credit Card,Female,4.0,4,Mobile Phone,2,Single,3,0,14.0,2.0,2.0,8.0,146.53,0
CUST-52899,14.0,Computer,1,16.0,Debit Card,Male,4.0,5,Laptop & Accessory,2,Divorced,11,0,15.0,2.0,2.0,3.0,173.76,0
CUST-52900,20.0,Mobile Phone,1,7.0,Credit Card,Male,4.0,4,Fashion,5,Married,9,0,17.0,1.0,2.0,,218.96,0
CUST-52901,1.0,Mobile Phone,3,11.0,Credit Card,Male,3.0,6,Fashion,2,Divorced,3,0,12.0,8.0,10.0,,229.0,1
CUST-52902,4.0,Computer,1,7.0,Debit Card,Male,3.0,5,Fashion,3,Single,3,0,23.0,3.0,6.0,,209.74,0
CUST-52903,1.0,Computer,3,27.0,Debit Card,Female,3.0,4,Laptop & Accessory,3,Single,3,0,15.0,2.0,2.0,,224.81,0
CUST-52904,25.0,Mobile Phone,1,15.0,Debit Card,Male,3.0,5,Fashion,4,Divorced,7,0,17.0,2.0,,8.0,249.89999999999998,0
CUST-52905,1.0,Mobile Phone,1,10.0,Cash on Delivery,Female,3.0,4,Mobile Phone,5,Single,7,1,12.0,2.0,2.0,5.0,151.57,1
CUST-52906,15.0,Mobile Phone,3,13.0,Debit Card,Female,4.0,4,Fashion,2,Single,5,1,19.0,1.0,2.0,1.0,260.91,0
CUST-52907,1.0,Computer,3,33.0,E wallet,Female,3.0,5,Laptop & Accessory,5,Single,7,0,16.0,1.0,2.0,2.0,191.96,1
CUST-52908,1.0,Mobile Phone,1,7.0,Cash on Delivery,Male,3.0,4,Mobile Phone,3,Single,2,0,15.0,1.0,2.0,6.0,145.58,1
CUST-52909,19.0,Computer,3,13.0,Credit Card,Female,3.0,5,Fashion,2,Single,8,0,13.0,13.0,13.0,,213.65,0
CUST-52910,28.0,Mobile Phone,3,10.0,E wallet,Female,3.0,4,Laptop & Accessory,5,Divorced,4,0,15.0,2.0,2.0,6.0,184.4,0
CUST-52911,10.0,Mobile Phone,1,12.0,Debit Card,Male,4.0,4,Laptop & Accessory,4,Single,10,0,17.0,1.0,4.0,8.0,184.14,0
CUST-52912,7.0,Mobile Phone,1,11.0,Credit Card,Female,3.0,5,Mobile Phone,4,Divorced,8,0,22.0,1.0,2.0,2.0,151.22,0
CUST-52913,11.0,Computer,1,18.0,UPI,Male,3.0,4,Fashion,2,Married,3,1,15.0,1.0,,8.0,246.85000000000002,0
CUST-52914,12.0,Mobile Phone,3,10.0,Debit Card,Male,4.0,4,Fashion,3,Married,2,0,13.0,2.0,6.0,,231.08999999999997,0
CUST-52915,5.0,Computer,1,7.0,Credit Card,Male,3.0,6,Laptop & Accessory,3,Divorced,2,0,13.0,2.0,2.0,5.0,168.45,0
CUST-52916,31.0,Mobile Phone,1,10.0,Debit Card,Male,4.0,5,Mobile Phone,2,Divorced,5,0,18.0,1.0,2.0,1.0,146.77,0
CUST-52917,11.0,Computer,3,11.0,E wallet,Male,3.0,4,Mobile Phone,2,Married,6,0,18.0,2.0,6.0,9.0,25.0,0
CUST-52918,3.0,Computer,3,7.0,Credit Card,Female,3.0,4,Fashion,2,Divorced,3,0,15.0,5.0,5.0,2.0,204.18,0
CUST-52919,9.0,Computer,3,7.0,E wallet,Female,4.0,4,Fashion,3,Single,3,0,15.0,2.0,2.0,,212.89,0
CUST-52920,1.0,Mobile Phone,1,25.0,Credit Card,Male,3.0,5,Mobile Phone,2,Single,3,1,14.0,1.0,2.0,2.0,148.89,1
CUST-52921,26.0,Mobile Phone,1,9.0,Debit Card,Female,3.0,5,Mobile Phone,2,Single,9,0,16.0,1.0,3.0,3.0,157.12,0
CUST-52922,16.0,Mobile Phone,1,11.0,Cash on Delivery,Male,3.0,4,Others,2,Divorced,3,0,,1.0,12.0,16.0,317.32,0
CUST-52923,31.0,Mobile Phone,2,13.0,Credit Card,Male,3.0,4,Mobile Phone,3,Divorced,10,0,18.0,3.0,3.0,3.0,147.67,0
CUST-52924,24.0,Mobile Phone,3,7.0,Credit Card,Female,4.0,4,Others,2,Married,5,0,,2.0,2.0,7.0,320.17,0
CUST-52925,1.0,Mobile Phone,1,21.0,Credit Card,Male,3.0,4,Mobile Phone,2,Divorced,7,1,14.0,1.0,2.0,5.0,149.36,1
CUST-52926,17.0,Mobile Phone,3,23.0,E wallet,Female,4.0,4,Grocery,2,Divorced,7,1,23.0,,2.0,10.0,285.64,0
CUST-52927,1.0,Mobile Phone,1,9.0,Debit Card,Female,3.0,4,Mobile Phone,5,Divorced,9,0,21.0,2.0,2.0,8.0,152.07,1
CUST-52928,26.0,Computer,3,9.0,Debit Card,Male,4.0,5,Others,3,Single,3,1,,8.0,16.0,13.0,315.68,0
CUST-52929,6.0,Mobile Phone,3,11.0,Debit Card,Female,3.0,4,Mobile Phone,4,Divorced,4,0,12.0,2.0,2.0,3.0,164.31,0
CUST-52930,1.0,Mobile Phone,1,7.0,Debit Card,Male,4.0,5,Mobile Phone,3,Single,2,1,15.0,2.0,2.0,3.0,162.3,1
CUST-52931,13.0,Mobile Phone,1,7.0,Credit Card,Female,4.0,4,Mobile Phone,3,Married,9,0,15.0,1.0,2.0,3.0,147.32,0
CUST-52932,6.0,Computer,3,33.0,E wallet,Male,4.0,4,Laptop & Accessory,2,Divorced,2,0,19.0,2.0,3.0,3.0,169.65,0
CUST-52933,15.0,Mobile Phone,1,26.0,Debit Card,Male,3.0,4,Laptop & Accessory,5,Married,4,0,17.0,2.0,2.0,1.0,155.72,0
CUST-52934,14.0,Mobile Phone,1,31.0,Cash on Delivery,Male,4.0,4,Laptop & Accessory,2,Married,3,0,18.0,3.0,5.0,8.0,158.19,0
CUST-52935,19.0,Mobile Phone,1,7.0,UPI,Male,4.0,3,Others,2,Divorced,2,0,,2.0,2.0,8.0,317.02,0
CUST-52936,5.0,Computer,1,10.0,Credit Card,Male,4.0,4,Fashion,3,Married,11,0,13.0,,3.0,3.0,261.75,0
CUST-52937,7.0,Mobile Phone,1,12.0,Debit Card,Female,4.0,5,Mobile Phone,2,Divorced,3,0,14.0,1.0,2.0,3.0,154.11,0
CUST-52938,8.0,Mobile Phone,1,9.0,Debit Card,Male,3.0,5,Laptop & Accessory,5,Divorced,8,0,14.0,1.0,6.0,10.0,184.57,0
CUST-52939,11.0,Mobile Phone,1,7.0,Credit Card,Female,3.0,5,Mobile Phone,5,Divorced,4,0,15.0,2.0,2.0,3.0,164.2,0
CUST-52940,19.0,Computer,1,14.0,Debit Card,Male,4.0,3,Laptop & Accessory,3,Divorced,6,0,18.0,1.0,2.0,3.0,189.34,0
CUST-52941,1.0,Computer,1,17.0,Credit Card,Male,4.0,4,Fashion,3,Married,8,0,12.0,2.0,2.0,,225.48,1
CUST-52942,13.0,Computer,1,9.0,Cash on Delivery,Female,4.0,4,Fashion,3,Single,2,0,26.0,11.0,,9.0,234.38,0
CUST-52943,3.0,Mobile Phone,1,22.0,Debit Card,Male,3.0,4,Mobile Phone,2,Single,3,0,20.0,1.0,2.0,6.0,148.4,0
CUST-52944,16.0,Mobile Phone,1,24.0,Debit Card,Female,3.0,3,Laptop & Accessory,5,Single,5,1,14.0,1.0,2.0,3.0,190.45,0
CUST-52945,3.0,Mobile Phone,3,27.0,E wallet,Male,3.0,4,Laptop & Accessory,2,Married,4,0,15.0,2.0,2.0,3.0,194.31,0
CUST-52946,1.0,Mobile Phone,1,7.0,Debit Card,Female,4.0,4,Laptop & Accessory,3,Divorced,2,0,13.0,2.0,2.0,3.0,173.98,0
CUST-52947,16.0,Mobile Phone,1,9.0,Credit Card,Female,3.0,5,Mobile Phone,5,Married,2,1,12.0,5.0,8.0,9.0,150.93,0
CUST-52948,14.0,Mobile Phone,1,9.0,Credit Card,Male,3.0,4,Others,3,Married,2,0,,1.0,4.0,10.0,319.36,0
CUST-52949,25.0,Mobile Phone,1,7.0,Debit Card,Male,4.0,4,Mobile Phone,2,Divorced,3,0,12.0,2.0,2.0,1.0,152.23,0
CUST-52950,1.0,Computer,1,36.0,Credit Card,Male,4.0,5,Mobile Phone,4,Single,2,0,12.0,2.0,2.0,5.0,159.79,1
CUST-52951,6.0,Computer,1,14.0,Debit Card,Male,4.0,3,Mobile Phone,4,Divorced,3,0,21.0,1.0,2.0,4.0,152.94,0
CUST-52952,12.0,Computer,3,9.0,Debit Card,Male,3.0,5,Laptop & Accessory,2,Divorced,5,0,19.0,7.0,8.0,6.0,177.49,0
CUST-52953,6.0,Mobile Phone,1,9.0,Cash on Delivery,Male,3.0,5,Laptop & Accessory,5,Single,6,0,14.0,1.0,2.0,5.0,146.76,0
CUST-52954,20.0,Mobile Phone,3,9.0,Cash on Delivery,Female,4.0,6,Grocery,4,Divorced,5,1,,7.0,8.0,8.0,293.72,0
CUST-52955,1.0,Mobile Phone,1,9.0,Debit Card,Male,4.0,4,Mobile Phone,3,Single,4,0,12.0,2.0,2.0,1.0,159.85,1
CUST-52956,3.0,Mobile Phone,3,9.0,Credit Card,Male,4.0,5,Laptop & Accessory,4,Divorced,4,0,20.0,1.0,2.0,1.0,191.44,0
CUST-52957,5.0,Mobile Phone,1,30.0,Credit Card,Male,4.0,5,Laptop & Accessory,2,Divorced,2,0,22.0,2.0,8.0,9.0,180.82,0
CUST-52958,1.0,Computer,1,12.0,Debit Card,Male,3.0,3,Laptop & Accessory,5,Married,3,0,13.0,2.0,2.0,6.0,165.0,0
CUST-52959,19.0,Mobile Phone,1,27.0,Credit Card,Male,4.0,4,Grocery,2,Divorced,2,1,15.0,1.0,,11.0,259.96,0
CUST-52960,10.0,Mobile Phone,1,13.0,Debit Card,Male,3.0,4,Mobile Phone,2,Divorced,2,0,12.0,5.0,11.0,12.0,157.1,0
CUST-52961,29.0,Mobile Phone,1,7.0,Credit Card,Male,3.0,4,Others,5,Single,2,1,,5.0,5.0,14.0,315.45,0
CUST-52962,11.0,Computer,1,36.0,Debit Card,Male,3.0,4,Fashion,4,Divorced,3,1,13.0,6.0,,10.0,243.49,1
CUST-52963,2.0,Mobile Phone,1,16.0,Credit Card,Male,4.0,4,Mobile Phone,2,Divorced,3,0,24.0,2.0,2.0,5.0,145.7,0
CUST-52964,11.0,Mobile Phone,3,13.0,Credit Card,Male,4.0,4,Laptop & Accessory,2,Divorced,6,0,15.0,1.0,2.0,2.0,190.02,0
CUST-52965,1.0,Mobile Phone,1,10.0,Credit Card,Male,4.0,5,Mobile Phone,3,Single,3,0,18.0,2.0,2.0,1.0,157.3,0
CUST-52966,11.0,Computer,1,7.0,Credit Card,Female,1.0,4,Fashion,2,Married,4,1,19.0,,2.0,3.0,261.03,0
CUST-52967,3.0,Mobile Phone,1,29.0,Debit Card,Female,4.0,3,Fashion,4,Married,9,0,19.0,6.0,,3.0,244.95999999999998,0
CUST-52968,12.0,Mobile Phone,3,14.0,Credit Card,Female,3.0,3,Laptop & Accessory,5,Married,3,1,25.0,1.0,8.0,8.0,181.05,0
CUST-52969,1.0,Computer,1,7.0,Debit Card,Female,3.0,4,Laptop & Accessory,4,Married,3,0,21.0,1.0,2.0,5.0,188.97,0
CUST-52970,24.0,Mobile Phone,1,11.0,Debit Card,Male,4.0,4,Others,4,Married,5,0,,2.0,2.0,7.0,316.44,0
CUST-52971,27.0,Mobile Phone,1,10.0,Credit Card,Male,3.0,4,Grocery,3,Divorced,5,1,,1.0,2.0,4.0,300.84,0
CUST-52972,16.0,Mobile Phone,3,7.0,Debit Card,Male,3.0,4,Laptop & Accessory,3,Divorced,3,0,26.0,5.0,12.0,7.0,174.07,0
CUST-52973,3.0,Computer,3,9.0,Debit Card,Male,3.0,4,Laptop & Accessory,2,Single,3,0,19.0,1.0,2.0,10.0,170.54,0
CUST-52974,29.0,Mobile Phone,1,27.0,Cash on Delivery,Male,3.0,4,Laptop & Accessory,2,Divorced,5,1,20.0,2.0,2.0,9.0,179.15,0
CUST-52975,1.0,Computer,1,18.0,Credit Card,Male,3.0,4,Laptop & Accessory,5,Divorced,3,1,14.0,3.0,4.0,4.0,172.41,0
CUST-52976,11.0,Mobile Phone,1,7.0,Debit Card,Female,3.0,4,Mobile Phone,2,Single,3,0,13.0,2.0,6.0,8.0,146.15,0
CUST-52977,8.0,Computer,1,31.0,Debit Card,Male,3.0,4,Mobile Phone,3,Married,5,1,23.0,1.0,2.0,1.0,156.61,1
CUST-52978,12.0,Mobile Phone,1,30.0,Debit Card,Male,3.0,4,Laptop & Accessory,2,Married,11,0,15.0,1.0,2.0,3.0,182.45,0
CUST-52979,1.0,Mobile Phone,1,23.0,Credit Card,Male,3.0,4,Mobile Phone,4,Married,4,1,14.0,2.0,2.0,3.0,148.73,1
CUST-52980,2.0,Mobile Phone,1,15.0,Debit Card,Female,4.0,4,Mobile Phone,2,Single,3,0,22.0,1.0,2.0,3.0,158.1,0
CUST-52981,23.0,Computer,1,17.0,Debit Card,Female,3.0,4,Others,5,Single,11,1,,1.0,2.0,3.0,311.65,0
CUST-52982,10.0,Mobile Phone,1,10.0,Cash on Delivery,Male,2.0,4,Laptop & Accessory,4,Single,6,0,13.0,7.0,8.0,8.0,169.85,0
CUST-52983,5.0,Computer,3,12.0,E wallet,Female,3.0,4,Mobile Phone,4,Married,3,0,12.0,1.0,3.0,3.0,152.89,0
CUST-52984,1.0,Mobile Phone,3,11.0,E wallet,Male,3.0,5,Laptop & Accessory,2,Single,3,1,13.0,8.0,8.0,5.0,183.28,1
CUST-52985,11.0,Computer,1,16.0,Credit Card,Male,3.0,4,Mobile Phone,2,Divorced,3,1,13.0,1.0,2.0,3.0,148.26,0
CUST-52986,16.0,Computer,3,33.0,E wallet,Female,4.0,4,Grocery,4,Divorced,7,0,15.0,3.0,,9.0,260.25,0
CUST-52987,1.0,Mobile Phone,1,10.0,Debit Card,Male,3.0,4,Mobile Phone,3,Single,3,0,14.0,1.0,2.0,1.0,139.2,1
CUST-52988,9.0,Mobile Phone,3,23.0,E wallet,Male,4.0,4,Fashion,4,Divorced,2,0,16.0,4.0,7.0,10.0,205.2,0
CUST-52989,10.0,Computer,1,25.0,Debit Card,Male,3.0,3,Mobile Phone,2,Divorced,6,0,19.0,1.0,2.0,1.0,161.88,0
CUST-52990,25.0,Mobile Phone,1,9.0,Credit Card,Male,3.0,6,Laptop & Accessory,4,Married,7,0,19.0,1.0,2.0,3.0,179.82,0
CUST-52991,15.0,Mobile Phone,3,9.0,Debit Card,Male,3.0,4,Grocery,4,Single,3,0,20.0,,2.0,5.0,285.15,0
CUST-52992,1.0,Mobile Phone,3,17.0,Credit Card,Female,4.0,5,Mobile Phone,3,Single,3,0,13.0,2.0,2.0,1.0,137.0,0
CUST-52993,2.0,Mobile Phone,1,23.0,Credit Card,Male,4.0,3,Laptop & Accessory,5,Single,2,0,20.0,1.0,2.0,8.0,181.61,0
CUST-52994,5.0,Mobile Phone,3,14.0,Cash on Delivery,Male,4.0,3,Laptop & Accessory,2,Divorced,6,0,12.0,4.0,8.0,8.0,194.29,0
CUST-52995,13.0,Mobile Phone,1,7.0,Credit Card,Male,3.0,3,Fashion,2,Married,2,0,18.0,4.0,4.0,,221.13,0
CUST-52996,10.0,Computer,1,31.0,Debit Card,Female,3.0,4,Laptop & Accessory,4,Divorced,9,0,16.0,1.0,2.0,9.0,181.74,0
CUST-52997,6.0,Mobile Phone,3,14.0,Debit Card,Male,4.0,5,Laptop & Accessory,3,Divorced,3,0,15.0,2.0,5.0,9.0,179.84,0
CUST-52998,12.0,Mobile Phone,1,32.0,Debit Card,Female,3.0,5,Fashion,4,Divorced,5,0,18.0,2.0,,2.0,245.61,0
CUST-52999,31.0,Computer,1,7.0,Debit Card,Male,3.0,6,Laptop & Accessory,3,Married,4,1,14.0,2.0,2.0,3.0,181.6,0
CUST-53000,5.0,Mobile Phone,1,12.0,Cash on Delivery,Male,3.0,4,Mobile Phone,2,Divorced,2,1,13.0,1.0,2.0,4.0,173.21,0
CUST-53001,5.0,Mobile Phone,2,9.0,UPI,Male,4.0,5,Laptop & Accessory,5,Divorced,5,0,13.0,1.0,2.0,1.0,189.1,0
CUST-53002,19.0,Computer,1,14.0,Debit Card,Male,4.0,4,Fashion,5,Married,3,0,19.0,6.0,10.0,12.0,177.1,0
CUST-53003,5.0,Mobile Phone,1,9.0,Debit Card,Male,3.0,4,Mobile Phone,2,Married,2,1,19.0,2.0,3.0,3.0,151.95,0
CUST-53004,7.0,Computer,1,12.0,Debit Card,Female,4.0,4,Fashion,4,Divorced,8,0,12.0,3.0,,9.0,243.77999999999997,0
CUST-53005,13.0,Mobile Phone,1,17.0,Credit Card,Male,3.0,4,Grocery,5,Divorced,3,1,,12.0,12.0,11.0,295.68,0
CUST-53006,17.0,Computer,1,17.0,Debit Card,Female,3.0,4,Mobile Phone,2,Single,2,0,20.0,1.0,2.0,8.0,149.55,0
CUST-53007,23.0,Mobile Phone,1,7.0,Cash on Delivery,Female,3.0,5,Grocery,3,Single,9,1,13.0,,2.0,8.0,264.64,0
CUST-53008,16.0,Mobile Phone,1,15.0,Credit Card,Male,3.0,5,Laptop & Accessory,4,Divorced,4,0,16.0,8.0,8.0,8.0,174.41,1
CUST-53009,1.0,Mobile Phone,1,12.0,Debit Card,Female,3.0,4,Mobile Phone,4,Single,3,1,13.0,1.0,2.0,3.0,149.78,0
CUST-53010,6.0,Mobile Phone,3,15.0,Cash on Delivery,Female,4.0,5,Laptop & Accessory,4,Divorced,3,1,12.0,7.0,12.0,10.0,177.28,0
CUST-53011,1.0,Mobile Phone,3,9.0,Debit Card,Male,4.0,4,Laptop & Accessory,3,Single,3,1,12.0,2.0,2.0,5.0,169.78,0
CUST-53012,5.0,Mobile Phone,3,14.0,E wallet,Male,4.0,4,Laptop & Accessory,2,Married,6,0,13.0,1.0,2.0,8.0,200.47,0
CUST-53013,6.0,Mobile Phone,1,9.0,Credit Card,Female,4.0,3,Laptop & Accessory,2,Single,9,0,17.0,2.0,2.0,8.0,175.55,0
CUST-53014,1.0,Mobile Phone,1,9.0,Credit Card,Male,3.0,6,Mobile Phone,2,Divorced,7,1,14.0,3.0,3.0,3.0,159.64,1
CUST-53015,4.0,Mobile Phone,1,35.0,Credit Card,Female,4.0,4,Laptop & Accessory,2,Divorced,3,0,14.0,1.0,2.0,10.0,182.75,0
CUST-53016,5.0,Computer,1,14.0,Debit Card,Female,3.0,5,Fashion,3,Divorced,3,0,25.0,4.0,9.0,,214.43,0
CUST-53017,13.0,Computer,1,6.0,Credit Card,Male,3.0,5,Others,2,Divorced,3,0,,10.0,14.0,4.0,317.72,0
CUST-53018,3.0,Mobile Phone,3,10.0,Credit Card,Female,3.0,4,Laptop & Accessory,3,Divorced,6,1,19.0,2.0,2.0,1.0,177.38,1
CUST-53019,7.0,Computer,3,17.0,E wallet,Male,3.0,5,Laptop & Accessory,2,Single,5,0,15.0,2.0,2.0,2.0,171.82,0
CUST-53020,21.0,Mobile Phone,1,12.0,Debit Card,Male,3.0,4,Others,3,Divorced,6,0,,1.0,2.0,2.0,308.0,0
CUST-53021,17.0,Computer,1,17.0,Debit Card,Female,3.0,5,Laptop & Accessory,3,Married,3,0,12.0,1.0,2.0,1.0,177.57,0
CUST-53022,1.0,Computer,3,7.0,E wallet,Male,4.0,4,Laptop & Accessory,4,Divorced,2,1,14.0,1.0,2.0,5.0,188.49,0
CUST-53023,28.0,Computer,1,27.0,Debit Card,Female,3.0,4,Laptop & Accessory,3,Single,5,0,13.0,2.0,2.0,4.0,173.69,0
CUST-53024,17.0,Mobile Phone,1,14.0,Debit Card,Female,3.0,4,Fashion,5,Divorced,10,0,17.0,2.0,2.0,,224.85,0
CUST-53025,19.0,Mobile Phone,1,15.0,UPI,Male,4.0,4,Laptop & Accessory,2,Divorced,11,0,15.0,8.0,10.0,9.0,161.97,0
CUST-53026,14.0,Mobile Phone,3,7.0,Credit Card,Male,3.0,6,Laptop & Accessory,2,Divorced,4,1,23.0,2.0,2.0,3.0,199.57,0
CUST-53027,1.0,Mobile Phone,1,15.0,UPI,Male,4.0,6,Mobile Phone,5,Divorced,3,1,12.0,2.0,2.0,8.0,146.19,1
CUST-53028,3.0,Mobile Phone,1,16.0,UPI,Male,2.0,5,Mobile Phone,2,Single,2,0,18.0,3.0,3.0,3.0,164.83,0
CUST-53029,4.0,Mobile Phone,3,12.0,E wallet,Female,2.0,5,Laptop & Accessory,3,Married,3,0,14.0,1.0,2.0,3.0,186.18,0
CUST-53030,1.0,Mobile Phone,3,15.0,E wallet,Female,3.0,4,Laptop & Accessory,4,Divorced,3,0,19.0,1.0,2.0,8.0,187.14,0
CUST-53031,11.0,Mobile Phone,1,12.0,Credit Card,Male,4.0,4,Laptop & Accessory,2,Married,9,0,17.0,1.0,2.0,5.0,188.47,0
CUST-53032,12.0,Mobile Phone,1,22.0,Debit Card,Male,4.0,5,Fashion,2,Married,2,1,15.0,2.0,,10.0,240.10000000000002,0
CUST-53033,5.0,Mobile Phone,1,14.0,Credit Card,Female,3.0,4,Fashion,2,Single,3,1,15.0,3.0,5.0,11.0,196.43,0
CUST-53034,3.0,Mobile Phone,3,17.0,E wallet,Female,3.0,5,Laptop & Accessory,4,Married,3,1,15.0,1.0,2.0,8.0,207.68,0
CUST-53035,9.0,Mobile Phone,1,12.0,Cash on Delivery,Male,4.0,4,Fashion,4,Single,2,0,14.0,1.0,2.0,14.0,205.95,0
CUST-53036,1.0,Mobile Phone,1,33.0,Debit Card,Male,3.0,4,Mobile Phone,2,Married,3,0,13.0,2.0,2.0,3.0,154.04,0
CUST-53037,15.0,Mobile Phone,1,13.0,Credit Card,Male,4.0,5,Laptop & Accessory,4,Single,8,1,16.0,2.0,2.0,3.0,185.32,0
CUST-53038,21.0,Computer,3,11.0,Credit Card,Male,3.0,4,Laptop & Accessory,3,Single,5,0,20.0,1.0,2.0,1.0,154.76,0
CUST-53039,16.0,Mobile Phone,1,30.0,Debit Card,Female,3.0,4,Grocery,2,Single,4,0,15.0,,2.0,1.0,284.92,0
CUST-53040,3.0,Computer,3,9.0,Debit Card,Male,4.0,4,Laptop & Accessory,3,Divorced,3,0,15.0,2.0,2.0,3.0,171.49,0
CUST-53041,16.0,Mobile Phone,2,9.0,Cash on Delivery,Male,3.0,4,Mobile Phone,3,Married,2,1,12.0,2.0,2.0,1.0,151.96,0
CUST-53042,6.0,Mobile Phone,1,9.0,Credit Card,Female,4.0,4,Mobile Phone,4,Divorced,3,0,14.0,1.0,2.0,8.0,148.7,0
CUST-53043,22.0,Mobile Phone,3,36.0,Credit Card,Female,4.0,4,Fashion,3,Divorced,5,0,22.0,1.0,,1.0,250.04000000000002,0
CUST-53044,11.0,Mobile Phone,1,13.0,Credit Card,Male,3.0,3,Laptop & Accessory,5,Married,6,1,14.0,3.0,7.0,8.0,184.74,0
CUST-53045,4.0,Computer,3,32.0,Cash on Delivery,Female,3.0,4,Laptop & Accessory,3,Divorced,9,1,13.0,2.0,3.0,3.0,172.36,0
CUST-53046,1.0,Mobile Phone,3,7.0,Debit Card,Male,3.0,4,Laptop & Accessory,3,Divorced,3,0,18.0,3.0,8.0,8.0,177.96,0
CUST-53047,16.0,Mobile Phone,1,9.0,UPI,Male,4.0,5,Laptop & Accessory,2,Single,5,0,24.0,1.0,2.0,1.0,192.81,0
CUST-53048,1.0,Computer,3,7.0,Cash on Delivery,Female,3.0,5,Mobile Phone,4,Single,3,1,12.0,2.0,2.0,3.0,146.74,1
CUST-53049,10.0,Computer,3,7.0,Credit Card,Female,3.0,4,Laptop & Accessory,2,Single,6,0,16.0,2.0,2.0,1.0,191.53,0
CUST-53050,10.0,Computer,3,10.0,Credit Card,Male,3.0,5,Fashion,2,Divorced,6,0,12.0,1.0,2.0,,221.99,0
CUST-53051,31.0,Mobile Phone,1,7.0,Credit Card,Male,3.0,4,Laptop & Accessory,3,Divorced,4,0,12.0,2.0,2.0,3.0,192.55,0
CUST-53052,14.0,Mobile Phone,1,17.0,Debit Card,Female,3.0,3,Mobile Phone,3,Divorced,5,1,14.0,1.0,2.0,8.0,147.13,0
CUST-53053,1.0,Computer,3,16.0,Credit Card,Male,3.0,4,Mobile Phone,2,Single,3,0,25.0,1.0,3.0,3.0,151.1,0
CUST-53054,1.0,Mobile Phone,3,12.0,E wallet,Female,3.0,4,Mobile Phone,3,Single,3,1,14.0,2.0,2.0,1.0,153.51,1
CUST-53055,11.0,Mobile Phone,1,17.0,Credit Card,Female,4.0,4,Mobile Phone,5,Divorced,8,0,21.0,2.0,2.0,4.0,159.52,0
CUST-53056,20.0,Computer,1,14.0,Credit Card,Female,2.0,4,Laptop & Accessory,3,Divorced,4,0,15.0,1.0,2.0,1.0,177.58,0
CUST-53057,5.0,Computer,3,11.0,E wallet,Male,3.0,4,Laptop & Accessory,4,Single,3,0,19.0,8.0,8.0,,218.55,1
CUST-53058,24.0,Mobile Phone,1,17.0,Cash on Delivery,Male,4.0,5,Fashion,2,Single,8,0,16.0,1.0,2.0,,229.96,0
CUST-53059,4.0,Mobile Phone,3,29.0,E wallet,Male,4.0,5,Laptop & Accessory,3,Divorced,4,1,13.0,2.0,2.0,1.0,188.8,1
CUST-53060,5.0,Mobile Phone,1,16.0,Debit Card,Male,3.0,5,Mobile Phone,4,Single,2,1,17.0,2.0,3.0,3.0,151.57,0
CUST-53061,1.0,Mobile Phone,3,19.0,Debit Card,Female,3.0,3,Mobile Phone,4,Single,3,0,16.0,1.0,2.0,1.0,152.16,1
CUST-53062,3.0,Mobile Phone,1,30.0,Debit Card,Male,3.0,4,Mobile Phone,2,Single,11,0,17.0,2.0,2.0,3.0,147.01,0
CUST-53063,9.0,Mobile Phone,1,16.0,Debit Card,Male,4.0,5,Laptop & Accessory,4,Single,11,0,20.0,2.0,2.0,1.0,190.4,0
CUST-53064,1.0,Mobile Phone,1,7.0,Credit Card,Male,3.0,4,Mobile Phone,4,Married,3,0,12.0,1.0,2.0,5.0,163.16,0
CUST-53065,2.0,Mobile Phone,3,16.0,Debit Card,Male,4.0,4,Laptop & Accessory,2,Single,3,0,17.0,2.0,2.0,8.0,177.53,0
CUST-53066,23.0,Mobile Phone,1,14.0,UPI,Male,3.0,5,Fashion,3,Single,10,0,25.0,2.0,2.0,1.0,170.0,0
CUST-53067,25.0,Mobile Phone,3,21.0,Debit Card,Female,3.0,4,Laptop & Accessory,2,Divorced,6,0,12.0,1.0,2.0,8.0,174.36,0
CUST-53068,10.0,Mobile Phone,1,9.0,Debit Card,Female,4.0,4,Mobile Phone,3,Divorced,6,0,14.0,2.0,3.0,3.0,150.43,0
CUST-53069,1.0,Computer,3,26.0,E wallet,Male,4.0,3,Laptop & Accessory,2,Single,10,1,14.0,2.0,2.0,5.0,178.04,1
CUST-53070,29.0,Mobile Phone,1,9.0,Debit Card,Female,4.0,4,Grocery,2,Single,4,1,14.0,,2.0,3.0,291.59,0
CUST-53071,1.0,Mobile Phone,3,17.0,E wallet,Female,4.0,4,Laptop & Accessory,3,Married,3,1,13.0,1.0,2.0,4.0,167.6,0
CUST-53072,4.0,Mobile Phone,3,9.0,Cash on Delivery,Male,4.0,4,Mobile Phone,4,Divorced,3,0,19.0,2.0,2.0,1.0,149.76,0
CUST-53073,1.0,Computer,1,10.0,Cash on Delivery,Male,4.0,4,Mobile Phone,5,Single,2,0,23.0,1.0,2.0,5.0,156.02,1
CUST-53074,1.0,Mobile Phone,1,18.0,Credit Card,Female,3.0,4,Mobile Phone,4,Divorced,3,0,14.0,2.0,2.0,3.0,147.44,0
CUST-53075,10.0,Mobile Phone,3,9.0,Credit Card,Male,4.0,5,Fashion,3,Divorced,3,0,14.0,10.0,10.0,1.0,200.96,0
CUST-53076,1.0,Computer,1,11.0,Cash on Delivery,Male,3.0,4,Mobile Phone,2,Single,20,1,24.0,2.0,2.0,1.0,147.85,1
CUST-53077,11.0,Mobile Phone,1,21.0,Debit Card,Female,4.0,4,Mobile Phone,5,Married,3,0,13.0,4.0,13.0,18.0,155.34,0
CUST-53078,14.0,Mobile Phone,3,9.0,E wallet,Female,3.0,4,Laptop & Accessory,4,Married,9,0,13.0,1.0,2.0,4.0,182.15,0
CUST-53079,16.0,Mobile Phone,1,7.0,Debit Card,Female,4.0,4,Mobile Phone,5,Married,5,0,17.0,2.0,2.0,3.0,150.76,0
CUST-53080,11.0,Mobile Phone,1,17.0,Debit Card,Male,3.0,4,Laptop & Accessory,4,Single,4,1,13.0,1.0,2.0,2.0,166.97,0
CUST-53081,17.0,Mobile Phone,1,19.0,Debit Card,Male,3.0,5,Grocery,4,Married,3,0,12.0,,4.0,10.0,268.36,0
CUST-53082,14.0,Mobile Phone,1,9.0,Credit Card,Female,4.0,5,Laptop & Accessory,3,Divorced,8,0,23.0,2.0,2.0,1.0,159.48,0
CUST-53083,28.0,Mobile Phone,1,12.0,Credit Card,Male,3.0,4,Others,5,Divorced,6,0,,2.0,2.0,3.0,319.06,0
CUST-53084,8.0,Computer,3,11.0,E wallet,Female,4.0,4,Laptop & Accessory,3,Divorced,11,0,16.0,2.0,2.0,3.0,190.38,0
CUST-53085,5.0,Mobile Phone,1,14.0,Credit Card,Female,3.0,4,Laptop & Accessory,5,Divorced,3,0,13.0,4.0,4.0,13.0,168.06,0
CUST-53086,17.0,Computer,1,28.0,Credit Card,Male,4.0,4,Mobile Phone,2,Divorced,9,0,21.0,1.0,2.0,3.0,147.58,0
CUST-53087,17.0,Mobile Phone,1,15.0,UPI,Female,4.0,4,Laptop & Accessory,3,Married,6,1,15.0,1.0,2.0,3.0,170.22,0
CUST-53088,1.0,Mobile Phone,3,11.0,Debit Card,Female,3.0,5,Laptop & Accessory,2,Single,3,1,12.0,1.0,2.0,4.0,169.87,0
CUST-53089,11.0,Computer,1,32.0,Credit Card,Female,4.0,4,Laptop & Accessory,3,Divorced,5,1,16.0,4.0,11.0,8.0,169.49,0
CUST-53090,5.0,Mobile Phone,1,7.0,Debit Card,Male,4.0,5,Mobile Phone,5,Divorced,3,0,13.0,1.0,4.0,3.0,147.18,0
CUST-53091,13.0,Computer,1,7.0,Debit Card,Male,3.0,4,Others,3,Married,3,1,,1.0,2.0,7.0,316.97,0
CUST-53092,30.0,Computer,3,13.0,Debit Card,Female,3.0,3,Grocery,5,Divorced,11,0,12.0,3.0,,8.0,257.12,0
CUST-53093,4.0,Mobile Phone,3,19.0,Cash on Delivery,Female,3.0,4,Laptop & Accessory,3,Single,2,0,12.0,4.0,5.0,5.0,190.77,0
CUST-53094,15.0,Mobile Phone,3,7.0,E wallet,Male,3.0,3,Fashion,5,Divorced,3,0,17.0,2.0,2.0,8.0,208.92,0
CUST-53095,2.0,Mobile Phone,1,24.0,Credit Card,Male,4.0,4,Laptop & Accessory,5,Married,3,0,13.0,1.0,2.0,9.0,170.58,0
CUST-53096,1.0,Mobile Phone,1,10.0,Credit Card,Male,4.0,4,Mobile Phone,5,Divorced,7,0,14.0,2.0,2.0,3.0,165.31,1
CUST-53097,26.0,Mobile Phone,1,10.0,Credit Card,Male,3.0,5,Fashion,3,Divorced,4,1,15.0,1.0,2.0,5.0,204.69,0
CUST-53098,19.0,Mobile Phone,1,17.0,Debit Card,Male,4.0,4,Mobile Phone,2,Divorced,5,0,22.0,2.0,2.0,3.0,151.54,0
CUST-53099,26.0,Mobile Phone,1,11.0,Debit Card,Female,2.0,4,Grocery,2,Divorced,4,0,14.0,,2.0,5.0,290.55,0
CUST-53100,16.0,Computer,1,36.0,Debit Card,Female,4.0,4,Laptop & Accessory,3,Married,4,0,12.0,2.0,2.0,3.0,170.56,0
CUST-53101,4.0,Mobile Phone,1,9.0,Debit Card,Female,3.0,6,Laptop & Accessory,2,Single,4,0,21.0,1.0,2.0,3.0,185.91,0
CUST-53102,31.0,Mobile Phone,1,14.0,Debit Card,Female,3.0,4,Others,5,Divorced,7,0,,1.0,12.0,11.0,320.66,0
CUST-53103,20.0,Mobile Phone,1,25.0,Credit Card,Female,3.0,4,Laptop & Accessory,3,Married,4,0,15.0,1.0,2.0,9.0,173.1,0
CUST-53104,16.0,Computer,1,35.0,Cash on Delivery,Female,3.0,5,Laptop & Accessory,2,Divorced,2,0,12.0,1.0,2.0,5.0,170.23,0
CUST-53105,1.0,Mobile Phone,3,7.0,Cash on Delivery,Female,4.0,4,Mobile Phone,4,Single,3,1,17.0,2.0,2.0,5.0,157.02,1
CUST-53106,1.0,Computer,3,13.0,E wallet,Female,3.0,6,Mobile Phone,3,Married,2,0,17.0,2.0,2.0,1.0,148.51,1
CUST-53107,12.0,Computer,1,9.0,Debit Card,Male,3.0,4,Mobile Phone,2,Divorced,3,1,24.0,2.0,2.0,1.0,142.02,0
CUST-53108,14.0,Mobile Phone,3,9.0,Debit Card,Female,4.0,4,Others,3,Divorced,2,0,,1.0,2.0,13.0,305.41,0
CUST-53109,1.0,Mobile Phone,1,30.0,Debit Card,Female,3.0,4,Mobile Phone,2,Married,3,0,23.0,2.0,2.0,3.0,153.86,0
CUST-53110,4.0,Computer,1,10.0,Debit Card,Male,3.0,4,Mobile Phone,2,Divorced,6,0,16.0,1.0,2.0,5.0,145.97,0
CUST-53111,3.0,Mobile Phone,1,10.0,Credit Card,Male,4.0,5,Fashion,3,Divorced,3,0,19.0,2.0,,8.0,244.35000000000002,0
CUST-53112,1.0,Mobile Phone,1,32.0,Cash on Delivery,Female,4.0,5,Mobile Phone,4,Divorced,7,0,17.0,1.0,2.0,2.0,150.46,1
CUST-53113,1.0,Mobile Phone,2,9.0,Cash on Delivery,Male,3.0,5,Mobile Phone,2,Single,3,0,13.0,2.0,2.0,1.0,150.64,1
CUST-53114,4.0,Computer,3,29.0,UPI,Female,4.0,4,Fashion,5,Divorced,2,0,12.0,3.0,8.0,9.0,209.12,0
CUST-53115,31.0,Mobile Phone,3,36.0,E wallet,Male,3.0,5,Grocery,2,Married,5,0,13.0,,2.0,1.0,266.18,0
CUST-53116,24.0,Mobile Phone,1,36.0,Debit Card,Male,3.0,5,Grocery,3,Divorced,2,0,,12.0,16.0,8.0,295.46,0
CUST-53117,4.0,Computer,1,9.0,Credit Card,Female,3.0,4,Mobile Phone,2,Single,2,0,15.0,6.0,7.0,8.0,150.64,0
CUST-53118,31.0,Computer,3,35.0,E wallet,Female,4.0,5,Fashion,5,Divorced,6,0,20.0,14.0,14.0,,227.66,0
CUST-53119,21.0,Mobile Phone,1,9.0,Credit Card,Female,4.0,4,Laptop & Accessory,2,Married,7,0,14.0,1.0,2.0,5.0,175.7,0
CUST-53120,20.0,Mobile Phone,1,9.0,Debit Card,Male,3.0,4,Grocery,3,Divorced,8,0,,1.0,2.0,2.0,303.61,0
CUST-53121,9.0,Mobile Phone,1,29.0,Debit Card,Male,3.0,6,Mobile Phone,3,Single,2,0,16.0,3.0,5.0,4.0,167.3,0
CUST-53122,28.0,Mobile Phone,1,15.0,Debit Card,Female,3.0,4,Laptop & Accessory,3,Single,9,0,12.0,2.0,2.0,1.0,162.8,0
CUST-53123,8.0,Mobile Phone,1,9.0,Debit Card,Male,4.0,5,Mobile Phone,3,Married,5,0,13.0,6.0,6.0,8.0,152.68,0
CUST-53124,20.0,Mobile Phone,3,17.0,E wallet,Female,4.0,5,Fashion,2,Divorced,4,1,20.0,2.0,2.0,,215.71,0
CUST-53125,5.0,Mobile Phone,1,16.0,Debit Card,Male,3.0,4,Fashion,4,Married,3,0,26.0,2.0,2.0,9.0,231.48000000000002,0
CUST-53126,1.0,Mobile Phone,1,22.0,Credit Card,Male,3.0,4,Fashion,3,Divorced,9,1,13.0,,8.0,8.0,261.1,1
CUST-53127,1.0,Mobile Phone,1,17.0,Credit Card,Male,3.0,6,Mobile Phone,2,Married,9,0,14.0,1.0,2.0,4.0,159.08,1
CUST-53128,4.0,Mobile Phone,3,14.0,E wallet,Male,3.0,4,Mobile Phone,4,Single,2,0,15.0,2.0,2.0,3.0,154.83,0
CUST-53129,9.0,Mobile Phone,1,23.0,Debit Card,Male,4.0,4,Fashion,3,Divorced,6,1,13.0,1.0,2.0,1.0,201.32,0
CUST-53130,1.0,Computer,1,27.0,Debit Card,Male,4.0,4,Fashion,3,Divorced,5,0,13.0,2.0,2.0,,223.24,1
CUST-53131,1.0,Computer,2,30.0,UPI,Female,3.0,4,Fashion,5,Married,11,1,16.0,2.0,2.0,,224.5,1
CUST-53132,16.0,Computer,1,12.0,UPI,Male,4.0,4,Mobile Phone,3,Divorced,6,0,18.0,3.0,3.0,1.0,145.93,0
CUST-53133,10.0,Computer,3,17.0,Credit Card,Male,3.0,4,Fashion,2,Single,3,0,15.0,2.0,10.0,,224.8,0
CUST-53134,1.0,Computer,1,11.0,Cash on Delivery,Male,3.0,5,Mobile Phone,3,Single,7,0,17.0,2.0,2.0,3.0,163.94,1
CUST-53135,22.0,Mobile Phone,3,9.0,E wallet,Female,3.0,4,Laptop & Accessory,2,Divorced,4,0,15.0,5.0,7.0,8.0,165.51,0
CUST-53136,29.0,Mobile Phone,3,25.0,Debit Card,Female,3.0,4,Grocery,4,Single,5,0,,1.0,8.0,8.0,293.35,0
CUST-53137,15.0,Computer,3,17.0,Debit Card,Male,3.0,4,Laptop & Accessory,2,Single,9,0,15.0,1.0,2.0,11.0,187.3,0
CUST-53138,9.0,Mobile Phone,3,7.0,E wallet,Male,3.0,4,Laptop & Accessory,3,Divorced,11,0,12.0,4.0,7.0,10.0,172.17,0
CUST-53139,14.0,Mobile Phone,1,13.0,Debit Card,Female,4.0,4,Grocery,3,Single,9,0,16.0,5.0,,14.0,257.37,0
CUST-53140,13.0,Computer,1,15.0,Debit Card,Female,3.0,4,Mobile Phone,3,Divorced,3,0,12.0,1.0,2.0,8.0,162.55,0
CUST-53141,5.0,Mobile Phone,3,9.0,Debit Card,Male,4.0,4,Laptop & Accessory,2,Single,6,1,14.0,2.0,2.0,6.0,190.82,0
CUST-53142,16.0,Mobile Phone,1,31.0,Credit Card,Male,3.0,4,Fashion,5,Divorced,3,1,22.0,5.0,6.0,9.0,199.06,0
CUST-53143,19.0,Mobile Phone,3,9.0,UPI,Male,4.0,4,Laptop & Accessory,4,Divorced,2,0,20.0,4.0,4.0,8.0,173.05,0
CUST-53144,1.0,Computer,2,24.0,Debit Card,Female,3.0,4,Mobile Phone,3,Married,2,1,12.0,1.0,2.0,1.0,152.41,1
CUST-53145,3.0,Mobile Phone,1,26.0,Cash on Delivery,Male,3.0,4,Laptop & Accessory,2,Married,6,0,13.0,1.0,2.0,3.0,167.62,0
CUST-53146,7.0,Mobile Phone,1,7.0,Credit Card,Female,4.0,3,Grocery,3,Married,6,0,20.0,,2.0,6.0,286.84,0
CUST-53147,1.0,Mobile Phone,3,14.0,Debit Card,Male,3.0,5,Fashion,2,Married,11,0,22.0,2.0,,2.0,240.57,0
CUST-53148,1.0,Computer,3,12.0,E wallet,Male,4.0,4,Mobile Phone,4,Single,3,1,15.0,2.0,2.0,1.0,143.78,1
CUST-53149,14.0,Computer,3,35.0,UPI,Male,3.0,6,Fashion,5,Married,5,0,16.0,2.0,,2.0,234.32,0
CUST-53150,15.0,Computer,1,9.0,UPI,Female,4.0,5,Laptop & Accessory,3,Single,4,1,18.0,1.0,2.0,8.0,193.11,0
CUST-53151,1.0,Mobile Phone,3,36.0,Credit Card,Male,3.0,4,Laptop & Accessory,3,Married,7,0,13.0,2.0,2.0,1.0,168.06,0
CUST-53152,9.0,Mobile Phone,3,7.0,Credit Card,Female,4.0,4,Laptop & Accessory,3,Single,3,0,17.0,1.0,2.0,4.0,173.59,0
CUST-53153,8.0,Mobile Phone,3,28.0,Debit Card,Male,4.0,3,Laptop & Accessory,2,Single,3,0,13.0,6.0,6.0,8.0,178.37,0
CUST-53154,1.0,Mobile Phone,1,31.0,Cash on Delivery,Male,4.0,6,Mobile Phone,2,Single,3,1,19.0,2.0,2.0,1.0,148.4,1
CUST-53155,11.0,Mobile Phone,1,7.0,Cash on Delivery,Female,3.0,4,Fashion,2,Single,6,0,18.0,2.0,2.0,3.0,199.91,0
CUST-53156,20.0,Computer,1,25.0,Credit Card,Female,3.0,4,Fashion,3,Divorced,7,0,12.0,2.0,2.0,,230.27,0
CUST-53157,15.0,Mobile Phone,3,9.0,Debit Card,Female,4.0,4,Grocery,5,Divorced,9,0,17.0,,12.0,9.0,290.95,0
CUST-53158,11.0,Computer,3,16.0,Credit Card,Male,4.0,4,Fashion,4,Married,3,0,14.0,7.0,8.0,,213.34,0
CUST-53159,26.0,Mobile Phone,1,13.0,Cash on Delivery,Male,4.0,4,Laptop & Accessory,5,Married,5,1,13.0,3.0,7.0,10.0,180.77,0
CUST-53160,1.0,Computer,3,18.0,UPI,Male,3.0,3,Laptop & Accessory,3,Divorced,10,0,13.0,2.0,2.0,3.0,172.07,1
CUST-53161,1.0,Computer,3,31.0,Credit Card,Male,3.0,4,Mobile Phone,2,Divorced,2,0,14.0,1.0,3.0,2.0,149.0,0
CUST-53162,12.0,Mobile Phone,1,17.0,Credit Card,Female,4.0,4,Laptop & Accessory,3,Divorced,5,0,20.0,2.0,2.0,,223.24,0
CUST-53163,11.0,Mobile Phone,1,7.0,Debit Card,Female,4.0,4,Laptop & Accessory,4,Divorced,8,0,13.0,4.0,5.0,4.0,189.47,0
CUST-53164,23.0,Mobile Phone,1,25.0,Debit Card,Male,3.0,5,Others,3,Married,3,1,,1.0,2.0,10.0,320.02,0
CUST-53165,1.0,Mobile Phone,1,30.0,Credit Card,Male,3.0,3,Mobile Phone,2,Divorced,3,1,12.0,1.0,2.0,5.0,152.25,0
CUST-53166,1.0,Mobile Phone,3,35.0,E wallet,Male,4.0,4,Laptop & Accessory,4,Divorced,3,0,21.0,2.0,2.0,5.0,187.72,0
CUST-53167,1.0,Mobile Phone,1,24.0,UPI,Male,4.0,5,Mobile Phone,4,Divorced,3,0,22.0,2.0,2.0,1.0,146.27,0
CUST-53168,24.0,Computer,2,10.0,Credit Card,Male,3.0,4,Others,4,Divorced,3,0,,7.0,11.0,8.0,307.0,0
CUST-53169,1.0,Mobile Phone,3,20.0,Credit Card,Male,3.0,4,Mobile Phone,3,Divorced,3,0,12.0,2.0,2.0,7.0,145.96,0
CUST-53170,1.0,Computer,1,14.0,Debit Card,Female,3.0,4,Mobile Phone,3,Divorced,3,1,17.0,1.0,2.0,3.0,153.86,1
CUST-53171,1.0,Computer,3,19.0,Debit Card,Male,4.0,5,Mobile Phone,5,Divorced,3,0,19.0,2.0,2.0,1.0,145.33,1
CUST-53172,8.0,Mobile Phone,1,7.0,Debit Card,Male,3.0,5,Mobile Phone,2,Divorced,3,1,14.0,1.0,2.0,4.0,161.22,0
CUST-53173,1.0,Mobile Phone,3,20.0,Credit Card,Male,3.0,4,Laptop & Accessory,5,Married,4,0,18.0,1.0,2.0,3.0,167.33,1
CUST-53174,9.0,Mobile Phone,1,32.0,UPI,Male,3.0,5,Laptop & Accessory,2,Single,6,0,15.0,1.0,2.0,3.0,161.81,0
CUST-53175,5.0,Mobile Phone,3,13.0,Credit Card,Male,4.0,3,Laptop & Accessory,2,Married,6,0,23.0,4.0,6.0,8.0,179.6,0
CUST-53176,1.0,Mobile Phone,1,13.0,Credit Card,Female,4.0,5,Mobile Phone,3,Married,2,0,13.0,2.0,2.0,4.0,146.87,0
CUST-53177,11.0,Mobile Phone,3,9.0,E wallet,Male,4.0,4,Laptop & Accessory,3,Divorced,6,1,12.0,1.0,2.0,,221.02,0
CUST-53178,1.0,Mobile Phone,1,7.0,Debit Card,Female,3.0,5,Mobile Phone,4,Single,3,0,14.0,2.0,2.0,1.0,153.36,0
CUST-53179,16.0,Mobile Phone,1,9.0,Debit Card,Female,3.0,4,Laptop & Accessory,2,Divorced,3,0,14.0,3.0,3.0,3.0,165.89,0
CUST-53180,17.0,Mobile Phone,1,13.0,UPI,Male,3.0,5,Grocery,2,Married,6,1,15.0,,2.0,1.0,291.27,0
CUST-53181,12.0,Mobile Phone,1,7.0,Debit Card,Female,3.0,4,Mobile Phone,5,Single,5,0,18.0,2.0,2.0,1.0,151.19,0
CUST-53182,17.0,Computer,1,16.0,Credit Card,Male,4.0,4,Laptop & Accessory,3,Married,5,1,14.0,3.0,5.0,8.0,181.79,0
CUST-53183,22.0,Mobile Phone,1,7.0,Debit Card,Female,3.0,5,Grocery,5,Divorced,9,0,12.0,,2.0,3.0,279.02,0
CUST-53184,18.0,Mobile Phone,2,7.0,Debit Card,Female,3.0,5,Laptop & Accessory,3,Single,6,0,12.0,2.0,2.0,3.0,184.85,0
CUST-53185,8.0,Mobile Phone,3,21.0,Cash on Delivery,Female,3.0,4,Mobile Phone,3,Married,3,1,19.0,2.0,2.0,7.0,150.79,0
CUST-53186,1.0,Mobile Phone,3,9.0,E wallet,Male,3.0,4,Mobile Phone,5,Married,2,0,12.0,1.0,2.0,3.0,155.41,1
CUST-53187,1.0,Mobile Phone,3,29.0,Cash on Delivery,Male,3.0,4,Mobile Phone,3,Single,3,0,12.0,2.0,2.0,3.0,159.47,0
CUST-53188,18.0,Mobile Phone,1,10.0,UPI,Male,3.0,4,Others,2,Divorced,6,1,,2.0,2.0,2.0,320.13,0
CUST-53189,1.0,Mobile Phone,1,13.0,Credit Card,Male,4.0,4,Mobile Phone,3,Divorced,2,0,21.0,3.0,3.0,3.0,152.73,0
CUST-53190,7.0,Mobile Phone,3,15.0,E wallet,Male,3.0,4,Laptop & Accessory,3,Married,2,0,13.0,2.0,2.0,3.0,196.04,0
CUST-53191,6.0,Mobile Phone,1,16.0,Debit Card,Female,4.0,4,Laptop & Accessory,2,Divorced,3,1,13.0,2.0,2.0,6.0,188.22,0
CUST-53192,4.0,Computer,1,10.0,Credit Card,Female,4.0,4,Mobile Phone,3,Married,3,0,21.0,2.0,2.0,1.0,145.83,0
CUST-53193,27.0,Mobile Phone,3,7.0,Credit Card,Female,3.0,4,Laptop & Accessory,5,Single,9,0,21.0,7.0,9.0,11.0,208.81,0
CUST-53194,8.0,Mobile Phone,1,7.0,Debit Card,Male,3.0,4,Mobile Phone,2,Divorced,3,0,13.0,7.0,9.0,9.0,151.91,0
CUST-53195,9.0,Computer,3,33.0,Debit Card,Female,4.0,4,Laptop & Accessory,5,Divorced,4,0,15.0,1.0,2.0,1.0,167.86,1
CUST-53196,1.0,Mobile Phone,1,13.0,Debit Card,Female,4.0,4,Mobile Phone,2,Divorced,3,1,14.0,1.0,2.0,3.0,151.59,0
CUST-53197,11.0,Mobile Phone,1,10.0,UPI,Male,3.0,4,Fashion,3,Divorced,3,0,16.0,7.0,8.0,,219.34,0
CUST-53198,3.0,Mobile Phone,3,10.0,Credit Card,Female,4.0,4,Laptop & Accessory,3,Divorced,3,0,15.0,1.0,2.0,3.0,180.61,0
CUST-53199,9.0,Mobile Phone,1,13.0,Debit Card,Male,3.0,6,Laptop & Accessory,2,Single,3,0,14.0,12.0,12.0,9.0,191.46,0
CUST-53200,7.0,Computer,1,13.0,Debit Card,Male,2.0,4,Laptop & Accessory,2,Married,5,0,24.0,5.0,5.0,8.0,202.25,0
CUST-53201,28.0,Mobile Phone,2,26.0,Credit Card,Male,3.0,4,Fashion,4,Divorced,4,0,16.0,4.0,,2.0,232.25,0
CUST-53202,10.0,Mobile Phone,1,16.0,Credit Card,Male,3.0,5,Laptop & Accessory,4,Married,4,1,12.0,2.0,2.0,,213.47,0
CUST-53203,1.0,Mobile Phone,1,10.0,Credit Card,Male,3.0,5,Mobile Phone,2,Single,2,0,14.0,1.0,2.0,2.0,145.45,0
CUST-53204,1.0,Mobile Phone,1,17.0,Credit Card,Male,3.0,4,Mobile Phone,3,Single,3,1,12.0,1.0,2.0,2.0,135.09,1
CUST-53205,1.0,Computer,1,10.0,Debit Card,Male,4.0,4,Mobile Phone,5,Single,3,1,12.0,10.0,10.0,8.0,158.48,1
CUST-53206,9.0,Computer,1,10.0,Debit Card,Male,3.0,5,Mobile Phone,3,Divorced,3,0,19.0,2.0,2.0,1.0,137.81,0
CUST-53207,1.0,Mobile Phone,1,11.0,Credit Card,Male,3.0,3,Mobile Phone,5,Divorced,4,0,17.0,1.0,2.0,3.0,153.19,0
CUST-53208,1.0,Mobile Phone,3,15.0,Debit Card,Male,3.0,3,Laptop & Accessory,4,Divorced,2,0,23.0,1.0,2.0,3.0,173.51,0
CUST-53209,12.0,Mobile Phone,3,14.0,E wallet,Female,3.0,5,Laptop & Accessory,2,Single,2,0,21.0,2.0,2.0,6.0,165.28,0
CUST-53210,3.0,Computer,1,7.0,Debit Card,Male,4.0,6,Mobile Phone,2,Married,3,0,19.0,3.0,3.0,9.0,152.2,0
CUST-53211,22.0,Mobile Phone,3,9.0,E wallet,Male,3.0,3,Laptop & Accessory,4,Divorced,5,0,13.0,3.0,3.0,3.0,206.2,0
CUST-53212,1.0,Computer,3,10.0,Credit Card,Female,4.0,3,Laptop & Accessory,2,Married,3,1,21.0,2.0,2.0,5.0,171.47,0
CUST-53213,11.0,Mobile Phone,1,17.0,Debit Card,Male,4.0,3,Mobile Phone,2,Single,5,0,18.0,2.0,2.0,1.0,171.8,0
CUST-53214,24.0,Mobile Phone,1,35.0,Credit Card,Male,4.0,3,Mobile Phone,3,Divorced,3,1,12.0,4.0,4.0,9.0,157.21,0
CUST-53215,8.0,Mobile Phone,1,16.0,Credit Card,Female,3.0,5,Fashion,4,Single,3,0,15.0,5.0,8.0,,211.21,0
CUST-53216,1.0,Mobile Phone,3,10.0,Debit Card,Female,4.0,4,Laptop & Accessory,3,Single,11,0,15.0,2.0,3.0,1.0,170.77,1
CUST-53217,13.0,Mobile Phone,1,9.0,Cash on Delivery,Female,4.0,5,Laptop & Accessory,3,Single,3,0,12.0,3.0,12.0,11.0,170.53,0
CUST-53218,6.0,Mobile Phone,3,17.0,E wallet,Male,3.0,4,Laptop & Accessory,2,Single,3,0,13.0,1.0,2.0,9.0,178.96,0
CUST-53219,14.0,Computer,3,15.0,Cash on Delivery,Male,3.0,4,Laptop & Accessory,3,Divorced,5,1,15.0,2.0,2.0,4.0,192.96,1
CUST-53220,12.0,Mobile Phone,1,7.0,Debit Card,Female,3.0,3,Laptop & Accessory,2,Single,2,0,14.0,2.0,2.0,9.0,201.25,0
CUST-53221,1.0,Mobile Phone,1,7.0,Debit Card,Female,4.0,4,Fashion,5,Divorced,3,0,12.0,2.0,2.0,8.0,199.12,0
CUST-53222,6.0,Mobile Phone,1,10.0,Debit Card,Female,3.0,4,Fashion,2,Single,5,0,16.0,4.0,,8.0,236.58999999999997,0
CUST-53223,21.0,Mobile Phone,3,21.0,E wallet,Male,3.0,4,Laptop & Accessory,5,Single,4,0,13.0,1.0,2.0,8.0,174.6,0
CUST-53224,14.0,Computer,3,12.0,Debit Card,Male,3.0,5,Fashion,5,Divorced,7,1,22.0,1.0,2.0,,229.75,0
CUST-53225,27.0,Mobile Phone,1,14.0,Debit Card,Male,3.0,3,Grocery,3,Divorced,5,0,20.0,,2.0,4.0,273.14,0
CUST-53226,15.0,Mobile Phone,2,17.0,UPI,Male,4.0,5,Others,2,Married,5,0,,13.0,13.0,7.0,316.41,0
CUST-53227,31.0,Mobile Phone,3,23.0,E wallet,Male,3.0,4,Laptop & Accessory,5,Single,10,0,15.0,2.0,3.0,3.0,179.05,0
CUST-53228,1.0,Computer,1,17.0,Debit Card,Male,3.0,4,Fashion,5,Married,3,0,22.0,2.0,2.0,,212.93,0
CUST-53229,15.0,Mobile Phone,2,7.0,UPI,Male,3.0,5,Others,3,Divorced,3,0,,3.0,3.0,11.0,316.89,0
CUST-53230,24.0,Mobile Phone,3,15.0,E wallet,Male,3.0,4,Mobile Phone,4,Divorced,9,0,16.0,2.0,3.0,3.0,163.75,0
CUST-53231,1.0,Mobile Phone,1,7.0,Debit Card,Female,4.0,6,Mobile Phone,4,Single,9,1,14.0,2.0,4.0,8.0,147.16,1
CUST-53232,10.0,Computer,1,15.0,Debit Card,Female,4.0,3,Fashion,5,Divorced,11,0,15.0,1.0,,6.0,242.13,0
CUST-53233,12.0,Mobile Phone,1,7.0,Debit Card,Female,3.0,4,Fashion,3,Single,6,1,15.0,1.0,2.0,1.0,203.61,0
CUST-53234,18.0,Computer,1,31.0,Credit Card,Male,3.0,6,Mobile Phone,3,Single,4,0,15.0,1.0,2.0,5.0,162.08,0
CUST-53235,21.0,Computer,3,10.0,Credit Card,Female,3.0,4,Grocery,3,Married,11,1,13.0,,12.0,14.0,262.7,0
CUST-53236,4.0,Mobile Phone,3,34.0,E wallet,Male,3.0,4,Laptop & Accessory,2,Married,9,0,24.0,5.0,8.0,8.0,178.04,0
CUST-53237,3.0,Mobile Phone,3,17.0,Debit Card,Male,3.0,4,Mobile Phone,3,Single,3,0,12.0,1.0,2.0,1.0,151.42,0
CUST-53238,6.0,Computer,1,26.0,Credit Card,Male,3.0,3,Mobile Phone,3,Married,8,1,13.0,3.0,3.0,3.0,152.59,1
CUST-53239,17.0,Computer,3,22.0,Debit Card,Male,3.0,5,Laptop & Accessory,2,Divorced,5,0,19.0,1.0,3.0,3.0,193.04,0
CUST-53240,8.0,Mobile Phone,1,15.0,Credit Card,Female,4.0,4,Laptop & Accessory,3,Single,5,0,12.0,2.0,5.0,4.0,186.42,0
CUST-53241,1.0,Mobile Phone,1,16.0,Credit Card,Male,3.0,4,Mobile Phone,5,Divorced,3,0,15.0,1.0,2.0,3.0,150.0,0
CUST-53242,13.0,Mobile Phone,2,10.0,UPI,Female,3.0,3,Laptop & Accessory,4,Divorced,11,0,16.0,4.0,4.0,7.0,188.89,0
CUST-53243,30.0,Mobile Phone,1,16.0,Credit Card,Male,3.0,4,Grocery,2,Divorced,9,0,12.0,1.0,,2.0,236.02999999999997,0
CUST-53244,14.0,Mobile Phone,1,9.0,Credit Card,Female,3.0,5,Mobile Phone,2,Single,2,1,21.0,3.0,3.0,4.0,148.42,0
CUST-53245,1.0,Mobile Phone,1,14.0,Credit Card,Female,3.0,5,Laptop & Accessory,5,Single,10,0,20.0,2.0,2.0,8.0,193.11,0
CUST-53246,3.0,Mobile Phone,3,17.0,E wallet,Male,3.0,4,Mobile Phone,4,Married,3,0,15.0,1.0,3.0,3.0,147.97,0
CUST-53247,27.0,Mobile Phone,1,13.0,Debit Card,Male,3.0,4,Laptop & Accessory,2,Single,4,0,18.0,2.0,3.0,3.0,149.5,0
CUST-53248,9.0,Computer,1,9.0,Debit Card,Female,4.0,4,Laptop & Accessory,5,Married,4,0,12.0,1.0,2.0,1.0,175.93,0
CUST-53249,6.0,Computer,1,31.0,Debit Card,Male,4.0,4,Laptop & Accessory,2,Divorced,3,0,16.0,3.0,5.0,8.0,178.09,0
CUST-53250,12.0,Mobile Phone,1,9.0,Credit Card,Male,4.0,4,Mobile Phone,3,Divorced,8,1,14.0,1.0,2.0,2.0,155.57,0
CUST-53251,8.0,Mobile Phone,1,15.0,Debit Card,Female,3.0,4,Laptop & Accessory,5,Married,5,0,15.0,2.0,2.0,1.0,176.21,0
CUST-53252,26.0,Mobile Phone,3,10.0,E wallet,Male,3.0,5,Grocery,5,Divorced,3,0,,2.0,2.0,17.0,293.56,0
CUST-53253,1.0,Mobile Phone,1,7.0,UPI,Male,4.0,4,Mobile Phone,2,Single,3,1,14.0,6.0,8.0,9.0,151.86,1
CUST-53254,1.0,Mobile Phone,3,33.0,Credit Card,Female,3.0,4,Laptop & Accessory,2,Single,3,0,24.0,1.0,2.0,5.0,186.8,0
CUST-53255,19.0,Mobile Phone,3,9.0,Cash on Delivery,Male,3.0,6,Laptop & Accessory,3,Single,2,0,14.0,1.0,4.0,2.0,191.32,0
CUST-53256,1.0,Mobile Phone,1,17.0,Credit Card,Male,4.0,3,Mobile Phone,3,Single,3,0,19.0,2.0,2.0,3.0,160.05,0
CUST-53257,11.0,Computer,3,34.0,Debit Card,Female,4.0,2,Laptop & Accessory,3,Single,6,1,13.0,2.0,2.0,4.0,188.97,1
CUST-53258,8.0,Mobile Phone,3,9.0,UPI,Male,3.0,4,Laptop & Accessory,2,Single,3,0,23.0,1.0,2.0,5.0,187.74,0
CUST-53259,19.0,Mobile Phone,1,9.0,Credit Card,Male,4.0,4,Others,5,Divorced,7,1,14.0,2.0,2.0,5.0,323.59,1
CUST-53260,10.0,Computer,3,15.0,Debit Card,Male,4.0,5,Fashion,5,Single,3,0,16.0,1.0,2.0,10.0,200.87,0
CUST-53261,26.0,Computer,1,26.0,Credit Card,Male,3.0,4,Mobile Phone,2,Divorced,2,0,19.0,2.0,2.0,3.0,167.58,0
CUST-53262,1.0,Computer,1,7.0,Debit Card,Female,4.0,6,Mobile Phone,2,Married,5,0,15.0,3.0,3.0,1.0,168.64,0
CUST-53263,3.0,Mobile Phone,1,34.0,Credit Card,Female,4.0,4,Laptop & Accessory,3,Divorced,6,0,13.0,2.0,2.0,2.0,168.35,0
CUST-53264,1.0,Mobile Phone,3,15.0,Cash on Delivery,Male,3.0,5,Laptop & Accessory,5,Single,8,0,18.0,2.0,2.0,3.0,178.26,1
CUST-53265,8.0,Mobile Phone,1,7.0,Debit Card,Female,4.0,2,Mobile Phone,2,Single,4,0,17.0,1.0,2.0,4.0,157.8,0
CUST-53266,28.0,Mobile Phone,1,26.0,Credit Card,Female,4.0,4,Laptop & Accessory,5,Married,11,1,12.0,1.0,2.0,5.0,179.85,0
CUST-53267,3.0,Computer,3,6.0,E wallet,Male,3.0,4,Laptop & Accessory,2,Divorced,2,0,20.0,1.0,2.0,2.0,168.42,0
CUST-53268,11.0,Mobile Phone,1,17.0,Debit Card,Female,3.0,4,Mobile Phone,5,Married,2,1,14.0,4.0,5.0,4.0,152.82,0
CUST-53269,12.0,Computer,1,9.0,Debit Card,Female,4.0,2,Laptop & Accessory,5,Single,8,1,13.0,5.0,5.0,13.0,184.8,0
CUST-53270,8.0,Mobile Phone,1,9.0,Credit Card,Female,3.0,5,Mobile Phone,5,Single,3,0,12.0,2.0,2.0,4.0,168.81,0
CUST-53271,9.0,Mobile Phone,3,15.0,Debit Card,Female,4.0,4,Mobile Phone,2,Divorced,3,0,17.0,1.0,2.0,3.0,150.72,0
CUST-53272,4.0,Mobile Phone,1,7.0,Debit Card,Male,3.0,6,Mobile Phone,3,Divorced,5,0,22.0,2.0,2.0,3.0,163.33,0
CUST-53273,14.0,Computer,1,9.0,Credit Card,Female,3.0,2,Laptop & Accessory,4,Divorced,3,0,25.0,1.0,4.0,8.0,167.44,0
CUST-53274,8.0,Mobile Phone,3,15.0,Debit Card,Female,4.0,4,Laptop & Accessory,5,Divorced,7,0,18.0,2.0,2.0,3.0,190.0,0
CUST-53275,16.0,Computer,1,15.0,Debit Card,Male,4.0,4,Others,2,Married,3,0,,1.0,15.0,10.0,309.3,0
CUST-53276,1.0,Mobile Phone,1,13.0,Debit Card,Male,4.0,2,Mobile Phone,5,Divorced,3,1,22.0,2.0,2.0,1.0,141.01,1
CUST-53277,1.0,Computer,1,16.0,Debit Card,Male,3.0,5,Mobile Phone,4,Married,3,0,12.0,2.0,2.0,1.0,151.94,0
CUST-53278,26.0,Mobile Phone,1,18.0,Debit Card,Female,3.0,4,Laptop & Accessory,3,Divorced,10,0,21.0,2.0,2.0,5.0,156.49,0
CUST-53279,24.0,Mobile Phone,1,9.0,Credit Card,Male,4.0,4,Grocery,3,Divorced,7,0,,1.0,2.0,4.0,301.39,0
CUST-53280,1.0,Mobile Phone,1,7.0,Debit Card,Female,3.0,5,Mobile Phone,5,Divorced,3,1,12.0,1.0,2.0,1.0,148.19,1
CUST-53281,7.0,Mobile Phone,1,14.0,Credit Card,Male,3.0,4,Fashion,3,Divorced,2,0,12.0,1.0,,8.0,241.91000000000003,0
CUST-53282,1.0,Mobile Phone,3,23.0,E wallet,Female,4.0,4,Laptop & Accessory,5,Single,7,0,16.0,2.0,2.0,3.0,178.24,1
CUST-53283,21.0,Mobile Phone,1,9.0,UPI,Female,3.0,4,Grocery,2,Divorced,3,1,,4.0,4.0,1.0,292.52,0
CUST-53284,10.0,Mobile Phone,1,7.0,UPI,Female,3.0,4,Laptop & Accessory,4,Divorced,2,0,16.0,1.0,2.0,6.0,177.28,0
CUST-53285,3.0,Mobile Phone,1,30.0,Debit Card,Male,3.0,2,Mobile Phone,3,Divorced,3,0,25.0,2.0,2.0,8.0,152.0,0
CUST-53286,21.0,Mobile Phone,1,9.0,Debit Card,Male,3.0,4,Others,4,Single,9,1,,6.0,14.0,9.0,317.46,1
CUST-53287,9.0,Mobile Phone,1,7.0,Debit Card,Female,3.0,2,Mobile Phone,3,Single,5,0,14.0,1.0,3.0,3.0,150.06,0
CUST-53288,16.0,Mobile Phone,1,7.0,Debit Card,Female,3.0,5,Laptop & Accessory,2,Divorced,11,1,14.0,1.0,2.0,3.0,185.62,0
CUST-53289,1.0,Mobile Phone,1,9.0,Credit Card,Male,3.0,4,Mobile Phone,3,Single,8,0,18.0,1.0,3.0,2.0,168.82,1
CUST-53290,10.0,Mobile Phone,2,20.0,UPI,Male,3.0,4,Mobile Phone,4,Divorced,5,0,14.0,2.0,2.0,5.0,146.43,0
CUST-53291,6.0,Mobile Phone,1,11.0,Debit Card,Female,4.0,5,Laptop & Accessory,3,Divorced,3,0,13.0,2.0,7.0,9.0,186.62,0
CUST-53292,14.0,Computer,1,23.0,Credit Card,Male,3.0,5,Laptop & Accessory,3,Single,8,0,15.0,2.0,2.0,1.0,175.94,0
CUST-53293,4.0,Mobile Phone,1,9.0,Credit Card,Female,3.0,5,Laptop & Accessory,2,Single,7,1,25.0,2.0,2.0,1.0,193.77,0
CUST-53294,19.0,Mobile Phone,1,9.0,Debit Card,Female,4.0,5,Mobile Phone,3,Single,3,0,15.0,2.0,2.0,1.0,147.74,0
CUST-53295,16.0,Mobile Phone,1,36.0,Debit Card,Male,4.0,4,Laptop & Accessory,4,Divorced,3,0,14.0,3.0,8.0,9.0,169.34,0
CUST-53296,12.0,Computer,1,19.0,Debit Card,Male,3.0,5,Laptop & Accessory,5,Married,4,0,16.0,2.0,2.0,3.0,187.88,0
CUST-53297,8.0,Computer,1,23.0,Debit Card,Female,4.0,5,Mobile Phone,2,Single,3,0,17.0,2.0,2.0,4.0,150.53,0
CUST-53298,13.0,Mobile Phone,3,18.0,E wallet,Female,3.0,4,Fashion,2,Divorced,3,0,19.0,1.0,8.0,8.0,201.54,1
CUST-53299,19.0,Mobile Phone,3,9.0,Credit Card,Male,3.0,4,Laptop & Accessory,2,Single,6,0,17.0,1.0,8.0,4.0,176.6,1
CUST-53300,17.0,Mobile Phone,1,21.0,Debit Card,Male,4.0,4,Grocery,5,Divorced,8,0,,2.0,2.0,1.0,296.59,0
CUST-53301,1.0,Mobile Phone,1,12.0,Cash on Delivery,Male,3.0,5,Fashion,2,Married,3,1,17.0,1.0,,9.0,253.07999999999998,0
CUST-53302,9.0,Mobile Phone,1,14.0,UPI,Male,3.0,4,Fashion,3,Single,5,0,22.0,1.0,2.0,,227.21,0
CUST-53303,2.0,Mobile Phone,3,9.0,E wallet,Female,3.0,4,Laptop & Accessory,4,Divorced,3,1,21.0,8.0,8.0,6.0,172.79,0
CUST-53304,8.0,Mobile Phone,2,10.0,UPI,Male,3.0,4,Mobile Phone,2,Divorced,2,0,20.0,2.0,2.0,3.0,162.37,0
CUST-53305,1.0,Computer,1,12.0,Credit Card,Female,3.0,5,Mobile Phone,3,Divorced,3,1,15.0,1.0,2.0,8.0,148.66,1
CUST-53306,1.0,Computer,1,10.0,Credit Card,Male,3.0,4,Mobile Phone,2,Divorced,3,0,12.0,2.0,2.0,1.0,142.06,0
CUST-53307,25.0,Mobile Phone,3,33.0,E wallet,Female,4.0,4,Grocery,3,Divorced,4,0,15.0,,5.0,18.0,288.07,0
CUST-53308,18.0,Mobile Phone,1,11.0,Credit Card,Male,3.0,4,Laptop & Accessory,4,Single,11,0,13.0,2.0,3.0,4.0,184.33,0
CUST-53309,1.0,Mobile Phone,1,9.0,Credit Card,Male,4.0,2,Mobile Phone,5,Single,9,0,14.0,2.0,2.0,2.0,159.24,0
CUST-53310,7.0,Mobile Phone,3,7.0,Credit Card,Male,3.0,2,Laptop & Accessory,5,Married,3,0,23.0,1.0,2.0,9.0,165.37,0
CUST-53311,9.0,Mobile Phone,1,34.0,Credit Card,Female,3.0,5,Mobile Phone,5,Single,3,0,12.0,2.0,2.0,2.0,150.59,0
CUST-53312,10.0,Mobile Phone,3,7.0,Debit Card,Male,3.0,4,Laptop & Accessory,2,Divorced,3,1,15.0,3.0,5.0,12.0,187.01,0
CUST-53313,6.0,Mobile Phone,3,20.0,Debit Card,Male,4.0,4,Laptop & Accessory,2,Married,4,0,12.0,1.0,2.0,4.0,169.03,0
CUST-53314,4.0,Computer,1,12.0,Debit Card,Male,4.0,5,Mobile Phone,2,Married,11,0,13.0,1.0,2.0,4.0,162.61,0
CUST-53315,27.0,Mobile Phone,3,14.0,E wallet,Female,4.0,5,Fashion,2,Divorced,9,1,19.0,1.0,,5.0,234.33999999999997,0
CUST-53316,19.0,Mobile Phone,3,16.0,E wallet,Male,4.0,4,Fashion,5,Married,6,1,13.0,2.0,,3.0,232.61,0
CUST-53317,6.0,Mobile Phone,1,15.0,Credit Card,Female,4.0,2,Laptop & Accessory,3,Divorced,7,0,13.0,2.0,2.0,4.0,176.75,0
CUST-53318,26.0,Computer,1,32.0,Credit Card,Female,3.0,5,Grocery,2,Divorced,5,0,23.0,,2.0,1.0,263.26,0
CUST-53319,11.0,Mobile Phone,3,23.0,E wallet,Male,4.0,5,Laptop & Accessory,3,Married,6,0,20.0,2.0,2.0,1.0,188.34,0
CUST-53320,2.0,Mobile Phone,2,15.0,Credit Card,Male,4.0,5,Mobile Phone,2,Married,3,0,14.0,1.0,2.0,5.0,174.36,0
CUST-53321,1.0,Mobile Phone,1,7.0,Debit Card,Male,3.0,5,Laptop & Accessory,2,Divorced,8,0,23.0,3.0,3.0,3.0,172.75,0
CUST-53322,18.0,Mobile Phone,1,15.0,Debit Card,Male,4.0,2,Mobile Phone,2,Divorced,4,1,25.0,2.0,2.0,3.0,153.18,0
CUST-53323,16.0,Computer,1,9.0,Credit Card,Male,3.0,4,Mobile Phone,2,Single,7,1,15.0,1.0,3.0,3.0,150.15,0
CUST-53324,10.0,Mobile Phone,2,15.0,Debit Card,Male,4.0,5,Mobile Phone,5,Divorced,2,0,22.0,2.0,2.0,4.0,148.42,0
CUST-53325,1.0,Mobile Phone,3,10.0,UPI,Male,4.0,4,Laptop & Accessory,5,Divorced,3,1,19.0,2.0,2.0,4.0,166.94,0
CUST-53326,9.0,Mobile Phone,1,16.0,Debit Card,Female,4.0,5,Fashion,3,Divorced,3,1,21.0,3.0,,16.0,231.85000000000002,0
CUST-53327,1.0,Computer,1,32.0,Debit Card,Female,4.0,4,Mobile Phone,4,Married,3,1,20.0,1.0,8.0,9.0,145.22,1
CUST-53328,6.0,Computer,1,7.0,Debit Card,Male,4.0,4,Mobile Phone,2,Married,2,0,13.0,1.0,2.0,3.0,148.14,0
CUST-53329,1.0,Mobile Phone,3,11.0,E wallet,Male,3.0,5,Laptop & Accessory,5,Divorced,3,0,13.0,2.0,2.0,4.0,167.56,0
CUST-53330,23.0,Mobile Phone,1,7.0,Cash on Delivery,Female,3.0,4,Mobile Phone,5,Divorced,4,0,17.0,2.0,2.0,3.0,160.8,0
CUST-53331,1.0,Computer,1,11.0,Debit Card,Male,3.0,5,Mobile Phone,2,Divorced,2,0,18.0,1.0,4.0,5.0,156.62,0
CUST-53332,6.0,Computer,3,12.0,Debit Card,Male,3.0,4,Laptop & Accessory,4,Divorced,3,0,15.0,3.0,6.0,4.0,190.24,0
CUST-53333,12.0,Mobile Phone,3,16.0,E wallet,Male,4.0,5,Mobile Phone,4,Divorced,2,0,20.0,1.0,2.0,3.0,153.99,0
CUST-53334,16.0,Mobile Phone,1,10.0,Debit Card,Female,4.0,2,Laptop & Accessory,2,Divorced,4,1,14.0,1.0,2.0,4.0,177.31,0
CUST-53335,5.0,Mobile Phone,1,18.0,Debit Card,Male,3.0,4,Mobile Phone,2,Divorced,5,1,20.0,2.0,2.0,3.0,148.56,0
CUST-53336,1.0,Mobile Phone,3,7.0,Credit Card,Female,3.0,5,Mobile Phone,3,Married,8,1,20.0,1.0,2.0,3.0,153.0,1
CUST-53337,27.0,Mobile Phone,3,15.0,E wallet,Male,4.0,4,Grocery,2,Divorced,7,0,15.0,1.0,,3.0,243.36,0
CUST-53338,9.0,Mobile Phone,1,32.0,Cash on Delivery,Male,4.0,5,Fashion,4,Divorced,5,0,17.0,4.0,,9.0,234.02999999999997,0
CUST-53339,11.0,Computer,3,28.0,Credit Card,Female,3.0,4,Mobile Phone,2,Divorced,7,0,16.0,2.0,2.0,1.0,154.73,0
CUST-53340,27.0,Mobile Phone,1,30.0,Debit Card,Female,4.0,4,Grocery,2,Single,8,0,19.0,,4.0,9.0,267.75,0
CUST-53341,17.0,Computer,1,7.0,Debit Card,Female,3.0,4,Laptop & Accessory,2,Divorced,6,0,14.0,2.0,3.0,3.0,180.62,0
CUST-53342,21.0,Mobile Phone,3,9.0,E wallet,Female,3.0,4,Laptop & Accessory,2,Divorced,2,1,23.0,6.0,8.0,8.0,170.37,0
CUST-53343,11.0,Computer,3,26.0,Credit Card,Male,3.0,4,Fashion,4,Single,3,1,14.0,1.0,2.0,10.0,201.42,0
CUST-53344,24.0,Computer,1,9.0,Debit Card,Male,4.0,4,Grocery,5,Married,3,0,,14.0,15.0,8.0,304.24,0
CUST-53345,13.0,Mobile Phone,2,9.0,Debit Card,Female,3.0,5,Laptop & Accessory,2,Divorced,10,0,12.0,1.0,2.0,5.0,177.04,0
CUST-53346,7.0,Mobile Phone,2,10.0,UPI,Male,3.0,4,Mobile Phone,4,Married,5,1,12.0,1.0,2.0,4.0,147.77,0
CUST-53347,1.0,Mobile Phone,1,32.0,Debit Card,Male,3.0,4,Mobile Phone,2,Single,3,1,25.0,2.0,2.0,2.0,152.95,1
CUST-53348,3.0,Mobile Phone,1,14.0,Credit Card,Female,4.0,5,Mobile Phone,2,Married,8,0,15.0,2.0,2.0,4.0,150.32,0
CUST-53349,18.0,Mobile Phone,1,16.0,Debit Card,Male,4.0,4,Mobile Phone,5,Divorced,3,1,14.0,3.0,8.0,2.0,150.59,0
CUST-53350,2.0,Mobile Phone,3,12.0,Credit Card,Male,4.0,4,Laptop & Accessory,2,Single,3,0,15.0,2.0,2.0,3.0,174.08,0
CUST-53351,21.0,Computer,1,9.0,Debit Card,Male,3.0,5,Mobile Phone,2,Married,11,1,15.0,1.0,2.0,1.0,148.8,1
CUST-53352,17.0,Mobile Phone,1,15.0,Debit Card,Female,3.0,4,Laptop & Accessory,4,Married,6,0,22.0,2.0,2.0,1.0,172.65,0
CUST-53353,1.0,Mobile Phone,3,9.0,Credit Card,Female,3.0,5,Mobile Phone,3,Single,3,0,14.0,1.0,2.0,3.0,145.44,1
CUST-53354,1.0,Mobile Phone,1,25.0,UPI,Female,4.0,4,Mobile Phone,2,Single,3,0,20.0,2.0,2.0,1.0,151.93,1
CUST-53355,10.0,Mobile Phone,1,21.0,Debit Card,Male,4.0,4,Laptop & Accessory,2,Divorced,2,1,18.0,5.0,5.0,12.0,190.86,0
CUST-53356,21.0,Mobile Phone,3,9.0,Debit Card,Female,4.0,5,Mobile Phone,2,Single,3,1,19.0,2.0,2.0,3.0,157.94,0
CUST-53357,1.0,Mobile Phone,1,10.0,Debit Card,Female,3.0,4,Laptop & Accessory,3,Divorced,2,1,20.0,2.0,2.0,3.0,166.71,1
CUST-53358,5.0,Mobile Phone,1,9.0,Debit Card,Female,3.0,6,Mobile Phone,2,Married,6,1,14.0,1.0,2.0,1.0,152.78,1
CUST-53359,2.0,Mobile Phone,1,16.0,Credit Card,Female,4.0,4,Mobile Phone,3,Married,7,0,19.0,3.0,3.0,3.0,148.77,0
CUST-53360,3.0,Mobile Phone,1,13.0,Credit Card,Male,4.0,4,Mobile Phone,5,Divorced,9,1,22.0,2.0,3.0,3.0,149.04,1
CUST-53361,1.0,Mobile Phone,1,11.0,Debit Card,Female,4.0,4,Mobile Phone,3,Single,3,0,20.0,2.0,2.0,1.0,148.18,0
CUST-53362,8.0,Mobile Phone,1,17.0,Debit Card,Male,3.0,4,Mobile Phone,4,Married,3,0,15.0,2.0,2.0,1.0,145.08,0
CUST-53363,16.0,Mobile Phone,3,21.0,Credit Card,Female,4.0,5,Laptop & Accessory,3,Single,9,0,18.0,1.0,2.0,4.0,187.44,0
CUST-53364,7.0,Mobile Phone,1,7.0,UPI,Male,4.0,5,Mobile Phone,5,Single,5,1,12.0,1.0,2.0,3.0,152.99,0
CUST-53365,31.0,Mobile Phone,1,12.0,Cash on Delivery,Female,3.0,5,Fashion,4,Married,4,1,14.0,2.0,2.0,,230.52,0
CUST-53366,5.0,Mobile Phone,3,14.0,Debit Card,Male,3.0,5,Mobile Phone,3,Divorced,5,0,16.0,4.0,6.0,3.0,148.29,0
CUST-53367,9.0,Mobile Phone,1,28.0,Debit Card,Female,3.0,4,Laptop & Accessory,2,Divorced,3,1,26.0,1.0,2.0,8.0,165.14,0
CUST-53368,23.0,Mobile Phone,1,15.0,UPI,Female,3.0,4,Fashion,4,Divorced,6,0,12.0,1.0,2.0,8.0,199.03,0
CUST-53369,22.0,Mobile Phone,1,27.0,Credit Card,Male,3.0,4,Mobile Phone,3,Divorced,6,0,18.0,1.0,2.0,1.0,147.59,0
CUST-53370,5.0,Computer,3,27.0,E wallet,Female,3.0,4,Laptop & Accessory,3,Divorced,3,0,14.0,2.0,2.0,1.0,194.32,0
CUST-53371,10.0,Mobile Phone,1,14.0,UPI,Male,4.0,4,Mobile Phone,2,Single,4,0,19.0,1.0,2.0,2.0,171.78,0
CUST-53372,12.0,Mobile Phone,1,7.0,Cash on Delivery,Female,4.0,4,Fashion,5,Divorced,3,0,14.0,4.0,6.0,12.0,260.82,0
CUST-53373,6.0,Computer,1,7.0,Debit Card,Female,4.0,5,Mobile Phone,4,Divorced,8,0,21.0,2.0,2.0,3.0,148.32,0
CUST-53374,1.0,Mobile Phone,3,26.0,E wallet,Male,3.0,5,Mobile Phone,4,Divorced,3,1,19.0,1.0,2.0,1.0,149.13,1
CUST-53375,14.0,Mobile Phone,3,17.0,E wallet,Male,4.0,5,Fashion,4,Married,4,0,13.0,2.0,2.0,,222.05,0
CUST-53376,1.0,Computer,3,7.0,Credit Card,Male,3.0,5,Laptop & Accessory,5,Single,3,0,13.0,2.0,2.0,8.0,167.94,0
CUST-53377,15.0,Mobile Phone,1,13.0,Credit Card,Male,3.0,4,Mobile Phone,5,Single,4,1,14.0,2.0,3.0,18.0,172.21,0
CUST-53378,10.0,Mobile Phone,1,9.0,Credit Card,Male,4.0,4,Mobile Phone,3,Single,6,0,22.0,3.0,4.0,10.0,150.19,0
CUST-53379,1.0,Mobile Phone,3,28.0,UPI,Male,3.0,5,Mobile Phone,4,Single,3,1,14.0,1.0,2.0,1.0,146.21,1
CUST-53380,1.0,Mobile Phone,1,11.0,Cash on Delivery,Male,3.0,4,Mobile Phone,5,Single,3,0,20.0,2.0,2.0,1.0,154.73,1
CUST-53381,5.0,Mobile Phone,1,19.0,Credit Card,Female,3.0,4,Laptop & Accessory,2,Divorced,2,1,12.0,1.0,9.0,6.0,183.55,0
CUST-53382,14.0,Computer,1,16.0,Credit Card,Male,3.0,4,Mobile Phone,4,Married,10,1,15.0,1.0,2.0,1.0,161.17,0
CUST-53383,6.0,Mobile Phone,1,10.0,Credit Card,Female,4.0,4,Laptop & Accessory,5,Divorced,3,0,13.0,7.0,7.0,4.0,192.25,0
CUST-53384,1.0,Mobile Phone,3,10.0,Debit Card,Male,3.0,5,Fashion,2,Divorced,3,1,12.0,4.0,4.0,,228.25,1
CUST-53385,7.0,Mobile Phone,1,7.0,Debit Card,Female,3.0,5,Laptop & Accessory,2,Single,2,0,15.0,1.0,2.0,5.0,194.49,0
CUST-53386,1.0,Mobile Phone,3,7.0,Debit Card,Male,3.0,5,Fashion,3,Divorced,7,0,12.0,2.0,12.0,,231.08999999999997,1
CUST-53387,19.0,Computer,1,11.0,Debit Card,Male,3.0,4,Laptop & Accessory,4,Divorced,3,0,13.0,2.0,2.0,9.0,169.47,0
CUST-53388,3.0,Computer,3,27.0,Cash on Delivery,Female,3.0,4,Mobile Phone,2,Divorced,3,0,16.0,1.0,2.0,3.0,146.57,0
CUST-53389,9.0,Mobile Phone,3,25.0,Credit Card,Female,3.0,4,Laptop & Accessory,3,Divorced,3,0,17.0,2.0,2.0,1.0,171.01,0
CUST-53390,26.0,Mobile Phone,1,7.0,Debit Card,Male,4.0,4,Grocery,2,Divorced,4,0,,8.0,8.0,9.0,295.99,0
CUST-53391,21.0,Mobile Phone,1,9.0,Cash on Delivery,Male,3.0,4,Mobile Phone,3,Single,6,0,25.0,2.0,2.0,1.0,149.79,1
CUST-53392,27.0,Mobile Phone,3,9.0,Credit Card,Male,3.0,4,Grocery,3,Married,8,0,14.0,,16.0,3.0,273.52,0
CUST-53393,4.0,Mobile Phone,3,15.0,UPI,Male,4.0,4,Fashion,3,Married,7,0,12.0,5.0,8.0,8.0,197.64,0
CUST-53394,12.0,Computer,3,17.0,Cash on Delivery,Female,3.0,4,Laptop & Accessory,2,Single,3,1,14.0,1.0,2.0,4.0,181.66,0
CUST-53395,9.0,Mobile Phone,3,10.0,Debit Card,Male,4.0,4,Fashion,2,Married,8,0,14.0,1.0,2.0,9.0,203.23,0
CUST-53396,13.0,Mobile Phone,3,9.0,Debit Card,Male,3.0,2,Fashion,3,Single,2,0,19.0,2.0,2.0,8.0,203.8,0
CUST-53397,4.0,Computer,3,31.0,Debit Card,Female,4.0,2,Grocery,4,Single,6,1,17.0,2.0,,1.0,256.94,1
CUST-53398,21.0,Computer,1,23.0,Credit Card,Male,4.0,2,Laptop & Accessory,3,Married,3,1,20.0,1.0,3.0,8.0,175.67,0
CUST-53399,10.0,Computer,3,15.0,Cash on Delivery,Male,3.0,4,Laptop & Accessory,2,Married,6,0,14.0,2.0,2.0,8.0,175.79,0
CUST-53400,1.0,Computer,1,16.0,Credit Card,Male,3.0,5,Mobile Phone,5,Single,2,1,23.0,2.0,2.0,3.0,148.21,1
CUST-53401,7.0,Computer,3,24.0,Debit Card,Male,3.0,4,Grocery,3,Single,3,0,,6.0,7.0,1.0,299.44,0
CUST-53402,1.0,Mobile Phone,1,17.0,Debit Card,Female,4.0,5,Mobile Phone,5,Single,8,1,21.0,2.0,2.0,1.0,149.04,1
CUST-53403,7.0,Mobile Phone,1,20.0,Debit Card,Female,3.0,4,Mobile Phone,2,Single,5,0,19.0,2.0,2.0,3.0,159.52,0
CUST-53404,19.0,Mobile Phone,1,7.0,Credit Card,Female,4.0,4,Mobile Phone,2,Married,5,0,15.0,1.0,2.0,3.0,147.7,0
CUST-53405,24.0,Mobile Phone,1,7.0,Credit Card,Male,4.0,4,Grocery,2,Married,11,0,,1.0,2.0,4.0,298.99,0
CUST-53406,7.0,Computer,1,7.0,UPI,Female,3.0,2,Laptop & Accessory,4,Divorced,3,1,14.0,1.0,2.0,3.0,179.88,0
CUST-53407,15.0,Computer,1,16.0,Credit Card,Male,4.0,4,Others,3,Married,4,0,,2.0,2.0,12.0,319.19,0
CUST-53408,1.0,Mobile Phone,1,23.0,Cash on Delivery,Female,3.0,4,Mobile Phone,4,Divorced,11,0,15.0,3.0,3.0,3.0,153.11,0
CUST-53409,19.0,Computer,1,30.0,Debit Card,Male,3.0,4,Laptop & Accessory,5,Divorced,3,1,16.0,2.0,2.0,9.0,161.33,0
CUST-53410,21.0,Mobile Phone,3,11.0,Debit Card,Female,3.0,4,Laptop & Accessory,2,Single,3,1,18.0,2.0,2.0,8.0,166.63,0
CUST-53411,1.0,Mobile Phone,1,29.0,Debit Card,Female,3.0,4,Mobile Phone,3,Divorced,6,1,12.0,1.0,2.0,2.0,146.32,1
CUST-53412,24.0,Mobile Phone,1,31.0,Debit Card,Male,4.0,4,Grocery,3,Divorced,5,1,19.0,,2.0,6.0,264.73,0
CUST-53413,12.0,Computer,1,17.0,Credit Card,Male,4.0,4,Mobile Phone,3,Divorced,2,0,18.0,1.0,2.0,3.0,151.84,0
CUST-53414,20.0,Mobile Phone,1,14.0,Credit Card,Male,4.0,4,Fashion,3,Married,8,0,14.0,1.0,,8.0,233.45,0
CUST-53415,1.0,Mobile Phone,1,24.0,Credit Card,Female,3.0,5,Laptop & Accessory,3,Married,3,0,16.0,3.0,4.0,3.0,168.77,0
CUST-53416,1.0,Mobile Phone,1,21.0,UPI,Male,3.0,5,Mobile Phone,4,Married,3,1,25.0,2.0,2.0,3.0,162.43,1
CUST-53417,5.0,Computer,1,7.0,Debit Card,Female,4.0,4,Laptop & Accessory,5,Divorced,3,0,13.0,2.0,2.0,4.0,166.48,0
CUST-53418,1.0,Computer,1,12.0,Debit Card,Male,4.0,4,Mobile Phone,2,Single,3,0,16.0,2.0,2.0,1.0,135.51,0
CUST-53419,28.0,Mobile Phone,1,24.0,Cash on Delivery,Female,3.0,4,Fashion,3,Divorced,10,0,12.0,2.0,,9.0,232.39,0
CUST-53420,9.0,Mobile Phone,1,32.0,Credit Card,Female,3.0,4,Fashion,3,Married,3,1,12.0,3.0,11.0,,228.88,0
CUST-53421,4.0,Mobile Phone,1,15.0,Debit Card,Female,4.0,2,Fashion,5,Divorced,2,1,13.0,1.0,,8.0,239.16000000000003,0
CUST-53422,1.0,Mobile Phone,1,18.0,Credit Card,Female,4.0,5,Mobile Phone,5,Single,3,1,16.0,1.0,2.0,1.0,151.0,1
CUST-53423,1.0,Computer,1,12.0,Credit Card,Female,3.0,4,Mobile Phone,4,Single,2,0,18.0,1.0,2.0,3.0,149.22,1
CUST-53424,1.0,Mobile Phone,1,9.0,Credit Card,Male,3.0,2,Laptop & Accessory,2,Divorced,3,0,13.0,2.0,2.0,4.0,179.72,0
CUST-53425,1.0,Mobile Phone,1,15.0,Debit Card,Male,4.0,6,Mobile Phone,5,Divorced,3,0,16.0,2.0,2.0,2.0,149.51,0
CUST-53426,22.0,Mobile Phone,1,13.0,Debit Card,Male,4.0,5,Laptop & Accessory,3,Single,4,0,14.0,1.0,3.0,3.0,167.4,0
CUST-53427,22.0,Mobile Phone,1,11.0,Debit Card,Male,4.0,5,Fashion,3,Single,9,0,15.0,2.0,,9.0,234.99,0
CUST-53428,15.0,Mobile Phone,1,14.0,Credit Card,Female,3.0,4,Laptop & Accessory,3,Single,8,0,15.0,2.0,3.0,2.0,175.03,0
CUST-53429,13.0,Mobile Phone,1,7.0,Debit Card,Female,4.0,5,Grocery,2,Divorced,3,0,17.0,1.0,,9.0,252.42000000000002,0
CUST-53430,1.0,Mobile Phone,1,9.0,Debit Card,Female,3.0,4,Laptop & Accessory,2,Divorced,2,0,19.0,1.0,3.0,3.0,167.27,0
CUST-53431,9.0,Mobile Phone,1,17.0,UPI,Male,3.0,4,Mobile Phone,2,Married,3,0,21.0,2.0,2.0,3.0,164.17,0
CUST-53432,16.0,Mobile Phone,3,12.0,E wallet,Male,3.0,4,Others,3,Divorced,8,0,,1.0,2.0,1.0,308.03,0
CUST-53433,24.0,Mobile Phone,1,16.0,Debit Card,Male,4.0,4,Mobile Phone,2,Divorced,6,0,19.0,2.0,2.0,1.0,148.8,0
CUST-53434,31.0,Mobile Phone,1,9.0,Debit Card,Female,4.0,5,Grocery,2,Single,5,1,14.0,,5.0,4.0,262.26,0
CUST-53435,1.0,Mobile Phone,1,18.0,Credit Card,Female,4.0,6,Laptop & Accessory,4,Divorced,7,0,16.0,2.0,2.0,1.0,172.77,1
CUST-53436,29.0,Computer,1,25.0,Credit Card,Male,4.0,4,Laptop & Accessory,4,Divorced,5,1,15.0,7.0,7.0,8.0,188.85,0
CUST-53437,15.0,Computer,1,14.0,Debit Card,Female,3.0,6,Others,3,Married,3,0,23.0,2.0,6.0,11.0,324.73,0
CUST-53438,12.0,Mobile Phone,3,10.0,Debit Card,Male,3.0,4,Laptop & Accessory,2,Single,10,1,13.0,2.0,2.0,1.0,193.61,0
CUST-53439,1.0,Computer,3,36.0,Credit Card,Male,4.0,6,Laptop & Accessory,5,Single,10,0,19.0,1.0,3.0,3.0,174.69,1
CUST-53440,16.0,Mobile Phone,3,9.0,E wallet,Female,3.0,6,Others,2,Divorced,3,0,16.0,6.0,7.0,10.0,323.45,1
CUST-53441,18.0,Mobile Phone,3,35.0,Credit Card,Female,3.0,2,Grocery,2,Divorced,5,1,19.0,2.0,,12.0,258.2,0
CUST-53442,24.0,Computer,3,7.0,Debit Card,Female,4.0,4,Laptop & Accessory,3,Divorced,2,0,13.0,2.0,2.0,14.0,188.47,0
CUST-53443,1.0,Mobile Phone,1,23.0,Debit Card,Female,3.0,2,Mobile Phone,5,Single,3,0,17.0,16.0,16.0,15.0,152.43,1
CUST-53444,13.0,Computer,1,29.0,Credit Card,Female,3.0,4,Fashion,5,Single,3,1,14.0,2.0,,9.0,233.8,0
CUST-53445,7.0,Computer,3,15.0,Debit Card,Female,3.0,5,Mobile Phone,2,Single,2,0,20.0,3.0,3.0,3.0,148.42,0
CUST-53446,19.0,Mobile Phone,3,18.0,Debit Card,Female,3.0,4,Grocery,2,Divorced,5,0,,2.0,2.0,2.0,301.5,0
CUST-53447,6.0,Computer,1,36.0,Credit Card,Female,4.0,4,Mobile Phone,3,Single,11,0,13.0,6.0,8.0,8.0,165.25,0
CUST-53448,8.0,Mobile Phone,3,7.0,E wallet,Male,4.0,2,Laptop & Accessory,2,Married,2,0,12.0,2.0,2.0,,222.25,0
CUST-53449,31.0,Mobile Phone,3,7.0,Cash on Delivery,Male,4.0,4,Fashion,2,Divorced,5,1,15.0,1.0,,5.0,244.04000000000002,0
CUST-53450,19.0,Mobile Phone,2,31.0,Credit Card,Male,3.0,4,Mobile Phone,4,Single,3,0,17.0,1.0,2.0,5.0,146.77,0
CUST-53451,27.0,Computer,3,9.0,E wallet,Female,3.0,5,Fashion,4,Divorced,4,0,13.0,1.0,7.0,13.0,200.25,0
CUST-53452,1.0,Mobile Phone,1,22.0,UPI,Male,3.0,4,Laptop & Accessory,3,Married,9,0,15.0,1.0,2.0,1.0,173.34,1
CUST-53453,1.0,Computer,1,9.0,Debit Card,Male,3.0,4,Mobile Phone,5,Divorced,8,1,15.0,2.0,2.0,3.0,145.42,1
CUST-53454,8.0,Mobile Phone,3,17.0,Debit Card,Female,3.0,4,Mobile Phone,3,Divorced,3,1,20.0,1.0,2.0,1.0,147.2,0
CUST-53455,2.0,Mobile Phone,3,17.0,Credit Card,Male,4.0,4,Mobile Phone,4,Divorced,3,0,23.0,2.0,2.0,1.0,135.52,0
CUST-53456,12.0,Computer,1,10.0,UPI,Male,3.0,4,Mobile Phone,3,Divorced,5,0,17.0,3.0,3.0,3.0,153.21,0
CUST-53457,24.0,Mobile Phone,1,9.0,Credit Card,Male,4.0,4,Others,3,Divorced,4,1,,8.0,8.0,8.0,317.37,0
CUST-53458,11.0,Mobile Phone,1,10.0,UPI,Female,3.0,4,Laptop & Accessory,4,Single,5,0,16.0,2.0,2.0,2.0,166.07,0
CUST-53459,14.0,Mobile Phone,3,33.0,E wallet,Male,4.0,4,Laptop & Accessory,5,Divorced,3,0,15.0,6.0,8.0,6.0,208.96,0
CUST-53460,1.0,Computer,1,7.0,Credit Card,Female,4.0,5,Mobile Phone,3,Married,3,0,14.0,2.0,2.0,4.0,145.07,0
CUST-53461,20.0,Mobile Phone,1,7.0,Credit Card,Male,3.0,4,Others,2,Married,11,0,,2.0,3.0,3.0,321.27,0
CUST-53462,28.0,Mobile Phone,3,9.0,Debit Card,Female,3.0,5,Fashion,3,Divorced,8,0,12.0,7.0,,1.0,231.86,0
CUST-53463,30.0,Computer,1,16.0,Credit Card,Female,4.0,4,Mobile Phone,3,Divorced,4,0,20.0,1.0,2.0,4.0,154.42,0
CUST-53464,10.0,Mobile Phone,1,19.0,Credit Card,Female,3.0,5,Fashion,2,Single,2,0,12.0,6.0,8.0,,213.58,0
CUST-53465,29.0,Computer,1,9.0,Credit Card,Male,3.0,5,Grocery,5,Single,9,0,,4.0,7.0,3.0,292.56,0
CUST-53466,17.0,Mobile Phone,3,32.0,Credit Card,Male,4.0,5,Fashion,2,Married,7,0,14.0,2.0,,1.0,259.0,0
CUST-53467,1.0,Computer,3,16.0,E wallet,Female,3.0,4,Mobile Phone,2,Single,3,1,15.0,1.0,2.0,3.0,148.23,1
CUST-53468,1.0,Mobile Phone,1,17.0,Debit Card,Female,3.0,5,Mobile Phone,5,Single,3,0,14.0,2.0,2.0,1.0,139.16,1
CUST-53469,20.0,Mobile Phone,1,15.0,Debit Card,Female,4.0,5,Laptop & Accessory,5,Married,10,1,24.0,2.0,2.0,8.0,171.15,0
CUST-53470,15.0,Mobile Phone,1,11.0,Debit Card,Male,3.0,4,Mobile Phone,3,Divorced,11,1,13.0,2.0,3.0,8.0,149.61,1
CUST-53471,1.0,Computer,1,31.0,Cash on Delivery,Male,4.0,5,Fashion,5,Single,3,0,13.0,1.0,2.0,,212.22,1
CUST-53472,1.0,Mobile Phone,1,7.0,Credit Card,Male,3.0,5,Mobile Phone,5,Divorced,3,0,17.0,1.0,2.0,4.0,164.55,0
CUST-53473,4.0,Mobile Phone,1,27.0,UPI,Male,3.0,4,Laptop & Accessory,5,Divorced,2,0,16.0,2.0,2.0,,224.57,0
CUST-53474,15.0,Mobile Phone,1,14.0,Cash on Delivery,Female,3.0,2,Mobile Phone,3,Divorced,3,0,14.0,2.0,2.0,9.0,158.76,0
CUST-53475,12.0,Mobile Phone,1,24.0,Debit Card,Female,4.0,5,Fashion,3,Divorced,2,0,19.0,1.0,2.0,,213.23,0
CUST-53476,14.0,Mobile Phone,1,27.0,Cash on Delivery,Male,4.0,4,Fashion,2,Divorced,6,0,21.0,5.0,12.0,,228.22,0
CUST-53477,1.0,Computer,1,15.0,Debit Card,Male,3.0,6,Mobile Phone,3,Divorced,3,0,20.0,2.0,2.0,3.0,171.21,0
CUST-53478,29.0,Computer,1,9.0,Debit Card,Male,4.0,4,Fashion,4,Divorced,5,0,19.0,2.0,,3.0,234.76,0
CUST-53479,2.0,Mobile Phone,1,17.0,UPI,Female,3.0,4,Laptop & Accessory,3,Single,5,0,14.0,2.0,2.0,8.0,161.6,0
CUST-53480,8.0,Mobile Phone,2,7.0,Credit Card,Male,4.0,5,Fashion,5,Divorced,11,0,15.0,3.0,4.0,,229.82,1
CUST-53481,7.0,Mobile Phone,1,12.0,Debit Card,Male,3.0,5,Fashion,2,Married,6,0,16.0,1.0,2.0,3.0,196.19,0
CUST-53482,1.0,Mobile Phone,3,11.0,Cash on Delivery,Male,3.0,4,Fashion,5,Single,2,1,23.0,4.0,5.0,,220.82,1
CUST-53483,1.0,Computer,1,36.0,Credit Card,Female,3.0,5,Laptop & Accessory,3,Single,3,0,23.0,4.0,4.0,9.0,170.08,1
CUST-53484,2.0,Mobile Phone,1,22.0,Debit Card,Male,3.0,4,Mobile Phone,3,Married,3,0,17.0,3.0,3.0,3.0,147.07,0
CUST-53485,8.0,Computer,1,10.0,Debit Card,Male,3.0,4,Laptop & Accessory,2,Single,2,0,18.0,2.0,2.0,5.0,202.56,0
CUST-53486,11.0,Mobile Phone,3,17.0,Debit Card,Female,3.0,5,Laptop & Accessory,2,Married,4,1,15.0,1.0,2.0,1.0,191.94,0
CUST-53487,1.0,Mobile Phone,1,11.0,Cash on Delivery,Male,3.0,4,Mobile Phone,2,Divorced,3,1,16.0,6.0,6.0,7.0,161.91,1
CUST-53488,1.0,Mobile Phone,1,28.0,Credit Card,Male,3.0,4,Mobile Phone,3,Married,3,0,21.0,2.0,2.0,1.0,148.77,1
CUST-53489,1.0,Mobile Phone,1,32.0,Credit Card,Male,3.0,5,Mobile Phone,4,Single,6,1,21.0,1.0,3.0,3.0,148.13,1
CUST-53490,16.0,Mobile Phone,1,9.0,Credit Card,Male,3.0,4,Grocery,5,Divorced,2,0,,6.0,14.0,8.0,301.65,0
CUST-53491,1.0,Computer,1,5.0,Credit Card,Male,3.0,5,Mobile Phone,4,Married,3,0,16.0,1.0,2.0,1.0,150.96,1
CUST-53492,14.0,Computer,3,7.0,UPI,Male,3.0,4,Laptop & Accessory,3,Single,5,1,15.0,1.0,2.0,1.0,172.28,1
CUST-53493,7.0,Computer,3,14.0,Debit Card,Female,2.0,4,Laptop & Accessory,4,Divorced,2,0,18.0,2.0,2.0,3.0,168.02,0
CUST-53494,8.0,Computer,1,10.0,Debit Card,Male,3.0,5,Mobile Phone,2,Divorced,5,0,18.0,2.0,2.0,1.0,154.79,0
CUST-53495,22.0,Computer,1,7.0,Credit Card,Male,3.0,2,Grocery,2,Single,4,0,,1.0,3.0,2.0,293.85,0
CUST-53496,19.0,Computer,3,16.0,Debit Card,Female,4.0,5,Laptop & Accessory,3,Divorced,3,0,14.0,1.0,5.0,13.0,180.93,0
CUST-53497,26.0,Mobile Phone,1,14.0,Debit Card,Male,3.0,4,Fashion,4,Single,9,0,20.0,4.0,5.0,,229.45,0
CUST-53498,12.0,Mobile Phone,3,17.0,E wallet,Male,4.0,5,Fashion,3,Married,2,1,15.0,3.0,3.0,,212.4,0
CUST-53499,3.0,Mobile Phone,1,35.0,Debit Card,Female,4.0,4,Mobile Phone,2,Married,6,0,23.0,1.0,2.0,8.0,150.14,0
CUST-53500,2.0,Mobile Phone,1,10.0,Credit Card,Female,4.0,4,Fashion,4,Married,2,0,18.0,1.0,2.0,8.0,201.55,0
CUST-53501,20.0,Mobile Phone,3,10.0,E wallet,Male,3.0,4,Grocery,3,Divorced,5,0,,2.0,5.0,10.0,299.65,0
CUST-53502,12.0,Mobile Phone,3,9.0,E wallet,Male,3.0,4,Fashion,4,Single,9,0,17.0,2.0,2.0,1.0,198.51,0
CUST-53503,17.0,Computer,1,34.0,Debit Card,Female,3.0,4,Fashion,5,Divorced,10,0,12.0,1.0,,2.0,233.2,0
CUST-53504,3.0,Computer,1,9.0,Debit Card,Male,3.0,4,Grocery,2,Married,9,0,12.0,8.0,,6.0,246.69,1
CUST-53505,14.0,Mobile Phone,1,21.0,Credit Card,Male,3.0,5,Others,3,Single,3,0,,5.0,5.0,10.0,321.26,0
CUST-53506,1.0,Mobile Phone,1,7.0,Cash on Delivery,Female,4.0,5,Mobile Phone,4,Single,3,1,12.0,1.0,3.0,3.0,145.7,0
CUST-53507,13.0,Computer,1,16.0,Debit Card,Male,4.0,4,Laptop & Accessory,4,Single,22,0,16.0,2.0,2.0,4.0,192.82,0
CUST-53508,10.0,Computer,1,25.0,Debit Card,Male,4.0,4,Laptop & Accessory,2,Single,4,0,21.0,2.0,2.0,10.0,202.79,0
CUST-53509,5.0,Computer,3,27.0,Debit Card,Male,4.0,2,Mobile Phone,2,Divorced,2,0,13.0,2.0,3.0,3.0,152.91,0
CUST-53510,2.0,Mobile Phone,1,9.0,Debit Card,Male,4.0,5,Mobile Phone,4,Divorced,2,0,18.0,1.0,2.0,5.0,157.01,0
CUST-53511,9.0,Computer,3,18.0,E wallet,Male,3.0,4,Laptop & Accessory,2,Married,3,0,12.0,1.0,2.0,3.0,174.68,0
CUST-53512,23.0,Mobile Phone,3,15.0,Cash on Delivery,Male,3.0,5,Grocery,4,Divorced,8,0,18.0,2.0,,4.0,256.2,0
CUST-53513,8.0,Computer,1,9.0,Debit Card,Male,4.0,4,Laptop & Accessory,3,Single,4,0,12.0,2.0,2.0,3.0,165.33,0
CUST-53514,3.0,Computer,1,17.0,Debit Card,Female,4.0,4,Mobile Phone,4,Married,2,0,15.0,2.0,2.0,2.0,157.91,0
CUST-53515,16.0,Mobile Phone,1,36.0,Credit Card,Male,3.0,6,Laptop & Accessory,2,Single,6,0,20.0,2.0,2.0,1.0,167.72,0
CUST-53516,3.0,Mobile Phone,1,15.0,Credit Card,Male,4.0,5,Laptop & Accessory,2,Divorced,3,1,14.0,1.0,2.0,3.0,175.56,0
CUST-53517,12.0,Mobile Phone,2,7.0,UPI,Male,3.0,2,Mobile Phone,3,Divorced,3,0,14.0,2.0,6.0,1.0,153.44,0
CUST-53518,5.0,Computer,1,13.0,Debit Card,Male,3.0,5,Mobile Phone,3,Married,3,1,15.0,2.0,2.0,3.0,152.03,0
CUST-53519,1.0,Computer,1,15.0,Credit Card,Male,4.0,4,Mobile Phone,3,Single,3,0,13.0,1.0,2.0,1.0,144.04,1
CUST-53520,1.0,Mobile Phone,3,16.0,E wallet,Female,4.0,4,Laptop & Accessory,5,Single,2,1,18.0,1.0,2.0,4.0,207.24,1
CUST-53521,15.0,Mobile Phone,1,19.0,Debit Card,Male,3.0,4,Mobile Phone,2,Divorced,5,1,12.0,2.0,2.0,1.0,172.66,0
CUST-53522,1.0,Computer,1,22.0,Credit Card,Male,4.0,4,Mobile Phone,3,Divorced,3,0,13.0,3.0,3.0,3.0,151.1,1
CUST-53523,11.0,Mobile Phone,1,32.0,Credit Card,Female,3.0,5,Laptop & Accessory,2,Married,9,0,14.0,1.0,2.0,4.0,182.31,0
CUST-53524,1.0,Mobile Phone,1,13.0,Debit Card,Male,3.0,5,Mobile Phone,3,Divorced,3,0,14.0,3.0,3.0,3.0,150.39,0
CUST-53525,8.0,Mobile Phone,3,16.0,Debit Card,Female,4.0,4,Laptop & Accessory,3,Divorced,3,0,21.0,2.0,2.0,4.0,182.14,0
CUST-53526,9.0,Mobile Phone,2,15.0,Cash on Delivery,Male,4.0,4,Mobile Phone,3,Single,3,0,18.0,1.0,2.0,5.0,168.23,0
CUST-53527,1.0,Mobile Phone,3,30.0,Debit Card,Female,3.0,5,Fashion,5,Divorced,3,0,14.0,1.0,4.0,11.0,198.36,1
CUST-53528,14.0,Computer,1,16.0,Credit Card,Female,3.0,4,Fashion,3,Single,11,0,18.0,1.0,,14.0,259.99,0
CUST-53529,6.0,Computer,3,19.0,Debit Card,Male,3.0,4,Grocery,5,Single,2,1,13.0,,14.0,15.0,262.58,1
CUST-53530,16.0,Mobile Phone,3,11.0,E wallet,Male,3.0,4,Laptop & Accessory,5,Single,9,0,14.0,2.0,2.0,6.0,176.55,0
CUST-53531,9.0,Mobile Phone,1,7.0,Credit Card,Male,3.0,5,Mobile Phone,3,Divorced,8,0,13.0,2.0,2.0,8.0,147.58,0
CUST-53532,1.0,Mobile Phone,1,31.0,Credit Card,Male,3.0,4,Mobile Phone,4,Single,10,0,23.0,2.0,2.0,3.0,160.97,0
CUST-53533,1.0,Mobile Phone,1,19.0,Debit Card,Female,4.0,4,Mobile Phone,2,Divorced,3,1,12.0,2.0,2.0,1.0,150.15,1
CUST-53534,1.0,Mobile Phone,1,10.0,Credit Card,Male,3.0,2,Mobile Phone,2,Divorced,3,0,23.0,2.0,2.0,8.0,169.2,0
CUST-53535,4.0,Mobile Phone,3,17.0,E wallet,Male,4.0,5,Laptop & Accessory,3,Divorced,3,0,19.0,2.0,2.0,5.0,190.78,0
CUST-53536,14.0,Computer,1,33.0,Credit Card,Female,4.0,5,Laptop & Accessory,2,Divorced,5,1,14.0,2.0,2.0,1.0,169.22,0
CUST-53537,9.0,Mobile Phone,1,9.0,Debit Card,Male,3.0,5,Fashion,4,Married,4,0,19.0,7.0,7.0,,227.74,0
CUST-53538,8.0,Computer,1,7.0,Credit Card,Male,4.0,5,Laptop & Accessory,5,Single,2,0,21.0,2.0,5.0,10.0,178.43,0
CUST-53539,9.0,Computer,1,11.0,UPI,Male,3.0,5,Mobile Phone,2,Divorced,3,0,14.0,3.0,3.0,3.0,148.76,0
CUST-53540,7.0,Mobile Phone,3,16.0,E wallet,Female,3.0,6,Laptop & Accessory,3,Single,10,0,14.0,2.0,2.0,4.0,178.46,1
CUST-53541,6.0,Computer,3,9.0,Debit Card,Female,4.0,4,Mobile Phone,5,Married,3,0,13.0,1.0,2.0,1.0,153.27,0
CUST-53542,30.0,Mobile Phone,1,11.0,Cash on Delivery,Female,4.0,4,Others,5,Married,6,0,14.0,1.0,5.0,3.0,324.43,0
CUST-53543,3.0,Mobile Phone,1,13.0,Credit Card,Female,3.0,4,Mobile Phone,2,Divorced,3,0,14.0,1.0,2.0,9.0,156.31,0
CUST-53544,1.0,Mobile Phone,1,16.0,Debit Card,Male,3.0,4,Mobile Phone,5,Single,3,0,26.0,1.0,2.0,1.0,150.52,0
CUST-53545,19.0,Mobile Phone,1,14.0,Credit Card,Female,3.0,4,Mobile Phone,3,Divorced,6,1,20.0,2.0,2.0,3.0,169.77,0
CUST-53546,11.0,Mobile Phone,1,7.0,Debit Card,Female,3.0,5,Laptop & Accessory,2,Divorced,3,0,14.0,4.0,4.0,12.0,189.74,0
CUST-53547,1.0,Mobile Phone,1,10.0,Debit Card,Male,3.0,5,Mobile Phone,3,Single,3,0,13.0,1.0,2.0,3.0,155.33,0
CUST-53548,8.0,Mobile Phone,1,17.0,Debit Card,Male,4.0,4,Mobile Phone,3,Single,3,1,12.0,2.0,2.0,3.0,154.36,1
CUST-53549,27.0,Mobile Phone,1,14.0,Credit Card,Female,3.0,4,Others,3,Married,5,0,,5.0,5.0,8.0,311.06,0
CUST-53550,3.0,Mobile Phone,1,22.0,Debit Card,Female,4.0,6,Mobile Phone,2,Divorced,2,1,19.0,2.0,2.0,4.0,146.68,0
CUST-53551,1.0,Computer,1,10.0,Debit Card,Male,3.0,5,Mobile Phone,2,Divorced,2,1,12.0,1.0,2.0,1.0,153.53,1
CUST-53552,20.0,Mobile Phone,3,9.0,E wallet,Female,4.0,4,Grocery,5,Divorced,10,0,,13.0,16.0,10.0,295.48,0
CUST-53553,18.0,Computer,1,24.0,Debit Card,Male,4.0,6,Mobile Phone,3,Single,4,0,14.0,2.0,2.0,1.0,147.9,0
CUST-53554,7.0,Mobile Phone,2,9.0,UPI,Male,3.0,4,Mobile Phone,3,Divorced,3,0,14.0,1.0,2.0,5.0,161.0,0
CUST-53555,5.0,Computer,1,12.0,Debit Card,Male,4.0,5,Mobile Phone,5,Married,8,0,18.0,2.0,2.0,1.0,146.07,1
CUST-53556,4.0,Mobile Phone,3,36.0,Debit Card,Male,4.0,4,Laptop & Accessory,5,Married,10,0,20.0,2.0,2.0,4.0,166.15,0
CUST-53557,14.0,Computer,3,9.0,Credit Card,Male,4.0,4,Laptop & Accessory,4,Divorced,7,0,13.0,2.0,2.0,1.0,168.27,0
CUST-53558,24.0,Computer,1,9.0,Credit Card,Female,2.0,4,Grocery,5,Divorced,4,0,,3.0,3.0,3.0,303.56,0
CUST-53559,2.0,Mobile Phone,1,26.0,Credit Card,Male,4.0,5,Mobile Phone,5,Divorced,3,0,13.0,2.0,4.0,4.0,156.96,0
CUST-53560,20.0,Mobile Phone,1,22.0,Debit Card,Male,3.0,4,Others,4,Divorced,7,0,,2.0,2.0,4.0,315.81,0
CUST-53561,9.0,Mobile Phone,3,24.0,Debit Card,Male,4.0,4,Laptop & Accessory,5,Divorced,5,1,16.0,2.0,2.0,,214.66,0
CUST-53562,1.0,Mobile Phone,1,24.0,Debit Card,Female,4.0,4,Mobile Phone,4,Divorced,3,0,14.0,1.0,2.0,1.0,147.1,1
CUST-53563,7.0,Computer,3,32.0,Credit Card,Female,3.0,4,Laptop & Accessory,3,Divorced,3,0,13.0,1.0,2.0,2.0,170.39,0
CUST-53564,10.0,Mobile Phone,1,13.0,Debit Card,Male,3.0,6,Mobile Phone,3,Married,3,0,15.0,1.0,2.0,8.0,152.41,0
CUST-53565,4.0,Mobile Phone,1,14.0,Debit Card,Male,3.0,4,Laptop & Accessory,3,Married,3,0,14.0,9.0,9.0,10.0,159.91,0
CUST-53566,18.0,Mobile Phone,1,36.0,UPI,Male,3.0,4,Laptop & Accessory,2,Single,3,0,26.0,2.0,2.0,18.0,170.41,0
CUST-53567,1.0,Mobile Phone,3,28.0,E wallet,Male,3.0,2,Mobile Phone,2,Single,3,0,18.0,1.0,3.0,3.0,151.78,0
CUST-53568,20.0,Mobile Phone,1,9.0,Cash on Delivery,Male,3.0,4,Laptop & Accessory,2,Married,4,0,12.0,2.0,2.0,5.0,198.79,0
CUST-53569,16.0,Computer,2,9.0,Credit Card,Male,4.0,2,Laptop & Accessory,5,Divorced,9,0,17.0,1.0,2.0,4.0,187.72,0
CUST-53570,31.0,Mobile Phone,3,14.0,E wallet,Male,3.0,2,Laptop & Accessory,2,Married,2,1,19.0,1.0,2.0,10.0,177.2,0
CUST-53571,6.0,Computer,1,20.0,UPI,Female,4.0,5,Mobile Phone,4,Divorced,3,0,21.0,1.0,3.0,3.0,152.43,0
CUST-53572,6.0,Computer,1,9.0,Debit Card,Female,3.0,4,Laptop & Accessory,3,Single,6,1,15.0,2.0,2.0,8.0,174.98,0
CUST-53573,10.0,Mobile Phone,1,7.0,Cash on Delivery,Female,4.0,6,Fashion,5,Married,4,1,22.0,6.0,8.0,,227.52,0
CUST-53574,7.0,Mobile Phone,1,16.0,Credit Card,Male,3.0,4,Mobile Phone,2,Divorced,2,0,14.0,2.0,5.0,11.0,152.81,0
CUST-53575,14.0,Mobile Phone,3,17.0,Cash on Delivery,Female,3.0,5,Laptop & Accessory,4,Married,9,0,13.0,2.0,2.0,4.0,193.52,0
CUST-53576,1.0,Mobile Phone,3,17.0,Debit Card,Male,3.0,4,Laptop & Accessory,2,Single,2,0,15.0,1.0,2.0,2.0,174.5,0
CUST-53577,4.0,Mobile Phone,1,7.0,Credit Card,Male,4.0,4,Mobile Phone,4,Divorced,2,1,22.0,2.0,6.0,8.0,160.79,0
CUST-53578,16.0,Computer,1,33.0,Credit Card,Female,3.0,4,Fashion,5,Divorced,5,1,18.0,1.0,,1.0,256.91,0
CUST-53579,9.0,Computer,3,15.0,E wallet,Female,4.0,5,Fashion,2,Divorced,6,1,12.0,3.0,5.0,,228.77,0
CUST-53580,1.0,Mobile Phone,1,21.0,Debit Card,Male,3.0,4,Mobile Phone,5,Divorced,3,1,15.0,3.0,7.0,9.0,147.35,0
CUST-53581,28.0,Computer,1,7.0,Debit Card,Female,3.0,4,Fashion,3,Married,9,0,18.0,2.0,2.0,,230.02,0
CUST-53582,18.0,Mobile Phone,1,9.0,Debit Card,Female,4.0,2,Mobile Phone,2,Divorced,3,0,14.0,7.0,8.0,8.0,145.11,0
CUST-53583,1.0,Computer,1,17.0,Credit Card,Female,4.0,5,Mobile Phone,4,Single,3,1,26.0,2.0,2.0,1.0,143.59,1
CUST-53584,3.0,Mobile Phone,1,7.0,Debit Card,Female,4.0,4,Mobile Phone,2,Married,3,0,16.0,1.0,2.0,3.0,162.6,0
CUST-53585,28.0,Mobile Phone,1,10.0,Debit Card,Male,3.0,4,Grocery,2,Divorced,5,0,,2.0,2.0,10.0,302.79,0
CUST-53586,5.0,Mobile Phone,1,18.0,Credit Card,Male,4.0,4,Laptop & Accessory,5,Divorced,3,1,13.0,1.0,2.0,2.0,193.33,0
CUST-53587,5.0,Mobile Phone,1,31.0,Credit Card,Female,4.0,5,Laptop & Accessory,5,Single,3,0,20.0,1.0,2.0,9.0,193.12,0
CUST-53588,31.0,Mobile Phone,3,10.0,Debit Card,Female,3.0,5,Laptop & Accessory,2,Single,7,0,18.0,1.0,2.0,6.0,176.71,0
CUST-53589,17.0,Mobile Phone,1,10.0,Debit Card,Male,4.0,6,Others,2,Divorced,5,0,,2.0,2.0,8.0,322.4,0
CUST-53590,23.0,Mobile Phone,1,11.0,Credit Card,Male,3.0,5,Others,3,Divorced,4,0,,1.0,2.0,1.0,312.11,0
CUST-53591,10.0,Computer,1,10.0,Cash on Delivery,Male,3.0,4,Mobile Phone,4,Divorced,3,0,13.0,2.0,2.0,8.0,161.92,0
CUST-53592,22.0,Mobile Phone,1,9.0,Cash on Delivery,Male,4.0,2,Mobile Phone,4,Single,7,0,12.0,1.0,2.0,1.0,150.59,0
CUST-53593,1.0,Mobile Phone,1,11.0,Debit Card,Male,4.0,4,Mobile Phone,3,Married,3,0,12.0,2.0,2.0,4.0,150.17,0
CUST-53594,3.0,Mobile Phone,1,14.0,Debit Card,Male,3.0,4,Laptop & Accessory,2,Married,3,1,12.0,1.0,2.0,1.0,191.23,0
CUST-53595,22.0,Mobile Phone,1,7.0,Debit Card,Male,4.0,5,Others,2,Single,8,0,,2.0,2.0,1.0,307.65,0
CUST-53596,3.0,Mobile Phone,1,7.0,Debit Card,Female,3.0,5,Grocery,2,Married,5,0,15.0,,2.0,8.0,286.24,0
CUST-53597,8.0,Mobile Phone,1,27.0,Cash on Delivery,Female,3.0,2,Mobile Phone,3,Divorced,2,0,18.0,2.0,2.0,1.0,150.85,0
CUST-53598,18.0,Mobile Phone,3,12.0,E wallet,Male,3.0,4,Others,4,Divorced,9,0,,2.0,4.0,11.0,307.13,0
CUST-53599,7.0,Mobile Phone,3,17.0,E wallet,Male,3.0,2,Fashion,3,Married,2,1,15.0,2.0,2.0,9.0,208.8,0
CUST-53600,1.0,Mobile Phone,1,32.0,Debit Card,Female,3.0,2,Mobile Phone,2,Single,3,1,13.0,2.0,2.0,2.0,154.94,0
CUST-53601,1.0,Mobile Phone,1,7.0,Debit Card,Male,3.0,4,Mobile Phone,3,Divorced,3,0,23.0,1.0,2.0,2.0,137.23,0
CUST-53602,1.0,Computer,3,31.0,Debit Card,Male,4.0,6,Mobile Phone,2,Single,3,1,15.0,2.0,2.0,1.0,136.18,1
CUST-53603,1.0,Mobile Phone,1,11.0,Debit Card,Male,3.0,4,Mobile Phone,2,Single,3,1,21.0,1.0,3.0,3.0,153.75,0
CUST-53604,9.0,Mobile Phone,3,9.0,E wallet,Female,4.0,6,Others,4,Single,4,1,,1.0,2.0,12.0,313.24,1
CUST-53605,29.0,Computer,1,15.0,Credit Card,Male,3.0,5,Grocery,4,Married,3,1,16.0,4.0,16.0,1.0,260.77,0
CUST-53606,1.0,Computer,1,17.0,Debit Card,Female,3.0,5,Mobile Phone,3,Single,3,0,21.0,3.0,3.0,3.0,151.25,1
CUST-53607,20.0,Mobile Phone,3,11.0,E wallet,Female,3.0,5,Others,4,Divorced,4,0,,2.0,2.0,9.0,312.89,0
CUST-53608,8.0,Mobile Phone,3,9.0,E wallet,Female,3.0,4,Laptop & Accessory,5,Single,2,1,13.0,2.0,2.0,3.0,170.38,0
CUST-53609,25.0,Computer,3,16.0,Debit Card,Male,3.0,4,Others,4,Married,6,1,25.0,3.0,12.0,11.0,323.47,0
CUST-53610,31.0,Mobile Phone,1,25.0,Credit Card,Male,4.0,4,Fashion,2,Single,8,0,13.0,2.0,6.0,,230.12,0
CUST-53611,8.0,Computer,1,26.0,Credit Card,Female,3.0,4,Laptop & Accessory,4,Married,6,0,14.0,4.0,6.0,11.0,169.44,0
CUST-53612,2.0,Computer,1,7.0,Credit Card,Male,3.0,4,Mobile Phone,3,Single,2,1,12.0,1.0,2.0,3.0,146.54,0
CUST-53613,18.0,Mobile Phone,1,11.0,Debit Card,Male,4.0,2,Others,5,Married,3,0,,2.0,15.0,14.0,316.9,0
CUST-53614,8.0,Computer,2,18.0,Debit Card,Male,3.0,5,Laptop & Accessory,4,Divorced,6,0,12.0,1.0,2.0,9.0,169.9,0
CUST-53615,9.0,Mobile Phone,1,13.0,Debit Card,Male,4.0,4,Mobile Phone,3,Divorced,2,1,15.0,2.0,3.0,3.0,160.06,0
CUST-53616,16.0,Mobile Phone,1,14.0,Credit Card,Female,4.0,2,Laptop & Accessory,4,Divorced,8,1,17.0,1.0,2.0,1.0,148.72,0
CUST-53617,17.0,Mobile Phone,3,11.0,E wallet,Female,3.0,5,Fashion,2,Single,5,0,15.0,11.0,16.0,,227.31,0
CUST-53618,10.0,Mobile Phone,1,9.0,Debit Card,Female,3.0,4,Laptop & Accessory,4,Single,11,1,12.0,5.0,6.0,13.0,179.1,0
CUST-53619,8.0,Mobile Phone,1,22.0,Credit Card,Female,4.0,4,Fashion,2,Divorced,3,0,12.0,1.0,2.0,6.0,204.78,1
CUST-53620,2.0,Computer,1,9.0,Debit Card,Male,3.0,5,Mobile Phone,2,Divorced,3,1,13.0,3.0,3.0,3.0,163.67,0
CUST-53621,25.0,Computer,1,13.0,Credit Card,Female,3.0,5,Mobile Phone,3,Single,2,0,15.0,8.0,8.0,8.0,153.38,0
CUST-53622,4.0,Computer,1,16.0,Credit Card,Female,4.0,4,Laptop & Accessory,3,Single,9,1,19.0,2.0,2.0,8.0,171.95,0
CUST-53623,1.0,Mobile Phone,1,14.0,Cash on Delivery,Female,3.0,4,Mobile Phone,3,Married,5,1,14.0,2.0,8.0,8.0,158.39,1
CUST-53624,2.0,Mobile Phone,1,7.0,Cash on Delivery,Male,3.0,4,Mobile Phone,5,Single,4,0,12.0,1.0,2.0,3.0,145.8,0
CUST-53625,1.0,Mobile Phone,1,7.0,Credit Card,Female,3.0,4,Mobile Phone,4,Single,3,0,19.0,2.0,3.0,2.0,145.96,0
CUST-53626,6.0,Mobile Phone,3,15.0,Credit Card,Male,3.0,2,Laptop & Accessory,2,Divorced,3,0,16.0,1.0,2.0,9.0,187.09,0
CUST-53627,19.0,Computer,1,32.0,Credit Card,Female,3.0,4,Others,4,Single,5,0,,2.0,2.0,1.0,305.61,0
CUST-53628,13.0,Mobile Phone,1,20.0,Credit Card,Female,4.0,5,Grocery,4,Married,8,1,,14.0,16.0,3.0,296.23,0
CUST-53629,31.0,Mobile Phone,1,30.0,Debit Card,Male,3.0,4,Mobile Phone,3,Married,3,0,13.0,3.0,3.0,3.0,148.72,0
CUST-53630,1.0,Mobile Phone,1,14.0,Debit Card,Male,4.0,4,Laptop & Accessory,3,Divorced,3,0,19.0,2.0,2.0,2.0,173.83,1
CUST-53631,3.0,Mobile Phone,1,30.0,Credit Card,Male,4.0,4,Mobile Phone,5,Single,2,0,14.0,1.0,2.0,4.0,164.04,1
CUST-53632,4.0,Mobile Phone,1,13.0,Cash on Delivery,Female,3.0,5,Laptop & Accessory,2,Divorced,2,0,13.0,6.0,7.0,8.0,171.27,0
CUST-53633,10.0,Mobile Phone,1,17.0,Cash on Delivery,Female,4.0,4,Fashion,3,Divorced,5,0,13.0,1.0,2.0,8.0,195.94,0
CUST-53634,20.0,Mobile Phone,2,7.0,Debit Card,Female,3.0,4,Mobile Phone,5,Single,8,0,13.0,4.0,6.0,8.0,159.23,0
CUST-53635,2.0,Computer,1,7.0,Debit Card,Female,3.0,6,Laptop & Accessory,2,Divorced,2,0,12.0,8.0,8.0,6.0,191.74,0
CUST-53636,24.0,Mobile Phone,1,35.0,Debit Card,Female,3.0,4,Grocery,5,Divorced,6,1,,1.0,2.0,3.0,293.8,0
CUST-53637,4.0,Mobile Phone,3,32.0,E wallet,Male,3.0,5,Fashion,4,Single,4,1,13.0,1.0,2.0,,215.94,1
CUST-53638,16.0,Mobile Phone,3,12.0,Debit Card,Male,4.0,4,Fashion,4,Single,11,1,20.0,6.0,8.0,,209.46,1
CUST-53639,4.0,Mobile Phone,1,24.0,Credit Card,Female,4.0,4,Fashion,5,Divorced,3,1,24.0,1.0,,9.0,244.16000000000003,0
CUST-53640,13.0,Mobile Phone,1,25.0,Debit Card,Male,3.0,4,Laptop & Accessory,3,Single,2,0,12.0,1.0,2.0,8.0,170.34,0
CUST-53641,5.0,Computer,3,9.0,Debit Card,Female,3.0,4,Fashion,3,Married,3,1,20.0,4.0,10.0,,223.52,0
CUST-53642,15.0,Computer,3,17.0,Credit Card,Male,3.0,6,Laptop & Accessory,4,Single,3,0,14.0,4.0,12.0,10.0,186.51,0
CUST-53643,1.0,Computer,3,7.0,Debit Card,Female,3.0,4,Mobile Phone,4,Single,3,1,12.0,2.0,3.0,3.0,148.02,1
CUST-53644,8.0,Mobile Phone,1,10.0,Debit Card,Male,3.0,4,Mobile Phone,5,Divorced,6,0,13.0,2.0,2.0,3.0,148.62,1
CUST-53645,16.0,Computer,1,9.0,Debit Card,Male,3.0,4,Grocery,3,Divorced,2,1,,1.0,3.0,11.0,303.61,0
CUST-53646,29.0,Mobile Phone,1,9.0,Credit Card,Female,3.0,6,Others,3,Divorced,6,0,,6.0,10.0,12.0,316.87,0
CUST-53647,30.0,Mobile Phone,2,15.0,Debit Card,Male,3.0,4,Others,4,Single,8,0,,2.0,8.0,8.0,322.17,0
CUST-53648,14.0,Computer,1,23.0,Debit Card,Male,4.0,4,Mobile Phone,3,Married,11,0,17.0,2.0,2.0,1.0,160.44,0
CUST-53649,8.0,Mobile Phone,1,16.0,Debit Card,Male,3.0,4,Fashion,2,Married,2,0,12.0,2.0,2.0,,210.0,0
CUST-53650,14.0,Mobile Phone,1,9.0,Debit Card,Male,4.0,4,Laptop & Accessory,2,Single,3,0,14.0,4.0,9.0,9.0,171.61,0
CUST-53651,15.0,Computer,3,7.0,E wallet,Female,4.0,4,Laptop & Accessory,5,Married,2,0,18.0,1.0,2.0,8.0,166.03,0
CUST-53652,9.0,Computer,1,11.0,Debit Card,Male,3.0,4,Laptop & Accessory,3,Single,3,1,12.0,2.0,2.0,2.0,167.49,0
CUST-53653,25.0,Mobile Phone,2,12.0,Debit Card,Male,3.0,4,Grocery,4,Married,3,1,12.0,,2.0,11.0,265.26,0
CUST-53654,12.0,Mobile Phone,3,9.0,Debit Card,Female,3.0,4,Laptop & Accessory,5,Married,5,0,16.0,1.0,2.0,8.0,193.93,0
CUST-53655,8.0,Mobile Phone,3,22.0,Credit Card,Female,4.0,4,Laptop & Accessory,5,Single,3,0,13.0,2.0,10.0,7.0,186.25,0
CUST-53656,1.0,Mobile Phone,1,26.0,Credit Card,Male,4.0,4,Mobile Phone,2,Divorced,5,0,12.0,2.0,2.0,3.0,161.69,0
CUST-53657,21.0,Mobile Phone,1,14.0,Credit Card,Female,3.0,5,Fashion,5,Divorced,9,1,15.0,5.0,6.0,,225.08,1
CUST-53658,14.0,Mobile Phone,1,7.0,Debit Card,Male,3.0,4,Mobile Phone,4,Divorced,5,0,23.0,2.0,2.0,4.0,148.87,0
CUST-53659,10.0,Computer,3,14.0,E wallet,Female,3.0,2,Laptop & Accessory,5,Divorced,4,0,17.0,6.0,7.0,14.0,171.39,0
CUST-53660,22.0,Mobile Phone,1,11.0,Debit Card,Male,3.0,4,Fashion,2,Single,3,0,12.0,2.0,2.0,9.0,203.98,0
CUST-53661,1.0,Mobile Phone,3,18.0,Credit Card,Female,4.0,2,Mobile Phone,2,Divorced,10,0,15.0,2.0,2.0,1.0,150.34,0
CUST-53662,25.0,Mobile Phone,1,18.0,Cash on Delivery,Female,3.0,5,Grocery,4,Single,5,0,17.0,1.0,,4.0,256.42,0
CUST-53663,1.0,Computer,1,7.0,Debit Card,Female,4.0,4,Mobile Phone,2,Single,3,0,16.0,2.0,2.0,1.0,141.11,0
CUST-53664,9.0,Mobile Phone,1,7.0,Credit Card,Female,3.0,5,Laptop & Accessory,2,Divorced,2,0,13.0,2.0,2.0,1.0,178.63,0
CUST-53665,1.0,Computer,3,9.0,Debit Card,Male,3.0,6,Laptop & Accessory,2,Single,5,0,21.0,2.0,2.0,1.0,175.71,0
CUST-53666,19.0,Mobile Phone,3,20.0,E wallet,Male,3.0,2,Grocery,3,Single,8,1,18.0,,4.0,9.0,261.95,1
CUST-53667,30.0,Mobile Phone,1,30.0,Debit Card,Male,4.0,4,Grocery,4,Divorced,6,1,13.0,12.0,,10.0,259.02,0
CUST-53668,8.0,Computer,1,33.0,Cash on Delivery,Female,4.0,5,Mobile Phone,3,Married,3,0,21.0,2.0,2.0,1.0,145.29,0
CUST-53669,14.0,Mobile Phone,1,9.0,Credit Card,Female,3.0,2,Laptop & Accessory,3,Married,7,0,21.0,6.0,12.0,9.0,188.77,0
CUST-53670,8.0,Mobile Phone,1,36.0,Credit Card,Male,3.0,4,Laptop & Accessory,3,Divorced,6,0,14.0,1.0,8.0,8.0,179.29,0
CUST-53671,1.0,Computer,3,9.0,Debit Card,Female,3.0,5,Mobile Phone,2,Single,9,0,15.0,1.0,2.0,1.0,152.85,1
CUST-53672,1.0,Computer,3,25.0,E wallet,Female,4.0,4,Laptop & Accessory,3,Divorced,2,1,19.0,4.0,4.0,3.0,171.14,1
CUST-53673,12.0,Computer,1,14.0,Debit Card,Male,3.0,2,Mobile Phone,3,Married,3,0,12.0,1.0,2.0,4.0,151.1,0
CUST-53674,8.0,Mobile Phone,1,9.0,Cash on Delivery,Female,4.0,4,Laptop & Accessory,2,Single,3,0,12.0,2.0,5.0,12.0,191.87,0
CUST-53675,2.0,Mobile Phone,3,33.0,Debit Card,Male,3.0,5,Laptop & Accessory,5,Divorced,3,0,12.0,2.0,2.0,5.0,172.24,0
CUST-53676,1.0,Mobile Phone,1,29.0,Credit Card,Male,4.0,4,Laptop & Accessory,3,Divorced,3,1,16.0,4.0,7.0,8.0,186.79,1
CUST-53677,13.0,Mobile Phone,3,28.0,Debit Card,Male,3.0,5,Laptop & Accessory,2,Divorced,5,1,13.0,1.0,2.0,5.0,186.2,0
CUST-53678,25.0,Computer,3,9.0,E wallet,Male,3.0,4,Fashion,4,Divorced,4,0,12.0,1.0,4.0,,230.96,0
CUST-53679,15.0,Computer,1,29.0,Debit Card,Female,4.0,4,Laptop & Accessory,2,Married,5,1,15.0,1.0,4.0,4.0,179.67,0
CUST-53680,11.0,Mobile Phone,1,11.0,Debit Card,Male,3.0,4,Mobile Phone,3,Divorced,9,1,16.0,2.0,2.0,4.0,154.96,0
CUST-53681,7.0,Computer,3,12.0,Debit Card,Male,4.0,4,Laptop & Accessory,2,Divorced,8,0,14.0,2.0,2.0,,224.98,0
CUST-53682,6.0,Mobile Phone,3,9.0,E wallet,Male,3.0,4,Laptop & Accessory,4,Divorced,2,1,14.0,1.0,2.0,3.0,165.78,0
CUST-53683,13.0,Computer,1,32.0,Debit Card,Male,4.0,4,Fashion,3,Divorced,5,0,22.0,1.0,,6.0,234.2,0
CUST-53684,1.0,Mobile Phone,3,25.0,Debit Card,Male,4.0,2,Laptop & Accessory,3,Divorced,4,0,12.0,1.0,2.0,3.0,187.32,0
CUST-53685,26.0,Computer,1,35.0,Credit Card,Female,3.0,2,Grocery,3,Divorced,4,1,12.0,1.0,,3.0,257.47,0
CUST-53686,17.0,Mobile Phone,1,13.0,Credit Card,Female,4.0,5,Laptop & Accessory,3,Single,3,1,15.0,2.0,2.0,9.0,165.81,0
CUST-53687,1.0,Mobile Phone,3,17.0,E wallet,Female,4.0,5,Laptop & Accessory,2,Divorced,3,1,12.0,3.0,5.0,5.0,182.69,0
CUST-53688,1.0,Mobile Phone,1,24.0,Debit Card,Female,3.0,4,Mobile Phone,3,Single,3,1,14.0,4.0,8.0,8.0,148.94,1
CUST-53689,1.0,Mobile Phone,1,9.0,Credit Card,Male,3.0,5,Mobile Phone,2,Single,2,0,13.0,1.0,2.0,2.0,164.04,0
CUST-53690,16.0,Mobile Phone,2,17.0,UPI,Female,3.0,4,Grocery,5,Divorced,2,0,,1.0,2.0,10.0,292.99,0
CUST-53691,26.0,Mobile Phone,1,15.0,UPI,Female,3.0,4,Mobile Phone,5,Divorced,11,0,14.0,2.0,2.0,5.0,154.5,0
CUST-53692,11.0,Mobile Phone,1,18.0,Credit Card,Female,4.0,4,Mobile Phone,3,Single,6,0,19.0,1.0,2.0,3.0,161.29,0
CUST-53693,9.0,Computer,1,25.0,Debit Card,Male,3.0,4,Fashion,2,Single,4,0,12.0,1.0,3.0,,218.62,0
CUST-53694,1.0,Mobile Phone,1,7.0,Cash on Delivery,Male,3.0,4,Mobile Phone,2,Divorced,6,0,12.0,2.0,2.0,3.0,157.29,0
CUST-53695,1.0,Mobile Phone,1,14.0,UPI,Male,4.0,2,Mobile Phone,5,Single,2,0,13.0,2.0,2.0,8.0,160.78,0
CUST-53696,3.0,Mobile Phone,2,24.0,UPI,Male,3.0,5,Fashion,5,Single,3,0,14.0,1.0,2.0,10.0,204.88,0
CUST-53697,1.0,Computer,1,35.0,Debit Card,Male,4.0,5,Laptop & Accessory,5,Single,5,0,21.0,1.0,2.0,4.0,167.84,1
CUST-53698,1.0,Computer,1,21.0,UPI,Female,3.0,4,Fashion,2,Single,2,1,13.0,3.0,8.0,8.0,200.53,1
CUST-53699,28.0,Mobile Phone,1,7.0,Credit Card,Female,3.0,4,Grocery,2,Single,8,0,,6.0,13.0,8.0,298.28,0
CUST-53700,31.0,Mobile Phone,1,7.0,Credit Card,Female,4.0,4,Others,5,Divorced,5,1,,2.0,2.0,6.0,322.01,0
CUST-53701,29.0,Mobile Phone,1,7.0,Credit Card,Male,3.0,2,Grocery,2,Married,4,0,14.0,,2.0,1.0,272.32,0
CUST-53702,10.0,Mobile Phone,3,10.0,E wallet,Female,3.0,4,Laptop & Accessory,4,Single,5,1,17.0,1.0,2.0,,217.78,0
CUST-53703,1.0,Computer,3,7.0,Debit Card,Female,3.0,6,Mobile Phone,3,Single,3,0,13.0,2.0,2.0,1.0,138.59,1
CUST-53704,4.0,Mobile Phone,3,14.0,E wallet,Female,4.0,4,Laptop & Accessory,5,Married,9,0,15.0,2.0,2.0,3.0,172.79,0
CUST-53705,5.0,Mobile Phone,1,15.0,Debit Card,Female,4.0,4,Grocery,4,Single,5,0,12.0,,2.0,1.0,289.22,0
CUST-53706,8.0,Computer,1,7.0,UPI,Male,4.0,4,Mobile Phone,5,Married,7,0,15.0,2.0,2.0,4.0,154.96,0
CUST-53707,1.0,Mobile Phone,1,15.0,Debit Card,Female,3.0,5,Mobile Phone,4,Single,3,0,13.0,1.0,2.0,1.0,137.61,1
CUST-53708,1.0,Mobile Phone,1,18.0,Debit Card,Male,4.0,4,Mobile Phone,5,Divorced,2,0,15.0,2.0,2.0,5.0,145.99,0
CUST-53709,10.0,Mobile Phone,1,11.0,Debit Card,Male,3.0,5,Laptop & Accessory,2,Single,3,0,17.0,2.0,2.0,9.0,183.1,0
CUST-53710,10.0,Mobile Phone,3,23.0,E wallet,Female,4.0,5,Laptop & Accessory,5,Divorced,6,0,14.0,2.0,2.0,3.0,181.47,0
CUST-53711,21.0,Mobile Phone,1,7.0,Cash on Delivery,Male,4.0,4,Mobile Phone,2,Divorced,9,0,13.0,2.0,2.0,3.0,159.2,0
CUST-53712,1.0,Mobile Phone,3,16.0,Debit Card,Male,4.0,5,Mobile Phone,5,Divorced,5,0,13.0,2.0,3.0,3.0,169.0,1
CUST-53713,11.0,Computer,1,12.0,Cash on Delivery,Male,3.0,2,Mobile Phone,3,Single,2,0,15.0,2.0,2.0,4.0,160.0,0
CUST-53714,30.0,Mobile Phone,1,7.0,Debit Card,Female,3.0,4,Mobile Phone,5,Divorced,4,0,23.0,2.0,2.0,1.0,145.66,0
CUST-53715,21.0,Mobile Phone,1,9.0,Credit Card,Female,3.0,4,Grocery,3,Divorced,5,0,,4.0,6.0,7.0,296.69,0
CUST-53716,1.0,Mobile Phone,3,11.0,Credit Card,Female,3.0,4,Laptop & Accessory,3,Divorced,3,1,13.0,2.0,2.0,4.0,166.62,0
CUST-53717,6.0,Mobile Phone,3,14.0,E wallet,Male,4.0,4,Laptop & Accessory,2,Divorced,6,0,13.0,2.0,2.0,,217.04,0
CUST-53718,8.0,Mobile Phone,1,7.0,Debit Card,Female,3.0,5,Mobile Phone,4,Divorced,7,0,18.0,2.0,2.0,3.0,157.94,0
CUST-53719,15.0,Mobile Phone,1,12.0,Credit Card,Male,3.0,2,Mobile Phone,3,Divorced,4,1,13.0,2.0,2.0,4.0,146.27,0
CUST-53720,14.0,Computer,1,16.0,UPI,Male,3.0,4,Laptop & Accessory,3,Married,5,0,12.0,2.0,2.0,8.0,164.75,0
CUST-53721,5.0,Mobile Phone,3,15.0,Debit Card,Male,3.0,4,Fashion,2,Married,3,0,19.0,3.0,,10.0,232.93,0
CUST-53722,10.0,Mobile Phone,3,16.0,E wallet,Male,3.0,4,Fashion,1,Married,6,0,12.0,1.0,5.0,,225.96,1
CUST-53723,3.0,Computer,1,9.0,Debit Card,Female,3.0,5,Mobile Phone,5,Single,4,1,24.0,1.0,2.0,1.0,161.46,1
CUST-53724,1.0,Computer,1,7.0,Debit Card,Female,4.0,2,Fashion,4,Single,3,0,12.0,4.0,5.0,8.0,199.46,1
CUST-53725,19.0,Mobile Phone,1,27.0,Credit Card,Male,4.0,6,Fashion,5,Married,4,1,19.0,1.0,,8.0,233.51,0
CUST-53726,5.0,Mobile Phone,2,15.0,Credit Card,Female,4.0,2,Mobile Phone,4,Single,11,0,19.0,1.0,2.0,3.0,146.09,0
CUST-53727,1.0,Computer,1,9.0,Debit Card,Male,4.0,4,Mobile Phone,1,Divorced,8,1,14.0,3.0,3.0,3.0,162.22,1
CUST-53728,19.0,Mobile Phone,1,36.0,Cash on Delivery,Male,3.0,4,Fashion,1,Divorced,6,1,19.0,2.0,2.0,,218.8,0
CUST-53729,22.0,Mobile Phone,3,14.0,E wallet,Male,4.0,4,Laptop & Accessory,5,Married,6,0,12.0,2.0,3.0,3.0,179.86,0
CUST-53730,1.0,Mobile Phone,2,16.0,Cash on Delivery,Female,3.0,4,Mobile Phone,3,Divorced,3,0,16.0,2.0,3.0,3.0,152.42,1
CUST-53731,14.0,Computer,1,15.0,Credit Card,Male,3.0,5,Fashion,4,Married,4,0,12.0,,5.0,9.0,262.57,0
CUST-53732,2.0,Mobile Phone,3,12.0,Credit Card,Male,3.0,4,Laptop & Accessory,5,Single,2,0,19.0,2.0,2.0,,209.63,0
CUST-53733,18.0,Computer,1,12.0,Debit Card,Male,3.0,5,Mobile Phone,3,Single,5,0,15.0,1.0,2.0,4.0,156.62,0
CUST-53734,27.0,Mobile Phone,1,9.0,Credit Card,Male,3.0,2,Grocery,4,Single,6,0,13.0,,9.0,9.0,290.98,0
CUST-53735,23.0,Mobile Phone,1,12.0,Cash on Delivery,Male,4.0,4,Laptop & Accessory,3,Divorced,4,0,15.0,1.0,2.0,3.0,191.51,0
CUST-53736,14.0,Mobile Phone,1,9.0,Credit Card,Male,4.0,4,Mobile Phone,3,Married,4,0,15.0,1.0,2.0,3.0,148.45,0
CUST-53737,18.0,Mobile Phone,1,27.0,Debit Card,Male,3.0,4,Mobile Phone,4,Single,3,0,14.0,2.0,2.0,4.0,159.2,0
CUST-53738,7.0,Computer,3,14.0,Credit Card,Male,3.0,4,Laptop & Accessory,5,Divorced,2,0,15.0,1.0,2.0,4.0,168.73,0
CUST-53739,8.0,Mobile Phone,3,10.0,UPI,Male,3.0,6,Laptop & Accessory,5,Single,5,0,19.0,3.0,4.0,13.0,172.59,0
CUST-53740,4.0,Mobile Phone,3,23.0,Debit Card,Male,4.0,4,Laptop & Accessory,3,Divorced,10,0,16.0,1.0,3.0,3.0,178.01,0
CUST-53741,16.0,Computer,1,16.0,Credit Card,Female,4.0,4,Mobile Phone,1,Single,3,0,14.0,5.0,6.0,9.0,161.73,0
CUST-53742,18.0,Computer,3,7.0,E wallet,Female,4.0,4,Laptop & Accessory,3,Divorced,9,0,13.0,2.0,2.0,1.0,172.68,0
CUST-53743,4.0,Computer,1,14.0,Cash on Delivery,Male,4.0,4,Mobile Phone,3,Married,3,0,14.0,1.0,2.0,1.0,137.74,0
CUST-53744,51.0,Mobile Phone,1,7.0,Debit Card,Male,4.0,2,Laptop & Accessory,3,Divorced,2,0,25.0,2.0,3.0,9.0,174.0,0
CUST-53745,23.0,Mobile Phone,1,14.0,Debit Card,Male,3.0,4,Fashion,4,Married,5,0,15.0,1.0,2.0,,229.66,0
CUST-53746,8.0,Computer,1,22.0,Credit Card,Male,4.0,4,Grocery,5,Married,9,0,,3.0,7.0,10.0,295.07,0
CUST-53747,1.0,Computer,3,7.0,Cash on Delivery,Male,4.0,4,Mobile Phone,3,Divorced,5,0,16.0,2.0,2.0,3.0,154.09,1
CUST-53748,1.0,Computer,3,20.0,Cash on Delivery,Female,3.0,4,Laptop & Accessory,4,Single,7,0,12.0,1.0,2.0,1.0,182.65,1
CUST-53749,1.0,Mobile Phone,3,31.0,Credit Card,Female,3.0,5,Laptop & Accessory,4,Single,2,1,24.0,3.0,11.0,11.0,170.99,1
CUST-53750,9.0,Mobile Phone,3,14.0,Debit Card,Male,4.0,4,Mobile Phone,3,Divorced,3,0,14.0,2.0,2.0,1.0,149.04,0
CUST-53751,1.0,Computer,1,16.0,Credit Card,Male,3.0,4,Mobile Phone,5,Single,4,1,12.0,1.0,2.0,1.0,156.72,1
CUST-53752,1.0,Computer,3,20.0,Debit Card,Female,4.0,4,Mobile Phone,4,Divorced,3,0,14.0,1.0,2.0,1.0,145.33,0
CUST-53753,18.0,Computer,1,9.0,Credit Card,Male,3.0,4,Fashion,3,Single,7,1,19.0,1.0,3.0,,227.09,0
CUST-53754,3.0,Mobile Phone,3,26.0,Debit Card,Male,4.0,5,Laptop & Accessory,3,Married,3,0,15.0,2.0,2.0,,211.2,0
CUST-53755,4.0,Mobile Phone,2,7.0,Debit Card,Male,3.0,4,Mobile Phone,3,Married,2,0,22.0,1.0,2.0,4.0,145.64,0
CUST-53756,29.0,Mobile Phone,1,11.0,Debit Card,Male,2.0,4,Laptop & Accessory,3,Divorced,2,1,17.0,1.0,2.0,3.0,165.35,0
CUST-53757,7.0,Mobile Phone,1,11.0,Credit Card,Female,3.0,5,Mobile Phone,4,Divorced,10,0,12.0,1.0,2.0,3.0,163.38,0
CUST-53758,21.0,Mobile Phone,3,21.0,Credit Card,Female,4.0,4,Laptop & Accessory,3,Divorced,5,1,18.0,2.0,2.0,3.0,170.91,0
CUST-53759,1.0,Computer,1,9.0,Credit Card,Male,3.0,5,Mobile Phone,5,Single,9,0,12.0,1.0,2.0,1.0,150.61,1
CUST-53760,2.0,Mobile Phone,1,7.0,Debit Card,Male,4.0,5,Mobile Phone,3,Married,3,0,15.0,1.0,2.0,1.0,140.63,0
CUST-53761,2.0,Computer,3,14.0,Debit Card,Male,3.0,4,Laptop & Accessory,5,Single,2,0,15.0,2.0,2.0,4.0,173.98,0
CUST-53762,23.0,Mobile Phone,1,10.0,Credit Card,Female,3.0,5,Laptop & Accessory,5,Divorced,6,0,26.0,2.0,2.0,3.0,172.89,0
CUST-53763,3.0,Computer,1,9.0,Debit Card,Female,4.0,4,Mobile Phone,4,Divorced,2,0,14.0,1.0,2.0,3.0,156.8,0
CUST-53764,2.0,Mobile Phone,1,36.0,Debit Card,Male,4.0,6,Laptop & Accessory,4,Divorced,3,0,15.0,2.0,2.0,8.0,190.49,0
CUST-53765,7.0,Mobile Phone,1,15.0,Debit Card,Male,4.0,4,Laptop & Accessory,3,Single,4,1,18.0,1.0,2.0,1.0,188.88,0
CUST-53766,6.0,Mobile Phone,1,17.0,Credit Card,Male,1.0,4,Fashion,1,Single,4,0,26.0,1.0,,1.0,237.44,0
CUST-53767,28.0,Computer,1,18.0,Credit Card,Female,3.0,4,Grocery,1,Married,5,0,21.0,,2.0,13.0,285.32,0
CUST-53768,1.0,Mobile Phone,1,7.0,Cash on Delivery,Male,4.0,5,Mobile Phone,5,Single,8,0,14.0,1.0,2.0,8.0,148.62,1
CUST-53769,18.0,Mobile Phone,1,35.0,Debit Card,Male,3.0,4,Grocery,5,Divorced,5,0,14.0,,15.0,18.0,288.28,0
CUST-53770,13.0,Mobile Phone,1,13.0,Debit Card,Female,3.0,4,Fashion,4,Single,6,0,19.0,1.0,3.0,3.0,208.76,0
CUST-53771,20.0,Mobile Phone,3,10.0,Debit Card,Female,3.0,4,Grocery,4,Divorced,10,0,13.0,,6.0,2.0,291.06,0
CUST-53772,9.0,Mobile Phone,1,23.0,Debit Card,Female,4.0,5,Fashion,4,Single,3,0,20.0,2.0,4.0,,211.06,0
CUST-53773,1.0,Mobile Phone,1,27.0,Debit Card,Male,4.0,4,Laptop & Accessory,3,Single,2,0,15.0,2.0,2.0,3.0,147.72,0
CUST-53774,4.0,Mobile Phone,1,16.0,Debit Card,Male,3.0,4,Mobile Phone,5,Single,5,0,15.0,2.0,2.0,1.0,145.18,1
CUST-53775,8.0,Mobile Phone,3,7.0,Cash on Delivery,Male,4.0,5,Fashion,3,Divorced,3,1,15.0,8.0,9.0,7.0,195.83,0
CUST-53776,1.0,Computer,1,10.0,Debit Card,Female,3.0,4,Mobile Phone,3,Single,3,0,13.0,7.0,8.0,8.0,165.84,1
CUST-53777,24.0,Computer,1,29.0,Credit Card,Male,3.0,6,Grocery,1,Single,3,1,14.0,,14.0,10.0,269.11,0
CUST-53778,8.0,Mobile Phone,3,14.0,Cash on Delivery,Male,3.0,4,Mobile Phone,3,Married,2,1,26.0,1.0,6.0,8.0,148.08,0
CUST-53779,16.0,Mobile Phone,1,9.0,Credit Card,Male,4.0,5,Mobile Phone,4,Married,6,0,15.0,2.0,2.0,1.0,173.41,0
CUST-53780,11.0,Mobile Phone,1,20.0,Credit Card,Male,3.0,4,Laptop & Accessory,1,Married,3,0,18.0,1.0,4.0,8.0,167.85,0
CUST-53781,3.0,Mobile Phone,1,15.0,UPI,Female,3.0,6,Laptop & Accessory,5,Married,5,0,14.0,1.0,2.0,,222.15,0
CUST-53782,7.0,Mobile Phone,1,32.0,Debit Card,Male,3.0,5,Laptop & Accessory,4,Single,3,0,14.0,1.0,2.0,3.0,168.2,0
CUST-53783,19.0,Mobile Phone,1,35.0,Cash on Delivery,Male,4.0,4,Mobile Phone,1,Married,6,0,21.0,2.0,2.0,4.0,146.32,0
CUST-53784,16.0,Computer,1,9.0,Debit Card,Male,3.0,4,Fashion,1,Married,4,1,15.0,13.0,14.0,,226.24,0
CUST-53785,14.0,Mobile Phone,3,16.0,Credit Card,Male,3.0,4,Laptop & Accessory,5,Married,2,0,13.0,3.0,8.0,2.0,179.73,0
CUST-53786,7.0,Mobile Phone,1,35.0,Debit Card,Male,4.0,4,Laptop & Accessory,3,Married,3,1,13.0,2.0,6.0,8.0,177.07,0
CUST-53787,14.0,Mobile Phone,2,13.0,Credit Card,Male,3.0,4,Grocery,1,Single,3,1,22.0,,8.0,8.0,289.37,0
CUST-53788,1.0,Mobile Phone,1,28.0,Cash on Delivery,Male,3.0,5,Mobile Phone,5,Married,2,0,15.0,1.0,2.0,1.0,147.96,0
CUST-53789,14.0,Computer,1,15.0,Debit Card,Male,4.0,4,Laptop & Accessory,1,Married,5,1,19.0,3.0,3.0,3.0,165.69,0
CUST-53790,19.0,Mobile Phone,1,7.0,Cash on Delivery,Male,4.0,4,Fashion,4,Married,3,0,13.0,7.0,8.0,8.0,199.41,0
CUST-53791,9.0,Mobile Phone,3,7.0,Debit Card,Female,4.0,5,Mobile Phone,3,Married,2,0,24.0,3.0,5.0,3.0,149.3,0
CUST-53792,6.0,Mobile Phone,1,12.0,Debit Card,Female,4.0,5,Laptop & Accessory,4,Married,5,0,13.0,2.0,3.0,6.0,183.78,0
CUST-53793,10.0,Mobile Phone,3,9.0,Debit Card,Male,4.0,4,Mobile Phone,1,Single,5,1,22.0,1.0,2.0,3.0,151.44,0
CUST-53794,22.0,Mobile Phone,3,23.0,Debit Card,Female,4.0,4,Laptop & Accessory,3,Married,10,0,15.0,2.0,8.0,8.0,189.39,0
CUST-53795,3.0,Mobile Phone,1,16.0,Debit Card,Male,4.0,2,Mobile Phone,3,Married,8,0,19.0,2.0,2.0,1.0,149.51,0
CUST-53796,7.0,Mobile Phone,3,15.0,Debit Card,Male,3.0,4,Laptop & Accessory,5,Married,4,0,14.0,3.0,3.0,3.0,188.92,0
CUST-53797,1.0,Mobile Phone,3,7.0,Debit Card,Male,4.0,5,Laptop & Accessory,5,Married,3,0,12.0,4.0,7.0,,222.14,1
CUST-53798,12.0,Computer,2,17.0,UPI,Male,4.0,4,Laptop & Accessory,3,Married,5,0,12.0,1.0,2.0,3.0,185.77,0
CUST-53799,9.0,Mobile Phone,1,7.0,Credit Card,Male,4.0,5,Mobile Phone,5,Single,3,0,20.0,1.0,2.0,3.0,149.5,0
CUST-53800,4.0,Mobile Phone,3,36.0,Cash on Delivery,Male,3.0,4,Fashion,4,Married,5,0,13.0,1.0,2.0,,217.5,0
CUST-53801,1.0,Mobile Phone,1,9.0,Debit Card,Female,4.0,4,Mobile Phone,5,Married,3,1,13.0,2.0,2.0,1.0,145.74,1
CUST-53802,17.0,Mobile Phone,1,9.0,Cash on Delivery,Female,4.0,5,Fashion,1,Married,2,0,17.0,2.0,2.0,,226.69,1
CUST-53803,2.0,Mobile Phone,1,9.0,Credit Card,Male,3.0,4,Laptop & Accessory,4,Married,6,0,12.0,1.0,2.0,5.0,173.55,1
CUST-53804,6.0,Computer,1,7.0,Cash on Delivery,Male,4.0,4,Laptop & Accessory,5,Married,6,0,15.0,2.0,2.0,3.0,165.87,0
CUST-53805,22.0,Mobile Phone,1,22.0,UPI,Female,4.0,4,Mobile Phone,5,Married,10,0,13.0,8.0,8.0,7.0,148.67,0
CUST-53806,8.0,Mobile Phone,1,14.0,Credit Card,Male,3.0,4,Mobile Phone,1,Single,3,0,14.0,1.0,2.0,1.0,154.72,0
CUST-53807,29.0,Mobile Phone,3,33.0,E wallet,Male,3.0,5,Others,1,Married,3,0,,3.0,3.0,14.0,320.86,0
CUST-53808,8.0,Mobile Phone,1,7.0,Debit Card,Male,3.0,4,Laptop & Accessory,1,Married,11,0,18.0,2.0,3.0,2.0,179.84,0
CUST-53809,1.0,Mobile Phone,1,10.0,Debit Card,Female,3.0,4,Mobile Phone,1,Married,3,0,22.0,2.0,2.0,1.0,145.61,0
CUST-53810,12.0,Mobile Phone,3,21.0,Debit Card,Male,4.0,4,Laptop & Accessory,4,Married,2,0,12.0,6.0,8.0,,224.24,0
CUST-53811,12.0,Mobile Phone,3,23.0,Debit Card,Female,3.0,4,Laptop & Accessory,4,Single,4,0,13.0,1.0,2.0,3.0,166.98,0
CUST-53812,10.0,Mobile Phone,3,7.0,Debit Card,Female,4.0,4,Laptop & Accessory,3,Single,8,0,14.0,2.0,2.0,1.0,193.15,0
CUST-53813,3.0,Mobile Phone,1,10.0,Credit Card,Male,3.0,4,Mobile Phone,5,Single,3,1,19.0,1.0,2.0,6.0,172.23,0
CUST-53814,9.0,Mobile Phone,1,17.0,Credit Card,Female,3.0,4,Laptop & Accessory,3,Single,5,1,17.0,2.0,2.0,5.0,186.42,0
CUST-53815,13.0,Mobile Phone,3,13.0,Credit Card,Male,3.0,2,Fashion,3,Married,4,0,12.0,5.0,8.0,7.0,207.37,0
CUST-53816,3.0,Computer,1,9.0,Debit Card,Male,3.0,4,Laptop & Accessory,1,Married,3,0,20.0,1.0,2.0,,213.53,0
CUST-53817,24.0,Mobile Phone,3,6.0,E wallet,Male,3.0,4,Others,3,Married,6,1,,1.0,2.0,1.0,318.31,0
CUST-53818,1.0,Mobile Phone,1,17.0,Cash on Delivery,Male,3.0,2,Mobile Phone,3,Married,4,0,17.0,3.0,3.0,3.0,145.73,0
CUST-53819,10.0,Computer,1,13.0,Debit Card,Male,4.0,2,Laptop & Accessory,5,Married,5,1,14.0,2.0,2.0,3.0,180.62,0
CUST-53820,16.0,Mobile Phone,1,16.0,UPI,Male,4.0,5,Others,1,Single,10,0,,2.0,2.0,2.0,321.13,0
CUST-53821,9.0,Mobile Phone,1,35.0,Debit Card,Male,3.0,2,Laptop & Accessory,3,Married,3,0,18.0,6.0,7.0,9.0,159.07,0
CUST-53822,8.0,Computer,1,17.0,Cash on Delivery,Male,4.0,5,Laptop & Accessory,3,Married,3,0,15.0,3.0,8.0,8.0,175.63,0
CUST-53823,14.0,Mobile Phone,3,21.0,Debit Card,Female,3.0,4,Laptop & Accessory,5,Married,3,0,16.0,1.0,2.0,3.0,171.39,0
CUST-53824,17.0,Mobile Phone,1,34.0,Cash on Delivery,Male,3.0,2,Mobile Phone,4,Married,7,0,13.0,2.0,2.0,3.0,173.76,0
CUST-53825,9.0,Mobile Phone,1,14.0,Debit Card,Male,4.0,5,Mobile Phone,1,Married,3,0,19.0,2.0,2.0,2.0,151.9,0
CUST-53826,20.0,Mobile Phone,3,7.0,Debit Card,Male,3.0,2,Grocery,5,Single,3,0,,2.0,2.0,13.0,300.67,0
CUST-53827,1.0,Mobile Phone,1,31.0,Credit Card,Male,3.0,4,Mobile Phone,4,Married,3,1,18.0,1.0,2.0,1.0,149.08,1
CUST-53828,1.0,Computer,1,33.0,UPI,Female,3.0,5,Mobile Phone,3,Married,3,1,15.0,1.0,2.0,4.0,153.14,0
CUST-53829,24.0,Computer,1,27.0,Credit Card,Male,3.0,4,Grocery,3,Married,4,1,16.0,4.0,,14.0,237.45,0
CUST-53830,6.0,Mobile Phone,1,12.0,UPI,Female,3.0,2,Mobile Phone,1,Married,5,0,18.0,2.0,2.0,3.0,158.12,0
CUST-53831,18.0,Mobile Phone,1,14.0,Credit Card,Female,3.0,4,Others,1,Married,2,1,,2.0,2.0,11.0,315.49,0
CUST-53832,4.0,Mobile Phone,1,14.0,Credit Card,Male,3.0,5,Mobile Phone,4,Married,3,0,13.0,1.0,2.0,2.0,146.41,0
CUST-53833,19.0,Mobile Phone,1,12.0,Credit Card,Female,3.0,6,Laptop & Accessory,5,Single,3,1,15.0,2.0,2.0,5.0,182.69,0
CUST-53834,19.0,Computer,3,33.0,E wallet,Male,3.0,5,Laptop & Accessory,5,Married,3,0,16.0,1.0,5.0,6.0,168.85,0
CUST-53835,5.0,Computer,3,9.0,UPI,Male,3.0,4,Laptop & Accessory,5,Single,9,0,14.0,1.0,2.0,4.0,178.32,0
CUST-53836,10.0,Mobile Phone,1,19.0,Debit Card,Female,4.0,4,Laptop & Accessory,3,Married,11,1,13.0,1.0,2.0,2.0,171.63,0
CUST-53837,8.0,Computer,1,17.0,Debit Card,Male,3.0,2,Laptop & Accessory,1,Married,3,0,14.0,6.0,8.0,3.0,172.24,0
CUST-53838,23.0,Mobile Phone,1,32.0,Debit Card,Female,3.0,4,Mobile Phone,5,Married,3,0,15.0,1.0,2.0,5.0,157.11,0
CUST-53839,13.0,Mobile Phone,1,17.0,Credit Card,Male,4.0,4,Laptop & Accessory,5,Married,4,0,14.0,5.0,8.0,8.0,178.77,0
CUST-53840,1.0,Mobile Phone,1,26.0,UPI,Male,4.0,5,Mobile Phone,5,Married,3,0,12.0,1.0,2.0,8.0,165.66,0
CUST-53841,9.0,Mobile Phone,1,25.0,Debit Card,Male,3.0,2,Laptop & Accessory,5,Married,3,0,12.0,1.0,2.0,11.0,177.08,0
CUST-53842,2.0,Mobile Phone,1,34.0,Credit Card,Female,3.0,6,Laptop & Accessory,5,Married,2,0,22.0,2.0,2.0,1.0,25.0,0
CUST-53843,1.0,Mobile Phone,1,12.0,Credit Card,Male,4.0,4,Mobile Phone,1,Single,3,0,19.0,2.0,3.0,3.0,156.17,0
CUST-53844,1.0,Computer,3,10.0,Credit Card,Female,4.0,4,Mobile Phone,1,Single,3,1,13.0,1.0,2.0,1.0,140.69,1
CUST-53845,21.0,Mobile Phone,2,33.0,Debit Card,Female,4.0,4,Others,3,Married,5,0,,2.0,2.0,1.0,321.58,0
CUST-53846,13.0,Mobile Phone,1,10.0,Credit Card,Male,4.0,5,Laptop & Accessory,3,Married,2,0,16.0,1.0,2.0,8.0,155.69,0
CUST-53847,14.0,Mobile Phone,1,22.0,Debit Card,Female,4.0,5,Fashion,3,Married,3,0,14.0,2.0,15.0,,229.35,0
CUST-53848,9.0,Computer,1,15.0,Debit Card,Female,3.0,4,Laptop & Accessory,3,Married,3,0,13.0,3.0,3.0,10.0,166.48,0
CUST-53849,11.0,Mobile Phone,1,26.0,Debit Card,Male,3.0,4,Laptop & Accessory,3,Married,5,0,18.0,1.0,2.0,3.0,182.68,0
CUST-53850,13.0,Computer,1,11.0,Credit Card,Female,3.0,4,Laptop & Accessory,3,Single,2,0,14.0,4.0,4.0,9.0,175.42,0
CUST-53851,19.0,Mobile Phone,1,9.0,UPI,Female,3.0,5,Laptop & Accessory,1,Married,3,0,20.0,3.0,4.0,10.0,182.7,0
CUST-53852,12.0,Mobile Phone,1,9.0,Credit Card,Female,3.0,5,Fashion,3,Married,5,1,20.0,2.0,2.0,3.0,202.56,0
CUST-53853,1.0,Mobile Phone,3,17.0,Credit Card,Male,3.0,5,Fashion,5,Married,11,0,18.0,5.0,7.0,,228.06,1
CUST-53854,11.0,Mobile Phone,1,17.0,Credit Card,Female,4.0,4,Mobile Phone,4,Married,3,0,12.0,2.0,8.0,8.0,164.36,0
CUST-53855,14.0,Mobile Phone,1,23.0,Debit Card,Female,3.0,4,Fashion,1,Single,8,1,16.0,2.0,4.0,4.0,204.45,0
CUST-53856,18.0,Computer,2,7.0,UPI,Male,3.0,4,Laptop & Accessory,1,Married,6,1,12.0,2.0,2.0,3.0,182.43,0
CUST-53857,22.0,Computer,1,11.0,Credit Card,Male,3.0,5,Grocery,1,Married,4,0,26.0,,3.0,3.0,277.02,0
CUST-53858,1.0,Mobile Phone,3,22.0,Credit Card,Male,3.0,6,Laptop & Accessory,1,Married,8,1,15.0,2.0,3.0,3.0,179.4,1
CUST-53859,1.0,Computer,1,9.0,Cash on Delivery,Female,3.0,4,Mobile Phone,1,Single,3,1,14.0,2.0,2.0,4.0,162.6,0
CUST-53860,1.0,Mobile Phone,1,15.0,Credit Card,Female,3.0,2,Mobile Phone,3,Married,9,0,18.0,1.0,2.0,3.0,160.17,0
CUST-53861,1.0,Computer,1,9.0,Credit Card,Male,3.0,4,Mobile Phone,1,Single,4,0,14.0,1.0,2.0,3.0,150.8,0
CUST-53862,4.0,Mobile Phone,1,14.0,Debit Card,Male,4.0,4,Mobile Phone,5,Single,5,1,15.0,1.0,2.0,4.0,146.66,1
CUST-53863,3.0,Mobile Phone,3,17.0,Credit Card,Male,3.0,5,Laptop & Accessory,3,Single,11,0,12.0,2.0,2.0,5.0,183.69,0
CUST-53864,10.0,Mobile Phone,1,12.0,Debit Card,Female,3.0,4,Fashion,5,Married,6,0,13.0,2.0,2.0,3.0,205.08,0
CUST-53865,1.0,Computer,1,9.0,Debit Card,Male,4.0,2,Laptop & Accessory,3,Married,3,0,18.0,1.0,2.0,8.0,177.06,0
CUST-53866,13.0,Mobile Phone,1,19.0,Credit Card,Male,4.0,4,Laptop & Accessory,4,Married,6,0,22.0,2.0,2.0,1.0,177.95,0
CUST-53867,23.0,Mobile Phone,1,29.0,UPI,Female,4.0,4,Grocery,4,Married,5,0,17.0,,2.0,3.0,289.13,0
CUST-53868,24.0,Mobile Phone,1,24.0,Debit Card,Female,3.0,5,Fashion,5,Married,7,0,16.0,2.0,,12.0,257.69,0
CUST-53869,1.0,Mobile Phone,3,9.0,Credit Card,Female,3.0,4,Mobile Phone,3,Single,3,0,20.0,1.0,3.0,3.0,152.83,0
CUST-53870,8.0,Mobile Phone,1,10.0,Debit Card,Female,4.0,4,Laptop & Accessory,4,Married,3,0,13.0,8.0,8.0,10.0,179.33,0
CUST-53871,10.0,Mobile Phone,1,14.0,Debit Card,Male,4.0,4,Mobile Phone,4,Single,4,0,12.0,1.0,2.0,4.0,145.13,0
CUST-53872,23.0,Mobile Phone,1,13.0,Debit Card,Female,3.0,5,Grocery,3,Married,4,1,20.0,,3.0,13.0,264.66,0
CUST-53873,10.0,Computer,1,7.0,Credit Card,Female,3.0,5,Laptop & Accessory,3,Married,2,0,16.0,2.0,2.0,3.0,168.74,0
CUST-53874,10.0,Mobile Phone,1,10.0,Debit Card,Male,4.0,2,Laptop & Accessory,5,Married,8,0,21.0,2.0,2.0,5.0,193.42,0
CUST-53875,28.0,Mobile Phone,1,29.0,Credit Card,Female,4.0,4,Grocery,3,Married,5,0,,3.0,5.0,8.0,299.26,0
CUST-53876,17.0,Mobile Phone,1,22.0,Debit Card,Male,4.0,5,Grocery,3,Married,3,0,,5.0,7.0,12.0,301.03,0
CUST-53877,1.0,Computer,3,19.0,UPI,Male,3.0,4,Laptop & Accessory,1,Single,5,1,25.0,4.0,7.0,8.0,170.81,1
CUST-53878,12.0,Computer,1,7.0,Debit Card,Male,3.0,4,Laptop & Accessory,1,Married,9,0,16.0,3.0,3.0,10.0,172.35,0
CUST-53879,3.0,Mobile Phone,3,12.0,Credit Card,Male,3.0,5,Laptop & Accessory,4,Married,3,1,14.0,1.0,2.0,10.0,166.87,0
CUST-53880,7.0,Mobile Phone,3,9.0,Credit Card,Male,4.0,4,Laptop & Accessory,1,Married,3,0,15.0,2.0,2.0,5.0,180.05,0
CUST-53881,6.0,Mobile Phone,1,9.0,Credit Card,Male,3.0,4,Laptop & Accessory,4,Married,2,0,14.0,1.0,2.0,7.0,179.7,0
CUST-53882,5.0,Mobile Phone,3,12.0,Debit Card,Female,4.0,4,Laptop & Accessory,1,Married,3,0,12.0,1.0,2.0,3.0,179.76,0
CUST-53883,23.0,Mobile Phone,1,23.0,Credit Card,Female,4.0,4,Mobile Phone,5,Married,6,1,17.0,2.0,3.0,3.0,150.87,0
CUST-53884,12.0,Computer,1,9.0,Credit Card,Female,3.0,5,Mobile Phone,4,Single,3,0,23.0,2.0,4.0,4.0,149.4,0
CUST-53885,21.0,Mobile Phone,3,9.0,Debit Card,Female,3.0,2,Grocery,4,Married,8,0,15.0,,2.0,3.0,284.72,0
CUST-53886,23.0,Mobile Phone,1,7.0,Debit Card,Male,3.0,4,Grocery,3,Single,6,0,15.0,,2.0,1.0,278.79,0
CUST-53887,15.0,Mobile Phone,3,30.0,Debit Card,Male,4.0,4,Fashion,3,Single,5,1,17.0,1.0,2.0,3.0,195.82,0
CUST-53888,1.0,Mobile Phone,3,16.0,Debit Card,Male,3.0,4,Mobile Phone,5,Single,3,0,12.0,1.0,2.0,3.0,152.28,0
CUST-53889,7.0,Computer,3,23.0,Debit Card,Female,3.0,4,Laptop & Accessory,1,Married,3,1,26.0,1.0,2.0,3.0,178.68,0
CUST-53890,10.0,Mobile Phone,1,33.0,Debit Card,Male,4.0,4,Laptop & Accessory,3,Married,8,0,15.0,2.0,2.0,3.0,178.47,0
CUST-53891,18.0,Mobile Phone,2,7.0,Debit Card,Female,3.0,4,Mobile Phone,1,Married,6,1,19.0,3.0,3.0,3.0,156.95,0
CUST-53892,1.0,Mobile Phone,1,15.0,Credit Card,Male,4.0,5,Mobile Phone,3,Single,3,1,12.0,2.0,2.0,3.0,164.89,1
CUST-53893,12.0,Mobile Phone,1,11.0,Credit Card,Female,3.0,4,Mobile Phone,3,Married,9,0,20.0,1.0,2.0,1.0,158.06,0
CUST-53894,27.0,Mobile Phone,1,31.0,Credit Card,Male,3.0,2,Fashion,1,Married,5,0,16.0,1.0,2.0,3.0,195.05,0
CUST-53895,12.0,Computer,3,14.0,Credit Card,Female,4.0,4,Mobile Phone,3,Married,4,1,12.0,5.0,8.0,8.0,151.55,1
CUST-53896,1.0,Mobile Phone,1,9.0,Debit Card,Male,4.0,4,Mobile Phone,4,Single,3,0,13.0,2.0,2.0,1.0,138.93,1
CUST-53897,1.0,Computer,1,14.0,Credit Card,Male,4.0,4,Mobile Phone,1,Single,3,0,21.0,6.0,6.0,8.0,150.7,0
CUST-53898,29.0,Mobile Phone,1,29.0,Cash on Delivery,Male,4.0,5,Mobile Phone,4,Married,7,0,13.0,2.0,2.0,3.0,160.37,0
CUST-53899,8.0,Mobile Phone,1,12.0,Credit Card,Male,3.0,5,Laptop & Accessory,1,Married,3,0,15.0,5.0,5.0,14.0,164.86,0
CUST-53900,31.0,Mobile Phone,1,7.0,Credit Card,Male,4.0,6,Fashion,1,Married,5,0,21.0,1.0,,1.0,233.82999999999998,0
CUST-53901,7.0,Mobile Phone,1,28.0,Credit Card,Male,4.0,2,Mobile Phone,4,Married,3,0,19.0,3.0,3.0,14.0,145.28,0
CUST-53902,11.0,Computer,3,7.0,Credit Card,Male,3.0,6,Laptop & Accessory,1,Married,3,0,15.0,1.0,2.0,,220.25,0
CUST-53903,8.0,Mobile Phone,1,26.0,Debit Card,Female,3.0,5,Mobile Phone,1,Married,3,0,13.0,4.0,9.0,8.0,154.29,0
CUST-53904,1.0,Mobile Phone,3,14.0,Debit Card,Male,3.0,4,Mobile Phone,1,Married,3,1,22.0,2.0,2.0,3.0,147.75,1
CUST-53905,18.0,Mobile Phone,1,9.0,Debit Card,Female,4.0,2,Fashion,1,Married,3,1,20.0,7.0,7.0,8.0,203.79,0
CUST-53906,9.0,Computer,1,9.0,Credit Card,Male,4.0,5,Mobile Phone,1,Single,2,1,15.0,2.0,2.0,5.0,174.3,0
CUST-53907,17.0,Mobile Phone,3,9.0,Credit Card,Male,4.0,4,Laptop & Accessory,1,Married,3,1,18.0,1.0,9.0,9.0,203.47,0
CUST-53908,1.0,Mobile Phone,1,16.0,Credit Card,Male,4.0,2,Mobile Phone,3,Married,3,0,17.0,1.0,2.0,5.0,169.01,0
CUST-53909,15.0,Mobile Phone,3,13.0,E wallet,Male,3.0,4,Fashion,3,Single,3,0,13.0,7.0,9.0,,217.41,0
CUST-53910,3.0,Mobile Phone,1,16.0,Credit Card,Female,3.0,4,Mobile Phone,3,Married,11,0,18.0,2.0,2.0,3.0,154.74,0
CUST-53911,10.0,Mobile Phone,3,9.0,Debit Card,Female,3.0,4,Laptop & Accessory,1,Single,5,0,16.0,4.0,7.0,8.0,170.02,0
CUST-53912,19.0,Computer,1,7.0,Debit Card,Male,4.0,5,Fashion,3,Married,5,0,24.0,4.0,,5.0,232.48000000000002,0
CUST-53913,1.0,Mobile Phone,2,29.0,UPI,Male,3.0,6,Mobile Phone,3,Married,3,0,12.0,1.0,2.0,1.0,140.55,1
CUST-53914,11.0,Computer,3,16.0,Debit Card,Male,3.0,6,Grocery,3,Married,9,0,12.0,2.0,,11.0,254.36,1
CUST-53915,1.0,Mobile Phone,1,24.0,Credit Card,Male,4.0,6,Mobile Phone,3,Married,3,0,16.0,1.0,2.0,3.0,148.05,0
CUST-53916,19.0,Mobile Phone,1,35.0,Cash on Delivery,Female,3.0,5,Grocery,4,Single,3,0,,4.0,9.0,7.0,292.04,0
CUST-53917,6.0,Computer,1,17.0,Debit Card,Male,3.0,4,Mobile Phone,3,Married,8,0,14.0,1.0,2.0,4.0,159.33,0
CUST-53918,5.0,Mobile Phone,1,9.0,Debit Card,Male,4.0,4,Mobile Phone,3,Married,3,0,15.0,1.0,2.0,4.0,159.77,0
CUST-53919,15.0,Computer,2,11.0,UPI,Male,3.0,6,Laptop & Accessory,4,Married,8,0,20.0,1.0,2.0,3.0,189.3,0
CUST-53920,14.0,Mobile Phone,1,15.0,Debit Card,Female,4.0,4,Laptop & Accessory,5,Married,4,1,17.0,1.0,2.0,1.0,190.16,0
CUST-53921,1.0,Mobile Phone,1,36.0,Credit Card,Male,4.0,4,Mobile Phone,5,Married,3,0,14.0,2.0,2.0,3.0,164.07,0
CUST-53922,20.0,Mobile Phone,1,20.0,Debit Card,Male,3.0,4,Laptop & Accessory,4,Single,8,0,15.0,2.0,2.0,10.0,180.62,0
CUST-53923,9.0,Mobile Phone,1,34.0,Debit Card,Male,3.0,4,Laptop & Accessory,3,Married,4,0,17.0,1.0,2.0,8.0,193.83,0
CUST-53924,4.0,Mobile Phone,1,23.0,Debit Card,Male,3.0,4,Mobile Phone,1,Married,3,0,13.0,1.0,2.0,9.0,153.62,0
CUST-53925,21.0,Computer,3,9.0,E wallet,Male,3.0,4,Laptop & Accessory,4,Married,9,0,12.0,1.0,2.0,1.0,174.78,0
CUST-53926,20.0,Mobile Phone,3,9.0,Debit Card,Male,4.0,4,Fashion,1,Married,6,1,13.0,1.0,2.0,,228.68,0
CUST-53927,1.0,Mobile Phone,3,20.0,E wallet,Male,4.0,5,Laptop & Accessory,5,Married,7,1,14.0,3.0,3.0,3.0,186.34,1
CUST-53928,1.0,Mobile Phone,3,7.0,Debit Card,Male,3.0,6,Laptop & Accessory,4,Single,8,0,16.0,1.0,2.0,1.0,192.35,1
CUST-53929,1.0,Mobile Phone,1,11.0,Credit Card,Female,3.0,4,Mobile Phone,4,Single,3,0,14.0,2.0,2.0,3.0,157.95,0
CUST-53930,5.0,Computer,1,31.0,Cash on Delivery,Female,2.0,4,Laptop & Accessory,1,Single,4,0,21.0,2.0,2.0,5.0,177.38,0
CUST-53931,13.0,Computer,1,7.0,Debit Card,Male,4.0,4,Laptop & Accessory,1,Married,3,1,16.0,4.0,6.0,9.0,189.72,0
CUST-53932,6.0,Mobile Phone,3,26.0,Debit Card,Male,4.0,6,Fashion,3,Married,5,0,14.0,2.0,2.0,,221.1,0
CUST-53933,14.0,Mobile Phone,3,14.0,Credit Card,Male,3.0,4,Others,4,Single,3,0,,2.0,13.0,9.0,323.33,0
CUST-53934,19.0,Mobile Phone,2,11.0,Debit Card,Female,3.0,6,Fashion,3,Married,6,0,22.0,2.0,2.0,,222.56,0
CUST-53935,4.0,Computer,1,9.0,Cash on Delivery,Female,4.0,5,Mobile Phone,5,Single,2,0,17.0,1.0,2.0,8.0,174.68,0
CUST-53936,1.0,Computer,2,17.0,Credit Card,Male,3.0,4,Mobile Phone,1,Married,2,0,15.0,2.0,3.0,2.0,146.45,0
CUST-53937,1.0,Computer,2,15.0,UPI,Female,4.0,5,Mobile Phone,1,Married,8,0,12.0,2.0,2.0,3.0,146.8,1
CUST-53938,5.0,Mobile Phone,3,12.0,Cash on Delivery,Male,3.0,4,Laptop & Accessory,3,Married,3,0,20.0,1.0,2.0,3.0,208.46,0
CUST-53939,1.0,Mobile Phone,1,15.0,Credit Card,Female,4.0,4,Mobile Phone,1,Single,3,0,12.0,2.0,2.0,5.0,159.45,0
CUST-53940,1.0,Mobile Phone,3,16.0,E wallet,Female,3.0,6,Mobile Phone,4,Single,3,0,14.0,2.0,3.0,3.0,152.6,1
CUST-53941,3.0,Computer,1,7.0,Debit Card,Male,4.0,2,Laptop & Accessory,3,Single,10,1,13.0,1.0,2.0,3.0,187.94,0
CUST-53942,4.0,Mobile Phone,3,22.0,E wallet,Male,4.0,5,Fashion,5,Married,4,0,12.0,1.0,2.0,8.0,196.4,0
CUST-53943,8.0,Mobile Phone,1,9.0,Credit Card,Male,4.0,2,Mobile Phone,1,Married,2,1,15.0,1.0,2.0,3.0,154.32,0
CUST-53944,7.0,Computer,3,9.0,E wallet,Female,4.0,4,Laptop & Accessory,4,Single,10,0,16.0,1.0,2.0,8.0,176.47,0
CUST-53945,23.0,Mobile Phone,3,18.0,E wallet,Female,4.0,4,Laptop & Accessory,1,Single,5,0,13.0,1.0,2.0,5.0,170.07,0
CUST-53946,1.0,Mobile Phone,3,23.0,Debit Card,Female,4.0,4,Fashion,5,Single,4,1,21.0,1.0,2.0,,210.64,1
CUST-53947,12.0,Computer,1,9.0,Credit Card,Female,4.0,5,Mobile Phone,4,Married,6,0,15.0,1.0,2.0,6.0,149.68,0
CUST-53948,1.0,Mobile Phone,3,23.0,E wallet,Male,4.0,4,Fashion,3,Married,4,0,14.0,2.0,2.0,1.0,206.61,1
CUST-53949,3.0,Mobile Phone,1,11.0,Cash on Delivery,Female,4.0,5,Mobile Phone,5,Married,3,0,14.0,1.0,2.0,1.0,146.09,0
CUST-53950,1.0,Mobile Phone,1,23.0,Debit Card,Male,3.0,2,Laptop & Accessory,3,Married,5,0,17.0,2.0,2.0,8.0,177.94,0
CUST-53951,6.0,Computer,1,12.0,Cash on Delivery,Male,4.0,4,Mobile Phone,4,Single,4,0,15.0,2.0,2.0,8.0,152.18,0
CUST-53952,12.0,Mobile Phone,1,25.0,Credit Card,Male,3.0,6,Laptop & Accessory,1,Married,5,1,17.0,1.0,2.0,1.0,183.11,0
CUST-53953,7.0,Computer,1,24.0,Cash on Delivery,Male,3.0,5,Mobile Phone,3,Married,11,1,17.0,2.0,2.0,1.0,149.37,1
CUST-53954,16.0,Mobile Phone,1,19.0,Credit Card,Male,3.0,4,Mobile Phone,4,Married,10,0,23.0,2.0,2.0,5.0,152.66,0
CUST-53955,29.0,Mobile Phone,1,9.0,Credit Card,Male,3.0,5,Others,5,Married,10,0,,1.0,2.0,1.0,315.38,0
CUST-53956,7.0,Computer,1,11.0,Cash on Delivery,Male,3.0,4,Laptop & Accessory,4,Married,7,0,16.0,1.0,2.0,8.0,155.55,0
CUST-53957,15.0,Mobile Phone,1,16.0,Debit Card,Male,4.0,4,Mobile Phone,5,Married,3,0,21.0,2.0,2.0,5.0,147.89,0
CUST-53958,8.0,Computer,3,17.0,Debit Card,Male,3.0,4,Laptop & Accessory,3,Married,3,1,15.0,2.0,2.0,8.0,165.01,0
CUST-53959,27.0,Computer,1,7.0,Credit Card,Female,3.0,5,Grocery,3,Married,6,1,21.0,1.0,,3.0,254.64999999999998,0
CUST-53960,17.0,Mobile Phone,2,9.0,Debit Card,Male,4.0,4,Mobile Phone,1,Single,2,0,14.0,1.0,2.0,9.0,160.39,0
CUST-53961,8.0,Mobile Phone,3,10.0,Debit Card,Female,3.0,6,Laptop & Accessory,1,Single,7,0,13.0,2.0,3.0,3.0,185.29,0
CUST-53962,1.0,Mobile Phone,3,14.0,E wallet,Male,3.0,4,Mobile Phone,4,Single,3,0,14.0,2.0,2.0,1.0,151.79,1
CUST-53963,12.0,Mobile Phone,1,13.0,UPI,Female,3.0,5,Mobile Phone,3,Married,3,0,12.0,1.0,2.0,5.0,162.02,0
CUST-53964,1.0,Mobile Phone,1,15.0,Credit Card,Female,4.0,4,Mobile Phone,5,Married,3,1,18.0,1.0,2.0,1.0,148.98,1
CUST-53965,5.0,Mobile Phone,3,36.0,E wallet,Female,4.0,5,Laptop & Accessory,1,Married,3,0,15.0,3.0,6.0,8.0,179.68,0
CUST-53966,25.0,Mobile Phone,1,10.0,Cash on Delivery,Female,3.0,4,Fashion,3,Married,4,0,12.0,3.0,,3.0,256.16,0
CUST-53967,11.0,Mobile Phone,3,16.0,E wallet,Male,3.0,5,Laptop & Accessory,4,Married,3,0,15.0,1.0,2.0,4.0,166.89,0
CUST-53968,20.0,Mobile Phone,1,9.0,Credit Card,Male,3.0,4,Others,1,Married,9,1,,2.0,3.0,3.0,318.28,0
CUST-53969,10.0,Mobile Phone,1,17.0,Debit Card,Male,3.0,4,Fashion,5,Married,9,1,14.0,2.0,6.0,8.0,208.21,0
CUST-53970,8.0,Computer,1,7.0,Credit Card,Male,3.0,4,Mobile Phone,4,Married,3,1,13.0,2.0,3.0,4.0,148.42,1
CUST-53971,11.0,Mobile Phone,2,15.0,UPI,Male,3.0,4,Laptop & Accessory,4,Married,4,0,14.0,5.0,5.0,8.0,165.71,0
CUST-53972,1.0,Mobile Phone,3,34.0,Debit Card,Male,3.0,4,Laptop & Accessory,1,Single,3,1,19.0,1.0,8.0,8.0,183.13,1
CUST-53973,7.0,Mobile Phone,1,15.0,Debit Card,Male,3.0,2,Mobile Phone,5,Married,8,0,20.0,7.0,8.0,7.0,156.43,0
CUST-53974,2.0,Mobile Phone,1,7.0,Debit Card,Male,3.0,4,Mobile Phone,1,Married,3,0,12.0,1.0,2.0,4.0,145.44,0
CUST-53975,13.0,Mobile Phone,1,17.0,Credit Card,Male,4.0,4,Fashion,3,Single,9,0,22.0,3.0,,3.0,259.64,0
CUST-53976,20.0,Computer,3,33.0,Debit Card,Male,4.0,5,Laptop & Accessory,4,Single,10,0,16.0,3.0,3.0,3.0,204.91,0
CUST-53977,14.0,Mobile Phone,1,9.0,Debit Card,Female,3.0,4,Mobile Phone,5,Married,6,0,18.0,2.0,2.0,3.0,158.77,0
CUST-53978,16.0,Mobile Phone,1,20.0,Credit Card,Male,4.0,2,Laptop & Accessory,5,Married,7,0,19.0,2.0,2.0,1.0,180.38,0
CUST-53979,9.0,Computer,1,9.0,Credit Card,Male,3.0,4,Laptop & Accessory,1,Married,4,0,15.0,1.0,2.0,8.0,182.62,0
CUST-53980,12.0,Computer,2,9.0,UPI,Male,4.0,4,Mobile Phone,4,Married,7,0,14.0,4.0,4.0,9.0,150.92,0
CUST-53981,1.0,Computer,1,16.0,Debit Card,Male,4.0,4,Laptop & Accessory,5,Married,6,0,18.0,1.0,2.0,8.0,178.46,1
CUST-53982,1.0,Mobile Phone,1,17.0,Credit Card,Male,3.0,4,Laptop & Accessory,5,Single,3,0,16.0,1.0,2.0,9.0,167.13,1
CUST-53983,13.0,Computer,3,27.0,Debit Card,Male,3.0,4,Laptop & Accessory,1,Married,4,0,19.0,2.0,3.0,3.0,166.27,0
CUST-53984,17.0,Computer,1,16.0,Debit Card,Male,3.0,4,Mobile Phone,3,Single,6,0,14.0,1.0,2.0,3.0,149.38,0
CUST-53985,15.0,Mobile Phone,1,12.0,Debit Card,Male,3.0,2,Laptop & Accessory,4,Single,5,0,13.0,2.0,2.0,3.0,193.7,0
CUST-53986,15.0,Mobile Phone,3,11.0,E wallet,Female,3.0,4,Fashion,3,Married,2,1,14.0,1.0,14.0,,229.47,0
CUST-53987,4.0,Mobile Phone,1,17.0,Credit Card,Female,4.0,4,Fashion,3,Single,11,0,15.0,1.0,2.0,,221.67,0
CUST-53988,1.0,Mobile Phone,2,27.0,Credit Card,Female,4.0,4,Mobile Phone,4,Married,2,1,12.0,1.0,2.0,5.0,146.48,1
CUST-53989,10.0,Mobile Phone,1,28.0,Credit Card,Female,4.0,4,Laptop & Accessory,4,Married,6,0,23.0,2.0,4.0,,214.26,1
CUST-53990,14.0,Mobile Phone,1,7.0,Debit Card,Female,3.0,4,Laptop & Accessory,1,Married,6,0,18.0,1.0,2.0,4.0,190.13,0
CUST-53991,8.0,Mobile Phone,3,15.0,Cash on Delivery,Male,4.0,2,Laptop & Accessory,3,Married,3,0,22.0,1.0,5.0,9.0,192.99,0
CUST-53992,31.0,Computer,3,9.0,Credit Card,Male,3.0,4,Grocery,4,Married,6,0,23.0,11.0,15.0,15.0,25.0,0
CUST-53993,9.0,Mobile Phone,1,30.0,Credit Card,Male,4.0,6,Mobile Phone,3,Married,2,0,17.0,2.0,2.0,4.0,152.05,0
CUST-53994,21.0,Mobile Phone,1,11.0,Debit Card,Female,4.0,5,Fashion,4,Married,10,1,13.0,3.0,15.0,,228.33,0
CUST-53995,14.0,Mobile Phone,1,19.0,Debit Card,Female,3.0,4,Laptop & Accessory,5,Married,4,0,13.0,8.0,8.0,8.0,169.48,0
CUST-53996,28.0,Mobile Phone,1,14.0,Credit Card,Female,4.0,4,Laptop & Accessory,1,Married,6,0,16.0,2.0,2.0,8.0,193.54,0
CUST-53997,5.0,Computer,3,14.0,E wallet,Female,4.0,4,Fashion,5,Married,4,0,15.0,3.0,3.0,,221.37,0
CUST-53998,2.0,Mobile Phone,1,7.0,Credit Card,Female,4.0,4,Mobile Phone,5,Married,3,0,26.0,2.0,2.0,3.0,160.91,0
CUST-53999,12.0,Mobile Phone,3,9.0,E wallet,Female,4.0,6,Laptop & Accessory,1,Married,4,1,21.0,1.0,2.0,4.0,179.05,0
CUST-54000,1.0,Mobile Phone,3,17.0,Credit Card,Male,3.0,4,Laptop & Accessory,1,Single,3,0,14.0,1.0,2.0,3.0,171.84,0
CUST-54001,31.0,Computer,1,22.0,Debit Card,Male,3.0,4,Grocery,3,Married,4,1,15.0,,3.0,3.0,282.87,0
CUST-54002,1.0,Computer,1,21.0,Credit Card,Female,3.0,4,Mobile Phone,3,Single,3,0,17.0,2.0,2.0,1.0,140.14,0
CUST-54003,1.0,Mobile Phone,2,25.0,UPI,Male,3.0,2,Mobile Phone,5,Married,2,0,18.0,2.0,2.0,1.0,154.56,1
CUST-54004,1.0,Mobile Phone,2,20.0,UPI,Male,3.0,5,Mobile Phone,5,Married,6,1,16.0,2.0,3.0,1.0,148.35,1
CUST-54005,19.0,Computer,3,9.0,Debit Card,Female,4.0,4,Laptop & Accessory,3,Married,6,0,23.0,4.0,6.0,8.0,176.54,0
CUST-54006,10.0,Mobile Phone,1,9.0,UPI,Female,4.0,4,Laptop & Accessory,4,Married,6,1,23.0,1.0,2.0,1.0,194.62,0
CUST-54007,17.0,Computer,3,9.0,Debit Card,Male,4.0,4,Laptop & Accessory,1,Married,3,0,21.0,6.0,8.0,8.0,181.75,0
CUST-54008,1.0,Computer,1,12.0,Debit Card,Female,3.0,4,Mobile Phone,1,Single,2,1,15.0,2.0,2.0,3.0,148.79,0
CUST-54009,3.0,Computer,1,27.0,Credit Card,Male,3.0,4,Mobile Phone,1,Married,3,0,14.0,2.0,4.0,11.0,163.12,0
CUST-54010,6.0,Computer,3,17.0,E wallet,Male,4.0,4,Laptop & Accessory,1,Single,10,0,14.0,2.0,2.0,1.0,171.48,0
CUST-54011,16.0,Computer,1,17.0,Cash on Delivery,Male,3.0,4,Mobile Phone,3,Married,5,0,23.0,2.0,4.0,4.0,154.36,0
CUST-54012,21.0,Mobile Phone,1,16.0,Debit Card,Female,4.0,4,Mobile Phone,3,Single,6,0,13.0,2.0,3.0,1.0,146.05,0
CUST-54013,20.0,Mobile Phone,1,9.0,Debit Card,Male,3.0,4,Fashion,1,Married,5,0,15.0,2.0,5.0,,210.78,0
CUST-54014,2.0,Computer,2,7.0,Debit Card,Male,3.0,4,Mobile Phone,1,Married,3,0,16.0,1.0,3.0,3.0,152.06,0
CUST-54015,3.0,Mobile Phone,1,36.0,Debit Card,Male,4.0,6,Laptop & Accessory,3,Married,10,0,18.0,2.0,2.0,7.0,188.84,0
CUST-54016,16.0,Mobile Phone,1,15.0,Debit Card,Male,3.0,4,Mobile Phone,3,Single,6,0,14.0,2.0,2.0,1.0,164.68,0
CUST-54017,1.0,Mobile Phone,3,9.0,E wallet,Male,3.0,5,Laptop & Accessory,4,Single,9,1,13.0,3.0,3.0,,224.07,1
CUST-54018,20.0,Mobile Phone,3,10.0,Cash on Delivery,Female,3.0,2,Grocery,5,Married,4,0,13.0,2.0,,9.0,257.25,0
CUST-54019,1.0,Mobile Phone,3,30.0,Credit Card,Female,3.0,5,Laptop & Accessory,3,Married,3,0,22.0,5.0,6.0,9.0,160.4,0
CUST-54020,3.0,Mobile Phone,2,13.0,Credit Card,Male,3.0,5,Mobile Phone,4,Married,3,0,12.0,2.0,2.0,1.0,153.04,0
CUST-54021,17.0,Mobile Phone,1,13.0,Credit Card,Female,3.0,5,Others,3,Married,9,0,,4.0,7.0,15.0,318.92,0
CUST-54022,22.0,Mobile Phone,1,17.0,Debit Card,Male,4.0,5,Others,4,Married,6,0,,4.0,13.0,10.0,321.65,0
CUST-54023,1.0,Computer,1,31.0,Debit Card,Male,4.0,5,Mobile Phone,1,Single,3,1,25.0,2.0,2.0,1.0,149.39,1
CUST-54024,10.0,Mobile Phone,3,17.0,Debit Card,Female,4.0,4,Fashion,4,Married,7,0,22.0,1.0,2.0,8.0,198.14,1
CUST-54025,1.0,Computer,1,22.0,Debit Card,Female,4.0,5,Mobile Phone,5,Married,2,0,20.0,8.0,8.0,4.0,172.74,0
CUST-54026,13.0,Mobile Phone,1,26.0,UPI,Male,3.0,4,Laptop & Accessory,1,Married,10,0,15.0,2.0,3.0,3.0,164.02,0
CUST-54027,29.0,Mobile Phone,1,9.0,Cash on Delivery,Male,4.0,5,Mobile Phone,1,Married,10,0,21.0,1.0,2.0,5.0,151.62,0
CUST-54028,2.0,Mobile Phone,3,10.0,Credit Card,Female,4.0,4,Mobile Phone,4,Married,3,0,20.0,2.0,2.0,1.0,153.56,0
CUST-54029,1.0,Mobile Phone,3,16.0,Credit Card,Male,3.0,4,Mobile Phone,1,Single,3,0,14.0,1.0,2.0,1.0,135.81,1
CUST-54030,1.0,Mobile Phone,1,14.0,Debit Card,Male,4.0,4,Mobile Phone,4,Single,3,1,24.0,2.0,2.0,1.0,149.72,1
CUST-54031,10.0,Mobile Phone,3,17.0,Cash on Delivery,Female,4.0,5,Laptop & Accessory,3,Married,3,1,14.0,2.0,2.0,8.0,181.73,0
CUST-54032,5.0,Mobile Phone,1,27.0,Debit Card,Male,3.0,4,Laptop & Accessory,3,Married,3,0,12.0,1.0,2.0,3.0,166.97,0
CUST-54033,8.0,Mobile Phone,3,11.0,Debit Card,Male,4.0,4,Fashion,1,Married,4,1,14.0,1.0,2.0,,222.13,0
CUST-54034,3.0,Mobile Phone,1,14.0,Debit Card,Male,3.0,4,Mobile Phone,5,Single,5,0,15.0,1.0,2.0,3.0,145.62,0
CUST-54035,11.0,Mobile Phone,1,14.0,Credit Card,Male,4.0,4,Laptop & Accessory,5,Married,7,1,23.0,1.0,2.0,5.0,167.84,0
CUST-54036,9.0,Mobile Phone,1,23.0,UPI,Female,3.0,5,Laptop & Accessory,4,Married,2,1,12.0,2.0,2.0,3.0,172.88,0
CUST-54037,19.0,Mobile Phone,1,32.0,Debit Card,Female,4.0,5,Laptop & Accessory,1,Married,2,0,14.0,1.0,4.0,9.0,184.06,0
CUST-54038,10.0,Computer,2,9.0,UPI,Male,4.0,5,Laptop & Accessory,1,Single,3,0,22.0,2.0,2.0,9.0,163.86,0
CUST-54039,14.0,Mobile Phone,1,7.0,Debit Card,Male,4.0,4,Grocery,5,Married,4,0,,10.0,12.0,17.0,293.23,0
CUST-54040,1.0,Mobile Phone,1,7.0,Debit Card,Female,3.0,5,Mobile Phone,3,Married,3,1,14.0,1.0,2.0,1.0,154.33,0
CUST-54041,1.0,Mobile Phone,3,9.0,Credit Card,Female,3.0,2,Laptop & Accessory,3,Single,2,0,15.0,1.0,2.0,8.0,190.0,0
CUST-54042,22.0,Computer,1,29.0,Credit Card,Female,3.0,4,Grocery,1,Married,5,0,,1.0,5.0,8.0,296.74,0
CUST-54043,18.0,Mobile Phone,1,7.0,Debit Card,Male,4.0,2,Laptop & Accessory,5,Married,4,0,16.0,3.0,3.0,3.0,175.33,0
CUST-54044,1.0,Computer,1,23.0,Cash on Delivery,Male,3.0,6,Mobile Phone,5,Married,3,1,24.0,4.0,4.0,1.0,148.07,1
CUST-54045,20.0,Mobile Phone,1,31.0,Debit Card,Male,4.0,4,Mobile Phone,1,Single,3,0,17.0,1.0,2.0,1.0,150.87,1
CUST-54046,10.0,Mobile Phone,3,24.0,E wallet,Male,3.0,5,Laptop & Accessory,4,Married,4,0,17.0,2.0,2.0,4.0,180.07,0
CUST-54047,15.0,Mobile Phone,3,15.0,E wallet,Female,3.0,4,Laptop & Accessory,4,Married,7,0,22.0,2.0,2.0,5.0,168.93,0
CUST-54048,16.0,Mobile Phone,1,13.0,Credit Card,Male,3.0,4,Fashion,5,Married,11,0,14.0,4.0,,8.0,258.48,0
CUST-54049,5.0,Mobile Phone,3,17.0,Credit Card,Female,3.0,4,Laptop & Accessory,1,Married,4,1,12.0,1.0,2.0,5.0,190.83,0
CUST-54050,8.0,Mobile Phone,3,10.0,Credit Card,Female,4.0,5,Laptop & Accessory,1,Married,5,1,13.0,1.0,2.0,2.0,206.03,0
CUST-54051,5.0,Mobile Phone,1,11.0,Credit Card,Female,4.0,2,Mobile Phone,3,Married,10,0,13.0,3.0,3.0,3.0,164.78,0
CUST-54052,1.0,Computer,1,13.0,UPI,Male,4.0,2,Mobile Phone,1,Married,2,0,19.0,3.0,8.0,8.0,150.44,0
CUST-54053,19.0,Computer,1,7.0,Credit Card,Male,3.0,4,Laptop & Accessory,3,Single,6,0,13.0,2.0,2.0,4.0,178.99,0
CUST-54054,7.0,Mobile Phone,3,17.0,E wallet,Male,3.0,4,Laptop & Accessory,3,Single,3,0,15.0,1.0,2.0,10.0,179.87,0
CUST-54055,2.0,Computer,3,7.0,Debit Card,Male,3.0,5,Laptop & Accessory,1,Married,3,1,13.0,1.0,2.0,8.0,193.34,0
CUST-54056,1.0,Computer,3,31.0,Cash on Delivery,Male,3.0,2,Mobile Phone,5,Single,3,0,18.0,2.0,2.0,1.0,135.91,1
CUST-54057,13.0,Computer,3,28.0,Debit Card,Female,3.0,6,Laptop & Accessory,3,Married,8,0,20.0,1.0,2.0,3.0,182.36,0
CUST-54058,1.0,Mobile Phone,1,9.0,Cash on Delivery,Male,3.0,4,Mobile Phone,4,Married,3,0,12.0,2.0,2.0,3.0,147.26,0
CUST-54059,8.0,Computer,1,29.0,UPI,Male,3.0,5,Laptop & Accessory,1,Married,3,1,16.0,4.0,7.0,12.0,182.47,0
CUST-54060,1.0,Mobile Phone,3,20.0,E wallet,Female,3.0,4,Laptop & Accessory,3,Single,5,1,12.0,3.0,3.0,,223.54,1
CUST-54061,21.0,Computer,1,21.0,Cash on Delivery,Male,4.0,4,Laptop & Accessory,4,Married,10,0,19.0,1.0,2.0,8.0,179.67,0
CUST-54062,30.0,Mobile Phone,3,18.0,E wallet,Female,3.0,5,Laptop & Accessory,5,Married,6,0,17.0,1.0,2.0,1.0,178.8,0
CUST-54063,13.0,Mobile Phone,1,16.0,Credit Card,Male,3.0,4,Laptop & Accessory,5,Married,3,0,26.0,5.0,8.0,10.0,176.51,0
CUST-54064,12.0,Computer,1,15.0,Credit Card,Female,3.0,5,Laptop & Accessory,4,Married,3,1,17.0,2.0,2.0,8.0,146.33,0
CUST-54065,31.0,Mobile Phone,3,28.0,Debit Card,Female,4.0,4,Grocery,1,Married,6,1,,2.0,2.0,1.0,303.75,0
CUST-54066,1.0,Computer,1,12.0,Debit Card,Female,3.0,2,Mobile Phone,3,Single,5,1,15.0,1.0,2.0,4.0,149.32,1
CUST-54067,12.0,Mobile Phone,1,16.0,Debit Card,Male,4.0,4,Mobile Phone,1,Married,4,0,20.0,2.0,2.0,4.0,172.71,0
CUST-54068,23.0,Computer,1,9.0,Debit Card,Male,3.0,4,Others,1,Married,5,0,,3.0,5.0,4.0,316.61,0
CUST-54069,16.0,Mobile Phone,3,19.0,E wallet,Male,4.0,4,Laptop & Accessory,1,Married,5,1,13.0,1.0,2.0,1.0,175.87,0
CUST-54070,1.0,Computer,2,29.0,UPI,Female,3.0,5,Mobile Phone,4,Married,3,0,13.0,2.0,2.0,1.0,153.63,1
CUST-54071,9.0,Mobile Phone,3,25.0,Credit Card,Male,4.0,4,Laptop & Accessory,5,Married,2,0,17.0,1.0,2.0,5.0,25.0,0
CUST-54072,2.0,Computer,1,23.0,Credit Card,Male,3.0,4,Mobile Phone,3,Single,3,0,15.0,1.0,2.0,5.0,146.44,0
CUST-54073,5.0,Computer,1,10.0,Credit Card,Male,3.0,4,Mobile Phone,5,Married,3,1,14.0,1.0,3.0,4.0,155.65,0
CUST-54074,10.0,Computer,1,16.0,Debit Card,Male,4.0,2,Mobile Phone,4,Married,3,0,23.0,2.0,2.0,3.0,153.1,0
CUST-54075,8.0,Mobile Phone,3,7.0,E wallet,Male,3.0,4,Fashion,1,Single,3,0,22.0,2.0,3.0,,223.88,0
CUST-54076,8.0,Mobile Phone,3,20.0,Credit Card,Male,3.0,4,Fashion,3,Married,3,0,19.0,2.0,2.0,,211.28,0
CUST-54077,1.0,Mobile Phone,1,7.0,Credit Card,Male,4.0,4,Mobile Phone,5,Single,2,0,14.0,4.0,8.0,7.0,153.67,0
CUST-54078,3.0,Mobile Phone,1,7.0,Debit Card,Male,3.0,4,Laptop & Accessory,5,Married,2,0,13.0,2.0,2.0,3.0,178.73,0
CUST-54079,6.0,Computer,1,22.0,Credit Card,Female,3.0,4,Laptop & Accessory,1,Married,7,0,19.0,1.0,2.0,3.0,191.67,0
CUST-54080,5.0,Computer,1,7.0,Debit Card,Male,3.0,6,Laptop & Accessory,5,Married,3,0,22.0,2.0,9.0,8.0,175.03,0
CUST-54081,1.0,Mobile Phone,1,24.0,Cash on Delivery,Male,3.0,5,Mobile Phone,1,Married,7,0,13.0,1.0,2.0,4.0,148.67,1
CUST-54082,12.0,Mobile Phone,3,7.0,Debit Card,Male,3.0,5,Mobile Phone,5,Single,6,0,15.0,1.0,2.0,1.0,153.58,0
CUST-54083,9.0,Mobile Phone,3,14.0,Debit Card,Female,3.0,4,Laptop & Accessory,1,Married,3,1,12.0,2.0,2.0,10.0,177.04,0
CUST-54084,1.0,Mobile Phone,3,16.0,E wallet,Male,3.0,4,Laptop & Accessory,1,Single,3,0,15.0,1.0,2.0,8.0,166.05,0
CUST-54085,6.0,Mobile Phone,1,12.0,Debit Card,Male,3.0,5,Laptop & Accessory,1,Single,10,0,25.0,1.0,2.0,,221.79,0
CUST-54086,1.0,Computer,3,33.0,E wallet,Male,4.0,4,Laptop & Accessory,1,Married,3,1,12.0,1.0,2.0,9.0,181.17,1
CUST-54087,17.0,Mobile Phone,3,31.0,Debit Card,Male,4.0,4,Fashion,5,Single,8,1,14.0,3.0,3.0,,229.48,1
CUST-54088,28.0,Mobile Phone,1,16.0,Debit Card,Female,4.0,4,Laptop & Accessory,3,Married,5,0,12.0,1.0,3.0,4.0,153.97,0
CUST-54089,7.0,Computer,1,14.0,Debit Card,Male,3.0,4,Laptop & Accessory,3,Married,3,0,21.0,3.0,3.0,9.0,184.68,0
CUST-54090,17.0,Mobile Phone,1,18.0,Debit Card,Male,2.0,4,Fashion,3,Married,3,0,18.0,2.0,2.0,10.0,200.1,0
CUST-54091,12.0,Computer,2,7.0,UPI,Male,3.0,4,Mobile Phone,4,Married,2,1,12.0,2.0,2.0,3.0,154.91,0
CUST-54092,29.0,Mobile Phone,2,33.0,UPI,Male,4.0,2,Others,4,Married,6,1,,2.0,2.0,5.0,321.36,0
CUST-54093,5.0,Mobile Phone,1,9.0,Credit Card,Female,3.0,6,Mobile Phone,1,Married,3,1,12.0,2.0,2.0,1.0,136.29,0
CUST-54094,13.0,Mobile Phone,3,22.0,E wallet,Male,4.0,4,Grocery,5,Single,2,0,13.0,5.0,,11.0,258.41,0
CUST-54095,16.0,Computer,1,30.0,Debit Card,Male,3.0,5,Laptop & Accessory,3,Single,3,0,13.0,3.0,4.0,8.0,168.32,0
CUST-54096,5.0,Computer,1,17.0,Credit Card,Female,3.0,4,Fashion,3,Married,6,0,21.0,4.0,,9.0,235.31,0
CUST-54097,28.0,Mobile Phone,1,17.0,Credit Card,Female,4.0,4,Laptop & Accessory,5,Single,8,1,20.0,1.0,2.0,5.0,169.4,0
CUST-54098,1.0,Mobile Phone,1,7.0,Debit Card,Male,3.0,5,Laptop & Accessory,3,Single,3,0,13.0,2.0,2.0,3.0,171.17,0
CUST-54099,1.0,Mobile Phone,1,19.0,UPI,Male,4.0,4,Mobile Phone,1,Single,3,0,14.0,2.0,2.0,5.0,151.47,0
CUST-54100,14.0,Computer,1,18.0,Cash on Delivery,Female,4.0,4,Laptop & Accessory,3,Married,3,0,12.0,3.0,10.0,5.0,188.23,0
CUST-54101,14.0,Mobile Phone,3,9.0,E wallet,Female,4.0,4,Laptop & Accessory,4,Married,5,0,15.0,2.0,6.0,11.0,181.77,0
CUST-54102,1.0,Mobile Phone,2,9.0,UPI,Female,3.0,4,Mobile Phone,4,Married,6,0,15.0,1.0,2.0,3.0,146.87,0
CUST-54103,4.0,Mobile Phone,1,7.0,Credit Card,Male,4.0,4,Mobile Phone,4,Married,3,0,14.0,1.0,2.0,8.0,162.48,0
CUST-54104,1.0,Mobile Phone,1,9.0,UPI,Male,3.0,4,Mobile Phone,3,Married,8,1,20.0,1.0,2.0,3.0,164.77,0
CUST-54105,21.0,Mobile Phone,1,32.0,Credit Card,Male,3.0,4,Fashion,3,Single,4,0,24.0,2.0,13.0,,211.33,0
CUST-54106,7.0,Computer,1,7.0,Credit Card,Male,3.0,5,Mobile Phone,3,Married,3,0,13.0,1.0,2.0,1.0,145.08,0
CUST-54107,12.0,Mobile Phone,3,7.0,Debit Card,Male,3.0,4,Laptop & Accessory,4,Married,2,0,16.0,5.0,6.0,9.0,169.4,0
CUST-54108,5.0,Mobile Phone,3,9.0,Debit Card,Male,3.0,4,Mobile Phone,3,Married,2,0,20.0,2.0,2.0,3.0,155.67,0
CUST-54109,12.0,Computer,1,13.0,Debit Card,Male,4.0,5,Laptop & Accessory,3,Married,4,0,12.0,3.0,8.0,8.0,178.21,0
CUST-54110,16.0,Mobile Phone,1,25.0,Debit Card,Male,3.0,4,Laptop & Accessory,5,Married,8,1,18.0,1.0,2.0,3.0,179.1,0
CUST-54111,15.0,Mobile Phone,1,7.0,Debit Card,Male,4.0,4,Mobile Phone,1,Married,5,0,23.0,1.0,2.0,1.0,152.82,0
CUST-54112,21.0,Computer,1,7.0,Credit Card,Female,4.0,4,Fashion,4,Married,2,0,19.0,1.0,,13.0,244.57,0
CUST-54113,9.0,Mobile Phone,1,18.0,Credit Card,Male,3.0,4,Mobile Phone,3,Married,9,1,12.0,1.0,3.0,3.0,151.6,0
CUST-54114,1.0,Mobile Phone,1,7.0,Debit Card,Male,4.0,4,Mobile Phone,3,Single,2,0,13.0,1.0,2.0,3.0,158.75,0
CUST-54115,9.0,Mobile Phone,1,16.0,Credit Card,Male,3.0,4,Laptop & Accessory,3,Single,3,0,20.0,1.0,2.0,9.0,175.98,0
CUST-54116,7.0,Mobile Phone,1,22.0,Credit Card,Female,4.0,4,Laptop & Accessory,1,Married,2,1,14.0,6.0,9.0,2.0,37.0,0
CUST-54117,6.0,Mobile Phone,1,36.0,Debit Card,Female,3.0,5,Mobile Phone,4,Single,3,0,14.0,4.0,5.0,2.0,153.37,0
CUST-54118,14.0,Mobile Phone,1,7.0,Debit Card,Male,3.0,4,Mobile Phone,1,Married,10,0,20.0,1.0,2.0,1.0,149.06,0
CUST-54119,6.0,Mobile Phone,3,7.0,Credit Card,Male,4.0,5,Mobile Phone,4,Married,2,0,15.0,1.0,3.0,3.0,147.69,0
CUST-54120,13.0,Mobile Phone,1,31.0,Debit Card,Male,3.0,4,Laptop & Accessory,1,Single,9,0,14.0,2.0,2.0,8.0,166.08,0
CUST-54121,12.0,Mobile Phone,1,17.0,Credit Card,Female,3.0,6,Fashion,3,Married,5,0,13.0,2.0,,12.0,257.06,0
CUST-54122,6.0,Mobile Phone,3,7.0,E wallet,Female,3.0,4,Fashion,1,Married,3,0,20.0,4.0,6.0,,229.22,0
CUST-54123,11.0,Mobile Phone,1,17.0,Debit Card,Female,3.0,2,Fashion,1,Married,3,1,26.0,,7.0,9.0,262.44,0
CUST-54124,1.0,Mobile Phone,3,15.0,UPI,Female,3.0,4,Laptop & Accessory,3,Married,2,1,23.0,2.0,2.0,5.0,174.07,0
CUST-54125,26.0,Computer,3,127.0,Debit Card,Male,3.0,4,Mobile Phone,1,Married,4,0,16.0,2.0,2.0,1.0,159.82,0
CUST-54126,18.0,Mobile Phone,1,7.0,Credit Card,Male,3.0,4,Mobile Phone,1,Single,8,1,13.0,1.0,2.0,3.0,149.36,0
CUST-54127,1.0,Mobile Phone,3,12.0,Credit Card,Male,3.0,4,Mobile Phone,5,Single,3,1,12.0,2.0,2.0,3.0,148.8,0
CUST-54128,13.0,Computer,1,16.0,Debit Card,Male,3.0,4,Others,1,Single,4,0,,1.0,2.0,4.0,319.31,0
CUST-54129,1.0,Computer,3,16.0,E wallet,Male,3.0,4,Mobile Phone,5,Married,3,0,20.0,2.0,2.0,1.0,142.9,1
CUST-54130,10.0,Mobile Phone,3,10.0,Credit Card,Female,4.0,5,Fashion,1,Married,2,0,20.0,4.0,4.0,5.0,201.44,0
CUST-54131,10.0,Computer,1,11.0,Debit Card,Female,4.0,4,Laptop & Accessory,4,Married,9,0,14.0,2.0,2.0,3.0,176.31,0
CUST-54132,30.0,Computer,1,7.0,Debit Card,Male,3.0,4,Laptop & Accessory,3,Married,3,0,22.0,1.0,2.0,10.0,188.06,0
CUST-54133,1.0,Mobile Phone,1,7.0,Credit Card,Male,3.0,4,Mobile Phone,1,Married,11,1,15.0,3.0,3.0,3.0,172.87,1
CUST-54134,16.0,Mobile Phone,1,9.0,Debit Card,Male,3.0,4,Others,3,Married,7,0,,2.0,5.0,15.0,313.8,0
CUST-54135,20.0,Mobile Phone,1,14.0,Cash on Delivery,Male,4.0,4,Mobile Phone,3,Married,10,0,12.0,7.0,10.0,9.0,148.39,1
CUST-54136,15.0,Mobile Phone,1,35.0,Debit Card,Female,3.0,5,Grocery,4,Married,2,0,24.0,2.0,,11.0,260.7,0
CUST-54137,8.0,Mobile Phone,3,35.0,E wallet,Female,4.0,5,Laptop & Accessory,3,Married,3,0,22.0,2.0,2.0,8.0,192.12,0
CUST-54138,10.0,Computer,3,22.0,E wallet,Male,3.0,6,Laptop & Accessory,1,Married,3,0,25.0,5.0,12.0,12.0,179.06,0
CUST-54139,15.0,Mobile Phone,3,10.0,Debit Card,Male,3.0,5,Laptop & Accessory,4,Married,4,0,12.0,1.0,2.0,,214.38,0
CUST-54140,6.0,Mobile Phone,1,9.0,Cash on Delivery,Male,4.0,4,Mobile Phone,5,Single,3,0,15.0,2.0,2.0,3.0,149.39,0
CUST-54141,9.0,Mobile Phone,2,33.0,Debit Card,Female,3.0,4,Fashion,1,Single,3,1,17.0,2.0,2.0,,213.37,0
CUST-54142,12.0,Mobile Phone,3,17.0,Debit Card,Female,4.0,4,Laptop & Accessory,1,Married,3,0,12.0,1.0,2.0,10.0,178.43,0
CUST-54143,14.0,Computer,3,7.0,Debit Card,Male,4.0,4,Laptop & Accessory,3,Married,9,0,13.0,2.0,2.0,2.0,192.28,1
CUST-54144,10.0,Mobile Phone,3,18.0,E wallet,Female,4.0,5,Laptop & Accessory,1,Married,6,0,14.0,2.0,2.0,1.0,191.52,0
CUST-54145,19.0,Mobile Phone,3,27.0,Debit Card,Female,3.0,4,Laptop & Accessory,3,Single,10,0,16.0,2.0,2.0,2.0,173.5,0
CUST-54146,14.0,Mobile Phone,1,9.0,Debit Card,Male,3.0,5,Mobile Phone,3,Single,4,0,15.0,1.0,3.0,3.0,153.09,0
CUST-54147,9.0,Computer,1,25.0,Debit Card,Male,4.0,4,Laptop & Accessory,3,Married,3,1,15.0,2.0,2.0,3.0,181.89,0
CUST-54148,14.0,Mobile Phone,1,9.0,Credit Card,Female,4.0,4,Mobile Phone,3,Married,4,0,15.0,2.0,2.0,3.0,145.01,0
CUST-54149,9.0,Mobile Phone,1,7.0,Debit Card,Female,4.0,6,Mobile Phone,1,Married,3,0,13.0,1.0,2.0,2.0,154.77,0
CUST-54150,3.0,Mobile Phone,1,20.0,UPI,Male,3.0,5,Laptop & Accessory,4,Married,6,1,14.0,2.0,2.0,4.0,165.25,0
CUST-54151,3.0,Mobile Phone,1,35.0,Credit Card,Female,4.0,5,Mobile Phone,5,Single,3,0,15.0,1.0,2.0,5.0,162.85,0
CUST-54152,14.0,Mobile Phone,3,35.0,E wallet,Male,3.0,5,Fashion,5,Married,6,1,14.0,1.0,,1.0,233.54000000000002,1
CUST-54153,13.0,Mobile Phone,3,31.0,E wallet,Female,3.0,5,Grocery,1,Married,2,0,12.0,2.0,,7.0,245.31,0
CUST-54154,5.0,Computer,1,12.0,Credit Card,Male,4.0,4,Laptop & Accessory,5,Single,2,0,20.0,1.0,2.0,,224.36,0
CUST-54155,1.0,Mobile Phone,3,12.0,UPI,Female,2.0,5,Mobile Phone,3,Single,2,0,19.0,1.0,2.0,1.0,154.66,0
CUST-54156,10.0,Computer,1,30.0,Credit Card,Male,3.0,2,Laptop & Accessory,1,Married,6,0,18.0,1.0,2.0,4.0,150.71,0
CUST-54157,13.0,Mobile Phone,1,13.0,Credit Card,Male,3.0,5,Fashion,5,Married,6,0,16.0,2.0,2.0,,224.91,0
CUST-54158,1.0,Mobile Phone,1,11.0,Debit Card,Male,3.0,2,Laptop & Accessory,4,Married,3,1,21.0,2.0,2.0,4.0,186.42,0
CUST-54159,23.0,Computer,3,9.0,Credit Card,Male,4.0,5,Laptop & Accessory,4,Married,4,0,15.0,2.0,2.0,9.0,178.9,0
CUST-54160,8.0,Mobile Phone,1,15.0,Credit Card,Male,3.0,2,Laptop & Accessory,3,Married,4,0,13.0,1.0,2.0,3.0,169.04,0
CUST-54161,5.0,Mobile Phone,3,7.0,Debit Card,Female,4.0,4,Laptop & Accessory,1,Single,10,1,12.0,1.0,2.0,6.0,184.93,1
CUST-54162,23.0,Computer,1,15.0,Debit Card,Male,4.0,5,Laptop & Accessory,4,Married,3,0,24.0,1.0,2.0,8.0,176.3,0
CUST-54163,1.0,Mobile Phone,1,9.0,UPI,Male,4.0,5,Mobile Phone,3,Single,8,1,16.0,1.0,2.0,1.0,145.9,1
CUST-54164,7.0,Computer,1,10.0,Debit Card,Female,3.0,4,Mobile Phone,3,Married,3,1,12.0,3.0,4.0,1.0,154.09,0
CUST-54165,1.0,Mobile Phone,1,9.0,Credit Card,Male,3.0,4,Mobile Phone,4,Married,11,0,13.0,2.0,3.0,3.0,159.68,0
CUST-54166,6.0,Computer,1,9.0,Debit Card,Male,4.0,4,Mobile Phone,1,Single,2,0,14.0,2.0,4.0,7.0,155.68,0
CUST-54167,31.0,Mobile Phone,1,10.0,Credit Card,Female,3.0,2,Mobile Phone,5,Married,6,1,21.0,1.0,2.0,1.0,151.7,0
CUST-54168,4.0,Mobile Phone,1,31.0,Debit Card,Male,4.0,4,Mobile Phone,3,Married,3,0,23.0,2.0,2.0,1.0,151.93,0
CUST-54169,12.0,Computer,1,30.0,Debit Card,Male,3.0,5,Fashion,3,Single,2,0,22.0,2.0,2.0,,220.26,0
CUST-54170,10.0,Mobile Phone,1,34.0,Credit Card,Male,4.0,4,Laptop & Accessory,3,Married,8,0,14.0,1.0,8.0,8.0,177.37,0
CUST-54171,9.0,Mobile Phone,1,23.0,Credit Card,Male,3.0,2,Mobile Phone,4,Married,2,0,14.0,2.0,2.0,4.0,149.26,0
CUST-54172,3.0,Mobile Phone,1,22.0,Debit Card,Female,3.0,5,Laptop & Accessory,3,Single,2,1,13.0,2.0,2.0,9.0,166.93,0
CUST-54173,5.0,Mobile Phone,1,33.0,Debit Card,Male,3.0,4,Mobile Phone,3,Married,3,0,18.0,4.0,5.0,4.0,154.11,0
CUST-54174,8.0,Mobile Phone,1,26.0,Credit Card,Male,4.0,4,Mobile Phone,1,Married,2,0,12.0,1.0,2.0,3.0,151.61,0
CUST-54175,1.0,Mobile Phone,1,31.0,Debit Card,Male,3.0,5,Mobile Phone,3,Single,7,1,15.0,1.0,2.0,4.0,145.28,1
CUST-54176,3.0,Mobile Phone,1,28.0,Debit Card,Female,3.0,2,Fashion,5,Married,3,0,12.0,7.0,9.0,,224.8,0
CUST-54177,6.0,Mobile Phone,1,12.0,Debit Card,Male,4.0,2,Mobile Phone,4,Married,2,1,13.0,2.0,2.0,6.0,157.98,0
CUST-54178,1.0,Computer,1,23.0,Credit Card,Male,4.0,2,Mobile Phone,1,Married,3,1,14.0,1.0,2.0,1.0,154.35,0
CUST-54179,27.0,Mobile Phone,3,9.0,Debit Card,Female,4.0,5,Grocery,1,Married,4,0,17.0,,4.0,8.0,279.27,0
CUST-54180,12.0,Mobile Phone,1,9.0,Debit Card,Male,3.0,4,Mobile Phone,1,Single,7,1,12.0,1.0,2.0,3.0,164.44,0
CUST-54181,1.0,Computer,1,18.0,UPI,Female,4.0,2,Laptop & Accessory,3,Married,2,0,19.0,1.0,2.0,4.0,165.11,0
CUST-54182,1.0,Mobile Phone,3,16.0,Debit Card,Male,3.0,5,Mobile Phone,5,Single,9,0,24.0,1.0,2.0,4.0,159.07,1
CUST-54183,8.0,Mobile Phone,1,14.0,Debit Card,Female,3.0,4,Fashion,4,Single,2,0,12.0,1.0,,12.0,244.94,0
CUST-54184,1.0,Mobile Phone,1,22.0,Debit Card,Male,4.0,4,Mobile Phone,1,Single,3,0,15.0,2.0,2.0,1.0,137.32,0
CUST-54185,1.0,Mobile Phone,1,13.0,Credit Card,Male,3.0,4,Mobile Phone,5,Single,4,0,12.0,1.0,2.0,4.0,154.6,1
CUST-54186,27.0,Mobile Phone,1,12.0,UPI,Female,3.0,4,Others,3,Married,6,0,,2.0,5.0,9.0,315.94,0
CUST-54187,1.0,Computer,1,23.0,Debit Card,Female,4.0,6,Mobile Phone,5,Single,3,1,23.0,1.0,7.0,8.0,164.19,1
CUST-54188,16.0,Mobile Phone,3,15.0,E wallet,Male,3.0,4,Laptop & Accessory,4,Married,2,0,12.0,3.0,5.0,3.0,193.25,0
CUST-54189,18.0,Mobile Phone,1,14.0,Credit Card,Female,3.0,5,Fashion,1,Married,5,0,15.0,1.0,6.0,,227.48,0
CUST-54190,20.0,Mobile Phone,3,9.0,E wallet,Female,3.0,4,Others,5,Single,5,0,,3.0,3.0,2.0,314.47,0
CUST-54191,7.0,Mobile Phone,1,9.0,Credit Card,Male,4.0,4,Mobile Phone,1,Single,6,0,12.0,1.0,2.0,1.0,149.96,0
CUST-54192,18.0,Mobile Phone,1,17.0,UPI,Male,3.0,4,Laptop & Accessory,1,Married,4,1,14.0,1.0,2.0,4.0,189.65,0
CUST-54193,4.0,Mobile Phone,1,16.0,Credit Card,Male,3.0,5,Mobile Phone,3,Single,3,0,14.0,1.0,2.0,9.0,147.06,0
CUST-54194,3.0,Mobile Phone,3,12.0,Cash on Delivery,Male,3.0,4,Laptop & Accessory,1,Married,5,0,15.0,1.0,2.0,1.0,145.86,1
CUST-54195,1.0,Mobile Phone,1,7.0,Credit Card,Male,4.0,4,Mobile Phone,1,Married,4,1,17.0,1.0,3.0,1.0,147.93,1
CUST-54196,17.0,Mobile Phone,1,9.0,Credit Card,Female,4.0,2,Mobile Phone,3,Married,3,0,13.0,2.0,2.0,5.0,151.45,0
CUST-54197,14.0,Mobile Phone,3,10.0,E wallet,Male,3.0,5,Mobile Phone,3,Married,3,1,15.0,2.0,2.0,3.0,151.83,1
CUST-54198,9.0,Mobile Phone,3,9.0,E wallet,Female,4.0,4,Mobile Phone,1,Married,3,0,14.0,3.0,3.0,3.0,145.14,0
CUST-54199,10.0,Mobile Phone,1,12.0,Debit Card,Female,3.0,5,Mobile Phone,5,Married,11,1,15.0,2.0,2.0,1.0,159.19,0
CUST-54200,7.0,Computer,3,7.0,Debit Card,Female,3.0,2,Laptop & Accessory,5,Married,4,0,20.0,1.0,2.0,4.0,178.76,0
CUST-54201,9.0,Mobile Phone,1,11.0,UPI,Male,4.0,4,Mobile Phone,1,Married,3,0,13.0,2.0,2.0,1.0,144.51,0
CUST-54202,1.0,Mobile Phone,1,9.0,Debit Card,Female,3.0,4,Mobile Phone,5,Married,3,0,14.0,2.0,2.0,1.0,148.41,0
CUST-54203,1.0,Mobile Phone,1,32.0,Debit Card,Male,3.0,6,Mobile Phone,3,Single,3,0,13.0,1.0,2.0,2.0,147.93,1
CUST-54204,1.0,Computer,3,15.0,Debit Card,Male,3.0,4,Fashion,3,Single,3,0,16.0,2.0,2.0,,212.26,0
CUST-54205,4.0,Computer,1,7.0,Credit Card,Female,3.0,4,Laptop & Accessory,1,Single,3,0,24.0,2.0,4.0,8.0,165.11,0
CUST-54206,5.0,Mobile Phone,1,19.0,Cash on Delivery,Female,3.0,4,Others,3,Married,3,0,,2.0,16.0,9.0,320.45,1
CUST-54207,8.0,Computer,3,30.0,E wallet,Male,4.0,4,Laptop & Accessory,3,Single,2,0,21.0,1.0,9.0,8.0,170.68,0
CUST-54208,11.0,Mobile Phone,1,26.0,Debit Card,Male,4.0,4,Mobile Phone,4,Married,6,0,22.0,1.0,2.0,1.0,155.22,0
CUST-54209,20.0,Computer,3,12.0,E wallet,Male,4.0,4,Laptop & Accessory,1,Single,6,1,22.0,2.0,2.0,9.0,182.72,0
CUST-54210,9.0,Mobile Phone,1,15.0,Debit Card,Male,3.0,2,Mobile Phone,1,Married,3,0,20.0,2.0,2.0,2.0,147.69,0
CUST-54211,12.0,Mobile Phone,1,7.0,Debit Card,Male,4.0,5,Fashion,3,Single,11,1,14.0,1.0,2.0,1.0,178.81,1
CUST-54212,1.0,Mobile Phone,1,12.0,Cash on Delivery,Male,3.0,4,Mobile Phone,3,Single,3,1,14.0,1.0,3.0,3.0,159.41,1
CUST-54213,18.0,Mobile Phone,3,7.0,E wallet,Female,4.0,4,Laptop & Accessory,5,Married,7,1,22.0,2.0,2.0,4.0,179.54,0
CUST-54214,9.0,Computer,1,18.0,Credit Card,Male,4.0,5,Fashion,5,Married,4,1,14.0,2.0,3.0,,223.84,0
CUST-54215,1.0,Mobile Phone,3,30.0,E wallet,Female,3.0,5,Laptop & Accessory,1,Married,9,1,20.0,1.0,2.0,1.0,166.57,0
CUST-54216,7.0,Computer,1,30.0,Debit Card,Female,4.0,4,Fashion,1,Single,3,1,13.0,4.0,,13.0,259.58,0
CUST-54217,9.0,Computer,3,6.0,Debit Card,Male,4.0,4,Fashion,5,Married,3,0,23.0,1.0,2.0,,215.69,0
CUST-54218,9.0,Mobile Phone,1,30.0,Credit Card,Female,2.0,4,Mobile Phone,5,Married,5,1,16.0,1.0,3.0,3.0,165.14,0
CUST-54219,5.0,Mobile Phone,1,14.0,Debit Card,Male,3.0,4,Laptop & Accessory,1,Married,5,0,23.0,1.0,2.0,8.0,184.15,0
CUST-54220,11.0,Mobile Phone,1,7.0,Debit Card,Male,3.0,5,Laptop & Accessory,3,Married,3,0,19.0,1.0,2.0,8.0,184.93,0
CUST-54221,6.0,Mobile Phone,1,7.0,Credit Card,Male,3.0,4,Laptop & Accessory,1,Married,3,1,23.0,6.0,8.0,9.0,186.62,0
CUST-54222,12.0,Computer,1,36.0,Debit Card,Female,3.0,4,Laptop & Accessory,1,Single,3,0,12.0,7.0,10.0,10.0,149.06,0
CUST-54223,24.0,Mobile Phone,1,14.0,Credit Card,Female,3.0,5,Others,3,Married,7,1,,5.0,14.0,9.0,312.4,0
CUST-54224,31.0,Mobile Phone,3,32.0,Debit Card,Female,5.0,4,Fashion,5,Single,9,0,12.0,7.0,8.0,10.0,201.37,0
CUST-54225,10.0,Mobile Phone,1,15.0,Cash on Delivery,Female,3.0,4,Fashion,3,Married,3,0,14.0,8.0,13.0,,225.96,0
CUST-54226,29.0,Mobile Phone,1,15.0,Credit Card,Female,3.0,4,Grocery,3,Married,4,1,15.0,,2.0,3.0,272.56,0
CUST-54227,10.0,Computer,1,18.0,Debit Card,Male,4.0,5,Laptop & Accessory,4,Single,3,0,14.0,2.0,2.0,4.0,189.99,0
CUST-54228,19.0,Mobile Phone,1,14.0,Debit Card,Male,3.0,4,Fashion,5,Married,4,0,18.0,1.0,2.0,,222.24,0
CUST-54229,9.0,Computer,1,7.0,Credit Card,Male,4.0,4,Mobile Phone,5,Married,6,0,14.0,1.0,2.0,3.0,146.94,0
CUST-54230,1.0,Mobile Phone,1,16.0,Credit Card,Male,4.0,5,Mobile Phone,3,Married,2,1,18.0,2.0,2.0,1.0,158.88,1
CUST-54231,31.0,Computer,3,7.0,Debit Card,Female,3.0,5,Laptop & Accessory,3,Single,9,0,12.0,2.0,2.0,4.0,179.73,0
CUST-54232,3.0,Mobile Phone,1,9.0,Debit Card,Male,4.0,4,Mobile Phone,4,Married,2,0,24.0,2.0,2.0,5.0,152.03,0
CUST-54233,5.0,Mobile Phone,1,7.0,Credit Card,Male,3.0,4,Mobile Phone,4,Single,3,0,18.0,2.0,2.0,1.0,150.01,0
CUST-54234,6.0,Mobile Phone,1,7.0,Debit Card,Male,4.0,4,Laptop & Accessory,4,Married,3,0,18.0,2.0,2.0,10.0,187.2,0
CUST-54235,10.0,Mobile Phone,1,13.0,Debit Card,Female,3.0,2,Mobile Phone,1,Married,5,0,13.0,1.0,2.0,1.0,155.38,0
CUST-54236,5.0,Mobile Phone,1,15.0,Debit Card,Female,4.0,4,Laptop & Accessory,1,Single,3,0,24.0,2.0,2.0,9.0,169.24,0
CUST-54237,9.0,Mobile Phone,3,7.0,E wallet,Male,3.0,5,Laptop & Accessory,5,Single,2,0,15.0,2.0,3.0,9.0,168.12,0
CUST-54238,19.0,Mobile Phone,1,13.0,UPI,Male,3.0,4,Fashion,5,Married,6,1,15.0,2.0,,1.0,257.45,0
CUST-54239,11.0,Mobile Phone,1,14.0,Credit Card,Male,2.0,4,Fashion,3,Single,6,0,14.0,,2.0,3.0,261.64,0
CUST-54240,20.0,Mobile Phone,2,12.0,Credit Card,Male,4.0,4,Laptop & Accessory,4,Married,3,1,23.0,2.0,2.0,3.0,175.21,0
CUST-54241,4.0,Mobile Phone,1,7.0,Debit Card,Male,3.0,5,Laptop & Accessory,1,Married,3,1,13.0,2.0,4.0,1.0,176.26,0
CUST-54242,9.0,Mobile Phone,1,7.0,Credit Card,Male,2.0,5,Mobile Phone,3,Single,3,0,19.0,2.0,2.0,5.0,153.59,0
CUST-54243,29.0,Mobile Phone,3,7.0,Debit Card,Male,4.0,4,Fashion,1,Married,5,0,15.0,1.0,2.0,,227.39,0
CUST-54244,12.0,Computer,1,13.0,Credit Card,Female,4.0,6,Laptop & Accessory,1,Married,9,1,13.0,1.0,2.0,10.0,178.29,0
CUST-54245,8.0,Mobile Phone,1,7.0,Credit Card,Male,4.0,4,Laptop & Accessory,4,Married,3,0,16.0,2.0,2.0,4.0,168.25,0
CUST-54246,30.0,Mobile Phone,1,14.0,Debit Card,Male,3.0,6,Fashion,1,Single,6,0,12.0,1.0,2.0,3.0,197.6,0
CUST-54247,1.0,Mobile Phone,3,9.0,Cash on Delivery,Male,4.0,4,Mobile Phone,5,Married,5,0,14.0,2.0,2.0,1.0,148.22,0
CUST-54248,25.0,Mobile Phone,1,16.0,Debit Card,Male,4.0,4,Mobile Phone,1,Married,5,0,24.0,2.0,2.0,4.0,145.75,0
CUST-54249,4.0,Mobile Phone,1,9.0,Debit Card,Male,5.0,5,Laptop & Accessory,1,Married,3,0,20.0,4.0,11.0,9.0,166.52,0
CUST-54250,10.0,Mobile Phone,3,16.0,Credit Card,Male,4.0,5,Fashion,1,Single,3,0,17.0,4.0,5.0,,221.19,1
CUST-54251,14.0,Computer,1,7.0,Debit Card,Male,4.0,5,Grocery,4,Married,3,0,23.0,6.0,,12.0,260.03,0
CUST-54252,25.0,Mobile Phone,3,28.0,E wallet,Male,4.0,4,Laptop & Accessory,1,Single,2,1,23.0,1.0,2.0,1.0,179.41,0
CUST-54253,4.0,Mobile Phone,3,11.0,Credit Card,Female,4.0,5,Laptop & Accessory,4,Married,3,1,13.0,3.0,3.0,8.0,177.09,0
CUST-54254,20.0,Computer,1,7.0,Credit Card,Male,3.0,5,Fashion,5,Married,4,1,14.0,5.0,,6.0,231.73000000000002,0
CUST-54255,6.0,Mobile Phone,3,13.0,Credit Card,Male,3.0,4,Laptop & Accessory,3,Single,3,0,17.0,6.0,6.0,8.0,175.1,0
CUST-54256,28.0,Mobile Phone,1,9.0,Cash on Delivery,Female,3.0,4,Fashion,3,Married,11,0,13.0,1.0,,4.0,260.49,0
CUST-54257,1.0,Mobile Phone,3,10.0,UPI,Female,3.0,4,Laptop & Accessory,3,Married,2,0,22.0,1.0,2.0,3.0,174.99,0
CUST-54258,2.0,Computer,3,11.0,Credit Card,Male,3.0,4,Laptop & Accessory,3,Married,3,0,16.0,1.0,2.0,5.0,167.21,0
CUST-54259,31.0,Mobile Phone,3,17.0,Credit Card,Male,3.0,4,Grocery,3,Single,2,0,14.0,,2.0,9.0,263.72,0
CUST-54260,18.0,Computer,1,30.0,Credit Card,Male,4.0,4,Laptop & Accessory,4,Married,6,0,13.0,1.0,2.0,3.0,145.42,0
CUST-54261,1.0,Mobile Phone,2,13.0,UPI,Male,4.0,4,Mobile Phone,5,Married,6,1,23.0,1.0,2.0,3.0,145.73,1
CUST-54262,6.0,Mobile Phone,1,7.0,Debit Card,Male,4.0,4,Mobile Phone,5,Single,3,0,14.0,1.0,2.0,1.0,154.56,0
CUST-54263,1.0,Computer,1,13.0,Debit Card,Female,4.0,5,Mobile Phone,1,Single,3,1,19.0,1.0,2.0,1.0,154.26,1
CUST-54264,8.0,Mobile Phone,1,13.0,UPI,Female,3.0,4,Laptop & Accessory,3,Single,3,0,15.0,1.0,3.0,11.0,173.09,0
CUST-54265,11.0,Computer,1,9.0,Debit Card,Male,4.0,5,Laptop & Accessory,1,Married,7,0,15.0,2.0,2.0,1.0,176.63,0
CUST-54266,31.0,Computer,2,9.0,UPI,Female,3.0,5,Others,1,Married,11,0,,1.0,3.0,3.0,313.44,0
CUST-54267,24.0,Computer,1,7.0,Debit Card,Female,4.0,4,Others,4,Married,5,1,,1.0,2.0,8.0,306.72,0
CUST-54268,1.0,Mobile Phone,3,12.0,E wallet,Male,3.0,5,Laptop & Accessory,3,Single,3,1,12.0,1.0,2.0,4.0,182.44,1
CUST-54269,1.0,Mobile Phone,1,14.0,Credit Card,Male,4.0,5,Mobile Phone,1,Married,3,0,12.0,1.0,3.0,2.0,153.89,0
CUST-54270,1.0,Mobile Phone,1,22.0,Credit Card,Female,3.0,4,Mobile Phone,1,Single,3,0,16.0,2.0,2.0,1.0,153.71,0
CUST-54271,25.0,Computer,1,7.0,Credit Card,Female,2.0,5,Fashion,5,Single,5,0,21.0,5.0,13.0,9.0,199.84,0
CUST-54272,1.0,Computer,1,14.0,Debit Card,Male,4.0,6,Laptop & Accessory,3,Single,3,1,25.0,2.0,2.0,7.0,185.74,1
CUST-54273,28.0,Computer,2,33.0,UPI,Female,2.0,2,Grocery,1,Single,4,1,,3.0,5.0,5.0,298.28,0
CUST-54274,1.0,Mobile Phone,1,25.0,Debit Card,Male,3.0,4,Mobile Phone,3,Married,2,0,13.0,1.0,2.0,3.0,152.74,0
CUST-54275,8.0,Mobile Phone,1,13.0,Debit Card,Female,3.0,5,Laptop & Accessory,4,Married,8,0,16.0,2.0,2.0,1.0,170.05,0
CUST-54276,11.0,Mobile Phone,3,10.0,Debit Card,Male,3.0,4,Fashion,1,Single,4,0,13.0,1.0,2.0,4.0,199.28,0
CUST-54277,8.0,Mobile Phone,1,12.0,Credit Card,Female,3.0,5,Fashion,5,Single,4,0,13.0,3.0,,9.0,241.31,0
CUST-54278,10.0,Computer,3,18.0,Cash on Delivery,Female,4.0,4,Fashion,1,Married,2,0,15.0,1.0,3.0,,222.38,0
CUST-54279,10.0,Mobile Phone,1,10.0,Debit Card,Female,3.0,4,Mobile Phone,1,Married,7,0,23.0,1.0,2.0,1.0,153.35,0
CUST-54280,17.0,Computer,3,33.0,Debit Card,Male,4.0,4,Grocery,1,Married,3,1,,2.0,5.0,13.0,294.59,0
CUST-54281,4.0,Computer,1,30.0,Debit Card,Male,4.0,6,Mobile Phone,3,Married,3,0,26.0,1.0,2.0,10.0,151.13,0
CUST-54282,7.0,Computer,3,29.0,E wallet,Male,4.0,4,Laptop & Accessory,4,Married,2,0,14.0,1.0,2.0,8.0,186.46,0
CUST-54283,20.0,Mobile Phone,1,21.0,Debit Card,Female,4.0,4,Mobile Phone,4,Married,11,1,19.0,4.0,5.0,4.0,174.63,1
CUST-54284,25.0,Mobile Phone,1,13.0,Debit Card,Male,3.0,4,Others,3,Single,9,0,,9.0,16.0,16.0,320.37,0
CUST-54285,1.0,Mobile Phone,3,13.0,Debit Card,Male,4.0,6,Laptop & Accessory,3,Married,6,1,19.0,1.0,8.0,8.0,186.72,1
CUST-54286,1.0,Mobile Phone,1,13.0,UPI,Female,3.0,5,Mobile Phone,4,Married,3,0,20.0,3.0,5.0,4.0,148.68,0
CUST-54287,21.0,Mobile Phone,1,30.0,Credit Card,Female,4.0,4,Fashion,1,Married,3,0,13.0,8.0,16.0,,228.12,1
CUST-54288,1.0,Mobile Phone,3,29.0,E wallet,Male,3.0,4,Mobile Phone,3,Single,3,1,20.0,2.0,2.0,1.0,141.75,1
CUST-54289,1.0,Mobile Phone,1,9.0,Cash on Delivery,Male,4.0,4,Mobile Phone,1,Married,2,0,15.0,3.0,3.0,2.0,150.23,0
CUST-54290,23.0,Mobile Phone,1,27.0,Credit Card,Female,4.0,4,Laptop & Accessory,5,Married,3,0,15.0,6.0,6.0,12.0,190.67,0
CUST-54291,17.0,Computer,1,35.0,Credit Card,Female,4.0,2,Mobile Phone,3,Single,6,0,13.0,1.0,2.0,3.0,172.39,0
CUST-54292,24.0,Computer,3,19.0,E wallet,Female,4.0,4,Fashion,1,Single,6,0,12.0,2.0,3.0,,217.08,0
CUST-54293,1.0,Mobile Phone,3,27.0,Debit Card,Female,4.0,6,Laptop & Accessory,3,Married,5,1,12.0,1.0,3.0,3.0,170.59,1
CUST-54294,15.0,Mobile Phone,3,16.0,Debit Card,Male,4.0,4,Fashion,3,Married,5,1,14.0,1.0,2.0,8.0,206.89,0
CUST-54295,1.0,Mobile Phone,2,32.0,Debit Card,Female,4.0,4,Mobile Phone,3,Married,3,0,24.0,3.0,6.0,8.0,154.42,0
CUST-54296,10.0,Mobile Phone,1,13.0,Credit Card,Male,3.0,4,Laptop & Accessory,4,Married,8,0,21.0,1.0,2.0,2.0,174.41,0
CUST-54297,15.0,Computer,1,15.0,Debit Card,Male,3.0,6,Fashion,1,Single,4,0,16.0,2.0,2.0,4.0,231.5,1
CUST-54298,13.0,Mobile Phone,3,11.0,Debit Card,Female,3.0,5,Laptop & Accessory,3,Married,6,0,15.0,6.0,6.0,10.0,184.02,0
CUST-54299,1.0,Mobile Phone,3,35.0,Debit Card,Male,3.0,5,Laptop & Accessory,3,Married,4,0,19.0,2.0,3.0,,211.39,0
CUST-54300,4.0,Mobile Phone,2,16.0,UPI,Male,3.0,4,Laptop & Accessory,1,Married,2,1,20.0,5.0,5.0,8.0,188.47,0
CUST-54301,1.0,Mobile Phone,1,16.0,Credit Card,Female,3.0,4,Mobile Phone,5,Single,9,0,23.0,2.0,2.0,5.0,167.0,1
CUST-54302,19.0,Mobile Phone,1,36.0,Credit Card,Male,3.0,4,Mobile Phone,1,Single,7,0,14.0,2.0,2.0,4.0,159.52,0
CUST-54303,12.0,Mobile Phone,1,10.0,Cash on Delivery,Female,3.0,4,Laptop & Accessory,3,Single,5,1,21.0,3.0,3.0,3.0,168.17,0
CUST-54304,4.0,Mobile Phone,1,25.0,Debit Card,Female,4.0,4,Mobile Phone,3,Single,3,0,15.0,2.0,2.0,5.0,151.32,0
CUST-54305,6.0,Computer,3,16.0,Credit Card,Male,3.0,6,Laptop & Accessory,1,Married,2,0,18.0,1.0,2.0,8.0,171.68,0
CUST-54306,4.0,Mobile Phone,1,12.0,Cash on Delivery,Female,3.0,4,Mobile Phone,5,Married,7,0,15.0,1.0,3.0,31.0,157.04,0
CUST-54307,4.0,Mobile Phone,1,9.0,Credit Card,Male,3.0,5,Mobile Phone,1,Single,2,0,14.0,1.0,2.0,3.0,152.2,0
CUST-54308,15.0,Computer,1,17.0,Debit Card,Male,4.0,5,Grocery,5,Married,6,0,,3.0,8.0,8.0,296.81,0
CUST-54309,15.0,Mobile Phone,1,16.0,Debit Card,Male,4.0,4,Mobile Phone,5,Married,4,0,22.0,1.0,2.0,5.0,147.38,0
CUST-54310,1.0,Mobile Phone,1,10.0,Credit Card,Female,4.0,4,Mobile Phone,4,Single,3,0,15.0,2.0,2.0,1.0,139.83,0
CUST-54311,14.0,Computer,1,33.0,Credit Card,Female,3.0,4,Laptop & Accessory,4,Married,3,0,12.0,1.0,3.0,14.0,181.05,0
CUST-54312,9.0,Mobile Phone,3,7.0,E wallet,Male,4.0,4,Fashion,4,Married,3,0,14.0,1.0,2.0,7.0,197.95,0
CUST-54313,27.0,Mobile Phone,3,13.0,E wallet,Male,3.0,4,Laptop & Accessory,3,Married,4,1,21.0,1.0,5.0,6.0,148.06,0
CUST-54314,19.0,Mobile Phone,1,16.0,Debit Card,Male,3.0,4,Laptop & Accessory,4,Married,10,0,19.0,2.0,2.0,16.0,148.48,0
CUST-54315,6.0,Computer,3,15.0,E wallet,Female,3.0,4,Fashion,1,Single,3,0,15.0,3.0,4.0,,214.98,0
CUST-54316,3.0,Computer,1,7.0,Cash on Delivery,Male,3.0,4,Laptop & Accessory,3,Married,3,0,14.0,1.0,2.0,10.0,168.19,0
CUST-54317,25.0,Mobile Phone,1,14.0,Credit Card,Male,3.0,5,Laptop & Accessory,3,Married,4,0,18.0,2.0,2.0,1.0,186.32,0
CUST-54318,31.0,Mobile Phone,1,16.0,Credit Card,Female,4.0,5,Mobile Phone,4,Married,6,1,21.0,2.0,2.0,1.0,158.46,0
CUST-54319,14.0,Mobile Phone,3,11.0,E wallet,Male,4.0,5,Fashion,1,Married,9,0,12.0,2.0,,12.0,233.55,0
CUST-54320,8.0,Computer,3,9.0,E wallet,Female,4.0,4,Mobile Phone,3,Married,8,0,19.0,1.0,2.0,3.0,147.31,0
CUST-54321,1.0,Mobile Phone,1,26.0,Credit Card,Male,4.0,4,Mobile Phone,1,Married,3,0,25.0,3.0,3.0,3.0,148.23,0
CUST-54322,1.0,Computer,1,16.0,Credit Card,Male,3.0,4,Mobile Phone,4,Married,8,0,19.0,3.0,3.0,3.0,145.24,0
CUST-54323,2.0,Mobile Phone,1,28.0,Credit Card,Male,3.0,4,Mobile Phone,1,Married,3,0,12.0,1.0,2.0,3.0,152.13,0
CUST-54324,31.0,Mobile Phone,1,31.0,Debit Card,Male,3.0,2,Fashion,1,Married,5,1,17.0,2.0,2.0,,219.39,0
CUST-54325,1.0,Computer,1,10.0,Credit Card,Male,4.0,5,Mobile Phone,3,Married,3,1,16.0,1.0,2.0,2.0,150.66,0
CUST-54326,24.0,Mobile Phone,1,18.0,Debit Card,Female,3.0,4,Others,4,Single,5,0,16.0,1.0,5.0,5.0,324.26,0
CUST-54327,15.0,Mobile Phone,1,21.0,Debit Card,Male,3.0,4,Mobile Phone,3,Married,6,0,13.0,2.0,2.0,9.0,149.51,0
CUST-54328,4.0,Mobile Phone,3,12.0,Debit Card,Female,3.0,4,Fashion,1,Married,4,0,13.0,2.0,8.0,,219.19,0
CUST-54329,12.0,Mobile Phone,3,7.0,Debit Card,Female,3.0,5,Laptop & Accessory,1,Single,6,0,23.0,1.0,2.0,,211.86,0
CUST-54330,6.0,Mobile Phone,1,13.0,Debit Card,Male,3.0,4,Mobile Phone,3,Single,5,0,21.0,1.0,2.0,5.0,155.38,0
CUST-54331,1.0,Mobile Phone,1,24.0,Cash on Delivery,Male,3.0,4,Mobile Phone,4,Married,2,1,17.0,1.0,2.0,2.0,155.58,0
CUST-54332,1.0,Computer,3,7.0,Cash on Delivery,Female,4.0,6,Mobile Phone,5,Single,2,0,22.0,2.0,2.0,1.0,148.25,1
CUST-54333,10.0,Computer,1,10.0,Credit Card,Male,2.0,4,Mobile Phone,4,Single,6,0,13.0,3.0,8.0,3.0,145.88,0
CUST-54334,4.0,Computer,1,16.0,Credit Card,Male,4.0,4,Laptop & Accessory,5,Married,3,0,12.0,6.0,7.0,11.0,155.72,0
CUST-54335,19.0,Mobile Phone,3,11.0,Debit Card,Female,2.0,4,Laptop & Accessory,5,Married,6,1,12.0,1.0,2.0,4.0,175.06,0
CUST-54336,30.0,Mobile Phone,1,15.0,Debit Card,Female,4.0,4,Mobile Phone,5,Married,6,1,19.0,3.0,3.0,3.0,167.57,0
CUST-54337,7.0,Mobile Phone,1,9.0,Debit Card,Male,3.0,4,Mobile Phone,1,Single,2,0,15.0,2.0,2.0,3.0,150.0,0
CUST-54338,1.0,Mobile Phone,1,9.0,Debit Card,Male,3.0,5,Mobile Phone,1,Single,3,0,23.0,2.0,2.0,1.0,136.02,1
CUST-54339,20.0,Mobile Phone,3,7.0,E wallet,Female,4.0,4,Fashion,5,Married,3,0,26.0,9.0,16.0,,229.53,0
CUST-54340,12.0,Mobile Phone,1,16.0,Debit Card,Female,4.0,4,Mobile Phone,1,Single,3,0,13.0,2.0,3.0,2.0,147.88,0
CUST-54341,5.0,Mobile Phone,1,19.0,Credit Card,Female,4.0,4,Mobile Phone,1,Married,10,1,24.0,2.0,2.0,3.0,164.29,0
CUST-54342,8.0,Mobile Phone,1,34.0,Credit Card,Female,4.0,4,Mobile Phone,4,Single,4,0,16.0,1.0,2.0,3.0,148.11,0
CUST-54343,5.0,Mobile Phone,3,27.0,E wallet,Female,4.0,4,Mobile Phone,4,Single,3,1,23.0,1.0,2.0,3.0,156.4,1
CUST-54344,24.0,Mobile Phone,1,7.0,Credit Card,Male,3.0,5,Mobile Phone,3,Married,4,0,16.0,2.0,2.0,3.0,161.9,0
CUST-54345,27.0,Mobile Phone,1,20.0,Credit Card,Female,3.0,2,Laptop & Accessory,5,Married,3,0,12.0,2.0,2.0,4.0,169.5,0
CUST-54346,7.0,Mobile Phone,1,21.0,Credit Card,Female,4.0,4,Mobile Phone,4,Married,3,0,14.0,2.0,2.0,7.0,152.56,0
CUST-54347,14.0,Mobile Phone,1,11.0,Credit Card,Female,3.0,4,Others,3,Married,3,0,,2.0,10.0,10.0,315.33,0
CUST-54348,29.0,Mobile Phone,1,21.0,Credit Card,Male,4.0,2,Others,4,Single,10,0,,3.0,3.0,16.0,312.22,0
CUST-54349,8.0,Computer,1,9.0,Debit Card,Male,3.0,5,Laptop & Accessory,3,Married,3,0,18.0,1.0,2.0,,220.47,0
CUST-54350,25.0,Mobile Phone,1,10.0,Credit Card,Female,4.0,4,Grocery,4,Single,5,0,19.0,,2.0,1.0,262.34,0
CUST-54351,26.0,Mobile Phone,1,7.0,Debit Card,Male,4.0,5,Others,3,Married,2,0,15.0,8.0,12.0,10.0,324.99,0
CUST-54352,1.0,Mobile Phone,1,16.0,Credit Card,Female,5.0,4,Mobile Phone,4,Single,3,0,17.0,1.0,2.0,4.0,147.79,0
CUST-54353,1.0,Mobile Phone,1,30.0,Debit Card,Male,3.0,5,Laptop & Accessory,3,Married,5,1,14.0,2.0,2.0,2.0,184.16,1
CUST-54354,17.0,Computer,1,14.0,Credit Card,Male,3.0,2,Mobile Phone,1,Married,6,0,15.0,2.0,3.0,3.0,145.89,0
CUST-54355,19.0,Computer,1,9.0,Credit Card,Male,4.0,5,Grocery,1,Married,11,0,,2.0,12.0,9.0,292.92,0
CUST-54356,11.0,Mobile Phone,1,28.0,Debit Card,Male,4.0,2,Mobile Phone,5,Married,3,1,13.0,2.0,2.0,8.0,160.64,0
CUST-54357,9.0,Computer,1,9.0,Credit Card,Female,3.0,4,Laptop & Accessory,4,Single,7,0,12.0,1.0,2.0,3.0,169.25,0
CUST-54358,16.0,Computer,1,28.0,Credit Card,Female,3.0,4,Laptop & Accessory,3,Married,4,0,17.0,1.0,2.0,3.0,177.65,0
CUST-54359,12.0,Mobile Phone,1,9.0,Debit Card,Male,3.0,4,Laptop & Accessory,3,Married,11,0,15.0,2.0,2.0,1.0,190.53,0
CUST-54360,12.0,Mobile Phone,1,36.0,Cash on Delivery,Male,3.0,4,Laptop & Accessory,1,Married,5,0,19.0,1.0,2.0,8.0,187.61,0
CUST-54361,1.0,Computer,1,7.0,Cash on Delivery,Male,3.0,5,Laptop & Accessory,5,Married,7,0,20.0,3.0,3.0,1.0,167.98,0
CUST-54362,23.0,Computer,1,25.0,Debit Card,Male,4.0,4,Laptop & Accessory,1,Married,3,1,16.0,1.0,2.0,8.0,193.04,0
CUST-54363,8.0,Computer,1,17.0,Credit Card,Male,3.0,4,Mobile Phone,3,Married,3,1,18.0,3.0,3.0,1.0,163.15,0
CUST-54364,14.0,Mobile Phone,1,26.0,Credit Card,Male,2.0,4,Laptop & Accessory,1,Married,10,1,16.0,4.0,4.0,8.0,152.41,0
CUST-54365,2.0,Mobile Phone,1,36.0,Credit Card,Male,4.0,4,Laptop & Accessory,5,Married,9,1,20.0,2.0,2.0,1.0,191.73,1
CUST-54366,1.0,Mobile Phone,3,34.0,E wallet,Female,3.0,4,Fashion,1,Married,3,0,23.0,1.0,2.0,10.0,201.39,1
CUST-54367,1.0,Mobile Phone,1,12.0,Debit Card,Male,3.0,2,Mobile Phone,4,Married,3,1,17.0,3.0,3.0,3.0,148.28,0
CUST-54368,10.0,Computer,1,25.0,Credit Card,Female,4.0,4,Mobile Phone,1,Single,3,0,14.0,1.0,2.0,8.0,146.53,0
CUST-54369,14.0,Computer,1,16.0,Debit Card,Male,4.0,5,Laptop & Accessory,1,Married,11,0,15.0,1.0,2.0,3.0,173.76,0
CUST-54370,20.0,Mobile Phone,1,7.0,Credit Card,Male,4.0,4,Fashion,5,Married,9,0,17.0,1.0,2.0,,218.96,0
CUST-54371,1.0,Mobile Phone,3,11.0,Credit Card,Male,3.0,6,Fashion,1,Married,3,0,12.0,7.0,10.0,,229.0,1
CUST-54372,4.0,Computer,1,7.0,Debit Card,Male,3.0,5,Fashion,3,Single,3,0,23.0,5.0,6.0,,209.74,0
CUST-54373,1.0,Computer,3,27.0,Debit Card,Female,3.0,4,Laptop & Accessory,3,Single,3,0,15.0,2.0,2.0,,224.81,0
CUST-54374,25.0,Mobile Phone,1,15.0,Debit Card,Male,3.0,5,Fashion,4,Married,7,0,17.0,3.0,,8.0,249.89999999999998,0
CUST-54375,1.0,Mobile Phone,1,10.0,Cash on Delivery,Female,3.0,4,Mobile Phone,5,Single,7,1,12.0,1.0,2.0,5.0,151.57,1
CUST-54376,15.0,Mobile Phone,3,13.0,Debit Card,Female,4.0,4,Fashion,1,Single,5,1,19.0,,2.0,1.0,260.91,0
CUST-54377,1.0,Computer,3,33.0,E wallet,Female,3.0,5,Laptop & Accessory,5,Single,7,0,16.0,2.0,2.0,2.0,191.96,1
CUST-54378,1.0,Mobile Phone,1,7.0,Cash on Delivery,Male,3.0,4,Mobile Phone,3,Single,2,0,15.0,1.0,2.0,6.0,145.58,1
CUST-54379,19.0,Computer,3,13.0,Credit Card,Female,3.0,5,Fashion,1,Single,8,0,13.0,6.0,13.0,,213.65,0
CUST-54380,28.0,Mobile Phone,3,10.0,E wallet,Female,3.0,4,Laptop & Accessory,5,Married,4,0,15.0,2.0,2.0,6.0,184.4,0
CUST-54381,10.0,Mobile Phone,1,12.0,Debit Card,Male,4.0,4,Laptop & Accessory,4,Single,10,0,17.0,3.0,4.0,8.0,184.14,0
CUST-54382,7.0,Mobile Phone,1,11.0,Credit Card,Female,3.0,5,Mobile Phone,4,Married,8,0,22.0,1.0,2.0,2.0,151.22,0
CUST-54383,11.0,Computer,1,18.0,UPI,Male,3.0,4,Fashion,1,Married,3,1,15.0,2.0,,8.0,246.85000000000002,0
CUST-54384,12.0,Mobile Phone,3,10.0,Debit Card,Male,4.0,4,Fashion,3,Married,2,0,13.0,2.0,6.0,,231.08999999999997,0
CUST-54385,5.0,Computer,1,7.0,Credit Card,Male,3.0,6,Laptop & Accessory,3,Married,2,0,13.0,1.0,2.0,5.0,168.45,0
CUST-54386,31.0,Mobile Phone,1,10.0,Debit Card,Male,4.0,5,Mobile Phone,1,Married,5,0,18.0,1.0,2.0,1.0,146.77,0
CUST-54387,11.0,Computer,3,11.0,E wallet,Male,3.0,4,Mobile Phone,1,Married,6,0,18.0,4.0,6.0,9.0,152.93,0
CUST-54388,3.0,Computer,3,7.0,Credit Card,Female,3.0,4,Fashion,1,Married,3,0,15.0,5.0,5.0,2.0,204.18,0
CUST-54389,9.0,Computer,3,7.0,E wallet,Female,4.0,4,Fashion,3,Single,3,0,15.0,2.0,2.0,,212.89,0
CUST-54390,1.0,Mobile Phone,1,25.0,Credit Card,Male,3.0,5,Mobile Phone,1,Single,3,1,14.0,1.0,2.0,2.0,148.89,1
CUST-54391,26.0,Mobile Phone,1,9.0,Debit Card,Female,3.0,5,Mobile Phone,1,Single,9,0,16.0,3.0,3.0,3.0,157.12,0
CUST-54392,16.0,Mobile Phone,1,11.0,Cash on Delivery,Male,3.0,4,Others,1,Married,3,0,,1.0,12.0,16.0,317.32,0
CUST-54393,31.0,Mobile Phone,2,13.0,Credit Card,Male,3.0,4,Mobile Phone,3,Married,10,0,18.0,1.0,3.0,3.0,147.67,0
CUST-54394,24.0,Mobile Phone,3,7.0,Credit Card,Female,4.0,4,Others,1,Married,5,0,,2.0,2.0,7.0,320.17,0
CUST-54395,1.0,Mobile Phone,1,21.0,Credit Card,Male,3.0,4,Mobile Phone,1,Married,7,1,14.0,2.0,2.0,5.0,149.36,1
CUST-54396,17.0,Mobile Phone,3,23.0,E wallet,Female,4.0,4,Grocery,1,Married,7,1,23.0,,2.0,10.0,285.64,0
CUST-54397,1.0,Mobile Phone,1,9.0,Debit Card,Female,3.0,4,Mobile Phone,5,Married,9,0,21.0,2.0,2.0,8.0,152.07,1
CUST-54398,26.0,Computer,3,9.0,Debit Card,Male,4.0,5,Others,3,Single,3,1,,2.0,16.0,13.0,315.68,0
CUST-54399,6.0,Mobile Phone,3,11.0,Debit Card,Female,3.0,4,Mobile Phone,4,Married,4,0,12.0,2.0,2.0,3.0,164.31,0
CUST-54400,1.0,Mobile Phone,1,7.0,Debit Card,Male,4.0,5,Mobile Phone,3,Single,2,1,15.0,1.0,2.0,3.0,162.3,1
CUST-54401,13.0,Mobile Phone,1,7.0,Credit Card,Female,4.0,4,Mobile Phone,3,Married,9,0,15.0,2.0,2.0,3.0,147.32,0
CUST-54402,6.0,Computer,3,33.0,E wallet,Male,4.0,4,Laptop & Accessory,1,Married,2,0,19.0,3.0,3.0,3.0,169.65,0
CUST-54403,15.0,Mobile Phone,1,26.0,Debit Card,Male,3.0,4,Laptop & Accessory,5,Married,4,0,17.0,1.0,2.0,1.0,155.72,0
CUST-54404,14.0,Mobile Phone,1,31.0,Cash on Delivery,Male,4.0,4,Laptop & Accessory,1,Married,3,0,18.0,3.0,5.0,8.0,158.19,0
CUST-54405,19.0,Mobile Phone,1,7.0,UPI,Male,4.0,2,Others,1,Married,2,0,,2.0,2.0,8.0,317.02,0
CUST-54406,5.0,Computer,1,10.0,Credit Card,Male,4.0,4,Fashion,3,Married,11,0,13.0,,3.0,3.0,261.75,0
CUST-54407,7.0,Mobile Phone,1,12.0,Debit Card,Female,4.0,5,Mobile Phone,1,Married,3,0,14.0,1.0,2.0,3.0,154.11,0
CUST-54408,8.0,Mobile Phone,1,9.0,Debit Card,Male,3.0,5,Laptop & Accessory,5,Married,8,0,14.0,1.0,6.0,10.0,184.57,0
CUST-54409,11.0,Mobile Phone,1,7.0,Credit Card,Female,3.0,5,Mobile Phone,5,Married,4,0,15.0,1.0,2.0,3.0,164.2,0
CUST-54410,19.0,Computer,1,14.0,Debit Card,Male,4.0,2,Laptop & Accessory,3,Married,6,0,18.0,2.0,2.0,3.0,189.34,0
CUST-54411,1.0,Computer,1,17.0,Credit Card,Male,4.0,4,Fashion,3,Married,8,0,12.0,1.0,2.0,,225.48,1
CUST-54412,13.0,Computer,1,9.0,Cash on Delivery,Female,4.0,4,Fashion,3,Single,2,0,26.0,7.0,,9.0,234.38,0
CUST-54413,3.0,Mobile Phone,1,22.0,Debit Card,Male,3.0,4,Mobile Phone,1,Single,3,0,20.0,2.0,2.0,6.0,148.4,0
CUST-54414,16.0,Mobile Phone,1,24.0,Debit Card,Female,3.0,2,Laptop & Accessory,5,Single,5,1,14.0,2.0,2.0,3.0,190.45,0
CUST-54415,3.0,Mobile Phone,3,27.0,E wallet,Male,3.0,4,Laptop & Accessory,1,Married,4,0,15.0,2.0,2.0,3.0,194.31,0
CUST-54416,1.0,Mobile Phone,1,7.0,Debit Card,Female,4.0,4,Laptop & Accessory,3,Married,2,0,13.0,2.0,2.0,3.0,173.98,0
CUST-54417,16.0,Mobile Phone,1,9.0,Credit Card,Female,3.0,5,Mobile Phone,5,Married,2,1,12.0,8.0,8.0,9.0,150.93,0
CUST-54418,14.0,Mobile Phone,1,9.0,Credit Card,Male,3.0,4,Others,3,Married,2,0,,4.0,4.0,10.0,319.36,0
CUST-54419,25.0,Mobile Phone,1,7.0,Debit Card,Male,4.0,4,Mobile Phone,1,Married,3,0,12.0,2.0,2.0,1.0,152.23,0
CUST-54420,1.0,Computer,1,36.0,Credit Card,Male,4.0,5,Mobile Phone,4,Single,2,0,12.0,1.0,2.0,5.0,159.79,1
CUST-54421,6.0,Computer,1,14.0,Debit Card,Male,4.0,2,Mobile Phone,4,Married,3,0,21.0,1.0,2.0,4.0,152.94,0
CUST-54422,12.0,Computer,3,9.0,Debit Card,Male,3.0,5,Laptop & Accessory,1,Married,5,0,19.0,2.0,8.0,6.0,177.49,0
CUST-54423,6.0,Mobile Phone,1,9.0,Cash on Delivery,Male,3.0,5,Laptop & Accessory,5,Single,6,0,14.0,1.0,2.0,5.0,146.76,0
CUST-54424,20.0,Mobile Phone,3,9.0,Cash on Delivery,Female,4.0,6,Grocery,4,Married,5,1,,7.0,8.0,8.0,293.72,0
CUST-54425,1.0,Mobile Phone,1,9.0,Debit Card,Male,4.0,4,Mobile Phone,3,Single,4,0,12.0,1.0,2.0,1.0,159.85,1
CUST-54426,3.0,Mobile Phone,3,9.0,Credit Card,Male,4.0,5,Laptop & Accessory,4,Married,4,0,20.0,2.0,2.0,1.0,191.44,0
CUST-54427,5.0,Mobile Phone,1,30.0,Credit Card,Male,4.0,5,Laptop & Accessory,1,Married,2,0,22.0,1.0,8.0,9.0,180.82,0
CUST-54428,1.0,Computer,1,12.0,Debit Card,Male,3.0,2,Laptop & Accessory,5,Married,3,0,13.0,2.0,2.0,6.0,165.0,0
CUST-54429,19.0,Mobile Phone,1,27.0,Credit Card,Male,4.0,4,Grocery,1,Married,2,1,15.0,3.0,,11.0,259.96,0
CUST-54430,10.0,Mobile Phone,1,13.0,Debit Card,Male,3.0,4,Mobile Phone,1,Married,2,0,12.0,2.0,11.0,12.0,157.1,0
CUST-54431,29.0,Mobile Phone,1,7.0,Credit Card,Male,3.0,4,Others,5,Single,2,1,,4.0,5.0,14.0,315.45,0
CUST-54432,11.0,Computer,1,36.0,Debit Card,Male,3.0,4,Fashion,4,Married,3,1,13.0,5.0,,10.0,243.49,1
CUST-54433,2.0,Mobile Phone,1,16.0,Credit Card,Male,4.0,4,Mobile Phone,1,Married,3,0,24.0,2.0,2.0,5.0,145.7,0
CUST-54434,11.0,Mobile Phone,3,13.0,Credit Card,Male,4.0,4,Laptop & Accessory,1,Married,6,0,15.0,2.0,2.0,2.0,190.02,0
CUST-54435,1.0,Mobile Phone,1,10.0,Credit Card,Male,4.0,5,Mobile Phone,3,Single,3,0,18.0,2.0,2.0,1.0,157.3,0
CUST-54436,11.0,Computer,1,7.0,Credit Card,Female,4.0,4,Fashion,1,Married,4,1,19.0,,2.0,3.0,261.03,0
CUST-54437,9.0,Mobile Phone,1,29.0,Debit Card,Female,4.0,2,Fashion,4,Married,9,0,19.0,6.0,,3.0,244.95999999999998,0
CUST-54438,12.0,Mobile Phone,3,14.0,Credit Card,Female,3.0,2,Laptop & Accessory,5,Married,3,1,25.0,5.0,8.0,8.0,181.05,0
CUST-54439,1.0,Computer,1,7.0,Debit Card,Female,3.0,4,Laptop & Accessory,4,Married,3,0,21.0,2.0,2.0,5.0,188.97,0
CUST-54440,24.0,Mobile Phone,1,11.0,Debit Card,Male,4.0,4,Others,4,Married,5,0,,1.0,2.0,7.0,316.44,0
CUST-54441,27.0,Mobile Phone,1,10.0,Credit Card,Male,3.0,4,Grocery,3,Married,5,1,,2.0,2.0,4.0,300.84,0
CUST-54442,16.0,Mobile Phone,3,7.0,Debit Card,Male,2.0,4,Laptop & Accessory,3,Married,3,0,26.0,7.0,12.0,7.0,174.07,0
CUST-54443,3.0,Computer,3,9.0,Debit Card,Male,3.0,4,Laptop & Accessory,1,Single,3,0,19.0,1.0,2.0,10.0,170.54,0
CUST-54444,29.0,Mobile Phone,1,27.0,Cash on Delivery,Male,3.0,4,Laptop & Accessory,1,Married,5,1,20.0,1.0,2.0,9.0,179.15,0
CUST-54445,1.0,Computer,1,18.0,Credit Card,Male,3.0,4,Laptop & Accessory,5,Married,3,1,14.0,2.0,4.0,4.0,172.41,0
CUST-54446,11.0,Mobile Phone,1,7.0,Debit Card,Female,3.0,4,Mobile Phone,1,Single,3,0,13.0,2.0,6.0,8.0,146.15,0
CUST-54447,8.0,Computer,1,31.0,Debit Card,Male,3.0,4,Mobile Phone,3,Married,5,1,23.0,1.0,2.0,1.0,156.61,1
CUST-54448,12.0,Mobile Phone,1,30.0,Debit Card,Male,3.0,4,Laptop & Accessory,1,Married,11,0,15.0,1.0,2.0,3.0,182.45,0
CUST-54449,1.0,Mobile Phone,1,23.0,Credit Card,Male,3.0,4,Mobile Phone,4,Married,4,1,14.0,2.0,2.0,3.0,148.73,1
CUST-54450,2.0,Mobile Phone,1,15.0,Debit Card,Female,4.0,4,Mobile Phone,1,Single,3,0,22.0,2.0,2.0,3.0,158.1,0
CUST-54451,23.0,Computer,1,17.0,Debit Card,Female,3.0,4,Others,5,Single,11,1,,1.0,2.0,3.0,311.65,0
CUST-54452,10.0,Mobile Phone,1,10.0,Cash on Delivery,Male,2.0,4,Laptop & Accessory,4,Single,6,0,13.0,3.0,8.0,8.0,169.85,0
CUST-54453,5.0,Computer,3,12.0,E wallet,Female,3.0,4,Mobile Phone,4,Married,3,0,12.0,1.0,3.0,3.0,152.89,0
CUST-54454,1.0,Mobile Phone,3,11.0,E wallet,Male,3.0,5,Laptop & Accessory,1,Single,3,1,13.0,5.0,8.0,5.0,183.28,1
CUST-54455,11.0,Computer,1,16.0,Credit Card,Male,3.0,4,Mobile Phone,1,Married,3,1,13.0,1.0,2.0,3.0,148.26,0
CUST-54456,16.0,Computer,3,33.0,E wallet,Female,4.0,4,Grocery,4,Married,7,0,15.0,4.0,,9.0,260.25,0
CUST-54457,1.0,Mobile Phone,1,10.0,Debit Card,Male,3.0,4,Mobile Phone,3,Single,3,0,14.0,2.0,2.0,1.0,139.2,1
CUST-54458,9.0,Mobile Phone,3,23.0,E wallet,Male,4.0,4,Fashion,4,Married,2,0,16.0,4.0,7.0,10.0,205.2,0
CUST-54459,10.0,Computer,1,25.0,Debit Card,Male,3.0,2,Mobile Phone,1,Married,6,0,19.0,2.0,2.0,1.0,161.88,0
CUST-54460,25.0,Mobile Phone,1,9.0,Credit Card,Male,3.0,6,Laptop & Accessory,4,Married,7,0,19.0,1.0,2.0,3.0,179.82,0
CUST-54461,15.0,Mobile Phone,3,9.0,Debit Card,Male,3.0,4,Grocery,4,Single,3,0,20.0,,2.0,5.0,285.15,0
CUST-54462,1.0,Mobile Phone,3,17.0,Credit Card,Female,4.0,5,Mobile Phone,3,Single,3,0,13.0,1.0,2.0,1.0,137.0,0
CUST-54463,2.0,Mobile Phone,1,23.0,Credit Card,Male,4.0,2,Laptop & Accessory,5,Single,2,0,20.0,1.0,2.0,8.0,181.61,0
CUST-54464,5.0,Mobile Phone,3,14.0,Cash on Delivery,Male,4.0,2,Laptop & Accessory,1,Married,6,0,12.0,4.0,8.0,8.0,194.29,0
CUST-54465,13.0,Mobile Phone,1,7.0,Credit Card,Male,3.0,2,Fashion,1,Married,2,0,18.0,2.0,4.0,,221.13,0
CUST-54466,10.0,Computer,1,31.0,Debit Card,Female,3.0,4,Laptop & Accessory,4,Married,9,0,16.0,2.0,2.0,9.0,181.74,0
CUST-54467,6.0,Mobile Phone,3,14.0,Debit Card,Male,4.0,5,Laptop & Accessory,3,Married,3,0,15.0,4.0,5.0,9.0,179.84,0
CUST-54468,12.0,Mobile Phone,1,32.0,Debit Card,Female,3.0,5,Fashion,4,Married,5,0,18.0,1.0,,2.0,245.61,0
CUST-54469,31.0,Computer,1,7.0,Debit Card,Male,3.0,6,Laptop & Accessory,3,Married,4,1,14.0,2.0,2.0,3.0,181.6,0
CUST-54470,5.0,Mobile Phone,1,12.0,Cash on Delivery,Male,3.0,4,Mobile Phone,1,Married,2,1,13.0,2.0,2.0,4.0,173.21,0
CUST-54471,5.0,Mobile Phone,2,9.0,UPI,Male,4.0,5,Laptop & Accessory,5,Married,5,0,13.0,1.0,2.0,1.0,189.1,0
CUST-54472,19.0,Computer,1,14.0,Debit Card,Male,4.0,4,Fashion,5,Married,3,0,19.0,3.0,10.0,12.0,177.1,0
CUST-54473,5.0,Mobile Phone,1,9.0,Debit Card,Male,3.0,4,Mobile Phone,1,Married,2,1,19.0,3.0,3.0,3.0,151.95,0
CUST-54474,7.0,Computer,1,12.0,Debit Card,Female,4.0,4,Fashion,4,Married,8,0,12.0,8.0,,9.0,243.77999999999997,0
CUST-54475,1.0,Mobile Phone,1,17.0,Credit Card,Male,4.0,4,Grocery,5,Married,3,1,,2.0,12.0,11.0,295.68,0
CUST-54476,17.0,Computer,1,17.0,Debit Card,Female,3.0,4,Mobile Phone,1,Single,2,0,20.0,1.0,2.0,8.0,149.55,0
CUST-54477,23.0,Mobile Phone,1,7.0,Cash on Delivery,Female,3.0,5,Grocery,3,Single,9,1,13.0,,2.0,8.0,264.64,0
CUST-54478,16.0,Mobile Phone,1,15.0,Credit Card,Male,3.0,5,Laptop & Accessory,4,Married,4,0,16.0,8.0,8.0,8.0,174.41,1
CUST-54479,1.0,Mobile Phone,1,12.0,Debit Card,Female,3.0,4,Mobile Phone,4,Single,3,1,13.0,1.0,2.0,3.0,149.78,0
CUST-54480,6.0,Mobile Phone,3,15.0,Cash on Delivery,Female,4.0,5,Laptop & Accessory,4,Married,3,1,12.0,12.0,12.0,10.0,177.28,0
CUST-54481,1.0,Mobile Phone,3,9.0,Debit Card,Male,4.0,4,Laptop & Accessory,3,Single,3,1,12.0,1.0,2.0,5.0,169.78,0
CUST-54482,5.0,Mobile Phone,3,14.0,E wallet,Male,4.0,4,Laptop & Accessory,1,Married,6,0,13.0,1.0,2.0,8.0,200.47,0
CUST-54483,6.0,Mobile Phone,1,9.0,Credit Card,Female,4.0,2,Laptop & Accessory,1,Single,9,0,17.0,1.0,2.0,8.0,175.55,0
CUST-54484,1.0,Mobile Phone,1,9.0,Credit Card,Male,3.0,6,Mobile Phone,1,Married,7,1,14.0,2.0,3.0,3.0,159.64,1
CUST-54485,4.0,Mobile Phone,1,35.0,Credit Card,Female,4.0,4,Laptop & Accessory,1,Married,3,0,14.0,2.0,2.0,10.0,182.75,0
CUST-54486,5.0,Computer,1,14.0,Debit Card,Female,3.0,5,Fashion,3,Married,3,0,25.0,8.0,9.0,,214.43,0
CUST-54487,13.0,Computer,1,14.0,Credit Card,Male,3.0,5,Others,1,Married,3,0,,7.0,14.0,4.0,317.72,0
CUST-54488,3.0,Mobile Phone,3,10.0,Credit Card,Female,3.0,4,Laptop & Accessory,3,Married,6,1,19.0,2.0,2.0,1.0,177.38,1
CUST-54489,7.0,Computer,3,17.0,E wallet,Male,3.0,5,Laptop & Accessory,1,Single,5,0,15.0,2.0,2.0,2.0,171.82,0
CUST-54490,21.0,Mobile Phone,1,12.0,Debit Card,Male,3.0,4,Others,3,Married,6,0,,2.0,2.0,2.0,308.0,0
CUST-54491,17.0,Computer,1,17.0,Debit Card,Female,3.0,5,Laptop & Accessory,3,Married,3,0,12.0,2.0,2.0,1.0,177.57,0
CUST-54492,1.0,Computer,3,7.0,E wallet,Male,4.0,4,Laptop & Accessory,4,Married,2,1,14.0,1.0,2.0,5.0,188.49,0
CUST-54493,28.0,Computer,1,27.0,Debit Card,Female,3.0,4,Laptop & Accessory,3,Single,5,0,13.0,1.0,2.0,4.0,173.69,0
CUST-54494,17.0,Mobile Phone,1,14.0,Debit Card,Female,3.0,4,Fashion,5,Married,10,0,17.0,2.0,2.0,,224.85,0
CUST-54495,19.0,Mobile Phone,1,15.0,UPI,Male,4.0,4,Laptop & Accessory,1,Married,11,0,15.0,9.0,10.0,9.0,161.97,0
CUST-54496,14.0,Mobile Phone,3,7.0,Credit Card,Male,3.0,6,Laptop & Accessory,1,Married,4,1,23.0,2.0,2.0,3.0,199.57,0
CUST-54497,1.0,Mobile Phone,1,15.0,UPI,Male,4.0,6,Mobile Phone,5,Married,3,1,12.0,1.0,2.0,8.0,146.19,1
CUST-54498,3.0,Mobile Phone,1,16.0,UPI,Male,2.0,5,Mobile Phone,1,Single,2,0,18.0,2.0,3.0,3.0,164.83,0
CUST-54499,4.0,Mobile Phone,3,12.0,E wallet,Female,2.0,5,Laptop & Accessory,3,Married,3,0,14.0,2.0,2.0,3.0,186.18,0
CUST-54500,1.0,Mobile Phone,3,15.0,E wallet,Female,3.0,4,Laptop & Accessory,4,Married,3,0,19.0,1.0,2.0,8.0,187.14,0
CUST-54501,11.0,Mobile Phone,1,12.0,Credit Card,Male,4.0,4,Laptop & Accessory,1,Married,9,0,17.0,2.0,2.0,5.0,188.47,0
CUST-54502,12.0,Mobile Phone,1,22.0,Debit Card,Male,4.0,5,Fashion,1,Married,2,1,15.0,3.0,,10.0,240.10000000000002,0
CUST-54503,5.0,Mobile Phone,1,14.0,Credit Card,Female,3.0,4,Fashion,1,Single,3,1,15.0,5.0,5.0,11.0,196.43,0
CUST-54504,3.0,Mobile Phone,3,17.0,E wallet,Female,3.0,5,Laptop & Accessory,4,Married,3,1,15.0,2.0,2.0,8.0,207.68,0
CUST-54505,9.0,Mobile Phone,1,12.0,Cash on Delivery,Male,4.0,4,Fashion,4,Single,2,0,14.0,2.0,2.0,14.0,205.95,0
CUST-54506,1.0,Mobile Phone,1,33.0,Debit Card,Male,3.0,4,Mobile Phone,1,Married,3,0,13.0,1.0,2.0,3.0,154.04,0
CUST-54507,15.0,Mobile Phone,1,13.0,Credit Card,Male,4.0,5,Laptop & Accessory,4,Single,8,1,16.0,2.0,2.0,3.0,185.32,0
CUST-54508,21.0,Computer,3,11.0,Credit Card,Male,4.0,4,Laptop & Accessory,3,Single,5,0,20.0,1.0,2.0,1.0,154.76,0
CUST-54509,16.0,Mobile Phone,1,30.0,Debit Card,Female,3.0,4,Grocery,1,Single,4,0,15.0,,2.0,1.0,284.92,0
CUST-54510,3.0,Computer,3,9.0,Debit Card,Male,4.0,4,Laptop & Accessory,3,Married,3,0,15.0,2.0,2.0,3.0,171.49,0
CUST-54511,16.0,Mobile Phone,2,9.0,Cash on Delivery,Male,3.0,4,Mobile Phone,3,Married,2,1,12.0,2.0,2.0,1.0,151.96,0
CUST-54512,6.0,Mobile Phone,1,9.0,Credit Card,Female,4.0,4,Mobile Phone,4,Married,3,0,14.0,1.0,2.0,8.0,148.7,0
CUST-54513,22.0,Mobile Phone,3,36.0,Credit Card,Female,4.0,4,Fashion,3,Married,5,0,22.0,1.0,,1.0,250.04000000000002,0
CUST-54514,11.0,Mobile Phone,1,13.0,Credit Card,Male,3.0,2,Laptop & Accessory,5,Married,6,1,14.0,7.0,7.0,8.0,184.74,0
CUST-54515,4.0,Computer,3,32.0,Cash on Delivery,Female,3.0,4,Laptop & Accessory,3,Married,9,1,13.0,3.0,3.0,3.0,172.36,0
CUST-54516,1.0,Mobile Phone,3,7.0,Debit Card,Male,3.0,4,Laptop & Accessory,3,Married,3,0,18.0,1.0,8.0,8.0,177.96,0
CUST-54517,16.0,Mobile Phone,1,9.0,UPI,Male,4.0,5,Laptop & Accessory,1,Single,5,0,24.0,2.0,2.0,1.0,192.81,0
CUST-54518,1.0,Computer,3,7.0,Cash on Delivery,Female,4.0,5,Mobile Phone,4,Single,3,1,12.0,2.0,2.0,3.0,146.74,1
CUST-54519,10.0,Computer,3,7.0,Credit Card,Female,3.0,4,Laptop & Accessory,1,Single,6,0,16.0,2.0,2.0,1.0,191.53,0
CUST-54520,10.0,Computer,3,10.0,Credit Card,Male,3.0,5,Fashion,1,Married,6,0,12.0,1.0,2.0,,221.99,0
CUST-54521,31.0,Mobile Phone,1,7.0,Credit Card,Male,3.0,4,Laptop & Accessory,3,Married,4,0,12.0,1.0,2.0,3.0,192.55,0
CUST-54522,14.0,Mobile Phone,1,17.0,Debit Card,Female,3.0,2,Mobile Phone,3,Married,5,1,14.0,1.0,2.0,8.0,147.13,0
CUST-54523,1.0,Computer,3,16.0,Credit Card,Male,3.0,4,Mobile Phone,1,Single,3,0,25.0,3.0,3.0,3.0,151.1,0
CUST-54524,1.0,Mobile Phone,3,12.0,E wallet,Female,3.0,4,Mobile Phone,3,Single,3,1,14.0,1.0,2.0,1.0,153.51,1
CUST-54525,11.0,Mobile Phone,1,17.0,Credit Card,Female,4.0,4,Mobile Phone,5,Married,8,0,21.0,2.0,2.0,4.0,159.52,0
CUST-54526,20.0,Computer,1,14.0,Credit Card,Female,2.0,4,Laptop & Accessory,3,Married,4,0,15.0,2.0,2.0,1.0,177.58,0
CUST-54527,5.0,Computer,3,11.0,E wallet,Male,3.0,4,Laptop & Accessory,4,Single,3,0,19.0,5.0,8.0,,218.55,1
CUST-54528,24.0,Mobile Phone,1,17.0,Cash on Delivery,Male,4.0,5,Fashion,1,Single,8,0,16.0,2.0,2.0,,229.96,0
CUST-54529,4.0,Mobile Phone,3,29.0,E wallet,Male,4.0,5,Laptop & Accessory,3,Married,4,1,13.0,2.0,2.0,1.0,188.8,1
CUST-54530,5.0,Mobile Phone,1,16.0,Debit Card,Male,3.0,5,Mobile Phone,4,Single,2,1,17.0,3.0,3.0,3.0,151.57,0
CUST-54531,1.0,Mobile Phone,3,19.0,Debit Card,Female,3.0,2,Mobile Phone,4,Single,3,0,16.0,1.0,2.0,1.0,152.16,1
CUST-54532,3.0,Mobile Phone,1,30.0,Debit Card,Male,3.0,4,Mobile Phone,1,Single,11,0,17.0,1.0,2.0,3.0,147.01,0
CUST-54533,9.0,Mobile Phone,1,16.0,Debit Card,Male,4.0,5,Laptop & Accessory,4,Single,11,0,20.0,1.0,2.0,1.0,190.4,0
CUST-54534,1.0,Mobile Phone,1,7.0,Credit Card,Male,3.0,4,Mobile Phone,4,Married,3,0,12.0,1.0,2.0,5.0,163.16,0
CUST-54535,2.0,Mobile Phone,3,16.0,Debit Card,Male,4.0,4,Laptop & Accessory,1,Single,3,0,17.0,2.0,2.0,8.0,177.53,0
CUST-54536,23.0,Mobile Phone,1,14.0,UPI,Male,3.0,5,Fashion,3,Single,10,0,25.0,2.0,,1.0,234.64999999999998,0
CUST-54537,25.0,Mobile Phone,3,21.0,Debit Card,Female,3.0,4,Laptop & Accessory,1,Married,6,0,12.0,2.0,2.0,8.0,174.36,0
CUST-54538,10.0,Mobile Phone,1,9.0,Debit Card,Female,4.0,4,Mobile Phone,3,Married,6,0,14.0,3.0,3.0,3.0,150.43,0
CUST-54539,1.0,Computer,3,26.0,E wallet,Male,4.0,2,Laptop & Accessory,1,Single,10,1,14.0,1.0,2.0,5.0,178.04,1
CUST-54540,29.0,Mobile Phone,1,9.0,Debit Card,Female,4.0,4,Grocery,1,Single,4,1,14.0,,2.0,3.0,291.59,0
CUST-54541,1.0,Mobile Phone,3,17.0,E wallet,Female,4.0,4,Laptop & Accessory,3,Married,3,1,13.0,1.0,2.0,4.0,167.6,0
CUST-54542,4.0,Mobile Phone,3,9.0,Cash on Delivery,Male,4.0,4,Mobile Phone,4,Married,3,0,19.0,2.0,2.0,1.0,149.76,0
CUST-54543,1.0,Computer,1,10.0,Cash on Delivery,Male,4.0,4,Mobile Phone,5,Single,2,0,23.0,1.0,2.0,5.0,156.02,1
CUST-54544,1.0,Mobile Phone,1,18.0,Credit Card,Female,3.0,4,Mobile Phone,4,Married,3,0,14.0,2.0,2.0,3.0,147.44,0
CUST-54545,10.0,Mobile Phone,3,9.0,Credit Card,Male,4.0,5,Fashion,3,Married,3,0,14.0,9.0,10.0,1.0,200.96,0
CUST-54546,1.0,Computer,1,11.0,Cash on Delivery,Male,3.0,4,Mobile Phone,1,Single,11,1,24.0,2.0,2.0,1.0,147.85,1
CUST-54547,11.0,Mobile Phone,1,21.0,Debit Card,Female,4.0,4,Mobile Phone,5,Married,3,0,13.0,11.0,13.0,18.0,155.34,0
CUST-54548,14.0,Mobile Phone,3,9.0,E wallet,Female,3.0,4,Laptop & Accessory,4,Married,9,0,13.0,1.0,2.0,4.0,182.15,0
CUST-54549,16.0,Mobile Phone,1,7.0,Debit Card,Female,4.0,4,Mobile Phone,5,Married,5,0,17.0,1.0,2.0,3.0,150.76,0
CUST-54550,11.0,Mobile Phone,1,17.0,Debit Card,Male,3.0,4,Laptop & Accessory,4,Single,4,1,13.0,1.0,2.0,2.0,166.97,0
CUST-54551,17.0,Mobile Phone,1,19.0,Debit Card,Male,3.0,5,Grocery,4,Married,3,0,12.0,,4.0,10.0,268.36,0
CUST-54552,14.0,Mobile Phone,1,9.0,Credit Card,Female,4.0,5,Laptop & Accessory,3,Married,8,0,23.0,2.0,2.0,1.0,159.48,0
CUST-54553,28.0,Mobile Phone,1,12.0,Credit Card,Male,3.0,4,Others,5,Married,6,0,,2.0,2.0,3.0,319.06,0
CUST-54554,8.0,Computer,3,11.0,E wallet,Female,4.0,4,Laptop & Accessory,3,Married,11,0,16.0,1.0,2.0,3.0,190.38,0
CUST-54555,5.0,Mobile Phone,1,14.0,Credit Card,Female,3.0,4,Laptop & Accessory,5,Married,3,0,13.0,4.0,4.0,13.0,168.06,0
CUST-54556,17.0,Computer,1,28.0,Credit Card,Male,4.0,4,Mobile Phone,1,Married,9,0,21.0,2.0,2.0,3.0,147.58,0
CUST-54557,17.0,Mobile Phone,1,15.0,UPI,Female,4.0,4,Laptop & Accessory,3,Married,6,1,15.0,2.0,2.0,3.0,170.22,0
CUST-54558,1.0,Mobile Phone,3,11.0,Debit Card,Female,4.0,5,Laptop & Accessory,1,Single,3,1,12.0,1.0,2.0,4.0,169.87,0
CUST-54559,11.0,Computer,1,32.0,Credit Card,Female,4.0,4,Laptop & Accessory,3,Married,5,1,16.0,5.0,11.0,8.0,169.49,0
CUST-54560,5.0,Mobile Phone,1,7.0,Debit Card,Male,4.0,5,Mobile Phone,5,Married,3,0,13.0,4.0,4.0,3.0,147.18,0
CUST-54561,13.0,Computer,1,7.0,Debit Card,Male,3.0,4,Others,3,Married,3,1,,1.0,2.0,7.0,316.97,0
CUST-54562,30.0,Computer,3,13.0,Debit Card,Female,3.0,2,Grocery,5,Married,11,0,12.0,7.0,,8.0,257.12,0
CUST-54563,4.0,Mobile Phone,3,19.0,Cash on Delivery,Female,3.0,4,Laptop & Accessory,3,Single,2,0,12.0,4.0,5.0,5.0,190.77,0
CUST-54564,15.0,Mobile Phone,3,7.0,E wallet,Male,3.0,2,Fashion,5,Married,3,0,17.0,2.0,2.0,8.0,208.92,0
CUST-54565,2.0,Mobile Phone,1,24.0,Credit Card,Male,4.0,4,Laptop & Accessory,5,Married,3,0,13.0,1.0,2.0,9.0,170.58,0
CUST-54566,1.0,Mobile Phone,1,10.0,Credit Card,Male,4.0,4,Mobile Phone,5,Married,7,0,14.0,2.0,2.0,3.0,165.31,1
CUST-54567,26.0,Mobile Phone,1,10.0,Credit Card,Male,3.0,5,Fashion,3,Married,4,1,15.0,2.0,2.0,5.0,204.69,0
CUST-54568,19.0,Mobile Phone,1,17.0,Debit Card,Male,4.0,4,Mobile Phone,1,Married,5,0,22.0,1.0,2.0,3.0,151.54,0
CUST-54569,26.0,Mobile Phone,1,11.0,Debit Card,Female,2.0,4,Grocery,1,Married,4,0,14.0,,2.0,5.0,290.55,0
CUST-54570,16.0,Computer,1,36.0,Debit Card,Female,4.0,4,Laptop & Accessory,3,Married,4,0,12.0,2.0,2.0,3.0,170.56,0
CUST-54571,4.0,Mobile Phone,1,9.0,Debit Card,Female,3.0,6,Laptop & Accessory,1,Single,4,0,21.0,2.0,2.0,3.0,185.91,0
CUST-54572,31.0,Mobile Phone,1,14.0,Debit Card,Female,3.0,4,Others,5,Married,7,0,,2.0,12.0,11.0,320.66,0
CUST-54573,20.0,Mobile Phone,1,25.0,Credit Card,Female,3.0,4,Laptop & Accessory,3,Married,4,0,15.0,2.0,2.0,9.0,173.1,0
CUST-54574,16.0,Computer,1,35.0,Cash on Delivery,Female,3.0,5,Laptop & Accessory,1,Married,2,0,12.0,1.0,2.0,5.0,170.23,0
CUST-54575,1.0,Mobile Phone,3,7.0,Cash on Delivery,Female,4.0,4,Mobile Phone,4,Single,3,1,17.0,1.0,2.0,5.0,157.02,1
CUST-54576,1.0,Computer,3,13.0,E wallet,Female,3.0,6,Mobile Phone,3,Married,2,0,17.0,1.0,2.0,1.0,148.51,1
CUST-54577,12.0,Computer,1,9.0,Debit Card,Male,3.0,4,Mobile Phone,1,Married,3,1,24.0,2.0,2.0,1.0,142.02,0
CUST-54578,14.0,Mobile Phone,3,9.0,Debit Card,Female,4.0,4,Others,3,Married,2,0,,2.0,2.0,13.0,305.41,0
CUST-54579,1.0,Mobile Phone,1,30.0,Debit Card,Female,3.0,4,Mobile Phone,1,Married,3,0,23.0,1.0,2.0,3.0,153.86,0
CUST-54580,4.0,Computer,1,10.0,Debit Card,Male,3.0,4,Mobile Phone,1,Married,6,0,16.0,2.0,2.0,5.0,145.97,0
CUST-54581,3.0,Mobile Phone,1,10.0,Credit Card,Male,4.0,5,Fashion,3,Married,3,0,19.0,1.0,,8.0,244.35000000000002,0
CUST-54582,1.0,Mobile Phone,1,32.0,Cash on Delivery,Female,4.0,5,Mobile Phone,4,Married,7,0,17.0,2.0,2.0,2.0,150.46,1
CUST-54583,1.0,Mobile Phone,2,9.0,Cash on Delivery,Male,3.0,5,Mobile Phone,1,Single,3,0,13.0,1.0,2.0,1.0,150.64,1
CUST-54584,4.0,Computer,3,29.0,UPI,Female,4.0,4,Fashion,5,Married,2,0,12.0,4.0,8.0,9.0,209.12,0
CUST-54585,31.0,Mobile Phone,3,36.0,E wallet,Male,3.0,5,Grocery,1,Married,5,0,13.0,,2.0,1.0,266.18,0
CUST-54586,24.0,Mobile Phone,1,36.0,Debit Card,Male,3.0,5,Grocery,3,Married,2,0,,16.0,16.0,8.0,295.46,0
CUST-54587,4.0,Computer,1,9.0,Credit Card,Female,3.0,4,Mobile Phone,1,Single,2,0,15.0,2.0,7.0,8.0,150.64,0
CUST-54588,31.0,Computer,3,35.0,E wallet,Female,4.0,5,Fashion,5,Married,6,0,20.0,4.0,14.0,,227.66,0
CUST-54589,21.0,Mobile Phone,1,9.0,Credit Card,Female,4.0,4,Laptop & Accessory,1,Married,7,0,14.0,1.0,2.0,5.0,175.7,0
CUST-54590,20.0,Mobile Phone,1,9.0,Debit Card,Male,3.0,4,Grocery,3,Married,8,0,,2.0,2.0,2.0,303.61,0
CUST-54591,9.0,Mobile Phone,1,29.0,Debit Card,Male,3.0,6,Mobile Phone,3,Single,2,0,16.0,2.0,5.0,4.0,167.3,0
CUST-54592,28.0,Mobile Phone,1,6.0,Debit Card,Female,3.0,4,Laptop & Accessory,3,Single,9,0,12.0,1.0,2.0,1.0,162.8,0
CUST-54593,8.0,Mobile Phone,1,9.0,Debit Card,Male,4.0,5,Mobile Phone,3,Married,5,0,13.0,4.0,6.0,8.0,152.68,0
CUST-54594,6.0,Mobile Phone,3,17.0,E wallet,Female,4.0,5,Fashion,1,Married,4,1,20.0,1.0,2.0,,215.71,0
CUST-54595,5.0,Mobile Phone,1,16.0,Debit Card,Male,3.0,4,Fashion,4,Married,3,0,26.0,1.0,2.0,9.0,231.48000000000002,0
CUST-54596,1.0,Mobile Phone,1,22.0,Credit Card,Male,3.0,4,Fashion,3,Married,9,1,13.0,,8.0,8.0,261.1,1
CUST-54597,1.0,Mobile Phone,1,17.0,Credit Card,Male,3.0,6,Mobile Phone,1,Married,9,0,14.0,1.0,2.0,4.0,159.08,1
CUST-54598,4.0,Mobile Phone,3,14.0,E wallet,Male,3.0,4,Mobile Phone,4,Single,2,0,15.0,1.0,2.0,3.0,154.83,0
CUST-54599,9.0,Mobile Phone,1,23.0,Debit Card,Male,4.0,4,Fashion,3,Married,6,1,13.0,1.0,2.0,1.0,201.32,0
CUST-54600,1.0,Computer,1,27.0,Debit Card,Male,4.0,4,Fashion,3,Married,5,0,13.0,2.0,2.0,,223.24,1
CUST-54601,1.0,Computer,2,30.0,UPI,Female,3.0,4,Fashion,5,Married,11,1,16.0,2.0,2.0,,224.5,1
CUST-54602,16.0,Computer,1,12.0,UPI,Male,4.0,4,Mobile Phone,3,Married,6,0,18.0,1.0,3.0,1.0,145.93,0
CUST-54603,10.0,Computer,3,17.0,Credit Card,Male,3.0,4,Fashion,1,Single,3,0,15.0,9.0,10.0,,224.8,0
CUST-54604,1.0,Computer,1,11.0,Cash on Delivery,Male,4.0,5,Mobile Phone,3,Single,7,0,17.0,1.0,2.0,3.0,163.94,1
CUST-54605,22.0,Mobile Phone,3,9.0,E wallet,Female,3.0,4,Laptop & Accessory,1,Married,4,0,15.0,7.0,7.0,8.0,165.51,0
CUST-54606,29.0,Mobile Phone,3,25.0,Debit Card,Female,3.0,4,Grocery,4,Single,5,0,,2.0,8.0,9.0,293.35,0
CUST-54607,15.0,Computer,3,17.0,Debit Card,Male,3.0,4,Laptop & Accessory,1,Single,9,0,15.0,1.0,2.0,11.0,187.3,0
CUST-54608,9.0,Mobile Phone,3,7.0,E wallet,Male,3.0,4,Laptop & Accessory,3,Married,11,0,12.0,1.0,7.0,10.0,172.17,0
CUST-54609,14.0,Mobile Phone,1,13.0,Debit Card,Female,4.0,4,Grocery,3,Single,9,0,16.0,5.0,,14.0,257.37,0
CUST-54610,13.0,Computer,1,15.0,Debit Card,Female,3.0,4,Mobile Phone,3,Married,3,0,12.0,2.0,2.0,8.0,162.55,0
CUST-54611,5.0,Mobile Phone,3,9.0,Debit Card,Male,4.0,4,Laptop & Accessory,1,Single,6,1,14.0,2.0,2.0,6.0,190.82,0
CUST-54612,16.0,Mobile Phone,1,31.0,Credit Card,Male,3.0,4,Fashion,5,Married,3,1,22.0,6.0,6.0,9.0,199.06,0
CUST-54613,19.0,Mobile Phone,3,9.0,UPI,Male,4.0,4,Laptop & Accessory,4,Married,2,0,20.0,4.0,4.0,8.0,173.05,0
CUST-54614,1.0,Computer,2,24.0,Debit Card,Female,3.0,4,Mobile Phone,3,Married,2,1,12.0,1.0,2.0,1.0,152.41,1
CUST-54615,3.0,Mobile Phone,1,26.0,Cash on Delivery,Male,3.0,4,Laptop & Accessory,1,Married,6,0,13.0,2.0,2.0,3.0,167.62,0
CUST-54616,7.0,Mobile Phone,1,7.0,Credit Card,Female,4.0,2,Grocery,3,Married,6,0,20.0,,2.0,6.0,286.84,0
CUST-54617,5.0,Mobile Phone,3,14.0,Debit Card,Male,3.0,5,Fashion,1,Married,11,0,22.0,2.0,,2.0,240.57,0
CUST-54618,1.0,Computer,3,12.0,E wallet,Male,4.0,4,Mobile Phone,4,Single,3,1,15.0,2.0,2.0,1.0,143.78,1
CUST-54619,14.0,Computer,3,35.0,UPI,Male,3.0,6,Fashion,5,Married,5,0,16.0,1.0,,2.0,234.32,0
CUST-54620,15.0,Computer,1,9.0,UPI,Female,4.0,5,Laptop & Accessory,3,Single,4,1,18.0,1.0,2.0,8.0,193.11,0
CUST-54621,1.0,Mobile Phone,3,36.0,Credit Card,Male,3.0,4,Laptop & Accessory,3,Married,7,0,13.0,1.0,2.0,1.0,168.06,0
CUST-54622,9.0,Mobile Phone,3,7.0,Credit Card,Female,4.0,4,Laptop & Accessory,3,Single,3,0,17.0,2.0,2.0,4.0,173.59,0
CUST-54623,8.0,Mobile Phone,3,28.0,Debit Card,Male,4.0,2,Laptop & Accessory,1,Single,3,0,13.0,1.0,6.0,8.0,178.37,0
CUST-54624,1.0,Mobile Phone,1,31.0,Cash on Delivery,Male,4.0,6,Mobile Phone,1,Single,3,1,19.0,1.0,2.0,1.0,148.4,1
CUST-54625,11.0,Mobile Phone,1,7.0,Cash on Delivery,Female,3.0,4,Fashion,1,Single,6,0,18.0,2.0,2.0,3.0,199.91,0
CUST-54626,20.0,Computer,1,25.0,Credit Card,Female,3.0,4,Fashion,3,Married,7,0,12.0,1.0,2.0,,230.27,0
CUST-54627,15.0,Mobile Phone,3,9.0,Debit Card,Female,4.0,4,Grocery,5,Married,9,0,17.0,,12.0,9.0,290.95,0
CUST-54628,11.0,Computer,3,16.0,Credit Card,Male,4.0,4,Fashion,4,Married,3,0,14.0,2.0,8.0,,213.34,0
CUST-54629,26.0,Mobile Phone,1,13.0,Cash on Delivery,Male,4.0,4,Laptop & Accessory,5,Married,5,1,13.0,3.0,7.0,10.0,180.77,0
CUST-54630,1.0,Computer,3,18.0,UPI,Male,3.0,2,Laptop & Accessory,3,Married,10,0,13.0,2.0,2.0,3.0,172.07,1
CUST-54631,1.0,Computer,3,31.0,Credit Card,Male,3.0,4,Mobile Phone,1,Married,2,0,14.0,2.0,3.0,2.0,149.0,0
CUST-54632,12.0,Mobile Phone,1,17.0,Credit Card,Female,4.0,4,Laptop & Accessory,3,Married,5,0,20.0,1.0,2.0,,223.24,0
CUST-54633,11.0,Mobile Phone,1,7.0,Debit Card,Female,4.0,4,Laptop & Accessory,4,Married,8,0,13.0,5.0,5.0,4.0,189.47,0
CUST-54634,23.0,Mobile Phone,1,25.0,Debit Card,Male,3.0,5,Others,3,Married,3,1,,2.0,2.0,10.0,320.02,0
CUST-54635,1.0,Mobile Phone,1,30.0,Credit Card,Male,3.0,2,Mobile Phone,1,Married,3,1,12.0,1.0,2.0,5.0,152.25,0
CUST-54636,1.0,Mobile Phone,3,35.0,E wallet,Male,4.0,4,Laptop & Accessory,4,Married,3,0,21.0,1.0,2.0,5.0,187.72,0
CUST-54637,1.0,Mobile Phone,1,24.0,UPI,Male,4.0,5,Mobile Phone,4,Married,3,0,22.0,2.0,2.0,1.0,146.27,0
CUST-54638,24.0,Computer,2,10.0,Credit Card,Male,4.0,4,Others,4,Married,3,0,,2.0,11.0,8.0,307.0,0
CUST-54639,1.0,Mobile Phone,3,20.0,Credit Card,Male,3.0,4,Mobile Phone,3,Married,3,0,12.0,2.0,2.0,7.0,145.96,0
CUST-54640,1.0,Computer,1,14.0,Debit Card,Female,3.0,4,Mobile Phone,3,Married,3,1,17.0,1.0,2.0,3.0,153.86,1
CUST-54641,1.0,Computer,3,19.0,Debit Card,Male,4.0,5,Mobile Phone,5,Married,3,0,19.0,2.0,2.0,1.0,145.33,1
CUST-54642,8.0,Mobile Phone,1,7.0,Debit Card,Male,3.0,5,Mobile Phone,1,Married,3,1,14.0,2.0,2.0,4.0,161.22,0
CUST-54643,1.0,Mobile Phone,3,20.0,Credit Card,Male,3.0,4,Laptop & Accessory,5,Married,4,0,18.0,1.0,2.0,3.0,167.33,1
CUST-54644,9.0,Mobile Phone,1,32.0,UPI,Male,3.0,5,Laptop & Accessory,1,Single,6,0,15.0,2.0,2.0,3.0,161.81,0
CUST-54645,5.0,Mobile Phone,3,13.0,Credit Card,Male,4.0,2,Laptop & Accessory,1,Married,6,0,23.0,6.0,6.0,8.0,179.6,0
CUST-54646,1.0,Mobile Phone,1,13.0,Credit Card,Female,4.0,5,Mobile Phone,3,Married,2,0,13.0,1.0,2.0,4.0,146.87,0
CUST-54647,11.0,Mobile Phone,3,9.0,E wallet,Male,4.0,4,Laptop & Accessory,3,Married,6,1,12.0,1.0,2.0,,221.02,0
CUST-54648,1.0,Mobile Phone,1,7.0,Debit Card,Female,3.0,5,Mobile Phone,4,Single,3,0,14.0,1.0,2.0,1.0,153.36,0
CUST-54649,16.0,Mobile Phone,1,9.0,Debit Card,Female,3.0,4,Laptop & Accessory,1,Married,3,0,14.0,1.0,3.0,3.0,165.89,0
CUST-54650,17.0,Mobile Phone,1,13.0,UPI,Male,3.0,5,Grocery,1,Married,6,1,15.0,,2.0,1.0,291.27,0
CUST-54651,12.0,Mobile Phone,1,7.0,Debit Card,Female,3.0,4,Mobile Phone,5,Single,5,0,18.0,1.0,2.0,1.0,151.19,0
CUST-54652,17.0,Computer,1,16.0,Credit Card,Male,4.0,4,Laptop & Accessory,3,Married,5,1,14.0,2.0,5.0,8.0,181.79,0
CUST-54653,22.0,Mobile Phone,1,7.0,Debit Card,Female,3.0,5,Grocery,5,Married,9,0,12.0,,2.0,3.0,279.02,0
CUST-54654,18.0,Mobile Phone,2,7.0,Debit Card,Female,3.0,5,Laptop & Accessory,3,Single,6,0,12.0,2.0,2.0,3.0,184.85,0
CUST-54655,8.0,Mobile Phone,3,21.0,Cash on Delivery,Female,3.0,4,Mobile Phone,3,Married,3,1,19.0,2.0,2.0,7.0,150.79,0
CUST-54656,1.0,Mobile Phone,3,9.0,E wallet,Male,3.0,4,Mobile Phone,5,Married,2,0,12.0,2.0,2.0,3.0,155.41,1
CUST-54657,1.0,Mobile Phone,3,29.0,Cash on Delivery,Male,3.0,4,Mobile Phone,3,Single,3,0,12.0,1.0,2.0,3.0,159.47,0
CUST-54658,18.0,Mobile Phone,1,10.0,UPI,Male,3.0,4,Others,1,Married,6,1,,1.0,2.0,2.0,320.13,0
CUST-54659,1.0,Mobile Phone,1,13.0,Credit Card,Male,4.0,4,Mobile Phone,3,Married,2,0,21.0,2.0,3.0,3.0,152.73,0
CUST-54660,7.0,Mobile Phone,3,15.0,E wallet,Male,3.0,4,Laptop & Accessory,3,Married,2,0,13.0,1.0,2.0,3.0,196.04,0
CUST-54661,6.0,Mobile Phone,1,16.0,Debit Card,Female,4.0,4,Laptop & Accessory,1,Married,3,1,13.0,2.0,2.0,6.0,188.22,0
CUST-54662,4.0,Computer,1,10.0,Credit Card,Female,4.0,4,Mobile Phone,3,Married,3,0,21.0,2.0,2.0,1.0,145.83,0
CUST-54663,27.0,Mobile Phone,3,7.0,Credit Card,Female,3.0,4,Laptop & Accessory,5,Single,9,0,21.0,5.0,9.0,11.0,208.81,0
CUST-54664,8.0,Mobile Phone,1,7.0,Debit Card,Male,3.0,4,Mobile Phone,1,Married,3,0,13.0,2.0,9.0,9.0,151.91,0
CUST-54665,9.0,Computer,3,33.0,Debit Card,Female,4.0,4,Laptop & Accessory,5,Married,4,0,15.0,1.0,2.0,1.0,167.86,1
CUST-54666,1.0,Mobile Phone,1,13.0,Debit Card,Female,4.0,4,Mobile Phone,1,Married,3,1,14.0,1.0,2.0,3.0,81.0,0
CUST-54667,11.0,Mobile Phone,1,10.0,UPI,Male,3.0,4,Fashion,3,Married,3,0,16.0,8.0,8.0,,219.34,0
CUST-54668,3.0,Mobile Phone,3,10.0,Credit Card,Female,4.0,4,Laptop & Accessory,3,Married,3,0,15.0,1.0,2.0,3.0,180.61,0
CUST-54669,9.0,Mobile Phone,1,13.0,Debit Card,Male,3.0,6,Laptop & Accessory,1,Single,3,0,14.0,1.0,12.0,9.0,191.46,0
CUST-54670,7.0,Computer,1,13.0,Debit Card,Male,2.0,4,Laptop & Accessory,1,Married,5,0,24.0,4.0,5.0,8.0,202.25,0
CUST-54671,28.0,Mobile Phone,2,26.0,Credit Card,Male,3.0,4,Fashion,4,Married,4,0,16.0,3.0,,2.0,232.25,0
CUST-54672,10.0,Mobile Phone,1,16.0,Credit Card,Male,3.0,5,Laptop & Accessory,4,Married,4,1,12.0,1.0,2.0,,213.47,0
CUST-54673,1.0,Mobile Phone,1,10.0,Credit Card,Male,3.0,5,Mobile Phone,1,Single,2,0,14.0,2.0,2.0,2.0,145.45,0
CUST-54674,1.0,Mobile Phone,1,17.0,Credit Card,Male,3.0,4,Mobile Phone,3,Single,3,1,12.0,2.0,2.0,2.0,135.09,1
CUST-54675,1.0,Computer,1,10.0,Debit Card,Male,4.0,4,Mobile Phone,5,Single,3,1,12.0,6.0,10.0,8.0,158.48,1
CUST-54676,9.0,Computer,1,10.0,Debit Card,Male,3.0,5,Mobile Phone,3,Married,3,0,19.0,2.0,2.0,1.0,137.81,0
CUST-54677,1.0,Mobile Phone,1,11.0,Credit Card,Male,3.0,2,Mobile Phone,5,Married,4,0,17.0,1.0,2.0,3.0,153.19,0
CUST-54678,1.0,Mobile Phone,3,15.0,Debit Card,Male,3.0,2,Laptop & Accessory,4,Married,2,0,23.0,2.0,2.0,3.0,173.51,0
CUST-54679,12.0,Mobile Phone,3,14.0,E wallet,Female,3.0,5,Laptop & Accessory,1,Single,2,0,21.0,2.0,2.0,6.0,165.28,0
CUST-54680,3.0,Computer,1,7.0,Debit Card,Male,4.0,6,Mobile Phone,1,Married,3,0,19.0,1.0,3.0,9.0,152.2,0
CUST-54681,22.0,Mobile Phone,3,9.0,E wallet,Male,3.0,2,Laptop & Accessory,4,Married,5,0,13.0,1.0,3.0,3.0,206.2,0
CUST-54682,1.0,Computer,3,10.0,Credit Card,Female,4.0,2,Laptop & Accessory,1,Married,3,1,21.0,2.0,2.0,5.0,171.47,0
CUST-54683,11.0,Mobile Phone,1,17.0,Debit Card,Male,4.0,2,Mobile Phone,1,Single,5,0,18.0,2.0,2.0,1.0,171.8,0
CUST-54684,24.0,Mobile Phone,1,35.0,Credit Card,Male,4.0,2,Mobile Phone,3,Married,3,1,12.0,1.0,4.0,9.0,157.21,0
CUST-54685,8.0,Mobile Phone,1,16.0,Credit Card,Female,3.0,5,Fashion,4,Single,3,0,15.0,5.0,8.0,,211.21,0
CUST-54686,1.0,Mobile Phone,3,10.0,Debit Card,Female,4.0,4,Laptop & Accessory,3,Single,11,0,15.0,2.0,3.0,1.0,170.77,1
CUST-54687,13.0,Mobile Phone,1,9.0,Cash on Delivery,Female,4.0,5,Laptop & Accessory,3,Single,3,0,12.0,2.0,12.0,11.0,170.53,0
CUST-54688,6.0,Mobile Phone,3,17.0,E wallet,Male,3.0,4,Laptop & Accessory,1,Single,3,0,13.0,2.0,2.0,9.0,178.96,0
CUST-54689,14.0,Computer,3,15.0,Cash on Delivery,Male,3.0,4,Laptop & Accessory,3,Married,5,1,15.0,1.0,2.0,4.0,192.96,1
CUST-54690,12.0,Mobile Phone,1,7.0,Debit Card,Female,3.0,2,Laptop & Accessory,1,Single,2,0,14.0,1.0,2.0,9.0,201.25,0
CUST-54691,1.0,Mobile Phone,1,7.0,Debit Card,Female,4.0,4,Fashion,5,Married,3,0,12.0,1.0,2.0,8.0,199.12,0
CUST-54692,6.0,Mobile Phone,1,10.0,Debit Card,Female,3.0,4,Fashion,1,Single,5,0,16.0,7.0,,8.0,236.58999999999997,0
CUST-54693,21.0,Mobile Phone,3,21.0,E wallet,Male,3.0,4,Laptop & Accessory,5,Single,4,0,13.0,2.0,2.0,8.0,174.6,0
CUST-54694,14.0,Computer,3,12.0,Debit Card,Male,3.0,5,Fashion,5,Married,7,1,22.0,1.0,2.0,,229.75,0
CUST-54695,27.0,Mobile Phone,1,14.0,Debit Card,Male,3.0,2,Grocery,3,Married,5,0,20.0,,2.0,4.0,273.14,0
CUST-54696,15.0,Mobile Phone,2,17.0,UPI,Male,4.0,5,Others,1,Married,5,0,,4.0,13.0,7.0,316.41,0
CUST-54697,31.0,Mobile Phone,3,23.0,E wallet,Male,3.0,4,Laptop & Accessory,5,Single,10,0,15.0,3.0,3.0,3.0,179.05,0
CUST-54698,1.0,Computer,1,17.0,Debit Card,Male,3.0,4,Fashion,5,Married,3,0,22.0,1.0,2.0,,212.93,0
CUST-54699,15.0,Mobile Phone,2,7.0,UPI,Male,3.0,5,Others,3,Married,3,0,,2.0,3.0,11.0,316.89,0
CUST-54700,24.0,Mobile Phone,3,15.0,E wallet,Male,3.0,4,Mobile Phone,4,Married,9,0,16.0,1.0,3.0,3.0,163.75,0
CUST-54701,1.0,Mobile Phone,1,7.0,Debit Card,Female,4.0,6,Mobile Phone,4,Single,9,1,14.0,2.0,4.0,8.0,147.16,1
CUST-54702,10.0,Computer,1,15.0,Debit Card,Female,4.0,2,Fashion,5,Married,11,0,15.0,1.0,,6.0,242.13,0
CUST-54703,12.0,Mobile Phone,1,7.0,Debit Card,Female,3.0,4,Fashion,3,Single,6,1,15.0,1.0,2.0,1.0,203.61,0
CUST-54704,18.0,Computer,1,31.0,Credit Card,Male,3.0,6,Mobile Phone,3,Single,4,0,15.0,1.0,2.0,5.0,162.08,0
CUST-54705,21.0,Computer,3,10.0,Credit Card,Female,3.0,4,Grocery,3,Married,11,1,13.0,,12.0,14.0,262.7,0
CUST-54706,4.0,Mobile Phone,3,34.0,E wallet,Male,4.0,4,Laptop & Accessory,1,Married,9,0,24.0,3.0,8.0,8.0,178.04,0
CUST-54707,3.0,Mobile Phone,3,17.0,Debit Card,Male,4.0,4,Mobile Phone,3,Single,3,0,12.0,2.0,2.0,1.0,151.42,0
CUST-54708,6.0,Computer,1,26.0,Credit Card,Male,3.0,2,Mobile Phone,3,Married,8,1,13.0,1.0,3.0,3.0,152.59,1
CUST-54709,17.0,Computer,3,22.0,Debit Card,Male,3.0,5,Laptop & Accessory,1,Married,5,0,19.0,2.0,3.0,3.0,193.04,0
CUST-54710,8.0,Mobile Phone,1,15.0,Credit Card,Female,4.0,4,Laptop & Accessory,3,Single,5,0,12.0,1.0,5.0,4.0,186.42,0
CUST-54711,1.0,Mobile Phone,1,16.0,Credit Card,Male,3.0,4,Mobile Phone,5,Married,3,0,15.0,2.0,2.0,3.0,150.0,0
CUST-54712,13.0,Mobile Phone,2,10.0,UPI,Female,3.0,2,Laptop & Accessory,4,Married,11,0,16.0,1.0,4.0,7.0,188.89,0
CUST-54713,30.0,Mobile Phone,1,16.0,Credit Card,Male,3.0,4,Grocery,1,Married,9,0,12.0,1.0,,2.0,236.02999999999997,0
CUST-54714,14.0,Mobile Phone,1,9.0,Credit Card,Female,3.0,5,Mobile Phone,1,Single,2,1,21.0,1.0,3.0,4.0,148.42,0
CUST-54715,1.0,Mobile Phone,1,14.0,Credit Card,Female,3.0,5,Laptop & Accessory,5,Single,10,0,20.0,2.0,2.0,8.0,193.11,0
CUST-54716,3.0,Mobile Phone,3,17.0,E wallet,Male,3.0,4,Mobile Phone,4,Married,3,0,15.0,3.0,3.0,3.0,147.97,0
CUST-54717,27.0,Mobile Phone,1,13.0,Debit Card,Male,3.0,4,Laptop & Accessory,1,Single,4,0,18.0,3.0,3.0,3.0,149.5,0
CUST-54718,9.0,Computer,1,9.0,Debit Card,Female,4.0,4,Laptop & Accessory,5,Married,4,0,12.0,2.0,2.0,1.0,175.93,0
CUST-54719,6.0,Computer,1,31.0,Debit Card,Male,4.0,4,Laptop & Accessory,1,Married,3,0,16.0,2.0,5.0,8.0,178.09,0
CUST-54720,12.0,Mobile Phone,1,9.0,Credit Card,Male,4.0,4,Mobile Phone,3,Married,8,1,14.0,1.0,2.0,2.0,155.57,0
CUST-54721,8.0,Mobile Phone,1,15.0,Debit Card,Female,3.0,4,Laptop & Accessory,5,Married,5,0,15.0,2.0,2.0,1.0,176.21,0
CUST-54722,26.0,Mobile Phone,3,10.0,E wallet,Male,3.0,5,Grocery,5,Married,3,0,,2.0,2.0,17.0,293.56,0
CUST-54723,1.0,Mobile Phone,1,7.0,UPI,Male,4.0,4,Mobile Phone,1,Single,3,1,14.0,7.0,8.0,9.0,151.86,1
CUST-54724,1.0,Mobile Phone,3,33.0,Credit Card,Female,3.0,4,Laptop & Accessory,1,Single,3,0,24.0,1.0,2.0,5.0,186.8,0
CUST-54725,19.0,Mobile Phone,3,9.0,Cash on Delivery,Male,3.0,6,Laptop & Accessory,3,Single,2,0,14.0,2.0,4.0,2.0,191.32,0
CUST-54726,1.0,Mobile Phone,1,17.0,Credit Card,Male,4.0,2,Mobile Phone,3,Single,3,0,19.0,1.0,2.0,3.0,160.05,0
CUST-54727,11.0,Computer,3,34.0,Debit Card,Female,4.0,2,Laptop & Accessory,3,Single,6,1,13.0,1.0,2.0,4.0,188.97,1
CUST-54728,8.0,Mobile Phone,3,9.0,UPI,Male,3.0,4,Laptop & Accessory,1,Single,3,0,23.0,1.0,2.0,5.0,187.74,0
CUST-54729,19.0,Mobile Phone,1,9.0,Credit Card,Male,4.0,4,Others,5,Married,7,1,14.0,2.0,2.0,5.0,323.59,1
CUST-54730,10.0,Computer,3,15.0,Debit Card,Male,4.0,5,Fashion,5,Single,3,0,16.0,1.0,2.0,10.0,200.87,0
CUST-54731,26.0,Computer,1,26.0,Credit Card,Male,3.0,4,Mobile Phone,1,Married,2,0,19.0,2.0,2.0,3.0,167.58,0
CUST-54732,1.0,Computer,1,7.0,Debit Card,Female,4.0,6,Mobile Phone,1,Married,5,0,15.0,3.0,3.0,1.0,168.64,0
CUST-54733,3.0,Mobile Phone,1,34.0,Credit Card,Female,4.0,4,Laptop & Accessory,3,Married,6,0,13.0,1.0,2.0,2.0,168.35,0
CUST-54734,1.0,Mobile Phone,3,15.0,Cash on Delivery,Male,3.0,5,Laptop & Accessory,5,Single,8,0,18.0,1.0,2.0,3.0,178.26,1
CUST-54735,8.0,Mobile Phone,1,7.0,Debit Card,Female,4.0,2,Mobile Phone,1,Single,4,0,17.0,2.0,2.0,4.0,157.8,0
CUST-54736,28.0,Mobile Phone,1,26.0,Credit Card,Female,4.0,4,Laptop & Accessory,5,Married,11,1,12.0,1.0,2.0,5.0,179.85,0
CUST-54737,1.0,Computer,3,15.0,E wallet,Male,3.0,4,Laptop & Accessory,1,Married,2,0,20.0,2.0,2.0,2.0,168.42,0
CUST-54738,11.0,Mobile Phone,1,17.0,Debit Card,Female,3.0,4,Mobile Phone,5,Married,2,1,14.0,5.0,5.0,4.0,152.82,0
CUST-54739,12.0,Computer,1,9.0,Debit Card,Female,4.0,2,Laptop & Accessory,5,Single,8,1,13.0,1.0,5.0,13.0,184.8,0
CUST-54740,8.0,Mobile Phone,1,9.0,Credit Card,Female,3.0,5,Mobile Phone,5,Single,3,0,12.0,2.0,2.0,4.0,168.81,0
CUST-54741,9.0,Mobile Phone,3,15.0,Debit Card,Female,4.0,4,Mobile Phone,1,Married,3,0,17.0,2.0,2.0,3.0,150.72,0
CUST-54742,4.0,Mobile Phone,1,7.0,Debit Card,Male,3.0,6,Mobile Phone,3,Married,5,0,22.0,2.0,2.0,3.0,163.33,0
CUST-54743,14.0,Computer,1,9.0,Credit Card,Female,3.0,2,Laptop & Accessory,4,Married,3,0,25.0,1.0,4.0,8.0,167.44,0
CUST-54744,8.0,Mobile Phone,3,15.0,Debit Card,Female,4.0,4,Laptop & Accessory,5,Married,7,0,18.0,2.0,2.0,3.0,190.0,0
CUST-54745,16.0,Computer,1,15.0,Debit Card,Male,4.0,4,Others,1,Married,3,0,,6.0,15.0,10.0,309.3,0
CUST-54746,1.0,Mobile Phone,1,13.0,Debit Card,Male,4.0,2,Mobile Phone,5,Married,3,1,22.0,1.0,2.0,1.0,141.01,1
CUST-54747,1.0,Computer,1,16.0,Debit Card,Male,3.0,5,Mobile Phone,4,Married,3,0,12.0,1.0,2.0,1.0,151.94,0
CUST-54748,26.0,Mobile Phone,1,18.0,Debit Card,Female,3.0,4,Laptop & Accessory,3,Married,10,0,21.0,2.0,2.0,5.0,156.49,0
CUST-54749,24.0,Mobile Phone,1,9.0,Credit Card,Male,4.0,4,Grocery,3,Married,7,0,,1.0,2.0,4.0,301.39,0
CUST-54750,1.0,Mobile Phone,1,7.0,Debit Card,Female,3.0,5,Mobile Phone,5,Married,3,1,12.0,1.0,2.0,1.0,148.19,1
CUST-54751,7.0,Mobile Phone,1,14.0,Credit Card,Male,3.0,4,Fashion,3,Married,2,0,12.0,2.0,,8.0,241.91000000000003,0
CUST-54752,1.0,Mobile Phone,3,23.0,E wallet,Female,4.0,4,Laptop & Accessory,5,Single,7,0,16.0,2.0,2.0,3.0,178.24,1
CUST-54753,21.0,Mobile Phone,1,9.0,UPI,Female,3.0,4,Grocery,1,Married,3,1,,4.0,4.0,1.0,292.52,0
CUST-54754,10.0,Mobile Phone,1,7.0,UPI,Female,3.0,4,Laptop & Accessory,4,Married,2,0,16.0,2.0,2.0,6.0,177.28,0
CUST-54755,3.0,Mobile Phone,1,30.0,Debit Card,Male,3.0,2,Mobile Phone,3,Married,3,0,25.0,2.0,2.0,8.0,152.0,0
CUST-54756,21.0,Mobile Phone,1,9.0,Debit Card,Male,3.0,4,Others,4,Single,9,1,,8.0,14.0,9.0,317.46,1
CUST-54757,9.0,Mobile Phone,1,7.0,Debit Card,Female,3.0,2,Mobile Phone,3,Single,5,0,14.0,3.0,3.0,3.0,150.06,0
CUST-54758,16.0,Mobile Phone,1,7.0,Debit Card,Female,3.0,5,Laptop & Accessory,1,Married,11,1,14.0,1.0,2.0,3.0,185.62,0
CUST-54759,1.0,Mobile Phone,1,9.0,Credit Card,Male,3.0,4,Mobile Phone,3,Single,8,0,18.0,3.0,3.0,2.0,168.82,1
CUST-54760,10.0,Mobile Phone,2,20.0,UPI,Male,3.0,4,Mobile Phone,4,Married,6,0,14.0,2.0,2.0,5.0,146.43,0
CUST-54761,6.0,Mobile Phone,1,11.0,Debit Card,Female,4.0,5,Laptop & Accessory,3,Married,3,0,13.0,6.0,7.0,9.0,186.62,0
CUST-54762,14.0,Computer,1,23.0,Credit Card,Male,3.0,5,Laptop & Accessory,3,Single,8,0,15.0,1.0,2.0,1.0,175.94,0
CUST-54763,4.0,Mobile Phone,1,9.0,Credit Card,Female,3.0,5,Laptop & Accessory,1,Single,7,1,25.0,2.0,2.0,1.0,193.77,0
CUST-54764,19.0,Mobile Phone,1,9.0,Debit Card,Female,4.0,5,Mobile Phone,3,Single,3,0,15.0,2.0,2.0,1.0,147.74,0
CUST-54765,16.0,Mobile Phone,1,36.0,Debit Card,Male,4.0,4,Laptop & Accessory,4,Married,3,0,14.0,6.0,8.0,9.0,169.34,0
CUST-54766,12.0,Computer,1,19.0,Debit Card,Male,1.0,5,Laptop & Accessory,5,Married,4,0,16.0,2.0,2.0,3.0,187.88,0
CUST-54767,8.0,Computer,1,23.0,Debit Card,Female,4.0,5,Mobile Phone,1,Single,3,0,17.0,2.0,2.0,4.0,150.53,0
CUST-54768,13.0,Mobile Phone,3,18.0,E wallet,Female,3.0,4,Fashion,1,Married,3,0,19.0,1.0,8.0,8.0,201.54,1
CUST-54769,19.0,Mobile Phone,3,9.0,Credit Card,Male,3.0,4,Laptop & Accessory,1,Single,6,0,17.0,2.0,8.0,4.0,176.6,1
CUST-54770,17.0,Mobile Phone,1,21.0,Debit Card,Male,4.0,4,Grocery,5,Married,8,0,,2.0,2.0,1.0,296.59,0
CUST-54771,1.0,Mobile Phone,1,12.0,Cash on Delivery,Male,3.0,5,Fashion,1,Married,3,1,17.0,2.0,,9.0,253.07999999999998,0
CUST-54772,9.0,Mobile Phone,1,14.0,UPI,Male,3.0,4,Fashion,3,Single,5,0,22.0,1.0,2.0,,227.21,0
CUST-54773,2.0,Mobile Phone,3,9.0,E wallet,Female,3.0,4,Laptop & Accessory,4,Married,3,1,21.0,7.0,8.0,6.0,172.79,0
CUST-54774,8.0,Mobile Phone,2,10.0,UPI,Male,3.0,4,Mobile Phone,1,Married,2,0,20.0,2.0,2.0,3.0,162.37,0
CUST-54775,1.0,Computer,1,12.0,Credit Card,Female,3.0,5,Mobile Phone,3,Married,3,1,15.0,1.0,2.0,8.0,148.66,1
CUST-54776,1.0,Computer,1,10.0,Credit Card,Male,3.0,4,Mobile Phone,1,Married,3,0,12.0,1.0,2.0,1.0,142.06,0
CUST-54777,25.0,Mobile Phone,3,33.0,E wallet,Female,4.0,4,Grocery,3,Married,4,0,15.0,,5.0,18.0,288.07,0
CUST-54778,18.0,Mobile Phone,1,11.0,Credit Card,Male,3.0,4,Laptop & Accessory,4,Single,11,0,13.0,2.0,3.0,4.0,184.33,0
CUST-54779,1.0,Mobile Phone,1,9.0,Credit Card,Male,4.0,2,Mobile Phone,5,Single,9,0,14.0,1.0,2.0,2.0,159.24,0
CUST-54780,7.0,Mobile Phone,3,7.0,Credit Card,Male,3.0,2,Laptop & Accessory,5,Married,3,0,23.0,1.0,2.0,9.0,165.37,0
CUST-54781,9.0,Mobile Phone,1,34.0,Credit Card,Female,3.0,5,Mobile Phone,5,Single,3,0,12.0,1.0,2.0,2.0,150.59,0
CUST-54782,10.0,Mobile Phone,3,7.0,Debit Card,Male,3.0,4,Laptop & Accessory,1,Married,3,1,15.0,4.0,5.0,12.0,187.01,0
CUST-54783,6.0,Mobile Phone,3,20.0,Debit Card,Male,4.0,4,Laptop & Accessory,1,Married,4,0,12.0,1.0,2.0,4.0,169.03,0
CUST-54784,4.0,Computer,1,12.0,Debit Card,Male,4.0,5,Mobile Phone,1,Married,11,0,13.0,1.0,2.0,4.0,162.61,0
CUST-54785,27.0,Mobile Phone,3,14.0,E wallet,Female,4.0,5,Fashion,1,Married,9,1,19.0,1.0,,5.0,234.33999999999997,0
CUST-54786,19.0,Mobile Phone,3,16.0,E wallet,Male,4.0,4,Fashion,5,Married,6,1,13.0,1.0,,3.0,232.61,0
CUST-54787,6.0,Mobile Phone,1,15.0,Credit Card,Female,4.0,2,Laptop & Accessory,3,Married,7,0,13.0,2.0,2.0,4.0,176.75,0
CUST-54788,26.0,Computer,1,32.0,Credit Card,Female,3.0,5,Grocery,1,Married,5,0,23.0,,2.0,1.0,263.26,0
CUST-54789,11.0,Mobile Phone,3,23.0,E wallet,Male,4.0,5,Laptop & Accessory,3,Married,6,0,20.0,2.0,2.0,1.0,188.34,0
CUST-54790,2.0,Mobile Phone,2,15.0,Credit Card,Male,4.0,5,Mobile Phone,1,Married,3,0,14.0,2.0,2.0,5.0,174.36,0
CUST-54791,1.0,Mobile Phone,1,7.0,Debit Card,Male,3.0,5,Laptop & Accessory,1,Married,8,0,23.0,3.0,3.0,3.0,172.75,0
CUST-54792,18.0,Mobile Phone,1,15.0,Debit Card,Male,4.0,2,Mobile Phone,1,Married,4,1,25.0,2.0,2.0,3.0,153.18,0
CUST-54793,16.0,Computer,1,9.0,Credit Card,Male,3.0,4,Mobile Phone,1,Single,7,1,15.0,2.0,3.0,3.0,150.15,0
CUST-54794,10.0,Mobile Phone,2,15.0,Debit Card,Male,4.0,5,Mobile Phone,5,Married,2,0,22.0,1.0,2.0,4.0,148.42,0
CUST-54795,1.0,Mobile Phone,3,10.0,UPI,Male,4.0,4,Laptop & Accessory,5,Married,3,1,19.0,1.0,2.0,4.0,166.94,0
CUST-54796,9.0,Mobile Phone,1,16.0,Debit Card,Female,4.0,5,Fashion,3,Married,3,1,21.0,4.0,,16.0,231.85000000000002,0
CUST-54797,1.0,Computer,1,32.0,Debit Card,Female,4.0,4,Mobile Phone,4,Married,3,1,20.0,7.0,8.0,9.0,145.22,1
CUST-54798,6.0,Computer,1,7.0,Debit Card,Male,4.0,4,Mobile Phone,1,Married,2,0,13.0,2.0,2.0,3.0,148.14,0
CUST-54799,1.0,Mobile Phone,3,11.0,E wallet,Male,3.0,5,Laptop & Accessory,5,Married,3,0,13.0,2.0,2.0,4.0,167.56,0
CUST-54800,23.0,Mobile Phone,1,7.0,Cash on Delivery,Female,3.0,4,Mobile Phone,5,Married,4,0,17.0,1.0,2.0,3.0,160.8,0
CUST-54801,1.0,Computer,1,11.0,Debit Card,Male,3.0,5,Mobile Phone,1,Married,2,0,18.0,1.0,4.0,5.0,156.62,0
CUST-54802,6.0,Computer,3,12.0,Debit Card,Male,3.0,4,Laptop & Accessory,4,Married,3,0,15.0,3.0,6.0,4.0,190.24,0
CUST-54803,12.0,Mobile Phone,3,16.0,E wallet,Male,4.0,5,Mobile Phone,4,Married,2,0,20.0,1.0,2.0,3.0,153.99,0
CUST-54804,16.0,Mobile Phone,1,10.0,Debit Card,Female,4.0,2,Laptop & Accessory,1,Married,4,1,14.0,2.0,2.0,4.0,177.31,0
CUST-54805,5.0,Mobile Phone,1,18.0,Debit Card,Male,3.0,4,Mobile Phone,1,Married,5,1,20.0,1.0,2.0,3.0,148.56,0
CUST-54806,1.0,Mobile Phone,3,7.0,Credit Card,Female,3.0,5,Mobile Phone,3,Married,8,1,20.0,2.0,2.0,3.0,153.0,1
CUST-54807,27.0,Mobile Phone,3,15.0,E wallet,Male,4.0,4,Grocery,1,Married,7,0,15.0,3.0,,3.0,243.36,0
CUST-54808,9.0,Mobile Phone,1,32.0,Cash on Delivery,Male,4.0,5,Fashion,4,Married,5,0,17.0,3.0,,9.0,234.02999999999997,0
CUST-54809,11.0,Computer,3,28.0,Credit Card,Female,3.0,4,Mobile Phone,1,Married,7,0,16.0,2.0,2.0,1.0,154.73,0
CUST-54810,27.0,Mobile Phone,1,30.0,Debit Card,Female,4.0,4,Grocery,1,Single,8,0,19.0,,4.0,9.0,267.75,0
CUST-54811,17.0,Computer,1,7.0,Debit Card,Female,3.0,4,Laptop & Accessory,1,Married,6,0,14.0,2.0,3.0,3.0,180.62,0
CUST-54812,21.0,Mobile Phone,3,9.0,E wallet,Female,3.0,4,Laptop & Accessory,1,Married,2,1,23.0,4.0,8.0,8.0,170.37,0
CUST-54813,11.0,Computer,3,26.0,Credit Card,Male,3.0,4,Fashion,4,Single,3,1,14.0,1.0,2.0,10.0,201.42,0
CUST-54814,24.0,Computer,1,9.0,Debit Card,Male,4.0,4,Grocery,5,Married,3,0,,14.0,15.0,8.0,304.24,0
CUST-54815,13.0,Mobile Phone,2,9.0,Debit Card,Female,3.0,5,Laptop & Accessory,1,Married,10,0,12.0,2.0,2.0,5.0,177.04,0
CUST-54816,7.0,Mobile Phone,2,10.0,UPI,Male,3.0,4,Mobile Phone,4,Married,5,1,12.0,1.0,2.0,4.0,147.77,0
CUST-54817,1.0,Mobile Phone,1,32.0,Debit Card,Male,3.0,4,Mobile Phone,1,Single,3,1,25.0,1.0,2.0,2.0,152.95,1
CUST-54818,3.0,Mobile Phone,1,14.0,Credit Card,Female,4.0,5,Mobile Phone,1,Married,8,0,15.0,2.0,2.0,4.0,150.32,0
CUST-54819,18.0,Mobile Phone,1,16.0,Debit Card,Male,4.0,4,Mobile Phone,5,Married,3,1,14.0,6.0,8.0,2.0,150.59,0
CUST-54820,2.0,Mobile Phone,3,12.0,Credit Card,Male,4.0,4,Laptop & Accessory,1,Single,3,0,15.0,1.0,2.0,3.0,174.08,0
CUST-54821,21.0,Computer,1,9.0,Debit Card,Male,3.0,5,Mobile Phone,1,Married,11,1,15.0,2.0,2.0,1.0,148.8,1
CUST-54822,17.0,Mobile Phone,1,15.0,Debit Card,Female,3.0,4,Laptop & Accessory,4,Married,6,0,22.0,2.0,2.0,1.0,172.65,0
CUST-54823,1.0,Mobile Phone,3,9.0,Credit Card,Female,3.0,5,Mobile Phone,3,Single,3,0,14.0,2.0,2.0,3.0,145.44,1
CUST-54824,1.0,Mobile Phone,1,25.0,UPI,Female,4.0,4,Mobile Phone,1,Single,3,0,20.0,2.0,2.0,1.0,151.93,1
CUST-54825,10.0,Mobile Phone,1,21.0,Debit Card,Male,4.0,4,Laptop & Accessory,1,Married,2,1,18.0,3.0,5.0,12.0,190.86,0
CUST-54826,21.0,Mobile Phone,3,9.0,Debit Card,Female,4.0,5,Mobile Phone,1,Single,3,1,19.0,1.0,2.0,3.0,157.94,0
CUST-54827,1.0,Mobile Phone,1,10.0,Debit Card,Female,3.0,4,Laptop & Accessory,3,Married,2,1,20.0,2.0,2.0,3.0,166.71,1
CUST-54828,5.0,Mobile Phone,1,9.0,Debit Card,Female,3.0,6,Mobile Phone,1,Married,6,1,14.0,1.0,2.0,1.0,152.78,1
CUST-54829,2.0,Mobile Phone,1,16.0,Credit Card,Female,4.0,4,Mobile Phone,3,Married,7,0,19.0,1.0,3.0,3.0,148.77,0
CUST-54830,3.0,Mobile Phone,1,13.0,Credit Card,Male,4.0,4,Mobile Phone,5,Married,9,1,22.0,2.0,3.0,3.0,149.04,1
CUST-54831,1.0,Mobile Phone,1,11.0,Debit Card,Female,4.0,4,Mobile Phone,3,Single,3,0,20.0,1.0,2.0,1.0,148.18,0
CUST-54832,8.0,Mobile Phone,1,17.0,Debit Card,Male,3.0,4,Mobile Phone,4,Married,3,0,15.0,2.0,2.0,1.0,145.08,0
CUST-54833,16.0,Mobile Phone,3,21.0,Credit Card,Female,4.0,5,Laptop & Accessory,3,Single,9,0,18.0,2.0,2.0,4.0,187.44,0
CUST-54834,7.0,Mobile Phone,1,7.0,UPI,Male,4.0,5,Mobile Phone,5,Single,5,1,12.0,2.0,2.0,3.0,152.99,0
CUST-54835,31.0,Mobile Phone,1,12.0,Cash on Delivery,Female,3.0,5,Fashion,4,Married,4,1,14.0,2.0,2.0,,230.52,0
CUST-54836,5.0,Mobile Phone,3,14.0,Debit Card,Male,3.0,5,Mobile Phone,3,Married,5,0,16.0,3.0,6.0,3.0,148.29,0
CUST-54837,9.0,Mobile Phone,1,28.0,Debit Card,Female,3.0,4,Laptop & Accessory,1,Married,3,1,26.0,1.0,2.0,8.0,165.14,0
CUST-54838,23.0,Mobile Phone,1,15.0,UPI,Female,3.0,4,Fashion,4,Married,6,0,12.0,1.0,2.0,8.0,199.03,0
CUST-54839,22.0,Mobile Phone,1,27.0,Credit Card,Male,3.0,4,Mobile Phone,3,Married,6,0,18.0,2.0,2.0,1.0,147.59,0
CUST-54840,5.0,Computer,3,27.0,E wallet,Female,3.0,4,Laptop & Accessory,3,Married,3,0,14.0,2.0,2.0,1.0,194.32,0
CUST-54841,10.0,Mobile Phone,1,14.0,UPI,Male,4.0,4,Mobile Phone,1,Single,4,0,19.0,2.0,2.0,2.0,171.78,0
CUST-54842,12.0,Mobile Phone,1,7.0,Cash on Delivery,Female,4.0,4,Fashion,5,Married,3,0,14.0,5.0,6.0,12.0,260.82,0
CUST-54843,6.0,Computer,1,7.0,Debit Card,Female,4.0,5,Mobile Phone,4,Married,8,0,21.0,1.0,2.0,3.0,148.32,0
CUST-54844,1.0,Mobile Phone,3,26.0,E wallet,Male,3.0,5,Mobile Phone,4,Married,3,1,19.0,1.0,2.0,1.0,149.13,1
CUST-54845,14.0,Mobile Phone,3,17.0,E wallet,Male,4.0,5,Fashion,4,Married,4,0,13.0,1.0,2.0,,222.05,0
CUST-54846,1.0,Computer,3,7.0,Credit Card,Male,3.0,5,Laptop & Accessory,5,Single,3,0,13.0,1.0,2.0,8.0,167.94,0
CUST-54847,15.0,Mobile Phone,1,13.0,Credit Card,Male,3.0,4,Mobile Phone,5,Single,4,1,14.0,2.0,3.0,18.0,172.21,0
CUST-54848,10.0,Mobile Phone,1,9.0,Credit Card,Male,4.0,4,Mobile Phone,3,Single,6,0,22.0,2.0,4.0,10.0,150.19,0
CUST-54849,1.0,Mobile Phone,3,28.0,UPI,Male,3.0,5,Mobile Phone,4,Single,3,1,14.0,2.0,2.0,1.0,146.21,1
CUST-54850,1.0,Mobile Phone,1,11.0,Cash on Delivery,Male,3.0,4,Mobile Phone,5,Single,3,0,20.0,2.0,2.0,1.0,154.73,1
CUST-54851,5.0,Mobile Phone,1,19.0,Credit Card,Female,3.0,4,Laptop & Accessory,1,Married,2,1,12.0,7.0,9.0,6.0,183.55,0
CUST-54852,14.0,Computer,1,16.0,Credit Card,Male,3.0,4,Mobile Phone,4,Married,10,1,15.0,1.0,2.0,1.0,161.17,0
CUST-54853,6.0,Mobile Phone,1,10.0,Credit Card,Female,4.0,4,Laptop & Accessory,5,Married,3,0,13.0,2.0,7.0,4.0,192.25,0
CUST-54854,1.0,Mobile Phone,3,10.0,Debit Card,Male,3.0,5,Fashion,1,Married,3,1,12.0,4.0,4.0,,228.25,1
CUST-54855,7.0,Mobile Phone,1,7.0,Debit Card,Female,3.0,5,Laptop & Accessory,1,Single,2,0,15.0,2.0,2.0,5.0,194.49,0
CUST-54856,1.0,Mobile Phone,3,7.0,Debit Card,Male,3.0,5,Fashion,3,Married,7,0,12.0,6.0,12.0,,231.08999999999997,1
CUST-54857,19.0,Computer,1,11.0,Debit Card,Male,3.0,4,Laptop & Accessory,4,Married,3,0,13.0,2.0,2.0,9.0,169.47,0
CUST-54858,3.0,Computer,3,27.0,Cash on Delivery,Female,3.0,4,Mobile Phone,1,Married,3,0,16.0,1.0,2.0,3.0,146.57,0
CUST-54859,9.0,Mobile Phone,3,25.0,Credit Card,Female,3.0,4,Laptop & Accessory,3,Married,3,0,17.0,2.0,2.0,1.0,171.01,0
CUST-54860,26.0,Mobile Phone,1,7.0,Debit Card,Male,4.0,4,Grocery,1,Married,4,0,,4.0,8.0,9.0,295.99,0
CUST-54861,21.0,Mobile Phone,1,9.0,Cash on Delivery,Male,3.0,4,Mobile Phone,3,Single,6,0,25.0,1.0,2.0,1.0,149.79,1
CUST-54862,27.0,Mobile Phone,3,9.0,Credit Card,Male,3.0,4,Grocery,3,Married,8,0,14.0,,16.0,3.0,273.52,0
CUST-54863,4.0,Mobile Phone,3,15.0,UPI,Male,4.0,4,Fashion,3,Married,7,0,12.0,3.0,8.0,8.0,197.64,0
CUST-54864,12.0,Computer,3,17.0,Cash on Delivery,Female,3.0,4,Laptop & Accessory,1,Single,3,1,14.0,2.0,2.0,4.0,181.66,0
CUST-54865,9.0,Mobile Phone,3,10.0,Debit Card,Male,4.0,4,Fashion,1,Married,8,0,14.0,1.0,2.0,9.0,203.23,0
CUST-54866,13.0,Mobile Phone,3,9.0,Debit Card,Male,3.0,2,Fashion,3,Single,2,0,19.0,1.0,2.0,8.0,203.8,0
CUST-54867,4.0,Computer,3,31.0,Debit Card,Female,4.0,2,Grocery,4,Single,6,1,17.0,2.0,,1.0,256.94,1
CUST-54868,21.0,Computer,1,23.0,Credit Card,Male,4.0,2,Laptop & Accessory,3,Married,3,1,20.0,2.0,3.0,8.0,175.67,0
CUST-54869,10.0,Computer,3,15.0,Cash on Delivery,Male,3.0,4,Laptop & Accessory,1,Married,6,0,14.0,2.0,2.0,8.0,175.79,0
CUST-54870,1.0,Computer,1,16.0,Credit Card,Male,3.0,5,Mobile Phone,5,Single,2,1,23.0,1.0,2.0,3.0,148.21,1
CUST-54871,7.0,Computer,3,24.0,Debit Card,Male,3.0,4,Grocery,3,Single,3,0,,6.0,7.0,1.0,299.44,0
CUST-54872,1.0,Mobile Phone,1,17.0,Debit Card,Female,4.0,5,Mobile Phone,5,Single,8,1,21.0,2.0,2.0,1.0,149.04,1
CUST-54873,7.0,Mobile Phone,1,20.0,Debit Card,Female,3.0,4,Mobile Phone,1,Single,5,0,19.0,2.0,2.0,3.0,159.52,0
CUST-54874,19.0,Mobile Phone,1,7.0,Credit Card,Female,4.0,4,Mobile Phone,1,Married,5,0,15.0,2.0,2.0,3.0,147.7,0
CUST-54875,24.0,Mobile Phone,1,7.0,Credit Card,Male,4.0,4,Grocery,1,Married,11,0,,1.0,2.0,4.0,298.99,0
CUST-54876,7.0,Computer,1,7.0,UPI,Female,3.0,2,Laptop & Accessory,4,Married,3,1,14.0,2.0,2.0,3.0,179.88,0
CUST-54877,15.0,Computer,1,16.0,Credit Card,Male,4.0,4,Others,3,Married,4,0,,1.0,2.0,12.0,319.19,0
CUST-54878,1.0,Mobile Phone,1,23.0,Cash on Delivery,Female,3.0,4,Mobile Phone,4,Married,11,0,15.0,3.0,3.0,3.0,153.11,0
CUST-54879,19.0,Computer,1,30.0,Debit Card,Male,3.0,4,Laptop & Accessory,5,Married,3,1,16.0,2.0,2.0,9.0,161.33,0
CUST-54880,21.0,Mobile Phone,3,11.0,Debit Card,Female,3.0,4,Laptop & Accessory,1,Single,3,1,18.0,2.0,2.0,8.0,166.63,0
CUST-54881,1.0,Mobile Phone,1,29.0,Debit Card,Female,3.0,4,Mobile Phone,3,Married,6,1,12.0,1.0,2.0,2.0,146.32,1
CUST-54882,24.0,Mobile Phone,1,31.0,Debit Card,Male,4.0,4,Grocery,3,Married,5,1,19.0,,2.0,6.0,264.73,0
CUST-54883,12.0,Computer,1,17.0,Credit Card,Male,4.0,4,Mobile Phone,3,Married,2,0,18.0,1.0,2.0,3.0,151.84,0
CUST-54884,20.0,Mobile Phone,1,14.0,Credit Card,Male,4.0,4,Fashion,3,Married,8,0,14.0,2.0,,8.0,233.45,0
CUST-54885,1.0,Mobile Phone,1,24.0,Credit Card,Female,3.0,5,Laptop & Accessory,3,Married,3,0,16.0,1.0,4.0,3.0,168.77,0
CUST-54886,1.0,Mobile Phone,1,21.0,UPI,Male,3.0,5,Mobile Phone,4,Married,3,1,25.0,2.0,2.0,3.0,162.43,1
CUST-54887,5.0,Computer,1,7.0,Debit Card,Female,4.0,4,Laptop & Accessory,5,Married,3,0,13.0,2.0,2.0,4.0,166.48,0
CUST-54888,1.0,Computer,1,12.0,Debit Card,Male,4.0,4,Mobile Phone,1,Single,3,0,16.0,1.0,2.0,1.0,135.51,0
CUST-54889,28.0,Mobile Phone,1,24.0,Cash on Delivery,Female,3.0,4,Fashion,3,Married,10,0,12.0,1.0,,9.0,232.39,0
CUST-54890,9.0,Mobile Phone,1,32.0,Credit Card,Female,3.0,4,Fashion,3,Married,3,1,12.0,1.0,11.0,,228.88,0
CUST-54891,4.0,Mobile Phone,1,15.0,Debit Card,Female,4.0,2,Fashion,5,Married,2,1,13.0,1.0,,8.0,239.16000000000003,0
CUST-54892,1.0,Mobile Phone,1,18.0,Credit Card,Female,4.0,5,Mobile Phone,5,Single,3,1,16.0,2.0,2.0,1.0,151.0,1
CUST-54893,1.0,Computer,1,12.0,Credit Card,Female,3.0,4,Mobile Phone,4,Single,2,0,18.0,1.0,2.0,3.0,149.22,1
CUST-54894,1.0,Mobile Phone,1,9.0,Credit Card,Male,3.0,2,Laptop & Accessory,1,Married,3,0,13.0,2.0,2.0,4.0,179.72,0
CUST-54895,1.0,Mobile Phone,1,15.0,Debit Card,Male,4.0,6,Mobile Phone,5,Married,3,0,16.0,1.0,2.0,2.0,149.51,0
CUST-54896,22.0,Mobile Phone,1,13.0,Debit Card,Male,4.0,5,Laptop & Accessory,3,Single,4,0,14.0,1.0,3.0,3.0,167.4,0
CUST-54897,22.0,Mobile Phone,1,11.0,Debit Card,Male,4.0,5,Fashion,3,Single,9,0,15.0,2.0,,9.0,234.99,0
CUST-54898,15.0,Mobile Phone,1,14.0,Credit Card,Female,3.0,4,Laptop & Accessory,3,Single,8,0,15.0,3.0,3.0,2.0,175.03,0
CUST-54899,13.0,Mobile Phone,1,7.0,Debit Card,Female,4.0,5,Grocery,1,Married,3,0,17.0,10.0,,9.0,252.42000000000002,0
CUST-54900,1.0,Mobile Phone,1,9.0,Debit Card,Female,3.0,4,Laptop & Accessory,1,Married,2,0,19.0,3.0,3.0,3.0,167.27,0
CUST-54901,9.0,Mobile Phone,1,17.0,UPI,Male,3.0,4,Mobile Phone,1,Married,3,0,21.0,1.0,2.0,3.0,164.17,0
CUST-54902,1.0,Mobile Phone,3,12.0,E wallet,Male,3.0,4,Others,3,Married,8,0,,1.0,2.0,1.0,308.03,0
CUST-54903,24.0,Mobile Phone,1,16.0,Debit Card,Male,4.0,4,Mobile Phone,1,Married,6,0,19.0,2.0,2.0,1.0,148.8,0
CUST-54904,31.0,Mobile Phone,1,9.0,Debit Card,Female,4.0,5,Grocery,1,Single,5,1,14.0,,5.0,4.0,262.26,0
CUST-54905,1.0,Mobile Phone,1,18.0,Credit Card,Female,4.0,6,Laptop & Accessory,4,Married,7,0,16.0,2.0,2.0,1.0,172.77,1
CUST-54906,29.0,Computer,1,25.0,Credit Card,Male,4.0,4,Laptop & Accessory,4,Married,5,1,15.0,3.0,7.0,8.0,188.85,0
CUST-54907,15.0,Computer,1,14.0,Debit Card,Female,3.0,6,Others,3,Married,3,0,23.0,6.0,6.0,11.0,324.73,0
CUST-54908,12.0,Mobile Phone,3,10.0,Debit Card,Male,3.0,4,Laptop & Accessory,1,Single,10,1,13.0,2.0,2.0,1.0,193.61,0
CUST-54909,1.0,Computer,3,36.0,Credit Card,Male,4.0,6,Laptop & Accessory,5,Single,10,0,19.0,2.0,3.0,3.0,174.69,1
CUST-54910,16.0,Mobile Phone,3,9.0,E wallet,Female,3.0,6,Others,1,Married,3,0,16.0,4.0,7.0,10.0,323.45,1
CUST-54911,18.0,Mobile Phone,3,35.0,Credit Card,Female,3.0,2,Grocery,1,Married,5,1,19.0,5.0,,12.0,258.2,0
CUST-54912,24.0,Computer,3,7.0,Debit Card,Female,4.0,4,Laptop & Accessory,3,Married,2,0,13.0,1.0,2.0,14.0,188.47,0
CUST-54913,1.0,Mobile Phone,1,23.0,Debit Card,Female,3.0,2,Mobile Phone,5,Single,3,0,17.0,4.0,16.0,15.0,152.43,1
CUST-54914,13.0,Computer,1,29.0,Credit Card,Female,3.0,4,Fashion,5,Single,3,1,14.0,2.0,,9.0,233.8,0
CUST-54915,7.0,Computer,3,15.0,Debit Card,Female,3.0,5,Mobile Phone,1,Single,2,0,20.0,1.0,3.0,3.0,148.42,0
CUST-54916,19.0,Mobile Phone,3,18.0,Debit Card,Female,3.0,4,Grocery,1,Married,5,0,,1.0,2.0,2.0,301.5,0
CUST-54917,6.0,Computer,1,36.0,Credit Card,Female,4.0,4,Mobile Phone,3,Single,11,0,13.0,7.0,8.0,8.0,165.25,0
CUST-54918,8.0,Mobile Phone,3,7.0,E wallet,Male,4.0,2,Laptop & Accessory,1,Married,2,0,12.0,1.0,2.0,,222.25,0
CUST-54919,31.0,Mobile Phone,3,7.0,Cash on Delivery,Male,4.0,4,Fashion,1,Married,5,1,15.0,2.0,,5.0,244.04000000000002,0
CUST-54920,19.0,Mobile Phone,2,31.0,Credit Card,Male,3.0,4,Mobile Phone,4,Single,3,0,17.0,1.0,2.0,5.0,146.77,0
CUST-54921,27.0,Computer,3,9.0,E wallet,Female,3.0,5,Fashion,4,Married,4,0,13.0,6.0,7.0,13.0,200.25,0
CUST-54922,1.0,Mobile Phone,1,22.0,UPI,Male,3.0,4,Laptop & Accessory,3,Married,9,0,15.0,1.0,2.0,1.0,173.34,1
CUST-54923,1.0,Computer,1,9.0,Debit Card,Male,3.0,4,Mobile Phone,5,Married,8,1,15.0,1.0,2.0,3.0,145.42,1
CUST-54924,8.0,Mobile Phone,3,17.0,Debit Card,Female,3.0,4,Mobile Phone,3,Married,3,1,20.0,1.0,2.0,1.0,147.2,0
CUST-54925,2.0,Mobile Phone,3,17.0,Credit Card,Male,4.0,4,Mobile Phone,4,Married,3,0,23.0,1.0,2.0,1.0,135.52,0
CUST-54926,12.0,Computer,1,10.0,UPI,Male,3.0,4,Mobile Phone,3,Married,5,0,17.0,3.0,3.0,3.0,153.21,0
CUST-54927,24.0,Mobile Phone,1,9.0,Credit Card,Male,4.0,4,Others,3,Married,4,1,,5.0,8.0,8.0,317.37,0
CUST-54928,11.0,Mobile Phone,1,10.0,UPI,Female,3.0,4,Laptop & Accessory,4,Single,5,0,16.0,2.0,2.0,2.0,166.07,0
CUST-54929,14.0,Mobile Phone,3,33.0,E wallet,Male,4.0,4,Laptop & Accessory,5,Married,3,0,15.0,4.0,8.0,6.0,208.96,0
CUST-54930,1.0,Computer,1,7.0,Credit Card,Female,4.0,5,Mobile Phone,3,Married,3,0,14.0,1.0,2.0,4.0,145.07,0
CUST-54931,20.0,Mobile Phone,1,7.0,Credit Card,Male,3.0,4,Others,1,Married,11,0,,2.0,3.0,3.0,321.27,0
CUST-54932,28.0,Mobile Phone,3,9.0,Debit Card,Female,3.0,5,Fashion,3,Married,8,0,12.0,7.0,,1.0,231.86,0
CUST-54933,30.0,Computer,1,16.0,Credit Card,Female,4.0,4,Mobile Phone,3,Married,4,0,20.0,2.0,2.0,4.0,154.42,0
CUST-54934,10.0,Mobile Phone,1,19.0,Credit Card,Female,3.0,5,Fashion,1,Single,2,0,12.0,6.0,8.0,,213.58,0
CUST-54935,29.0,Computer,1,9.0,Credit Card,Male,3.0,5,Grocery,5,Single,9,0,,3.0,7.0,3.0,292.56,0
CUST-54936,17.0,Mobile Phone,3,32.0,Credit Card,Male,4.0,5,Fashion,1,Married,7,0,14.0,2.0,,1.0,232.98000000000002,0
CUST-54937,1.0,Computer,3,16.0,E wallet,Female,3.0,4,Mobile Phone,1,Single,3,1,15.0,2.0,2.0,3.0,148.23,1
CUST-54938,1.0,Mobile Phone,1,17.0,Debit Card,Female,3.0,5,Mobile Phone,5,Single,3,0,14.0,1.0,2.0,1.0,139.16,1
CUST-54939,20.0,Mobile Phone,1,15.0,Debit Card,Female,4.0,5,Laptop & Accessory,5,Married,10,1,24.0,2.0,2.0,8.0,171.15,0
CUST-54940,15.0,Mobile Phone,1,11.0,Debit Card,Male,3.0,4,Mobile Phone,3,Married,11,1,13.0,1.0,3.0,8.0,149.61,1
CUST-54941,1.0,Computer,1,31.0,Cash on Delivery,Male,4.0,5,Fashion,5,Single,3,0,13.0,2.0,2.0,,212.22,1
CUST-54942,1.0,Mobile Phone,1,7.0,Credit Card,Male,3.0,5,Mobile Phone,5,Married,3,0,17.0,2.0,2.0,4.0,164.55,0
CUST-54943,4.0,Mobile Phone,1,27.0,UPI,Male,3.0,4,Laptop & Accessory,5,Married,2,0,16.0,1.0,2.0,,224.57,0
CUST-54944,15.0,Mobile Phone,1,14.0,Cash on Delivery,Female,3.0,2,Mobile Phone,3,Married,3,0,14.0,1.0,2.0,9.0,158.76,0
CUST-54945,12.0,Mobile Phone,1,24.0,Debit Card,Female,4.0,5,Fashion,3,Married,2,0,19.0,2.0,2.0,,213.23,0
CUST-54946,14.0,Mobile Phone,1,27.0,Cash on Delivery,Male,4.0,4,Fashion,1,Married,6,0,21.0,4.0,12.0,,228.22,0
CUST-54947,1.0,Computer,1,15.0,Debit Card,Male,3.0,6,Mobile Phone,3,Married,3,0,20.0,2.0,2.0,3.0,171.21,0
CUST-54948,29.0,Computer,1,9.0,Debit Card,Male,4.0,4,Fashion,4,Married,5,0,19.0,1.0,,3.0,234.76,0
CUST-54949,2.0,Mobile Phone,1,17.0,UPI,Female,3.0,4,Laptop & Accessory,3,Single,5,0,14.0,1.0,2.0,8.0,161.6,0
CUST-54950,8.0,Mobile Phone,2,7.0,Credit Card,Male,4.0,5,Fashion,5,Married,11,0,15.0,3.0,4.0,,229.82,1
CUST-54951,7.0,Mobile Phone,1,12.0,Debit Card,Male,3.0,5,Fashion,1,Married,6,0,16.0,2.0,2.0,3.0,196.19,0
CUST-54952,1.0,Mobile Phone,3,11.0,Cash on Delivery,Male,3.0,4,Fashion,5,Single,2,1,23.0,3.0,5.0,,220.82,1
CUST-54953,1.0,Computer,1,36.0,Credit Card,Female,3.0,5,Laptop & Accessory,3,Single,3,0,23.0,3.0,4.0,9.0,170.08,1
CUST-54954,2.0,Mobile Phone,1,22.0,Debit Card,Male,3.0,4,Mobile Phone,3,Married,3,0,17.0,1.0,3.0,3.0,147.07,0
CUST-54955,8.0,Computer,1,10.0,Debit Card,Male,3.0,4,Laptop & Accessory,1,Single,2,0,18.0,2.0,2.0,5.0,202.56,0
CUST-54956,11.0,Mobile Phone,3,17.0,Debit Card,Female,3.0,5,Laptop & Accessory,1,Married,4,1,15.0,2.0,2.0,1.0,191.94,0
CUST-54957,1.0,Mobile Phone,1,11.0,Cash on Delivery,Male,3.0,4,Mobile Phone,1,Married,3,1,16.0,5.0,6.0,7.0,161.91,1
CUST-54958,1.0,Mobile Phone,1,28.0,Credit Card,Male,3.0,4,Mobile Phone,3,Married,3,0,21.0,2.0,2.0,1.0,148.77,1
CUST-54959,1.0,Mobile Phone,1,32.0,Credit Card,Male,3.0,5,Mobile Phone,4,Single,6,1,21.0,2.0,3.0,3.0,148.13,1
CUST-54960,16.0,Mobile Phone,1,9.0,Credit Card,Male,3.0,4,Grocery,5,Married,2,0,,6.0,14.0,8.0,301.65,0
CUST-54961,1.0,Computer,1,7.0,Credit Card,Male,3.0,5,Mobile Phone,4,Married,3,0,16.0,2.0,2.0,1.0,150.96,1
CUST-54962,14.0,Computer,3,7.0,UPI,Male,3.0,4,Laptop & Accessory,3,Single,5,1,15.0,2.0,2.0,1.0,172.28,1
CUST-54963,7.0,Computer,3,14.0,Debit Card,Female,2.0,4,Laptop & Accessory,4,Married,2,0,18.0,1.0,2.0,3.0,168.02,0
CUST-54964,8.0,Computer,1,10.0,Debit Card,Male,3.0,5,Mobile Phone,1,Married,5,0,18.0,1.0,2.0,1.0,154.79,0
CUST-54965,22.0,Computer,1,7.0,Credit Card,Male,3.0,2,Grocery,1,Single,4,0,,1.0,3.0,2.0,293.85,0
CUST-54966,19.0,Computer,3,16.0,Debit Card,Female,4.0,5,Laptop & Accessory,3,Married,3,0,14.0,5.0,5.0,13.0,180.93,0
CUST-54967,26.0,Mobile Phone,1,6.0,Debit Card,Male,3.0,4,Fashion,4,Single,9,0,20.0,3.0,5.0,,229.45,0
CUST-54968,12.0,Mobile Phone,3,17.0,E wallet,Male,4.0,5,Fashion,3,Married,2,1,15.0,2.0,3.0,,212.4,0
CUST-54969,3.0,Mobile Phone,1,35.0,Debit Card,Female,4.0,4,Mobile Phone,1,Married,6,0,23.0,2.0,2.0,8.0,150.14,0
CUST-54970,2.0,Mobile Phone,1,10.0,Credit Card,Female,4.0,4,Fashion,4,Married,2,0,18.0,1.0,2.0,8.0,201.55,0
CUST-54971,20.0,Mobile Phone,3,10.0,E wallet,Male,3.0,4,Grocery,3,Married,5,0,,5.0,5.0,10.0,299.65,0
CUST-54972,12.0,Mobile Phone,3,9.0,E wallet,Male,3.0,4,Fashion,4,Single,9,0,17.0,2.0,2.0,1.0,198.51,0
CUST-54973,17.0,Computer,1,34.0,Debit Card,Female,3.0,4,Fashion,5,Married,10,0,12.0,2.0,,2.0,233.2,0
CUST-54974,3.0,Computer,1,9.0,Debit Card,Male,3.0,4,Grocery,1,Married,9,0,12.0,11.0,,6.0,246.69,1
CUST-54975,14.0,Mobile Phone,1,21.0,Credit Card,Male,3.0,5,Others,3,Single,3,0,,4.0,5.0,10.0,321.26,0
CUST-54976,1.0,Mobile Phone,1,7.0,Cash on Delivery,Female,4.0,5,Mobile Phone,4,Single,3,1,12.0,2.0,3.0,3.0,145.7,0
CUST-54977,13.0,Computer,1,16.0,Debit Card,Male,4.0,4,Laptop & Accessory,4,Single,11,0,16.0,2.0,2.0,4.0,192.82,0
CUST-54978,10.0,Computer,1,25.0,Debit Card,Male,4.0,4,Laptop & Accessory,1,Single,4,0,21.0,1.0,2.0,10.0,202.79,0
CUST-54979,5.0,Computer,3,27.0,Debit Card,Male,4.0,2,Mobile Phone,1,Married,2,0,13.0,3.0,3.0,3.0,152.91,0
CUST-54980,2.0,Mobile Phone,1,9.0,Debit Card,Male,4.0,5,Mobile Phone,4,Married,2,0,18.0,1.0,2.0,5.0,157.01,0
CUST-54981,9.0,Computer,3,18.0,E wallet,Male,3.0,4,Laptop & Accessory,1,Married,3,0,12.0,2.0,2.0,3.0,174.68,0
CUST-54982,23.0,Mobile Phone,3,15.0,Cash on Delivery,Male,3.0,5,Grocery,4,Married,8,0,18.0,2.0,,4.0,256.2,0
CUST-54983,8.0,Computer,1,9.0,Debit Card,Male,4.0,4,Laptop & Accessory,3,Single,4,0,12.0,2.0,2.0,3.0,165.33,0
CUST-54984,3.0,Computer,1,17.0,Debit Card,Female,4.0,4,Mobile Phone,4,Married,2,0,15.0,1.0,2.0,2.0,157.91,0
CUST-54985,16.0,Mobile Phone,1,36.0,Credit Card,Male,3.0,6,Laptop & Accessory,1,Single,6,0,20.0,2.0,2.0,1.0,167.72,0
CUST-54986,3.0,Mobile Phone,1,15.0,Credit Card,Male,4.0,5,Laptop & Accessory,1,Married,3,1,16.0,2.0,2.0,3.0,175.56,0
CUST-54987,12.0,Mobile Phone,2,7.0,UPI,Male,3.0,2,Mobile Phone,3,Married,3,0,14.0,4.0,6.0,1.0,153.44,0
CUST-54988,2.0,Computer,1,13.0,Debit Card,Male,3.0,5,Mobile Phone,3,Married,3,1,15.0,2.0,2.0,3.0,152.03,0
CUST-54989,1.0,Computer,1,15.0,Credit Card,Male,4.0,4,Mobile Phone,3,Single,3,0,13.0,2.0,2.0,1.0,144.04,1
CUST-54990,1.0,Mobile Phone,3,16.0,E wallet,Female,4.0,4,Laptop & Accessory,5,Single,5,1,18.0,1.0,2.0,4.0,207.24,1
CUST-54991,15.0,Mobile Phone,1,19.0,Debit Card,Male,3.0,4,Mobile Phone,1,Married,5,1,12.0,2.0,2.0,1.0,172.66,0
CUST-54992,1.0,Computer,1,22.0,Credit Card,Male,4.0,4,Mobile Phone,3,Married,3,0,13.0,2.0,3.0,3.0,151.1,1
CUST-54993,11.0,Mobile Phone,1,32.0,Credit Card,Female,3.0,5,Laptop & Accessory,1,Married,9,0,14.0,2.0,2.0,4.0,182.31,0
CUST-54994,1.0,Mobile Phone,1,13.0,Debit Card,Male,3.0,5,Mobile Phone,3,Married,3,0,14.0,2.0,3.0,3.0,150.39,0
CUST-54995,8.0,Mobile Phone,3,16.0,Debit Card,Female,4.0,4,Laptop & Accessory,3,Married,3,0,21.0,1.0,2.0,4.0,182.14,0
CUST-54996,9.0,Mobile Phone,2,15.0,Cash on Delivery,Male,4.0,4,Mobile Phone,3,Single,3,0,18.0,1.0,2.0,5.0,168.23,0
CUST-54997,1.0,Mobile Phone,3,30.0,Debit Card,Female,3.0,5,Fashion,5,Married,3,0,14.0,2.0,4.0,11.0,198.36,1
CUST-54998,14.0,Computer,1,16.0,Credit Card,Female,3.0,4,Fashion,3,Single,11,0,18.0,2.0,,14.0,259.99,0
CUST-54999,6.0,Computer,3,19.0,Debit Card,Male,3.0,4,Grocery,5,Single,2,1,13.0,,14.0,15.0,262.58,1
CUST-55000,16.0,Mobile Phone,3,11.0,E wallet,Male,3.0,4,Laptop & Accessory,5,Single,9,0,14.0,2.0,2.0,6.0,176.55,0
CUST-55001,9.0,Mobile Phone,1,7.0,Credit Card,Male,3.0,5,Mobile Phone,3,Married,8,0,13.0,2.0,2.0,8.0,147.58,0
CUST-55002,1.0,Mobile Phone,1,31.0,Credit Card,Male,3.0,4,Mobile Phone,4,Single,10,0,23.0,1.0,2.0,3.0,160.97,0
CUST-55003,1.0,Mobile Phone,1,19.0,Debit Card,Female,4.0,4,Mobile Phone,1,Married,3,1,12.0,2.0,2.0,1.0,150.15,1
CUST-55004,1.0,Mobile Phone,1,10.0,Credit Card,Male,3.0,2,Mobile Phone,1,Married,3,0,23.0,2.0,2.0,8.0,169.2,0
CUST-55005,4.0,Mobile Phone,3,17.0,E wallet,Male,4.0,5,Laptop & Accessory,3,Married,3,0,19.0,1.0,2.0,5.0,190.78,0
CUST-55006,14.0,Computer,1,33.0,Credit Card,Female,4.0,5,Laptop & Accessory,1,Married,5,1,14.0,1.0,2.0,1.0,169.22,0
CUST-55007,9.0,Mobile Phone,1,9.0,Debit Card,Male,3.0,5,Fashion,4,Married,4,0,19.0,3.0,7.0,,227.74,0
CUST-55008,8.0,Computer,1,8.0,Credit Card,Male,4.0,5,Laptop & Accessory,5,Single,2,0,21.0,1.0,5.0,10.0,178.43,0
CUST-55009,9.0,Computer,1,11.0,UPI,Male,3.0,5,Mobile Phone,1,Married,3,0,14.0,2.0,3.0,3.0,148.76,0
CUST-55010,7.0,Mobile Phone,3,16.0,E wallet,Female,3.0,6,Laptop & Accessory,3,Single,10,0,14.0,1.0,2.0,4.0,178.46,1
CUST-55011,6.0,Computer,3,9.0,Debit Card,Female,4.0,4,Mobile Phone,5,Married,3,0,13.0,2.0,2.0,1.0,153.27,0
CUST-55012,30.0,Mobile Phone,1,11.0,Cash on Delivery,Female,4.0,4,Others,5,Married,6,0,14.0,5.0,5.0,3.0,324.43,0
CUST-55013,3.0,Mobile Phone,1,13.0,Credit Card,Female,3.0,4,Mobile Phone,1,Married,3,0,14.0,1.0,2.0,9.0,156.31,0
CUST-55014,1.0,Mobile Phone,1,16.0,Debit Card,Male,3.0,4,Mobile Phone,5,Single,3,0,26.0,1.0,2.0,1.0,150.52,0
CUST-55015,19.0,Mobile Phone,1,14.0,Credit Card,Female,3.0,4,Mobile Phone,3,Married,6,1,20.0,1.0,2.0,3.0,169.77,0
CUST-55016,11.0,Mobile Phone,1,8.0,Debit Card,Female,3.0,5,Laptop & Accessory,1,Married,3,0,14.0,1.0,4.0,12.0,189.74,0
CUST-55017,1.0,Mobile Phone,1,6.0,Debit Card,Male,3.0,5,Mobile Phone,3,Single,3,0,13.0,1.0,2.0,3.0,155.33,0
CUST-55018,8.0,Mobile Phone,1,17.0,Debit Card,Male,4.0,4,Mobile Phone,3,Single,3,1,12.0,2.0,2.0,3.0,154.36,1
CUST-55019,27.0,Mobile Phone,1,14.0,Credit Card,Female,3.0,4,Others,3,Married,5,0,,4.0,5.0,8.0,311.06,0
CUST-55020,3.0,Mobile Phone,1,22.0,Debit Card,Female,4.0,6,Mobile Phone,1,Married,2,1,19.0,2.0,2.0,4.0,146.68,0
CUST-55021,1.0,Computer,1,10.0,Debit Card,Male,3.0,5,Mobile Phone,1,Married,2,1,12.0,1.0,2.0,1.0,153.53,1
CUST-55022,20.0,Mobile Phone,3,9.0,E wallet,Female,4.0,4,Grocery,5,Married,10,0,,7.0,16.0,10.0,295.48,0
CUST-55023,18.0,Computer,1,24.0,Debit Card,Male,4.0,6,Mobile Phone,3,Single,4,0,14.0,2.0,2.0,1.0,147.9,0
CUST-55024,7.0,Mobile Phone,2,9.0,UPI,Male,4.0,4,Mobile Phone,3,Married,3,0,14.0,2.0,2.0,5.0,161.0,0
CUST-55025,5.0,Computer,1,12.0,Debit Card,Male,4.0,5,Mobile Phone,5,Married,8,0,18.0,1.0,2.0,1.0,146.07,1
CUST-55026,4.0,Mobile Phone,3,36.0,Debit Card,Male,4.0,4,Laptop & Accessory,5,Married,10,0,20.0,2.0,2.0,4.0,166.15,0
CUST-55027,14.0,Computer,3,9.0,Credit Card,Male,4.0,4,Laptop & Accessory,4,Married,7,0,13.0,2.0,2.0,1.0,168.27,0
CUST-55028,24.0,Computer,1,9.0,Credit Card,Female,2.0,4,Grocery,5,Married,4,0,,1.0,3.0,3.0,303.56,0
CUST-55029,2.0,Mobile Phone,1,26.0,Credit Card,Male,4.0,5,Mobile Phone,5,Married,3,0,13.0,2.0,4.0,4.0,156.96,0
CUST-55030,20.0,Mobile Phone,1,22.0,Debit Card,Male,3.0,4,Others,4,Married,7,0,,2.0,2.0,4.0,315.81,0
CUST-55031,9.0,Mobile Phone,3,24.0,Debit Card,Male,4.0,4,Laptop & Accessory,5,Married,5,1,16.0,1.0,2.0,,214.66,0
CUST-55032,1.0,Mobile Phone,1,24.0,Debit Card,Female,4.0,4,Mobile Phone,4,Married,3,0,14.0,2.0,2.0,1.0,147.1,1
CUST-55033,7.0,Computer,3,32.0,Credit Card,Female,3.0,4,Laptop & Accessory,3,Married,3,0,13.0,1.0,2.0,2.0,170.39,0
CUST-55034,10.0,Mobile Phone,1,13.0,Debit Card,Male,3.0,6,Mobile Phone,3,Married,3,0,15.0,2.0,2.0,8.0,152.41,0
CUST-55035,4.0,Mobile Phone,1,14.0,Debit Card,Male,3.0,4,Laptop & Accessory,3,Married,3,0,14.0,5.0,9.0,10.0,159.91,0
CUST-55036,18.0,Mobile Phone,1,36.0,UPI,Male,3.0,4,Laptop & Accessory,1,Single,3,0,26.0,7.0,14.0,18.0,170.41,0
CUST-55037,1.0,Mobile Phone,3,28.0,E wallet,Male,3.0,2,Mobile Phone,1,Single,3,0,18.0,3.0,3.0,3.0,151.78,0
CUST-55038,20.0,Mobile Phone,1,9.0,Cash on Delivery,Male,3.0,4,Laptop & Accessory,1,Married,4,0,12.0,1.0,2.0,5.0,198.79,0
CUST-55039,16.0,Computer,2,9.0,Credit Card,Male,4.0,2,Laptop & Accessory,5,Married,9,0,17.0,2.0,2.0,4.0,187.72,0
CUST-55040,31.0,Mobile Phone,3,14.0,E wallet,Male,3.0,2,Laptop & Accessory,1,Married,2,1,19.0,1.0,2.0,10.0,177.2,0
CUST-55041,6.0,Computer,1,20.0,UPI,Female,4.0,5,Mobile Phone,4,Married,3,0,21.0,3.0,3.0,3.0,159.0,0
CUST-55042,6.0,Computer,1,9.0,Debit Card,Female,3.0,4,Laptop & Accessory,3,Single,6,1,15.0,2.0,2.0,8.0,174.98,0
CUST-55043,10.0,Mobile Phone,1,8.0,Cash on Delivery,Female,4.0,6,Fashion,5,Married,4,1,22.0,8.0,8.0,,227.52,0
CUST-55044,7.0,Mobile Phone,1,16.0,Credit Card,Male,3.0,4,Mobile Phone,1,Married,2,0,14.0,1.0,5.0,11.0,152.81,0
CUST-55045,14.0,Mobile Phone,3,17.0,Cash on Delivery,Female,3.0,5,Laptop & Accessory,4,Married,9,0,13.0,2.0,2.0,4.0,193.52,0
CUST-55046,1.0,Mobile Phone,3,17.0,Debit Card,Male,3.0,4,Laptop & Accessory,1,Single,2,0,15.0,2.0,2.0,2.0,174.5,0
CUST-55047,4.0,Mobile Phone,1,8.0,Credit Card,Male,4.0,4,Mobile Phone,4,Married,2,1,22.0,4.0,6.0,8.0,160.79,0
CUST-55048,16.0,Computer,1,33.0,Credit Card,Female,3.0,4,Fashion,5,Married,5,1,18.0,1.0,,1.0,256.91,0
CUST-55049,9.0,Computer,3,15.0,E wallet,Female,4.0,5,Fashion,1,Married,6,1,12.0,4.0,5.0,,228.77,0
CUST-55050,1.0,Mobile Phone,1,21.0,Debit Card,Male,3.0,4,Mobile Phone,5,Married,3,1,15.0,6.0,7.0,9.0,147.35,0
CUST-55051,28.0,Computer,1,8.0,Debit Card,Female,3.0,4,Fashion,3,Married,9,0,18.0,1.0,2.0,,230.02,0
CUST-55052,18.0,Mobile Phone,1,9.0,Debit Card,Female,4.0,2,Mobile Phone,1,Married,3,0,14.0,2.0,8.0,8.0,145.11,0
CUST-55053,1.0,Computer,1,17.0,Credit Card,Female,4.0,5,Mobile Phone,4,Single,3,1,26.0,1.0,2.0,1.0,143.59,1
CUST-55054,3.0,Mobile Phone,1,8.0,Debit Card,Female,4.0,4,Mobile Phone,1,Married,3,0,16.0,2.0,2.0,3.0,162.6,0
CUST-55055,28.0,Mobile Phone,1,10.0,Debit Card,Male,3.0,4,Grocery,1,Married,5,0,,1.0,2.0,10.0,302.79,0
CUST-55056,5.0,Mobile Phone,1,18.0,Credit Card,Male,4.0,4,Laptop & Accessory,5,Married,3,1,13.0,2.0,2.0,2.0,193.33,0
CUST-55057,5.0,Mobile Phone,1,31.0,Credit Card,Female,4.0,5,Laptop & Accessory,5,Single,3,0,20.0,2.0,2.0,9.0,193.12,0
CUST-55058,31.0,Mobile Phone,3,10.0,Debit Card,Female,3.0,5,Laptop & Accessory,1,Single,7,0,18.0,1.0,2.0,6.0,176.71,0
CUST-55059,17.0,Mobile Phone,1,10.0,Debit Card,Male,4.0,6,Others,1,Married,5,0,,2.0,2.0,8.0,322.4,0
CUST-55060,23.0,Mobile Phone,1,11.0,Credit Card,Male,3.0,5,Others,3,Married,4,0,,1.0,2.0,1.0,312.11,0
CUST-55061,10.0,Computer,1,10.0,Cash on Delivery,Male,3.0,4,Mobile Phone,4,Married,3,0,13.0,1.0,2.0,8.0,161.92,0
CUST-55062,22.0,Mobile Phone,1,9.0,Cash on Delivery,Male,4.0,2,Mobile Phone,4,Single,7,0,12.0,1.0,2.0,1.0,150.59,0
CUST-55063,1.0,Mobile Phone,1,11.0,Debit Card,Male,4.0,4,Mobile Phone,3,Married,3,0,12.0,2.0,2.0,4.0,150.17,0
CUST-55064,3.0,Mobile Phone,1,14.0,Debit Card,Male,3.0,4,Laptop & Accessory,1,Married,3,1,12.0,2.0,2.0,1.0,191.23,0
CUST-55065,22.0,Mobile Phone,1,8.0,Debit Card,Male,4.0,5,Others,1,Single,8,0,,2.0,2.0,1.0,307.65,0
CUST-55066,3.0,Mobile Phone,1,8.0,Debit Card,Female,3.0,5,Grocery,1,Married,5,0,15.0,,2.0,8.0,286.24,0
CUST-55067,8.0,Mobile Phone,1,27.0,Cash on Delivery,Female,3.0,2,Mobile Phone,3,Married,2,0,18.0,2.0,2.0,1.0,150.85,0
CUST-55068,18.0,Mobile Phone,3,12.0,E wallet,Male,3.0,4,Others,4,Married,9,0,,2.0,4.0,11.0,307.13,0
CUST-55069,7.0,Mobile Phone,3,17.0,E wallet,Male,3.0,2,Fashion,3,Married,2,1,15.0,1.0,2.0,9.0,208.8,0
CUST-55070,1.0,Mobile Phone,1,32.0,Debit Card,Female,3.0,2,Mobile Phone,1,Single,3,1,13.0,1.0,2.0,2.0,154.94,0
CUST-55071,1.0,Mobile Phone,1,8.0,Debit Card,Male,3.0,4,Mobile Phone,3,Married,3,0,23.0,2.0,2.0,2.0,137.23,0
CUST-55072,1.0,Computer,3,31.0,Debit Card,Male,4.0,6,Mobile Phone,1,Single,3,1,15.0,2.0,2.0,1.0,136.18,1
CUST-55073,1.0,Mobile Phone,1,11.0,Debit Card,Male,3.0,4,Mobile Phone,1,Single,3,1,21.0,3.0,3.0,3.0,153.75,0
CUST-55074,9.0,Mobile Phone,3,9.0,E wallet,Female,4.0,6,Others,4,Single,4,1,,2.0,2.0,12.0,313.24,1
CUST-55075,29.0,Computer,1,15.0,Credit Card,Male,3.0,5,Grocery,4,Married,3,1,16.0,3.0,16.0,1.0,260.77,0
CUST-55076,1.0,Computer,1,17.0,Debit Card,Female,3.0,5,Mobile Phone,3,Single,3,0,21.0,2.0,3.0,3.0,151.25,1
CUST-55077,20.0,Mobile Phone,3,11.0,E wallet,Female,3.0,5,Others,4,Married,4,0,,2.0,2.0,9.0,312.89,0
CUST-55078,8.0,Mobile Phone,3,9.0,E wallet,Female,3.0,4,Laptop & Accessory,5,Single,2,1,13.0,2.0,2.0,3.0,170.38,0
CUST-55079,25.0,Computer,3,16.0,Debit Card,Male,3.0,4,Others,4,Married,6,1,25.0,7.0,12.0,11.0,323.47,0
CUST-55080,31.0,Mobile Phone,1,25.0,Credit Card,Male,4.0,4,Fashion,1,Single,8,0,13.0,4.0,6.0,,230.12,0
CUST-55081,8.0,Computer,1,26.0,Credit Card,Female,3.0,4,Laptop & Accessory,4,Married,6,0,14.0,1.0,6.0,11.0,169.44,0
CUST-55082,2.0,Computer,1,8.0,Credit Card,Male,3.0,4,Mobile Phone,3,Single,2,1,12.0,2.0,2.0,3.0,146.54,0
CUST-55083,18.0,Mobile Phone,1,11.0,Debit Card,Male,4.0,2,Others,5,Married,3,0,,3.0,15.0,14.0,316.9,0
CUST-55084,8.0,Computer,2,18.0,Debit Card,Male,3.0,5,Laptop & Accessory,4,Married,6,0,12.0,1.0,2.0,9.0,169.9,0
CUST-55085,9.0,Mobile Phone,1,13.0,Debit Card,Male,4.0,4,Mobile Phone,3,Married,2,1,15.0,2.0,3.0,3.0,160.06,0
CUST-55086,16.0,Mobile Phone,1,14.0,Credit Card,Female,4.0,2,Laptop & Accessory,4,Married,8,1,17.0,1.0,2.0,1.0,148.72,0
CUST-55087,17.0,Mobile Phone,3,11.0,E wallet,Female,3.0,5,Fashion,1,Single,5,0,15.0,11.0,16.0,,227.31,0
CUST-55088,10.0,Mobile Phone,1,9.0,Debit Card,Female,3.0,4,Laptop & Accessory,4,Single,11,1,12.0,5.0,6.0,13.0,179.1,0
CUST-55089,8.0,Mobile Phone,1,22.0,Credit Card,Female,4.0,4,Fashion,1,Married,3,0,12.0,1.0,2.0,6.0,204.78,1
CUST-55090,2.0,Computer,1,9.0,Debit Card,Male,3.0,5,Mobile Phone,1,Married,3,1,13.0,1.0,3.0,3.0,163.67,0
CUST-55091,25.0,Computer,1,13.0,Credit Card,Female,3.0,5,Mobile Phone,3,Single,2,0,15.0,4.0,8.0,8.0,153.38,0
CUST-55092,4.0,Computer,1,16.0,Credit Card,Female,4.0,4,Laptop & Accessory,3,Single,9,1,19.0,1.0,2.0,8.0,171.95,0
CUST-55093,1.0,Mobile Phone,1,14.0,Cash on Delivery,Female,3.0,4,Mobile Phone,3,Married,5,1,14.0,5.0,8.0,8.0,158.39,1
CUST-55094,2.0,Mobile Phone,1,8.0,Cash on Delivery,Male,3.0,4,Mobile Phone,5,Single,4,0,12.0,2.0,2.0,3.0,145.8,0
CUST-55095,1.0,Mobile Phone,1,8.0,Credit Card,Female,3.0,4,Mobile Phone,4,Single,3,0,19.0,2.0,3.0,2.0,145.96,0
CUST-55096,6.0,Mobile Phone,3,15.0,Credit Card,Male,3.0,2,Laptop & Accessory,1,Married,3,0,16.0,1.0,2.0,9.0,187.09,0
CUST-55097,19.0,Computer,1,32.0,Credit Card,Female,3.0,4,Others,4,Single,5,0,,1.0,2.0,1.0,305.61,0
CUST-55098,13.0,Mobile Phone,1,20.0,Credit Card,Female,4.0,5,Grocery,4,Married,8,1,,11.0,16.0,3.0,296.23,0
CUST-55099,31.0,Mobile Phone,1,30.0,Debit Card,Male,3.0,4,Mobile Phone,3,Married,3,0,13.0,2.0,3.0,3.0,148.72,0
CUST-55100,1.0,Mobile Phone,1,14.0,Debit Card,Male,4.0,4,Laptop & Accessory,3,Married,3,0,19.0,1.0,2.0,2.0,173.83,1
CUST-55101,3.0,Mobile Phone,1,30.0,Credit Card,Male,4.0,4,Mobile Phone,5,Single,2,0,14.0,1.0,2.0,4.0,164.04,1
CUST-55102,4.0,Mobile Phone,1,13.0,Cash on Delivery,Female,3.0,5,Laptop & Accessory,1,Married,2,0,13.0,6.0,7.0,8.0,171.27,0
CUST-55103,10.0,Mobile Phone,1,17.0,Cash on Delivery,Female,4.0,4,Fashion,3,Married,5,0,13.0,2.0,2.0,8.0,195.94,0
CUST-55104,20.0,Mobile Phone,2,8.0,Debit Card,Female,3.0,4,Mobile Phone,5,Single,8,0,13.0,3.0,6.0,8.0,159.23,0
CUST-55105,2.0,Computer,1,8.0,Debit Card,Female,3.0,6,Laptop & Accessory,1,Married,2,0,12.0,8.0,8.0,6.0,191.74,0
CUST-55106,24.0,Mobile Phone,1,35.0,Debit Card,Female,3.0,4,Grocery,5,Married,6,1,,1.0,2.0,3.0,293.8,0
CUST-55107,4.0,Mobile Phone,3,32.0,E wallet,Male,3.0,5,Fashion,4,Single,4,1,13.0,2.0,2.0,,215.94,1
CUST-55108,16.0,Mobile Phone,3,12.0,Debit Card,Male,4.0,4,Fashion,4,Single,11,1,20.0,8.0,8.0,,209.46,1
CUST-55109,4.0,Mobile Phone,1,24.0,Credit Card,Female,4.0,4,Fashion,5,Married,3,1,24.0,2.0,,9.0,244.16000000000003,0
CUST-55110,13.0,Mobile Phone,1,25.0,Debit Card,Male,3.0,4,Laptop & Accessory,3,Single,2,0,12.0,2.0,2.0,8.0,170.34,0
CUST-55111,5.0,Computer,3,9.0,Debit Card,Female,3.0,4,Fashion,3,Married,3,1,20.0,9.0,10.0,,223.52,0
CUST-55112,15.0,Computer,3,17.0,Credit Card,Male,3.0,6,Laptop & Accessory,4,Single,3,0,14.0,4.0,12.0,10.0,186.51,0
CUST-55113,1.0,Computer,3,8.0,Debit Card,Female,3.0,4,Mobile Phone,4,Single,3,1,12.0,3.0,3.0,3.0,148.02,1
CUST-55114,8.0,Mobile Phone,1,10.0,Debit Card,Male,3.0,4,Mobile Phone,5,Married,6,0,13.0,2.0,2.0,3.0,148.62,1
CUST-55115,16.0,Computer,1,9.0,Debit Card,Male,3.0,4,Grocery,3,Married,2,1,,1.0,3.0,11.0,303.61,0
CUST-55116,29.0,Mobile Phone,1,9.0,Credit Card,Female,3.0,6,Others,3,Married,6,0,,5.0,10.0,12.0,316.87,0
CUST-55117,30.0,Mobile Phone,2,15.0,Debit Card,Male,4.0,4,Others,4,Single,8,0,,3.0,8.0,8.0,322.17,0
CUST-55118,14.0,Computer,1,23.0,Debit Card,Male,4.0,4,Mobile Phone,3,Married,11,0,17.0,2.0,2.0,1.0,160.44,0
CUST-55119,8.0,Mobile Phone,1,16.0,Debit Card,Male,3.0,4,Fashion,1,Married,2,0,12.0,1.0,2.0,,210.0,0
CUST-55120,14.0,Mobile Phone,1,9.0,Debit Card,Male,4.0,4,Laptop & Accessory,1,Single,3,0,14.0,4.0,9.0,9.0,171.61,0
CUST-55121,15.0,Computer,3,8.0,E wallet,Female,4.0,4,Laptop & Accessory,5,Married,2,0,18.0,1.0,2.0,8.0,166.03,0
CUST-55122,9.0,Computer,1,11.0,Debit Card,Male,3.0,4,Laptop & Accessory,3,Single,3,1,12.0,2.0,2.0,2.0,167.49,0
CUST-55123,25.0,Mobile Phone,2,12.0,Debit Card,Male,3.0,4,Grocery,4,Married,3,1,12.0,,2.0,11.0,265.26,0
CUST-55124,12.0,Mobile Phone,3,9.0,Debit Card,Female,3.0,4,Laptop & Accessory,5,Married,5,0,16.0,1.0,2.0,8.0,193.93,0
CUST-55125,8.0,Mobile Phone,3,22.0,Credit Card,Female,4.0,4,Laptop & Accessory,5,Single,3,0,13.0,5.0,10.0,7.0,186.25,0
CUST-55126,1.0,Mobile Phone,1,26.0,Credit Card,Male,4.0,4,Mobile Phone,1,Married,5,0,12.0,1.0,2.0,3.0,161.69,0
CUST-55127,21.0,Mobile Phone,1,14.0,Credit Card,Female,3.0,5,Fashion,5,Married,9,1,15.0,2.0,6.0,,225.08,1
CUST-55128,14.0,Mobile Phone,1,8.0,Debit Card,Male,3.0,4,Mobile Phone,4,Married,5,0,23.0,2.0,2.0,4.0,148.87,0
CUST-55129,10.0,Computer,3,14.0,E wallet,Female,3.0,2,Laptop & Accessory,5,Married,4,0,17.0,6.0,7.0,14.0,171.39,0
CUST-55130,22.0,Mobile Phone,1,11.0,Debit Card,Male,3.0,4,Fashion,1,Single,3,0,12.0,2.0,2.0,9.0,203.98,0
CUST-55131,1.0,Mobile Phone,3,18.0,Credit Card,Female,4.0,2,Mobile Phone,1,Married,10,0,15.0,1.0,2.0,1.0,150.34,0
CUST-55132,25.0,Mobile Phone,1,18.0,Cash on Delivery,Female,3.0,5,Grocery,4,Single,5,0,17.0,1.0,,4.0,256.42,0
CUST-55133,1.0,Computer,1,8.0,Debit Card,Female,4.0,4,Mobile Phone,1,Single,3,0,16.0,2.0,2.0,1.0,141.11,0
CUST-55134,9.0,Mobile Phone,1,8.0,Credit Card,Female,3.0,5,Laptop & Accessory,1,Married,2,0,13.0,1.0,2.0,1.0,178.63,0
CUST-55135,1.0,Computer,3,9.0,Debit Card,Male,3.0,6,Laptop & Accessory,1,Single,5,0,21.0,1.0,2.0,1.0,175.71,0
CUST-55136,19.0,Mobile Phone,3,20.0,E wallet,Male,3.0,2,Grocery,3,Single,8,1,18.0,,4.0,9.0,261.95,1
CUST-55137,30.0,Mobile Phone,1,30.0,Debit Card,Male,4.0,4,Grocery,4,Married,6,1,13.0,14.0,,10.0,259.02,0
CUST-55138,8.0,Computer,1,33.0,Cash on Delivery,Female,4.0,5,Mobile Phone,3,Married,3,0,21.0,2.0,2.0,1.0,145.29,0
CUST-55139,14.0,Mobile Phone,1,9.0,Credit Card,Female,3.0,2,Laptop & Accessory,3,Married,7,0,21.0,7.0,12.0,9.0,188.77,0
CUST-55140,8.0,Mobile Phone,1,36.0,Credit Card,Male,3.0,4,Laptop & Accessory,3,Married,6,0,14.0,6.0,8.0,8.0,179.29,0
CUST-55141,1.0,Computer,3,9.0,Debit Card,Female,3.0,5,Mobile Phone,1,Single,9,0,15.0,1.0,2.0,1.0,152.85,1
CUST-55142,1.0,Computer,3,25.0,E wallet,Female,4.0,4,Laptop & Accessory,3,Married,2,1,19.0,1.0,4.0,3.0,171.14,1
CUST-55143,12.0,Computer,1,14.0,Debit Card,Male,3.0,2,Mobile Phone,3,Married,3,0,12.0,1.0,2.0,4.0,151.1,0
CUST-55144,8.0,Mobile Phone,1,9.0,Cash on Delivery,Female,4.0,4,Laptop & Accessory,1,Single,3,0,12.0,5.0,5.0,12.0,191.87,0
CUST-55145,2.0,Mobile Phone,3,33.0,Debit Card,Male,3.0,5,Laptop & Accessory,5,Married,3,0,12.0,2.0,2.0,5.0,172.24,0
CUST-55146,1.0,Mobile Phone,1,29.0,Credit Card,Male,4.0,4,Laptop & Accessory,3,Married,3,1,16.0,6.0,7.0,8.0,186.79,1
CUST-55147,13.0,Mobile Phone,3,28.0,Debit Card,Male,3.0,5,Laptop & Accessory,1,Married,5,1,13.0,1.0,2.0,5.0,186.2,0
CUST-55148,25.0,Computer,3,9.0,E wallet,Male,3.0,4,Fashion,4,Married,4,0,12.0,4.0,4.0,,230.96,0
CUST-55149,15.0,Computer,1,29.0,Debit Card,Female,4.0,4,Laptop & Accessory,1,Married,5,1,15.0,3.0,4.0,4.0,179.67,0
CUST-55150,11.0,Mobile Phone,1,11.0,Debit Card,Male,3.0,4,Mobile Phone,3,Married,9,1,16.0,2.0,2.0,4.0,154.96,0
CUST-55151,7.0,Computer,3,12.0,Debit Card,Male,4.0,4,Laptop & Accessory,1,Married,8,0,14.0,2.0,2.0,,224.98,0
CUST-55152,6.0,Mobile Phone,3,9.0,E wallet,Male,3.0,4,Laptop & Accessory,4,Married,2,1,14.0,2.0,2.0,3.0,165.78,0
CUST-55153,13.0,Computer,1,32.0,Debit Card,Male,4.0,4,Fashion,3,Married,5,0,22.0,1.0,,6.0,234.2,0
CUST-55154,1.0,Mobile Phone,3,25.0,Debit Card,Male,4.0,2,Laptop & Accessory,3,Married,4,0,12.0,2.0,2.0,3.0,187.32,0
CUST-55155,26.0,Computer,1,35.0,Credit Card,Female,3.0,2,Grocery,3,Married,4,1,12.0,2.0,,3.0,257.47,0
CUST-55156,17.0,Mobile Phone,1,13.0,Credit Card,Female,4.0,5,Laptop & Accessory,3,Single,3,1,15.0,1.0,2.0,9.0,165.81,0
CUST-55157,1.0,Mobile Phone,3,17.0,E wallet,Female,4.0,5,Laptop & Accessory,1,Married,3,1,12.0,2.0,5.0,5.0,182.69,0
CUST-55158,1.0,Mobile Phone,1,24.0,Debit Card,Female,3.0,4,Mobile Phone,3,Single,3,1,14.0,5.0,8.0,8.0,148.94,1
CUST-55159,1.0,Mobile Phone,1,9.0,Credit Card,Male,3.0,5,Mobile Phone,1,Single,2,0,13.0,2.0,2.0,2.0,164.04,0
CUST-55160,16.0,Mobile Phone,2,17.0,UPI,Female,3.0,4,Grocery,5,Married,2,0,,1.0,2.0,10.0,292.99,0
CUST-55161,26.0,Mobile Phone,1,15.0,UPI,Female,3.0,4,Mobile Phone,5,Married,11,0,14.0,2.0,2.0,5.0,154.5,0
CUST-55162,11.0,Mobile Phone,1,18.0,Credit Card,Female,4.0,4,Mobile Phone,3,Single,6,0,19.0,2.0,2.0,3.0,161.29,0
CUST-55163,9.0,Computer,1,25.0,Debit Card,Male,3.0,4,Fashion,1,Single,4,0,12.0,3.0,3.0,,218.62,0
CUST-55164,1.0,Mobile Phone,1,8.0,Cash on Delivery,Male,3.0,4,Mobile Phone,1,Married,6,0,12.0,1.0,2.0,3.0,157.29,0
CUST-55165,1.0,Mobile Phone,1,14.0,UPI,Male,4.0,2,Mobile Phone,5,Single,2,0,13.0,1.0,2.0,8.0,160.78,0
CUST-55166,3.0,Mobile Phone,2,24.0,UPI,Male,3.0,5,Fashion,5,Single,3,0,14.0,1.0,2.0,10.0,204.88,0
CUST-55167,13.0,Computer,1,35.0,Debit Card,Male,4.0,5,Laptop & Accessory,5,Single,5,0,21.0,1.0,2.0,4.0,167.84,1
CUST-55168,1.0,Computer,1,21.0,UPI,Female,3.0,4,Fashion,1,Single,2,1,13.0,5.0,8.0,8.0,200.53,1
CUST-55169,28.0,Mobile Phone,1,8.0,Credit Card,Female,3.0,4,Grocery,1,Single,8,0,,7.0,13.0,8.0,298.28,0
CUST-55170,31.0,Mobile Phone,1,8.0,Credit Card,Female,4.0,4,Others,5,Married,5,1,,2.0,2.0,6.0,322.01,0
CUST-55171,29.0,Mobile Phone,1,8.0,Credit Card,Male,3.0,2,Grocery,1,Married,4,0,14.0,,2.0,1.0,272.32,0
CUST-55172,10.0,Mobile Phone,3,10.0,E wallet,Female,4.0,4,Laptop & Accessory,4,Single,5,1,17.0,1.0,2.0,,217.78,0
CUST-55173,1.0,Computer,3,8.0,Debit Card,Female,3.0,6,Mobile Phone,3,Single,3,0,13.0,1.0,2.0,1.0,138.59,1
CUST-55174,4.0,Mobile Phone,3,14.0,E wallet,Female,4.0,4,Laptop & Accessory,5,Married,9,0,15.0,2.0,2.0,3.0,172.79,0
CUST-55175,5.0,Mobile Phone,1,15.0,Debit Card,Female,4.0,4,Grocery,4,Single,5,0,12.0,,2.0,1.0,289.22,0
CUST-55176,8.0,Computer,1,8.0,UPI,Male,4.0,4,Mobile Phone,5,Married,7,0,15.0,2.0,2.0,4.0,154.96,0
CUST-55177,1.0,Mobile Phone,1,15.0,Debit Card,Female,3.0,5,Mobile Phone,4,Single,3,0,13.0,1.0,2.0,1.0,137.61,1
CUST-55178,1.0,Mobile Phone,1,18.0,Debit Card,Male,4.0,4,Mobile Phone,5,Married,2,0,15.0,2.0,2.0,5.0,145.99,0
CUST-55179,10.0,Mobile Phone,1,11.0,Debit Card,Male,3.0,5,Laptop & Accessory,1,Single,3,0,17.0,1.0,2.0,9.0,183.1,0
CUST-55180,10.0,Mobile Phone,3,23.0,E wallet,Female,4.0,5,Laptop & Accessory,5,Married,6,0,14.0,2.0,2.0,3.0,181.47,0
CUST-55181,21.0,Mobile Phone,1,8.0,Cash on Delivery,Male,4.0,4,Mobile Phone,1,Married,9,0,13.0,2.0,2.0,3.0,159.2,0
CUST-55182,1.0,Mobile Phone,3,16.0,Debit Card,Male,4.0,5,Mobile Phone,5,Married,5,0,13.0,3.0,3.0,3.0,169.0,1
CUST-55183,11.0,Computer,1,12.0,Cash on Delivery,Male,3.0,2,Mobile Phone,3,Single,2,0,15.0,1.0,2.0,4.0,160.0,0
CUST-55184,30.0,Mobile Phone,1,8.0,Debit Card,Female,3.0,4,Mobile Phone,5,Married,4,0,23.0,1.0,2.0,1.0,145.66,0
CUST-55185,21.0,Mobile Phone,1,9.0,Credit Card,Female,3.0,4,Grocery,3,Married,5,0,,3.0,6.0,7.0,296.69,0
CUST-55186,1.0,Mobile Phone,3,11.0,Credit Card,Female,3.0,4,Laptop & Accessory,3,Married,3,1,13.0,2.0,2.0,4.0,166.62,0
CUST-55187,6.0,Mobile Phone,3,14.0,E wallet,Male,4.0,4,Laptop & Accessory,1,Married,6,0,13.0,1.0,2.0,,217.04,0
CUST-55188,8.0,Mobile Phone,1,8.0,Debit Card,Female,3.0,5,Mobile Phone,4,Married,7,0,18.0,2.0,2.0,3.0,157.94,0
CUST-55189,15.0,Mobile Phone,1,12.0,Credit Card,Male,3.0,2,Mobile Phone,3,Married,4,1,13.0,1.0,2.0,4.0,146.27,0
CUST-55190,14.0,Computer,1,16.0,UPI,Male,3.0,4,Laptop & Accessory,3,Married,5,0,12.0,1.0,2.0,8.0,164.75,0
CUST-55191,5.0,Mobile Phone,3,15.0,Debit Card,Male,3.0,4,Fashion,1,Married,3,0,19.0,3.0,,10.0,232.93,0
CUST-55192,10.0,Mobile Phone,3,16.0,E wallet,Male,3.0,4,Fashion,1,Married,6,0,12.0,5.0,5.0,,225.96,1
CUST-55193,3.0,Computer,1,9.0,Debit Card,Female,3.0,5,Mobile Phone,5,Single,4,1,24.0,1.0,2.0,1.0,161.46,1
CUST-55194,1.0,Computer,1,8.0,Debit Card,Female,4.0,2,Fashion,4,Single,3,0,12.0,2.0,5.0,8.0,199.46,1
CUST-55195,19.0,Mobile Phone,1,27.0,Credit Card,Male,4.0,6,Fashion,5,Married,4,1,19.0,2.0,,8.0,233.51,0
CUST-55196,5.0,Mobile Phone,2,15.0,Credit Card,Female,4.0,2,Mobile Phone,4,Single,11,0,19.0,2.0,2.0,3.0,146.09,0
CUST-55197,1.0,Computer,1,9.0,Debit Card,Male,4.0,4,Mobile Phone,1,Married,8,1,14.0,1.0,3.0,3.0,162.22,1
CUST-55198,19.0,Mobile Phone,1,36.0,Cash on Delivery,Male,3.0,4,Fashion,1,Married,6,1,19.0,2.0,2.0,,218.8,0
CUST-55199,22.0,Mobile Phone,3,14.0,E wallet,Male,4.0,4,Laptop & Accessory,5,Married,6,0,12.0,1.0,3.0,3.0,179.86,0
CUST-55200,1.0,Mobile Phone,2,16.0,Cash on Delivery,Female,3.0,4,Mobile Phone,3,Married,3,0,16.0,3.0,3.0,3.0,152.42,1
CUST-55201,14.0,Computer,1,15.0,Credit Card,Male,3.0,5,Fashion,4,Married,4,0,12.0,,5.0,9.0,262.57,0
CUST-55202,2.0,Mobile Phone,3,12.0,Credit Card,Male,3.0,4,Laptop & Accessory,5,Single,2,0,19.0,1.0,2.0,,209.63,0
CUST-55203,18.0,Computer,1,12.0,Debit Card,Male,3.0,5,Mobile Phone,3,Single,5,0,15.0,1.0,2.0,4.0,156.62,0
CUST-55204,27.0,Mobile Phone,1,9.0,Credit Card,Male,3.0,2,Grocery,4,Single,6,0,13.0,,9.0,9.0,290.98,0
CUST-55205,23.0,Mobile Phone,1,12.0,Cash on Delivery,Male,4.0,4,Laptop & Accessory,3,Married,4,0,15.0,1.0,2.0,3.0,191.51,0
CUST-55206,14.0,Mobile Phone,1,9.0,Credit Card,Male,4.0,4,Mobile Phone,3,Married,4,0,15.0,2.0,2.0,3.0,148.45,0
CUST-55207,18.0,Mobile Phone,1,27.0,Debit Card,Male,3.0,4,Mobile Phone,4,Single,3,0,14.0,2.0,2.0,4.0,159.2,0
CUST-55208,7.0,Computer,3,14.0,Credit Card,Male,3.0,4,Laptop & Accessory,5,Married,2,0,15.0,2.0,2.0,4.0,168.73,0
CUST-55209,8.0,Mobile Phone,3,10.0,UPI,Male,3.0,6,Laptop & Accessory,5,Single,5,0,19.0,3.0,4.0,13.0,172.59,0
CUST-55210,4.0,Mobile Phone,3,23.0,Debit Card,Male,4.0,4,Laptop & Accessory,3,Married,10,0,16.0,2.0,3.0,3.0,178.01,0
CUST-55211,16.0,Computer,1,16.0,Credit Card,Female,4.0,4,Mobile Phone,1,Single,3,0,14.0,1.0,6.0,9.0,161.73,0
CUST-55212,18.0,Computer,3,8.0,E wallet,Female,4.0,4,Laptop & Accessory,3,Married,9,0,13.0,1.0,2.0,1.0,172.68,0
CUST-55213,4.0,Computer,1,14.0,Cash on Delivery,Male,4.0,4,Mobile Phone,3,Married,3,0,14.0,1.0,2.0,1.0,137.74,0
CUST-55214,31.0,Mobile Phone,1,8.0,Debit Card,Male,4.0,2,Laptop & Accessory,3,Married,2,0,25.0,2.0,3.0,9.0,174.0,0
CUST-55215,23.0,Mobile Phone,1,14.0,Debit Card,Male,3.0,4,Fashion,4,Married,5,0,15.0,1.0,2.0,,229.66,0
CUST-55216,8.0,Computer,1,22.0,Credit Card,Male,4.0,4,Grocery,5,Married,9,0,,3.0,7.0,10.0,295.07,0
CUST-55217,1.0,Computer,3,8.0,Cash on Delivery,Male,4.0,4,Mobile Phone,3,Married,5,0,16.0,2.0,2.0,3.0,154.09,1
CUST-55218,1.0,Computer,3,20.0,Cash on Delivery,Female,3.0,4,Laptop & Accessory,4,Single,7,0,12.0,2.0,2.0,1.0,182.65,1
CUST-55219,1.0,Mobile Phone,3,31.0,Credit Card,Female,3.0,5,Laptop & Accessory,4,Single,2,1,24.0,5.0,11.0,11.0,170.99,1
CUST-55220,9.0,Mobile Phone,3,14.0,Debit Card,Male,4.0,4,Mobile Phone,3,Married,3,0,14.0,1.0,2.0,1.0,149.04,0
CUST-55221,1.0,Computer,1,16.0,Credit Card,Male,3.0,4,Mobile Phone,5,Single,4,1,12.0,1.0,2.0,1.0,156.72,1
CUST-55222,1.0,Computer,3,20.0,Debit Card,Female,4.0,4,Mobile Phone,4,Married,3,0,14.0,1.0,2.0,1.0,145.33,0
CUST-55223,18.0,Computer,1,9.0,Credit Card,Male,3.0,4,Fashion,3,Single,7,1,19.0,3.0,3.0,,227.09,0
CUST-55224,3.0,Mobile Phone,3,26.0,Debit Card,Male,4.0,5,Laptop & Accessory,3,Married,3,0,15.0,2.0,2.0,,211.2,0
CUST-55225,4.0,Mobile Phone,2,8.0,Debit Card,Male,3.0,4,Mobile Phone,3,Married,2,0,22.0,1.0,2.0,4.0,145.64,0
CUST-55226,29.0,Mobile Phone,1,11.0,Debit Card,Male,2.0,4,Laptop & Accessory,3,Married,2,1,17.0,2.0,2.0,3.0,165.35,0
CUST-55227,7.0,Mobile Phone,1,11.0,Credit Card,Female,3.0,5,Mobile Phone,4,Married,10,0,12.0,2.0,2.0,3.0,163.38,0
CUST-55228,21.0,Mobile Phone,3,21.0,Credit Card,Female,4.0,4,Laptop & Accessory,3,Married,5,1,18.0,2.0,2.0,3.0,170.91,0
CUST-55229,1.0,Computer,1,9.0,Credit Card,Male,3.0,5,Mobile Phone,5,Single,9,0,12.0,2.0,2.0,1.0,150.61,1
CUST-55230,2.0,Mobile Phone,1,8.0,Debit Card,Male,4.0,5,Mobile Phone,3,Married,3,0,15.0,1.0,2.0,1.0,140.63,0
CUST-55231,2.0,Computer,3,14.0,Debit Card,Male,3.0,4,Laptop & Accessory,5,Single,2,0,15.0,2.0,2.0,4.0,173.98,0
CUST-55232,23.0,Mobile Phone,1,10.0,Credit Card,Female,3.0,5,Laptop & Accessory,5,Married,6,0,26.0,1.0,2.0,3.0,172.89,0
CUST-55233,3.0,Computer,1,9.0,Debit Card,Female,4.0,4,Mobile Phone,4,Married,2,0,14.0,2.0,2.0,3.0,156.8,0
CUST-55234,2.0,Mobile Phone,1,36.0,Debit Card,Male,4.0,6,Laptop & Accessory,4,Married,3,0,15.0,1.0,2.0,8.0,190.49,0
CUST-55235,7.0,Mobile Phone,1,15.0,Debit Card,Male,4.0,4,Laptop & Accessory,3,Single,4,1,18.0,2.0,2.0,1.0,188.88,0
CUST-55236,6.0,Mobile Phone,1,17.0,Credit Card,Male,4.0,4,Fashion,1,Single,4,0,26.0,1.0,,1.0,237.44,0
CUST-55237,28.0,Computer,1,18.0,Credit Card,Female,3.0,4,Grocery,1,Married,5,0,21.0,,2.0,13.0,285.32,0
CUST-55238,1.0,Mobile Phone,1,8.0,Cash on Delivery,Male,4.0,5,Mobile Phone,5,Single,8,0,14.0,2.0,2.0,8.0,148.62,1
CUST-55239,18.0,Mobile Phone,1,35.0,Debit Card,Male,3.0,4,Grocery,5,Married,5,0,14.0,,15.0,18.0,288.28,0
CUST-55240,13.0,Mobile Phone,1,13.0,Debit Card,Female,3.0,4,Fashion,4,Single,6,0,19.0,3.0,3.0,3.0,208.76,0
CUST-55241,20.0,Mobile Phone,3,10.0,Debit Card,Female,3.0,4,Grocery,4,Married,10,0,13.0,,6.0,2.0,291.06,0
CUST-55242,9.0,Mobile Phone,1,23.0,Debit Card,Female,4.0,5,Fashion,4,Single,3,0,20.0,4.0,4.0,,211.06,0
CUST-55243,1.0,Mobile Phone,1,27.0,Debit Card,Male,4.0,4,Laptop & Accessory,3,Single,2,0,15.0,2.0,2.0,3.0,147.72,0
CUST-55244,4.0,Mobile Phone,1,16.0,Debit Card,Male,3.0,4,Mobile Phone,5,Single,5,0,15.0,2.0,2.0,1.0,145.18,1
CUST-55245,8.0,Mobile Phone,3,8.0,Cash on Delivery,Male,4.0,5,Fashion,3,Married,3,1,15.0,8.0,9.0,7.0,195.83,0
CUST-55246,1.0,Computer,1,10.0,Debit Card,Female,3.0,4,Mobile Phone,3,Single,3,0,13.0,3.0,8.0,8.0,165.84,1
CUST-55247,24.0,Computer,1,29.0,Credit Card,Male,3.0,6,Grocery,1,Single,3,1,14.0,,14.0,10.0,269.11,0
CUST-55248,8.0,Mobile Phone,3,14.0,Cash on Delivery,Male,3.0,4,Mobile Phone,3,Married,2,1,26.0,4.0,6.0,8.0,148.08,0
CUST-55249,16.0,Mobile Phone,1,9.0,Credit Card,Male,4.0,5,Mobile Phone,4,Married,6,0,15.0,1.0,2.0,1.0,173.41,0
CUST-55250,11.0,Mobile Phone,1,20.0,Credit Card,Male,3.0,4,Laptop & Accessory,1,Married,3,0,18.0,3.0,4.0,8.0,167.85,0
CUST-55251,3.0,Mobile Phone,1,15.0,UPI,Female,3.0,6,Laptop & Accessory,5,Married,5,0,14.0,2.0,2.0,,222.15,0
CUST-55252,7.0,Mobile Phone,1,32.0,Debit Card,Male,3.0,5,Laptop & Accessory,4,Single,3,0,14.0,2.0,2.0,3.0,168.2,0
CUST-55253,19.0,Mobile Phone,1,35.0,Cash on Delivery,Male,4.0,4,Mobile Phone,1,Married,6,0,21.0,2.0,2.0,4.0,146.32,0
CUST-55254,16.0,Computer,1,9.0,Debit Card,Male,3.0,4,Fashion,1,Married,4,1,15.0,5.0,14.0,,226.24,0
CUST-55255,14.0,Mobile Phone,3,16.0,Credit Card,Male,3.0,4,Laptop & Accessory,5,Married,2,0,13.0,8.0,8.0,2.0,179.73,0
CUST-55256,7.0,Mobile Phone,1,35.0,Debit Card,Male,4.0,4,Laptop & Accessory,3,Married,3,1,13.0,5.0,6.0,8.0,177.07,0
CUST-55257,14.0,Mobile Phone,2,13.0,Credit Card,Male,3.0,4,Grocery,1,Single,3,1,22.0,,8.0,8.0,289.37,0
CUST-55258,1.0,Mobile Phone,1,28.0,Cash on Delivery,Male,3.0,5,Mobile Phone,5,Married,2,0,15.0,1.0,2.0,1.0,147.96,0
CUST-55259,14.0,Computer,1,15.0,Debit Card,Male,4.0,4,Laptop & Accessory,1,Married,5,1,19.0,2.0,3.0,3.0,165.69,0
CUST-55260,19.0,Mobile Phone,1,8.0,Cash on Delivery,Male,4.0,4,Fashion,4,Married,3,0,13.0,4.0,8.0,8.0,199.41,0
CUST-55261,9.0,Mobile Phone,3,35.0,Debit Card,Female,4.0,5,Mobile Phone,3,Married,2,0,24.0,3.0,5.0,3.0,149.3,0
CUST-55262,6.0,Mobile Phone,1,12.0,Debit Card,Female,4.0,5,Laptop & Accessory,4,Married,5,0,13.0,2.0,3.0,6.0,183.78,0
CUST-55263,10.0,Mobile Phone,3,9.0,Debit Card,Male,4.0,4,Mobile Phone,1,Single,5,1,22.0,2.0,2.0,3.0,151.44,0
CUST-55264,22.0,Mobile Phone,3,23.0,Debit Card,Female,4.0,4,Laptop & Accessory,3,Married,10,0,15.0,8.0,8.0,8.0,189.39,0
CUST-55265,3.0,Mobile Phone,1,16.0,Debit Card,Male,4.0,2,Mobile Phone,3,Married,8,0,19.0,1.0,2.0,1.0,149.51,0
CUST-55266,7.0,Mobile Phone,3,15.0,Debit Card,Male,3.0,4,Laptop & Accessory,5,Married,4,0,14.0,3.0,3.0,3.0,188.92,0
CUST-55267,1.0,Mobile Phone,3,8.0,Debit Card,Male,4.0,5,Laptop & Accessory,5,Married,3,0,12.0,2.0,7.0,,222.14,1
CUST-55268,12.0,Computer,2,17.0,UPI,Male,4.0,4,Laptop & Accessory,3,Married,5,0,12.0,1.0,2.0,3.0,185.77,0
CUST-55269,9.0,Mobile Phone,1,8.0,Credit Card,Male,4.0,5,Mobile Phone,5,Single,3,0,20.0,2.0,2.0,3.0,149.5,0
CUST-55270,8.0,Mobile Phone,3,36.0,Cash on Delivery,Male,3.0,4,Fashion,4,Married,5,0,13.0,2.0,2.0,,217.5,0
CUST-55271,1.0,Mobile Phone,1,9.0,Debit Card,Female,4.0,4,Mobile Phone,5,Married,3,1,13.0,2.0,2.0,1.0,145.74,1
CUST-55272,17.0,Mobile Phone,1,9.0,Cash on Delivery,Female,4.0,5,Fashion,1,Married,2,0,17.0,1.0,2.0,,226.69,1
CUST-55273,2.0,Mobile Phone,1,9.0,Credit Card,Male,3.0,4,Laptop & Accessory,4,Married,6,0,12.0,2.0,2.0,5.0,173.55,1
CUST-55274,6.0,Computer,1,8.0,Cash on Delivery,Male,4.0,4,Laptop & Accessory,5,Married,6,0,15.0,1.0,2.0,3.0,165.87,0
CUST-55275,22.0,Mobile Phone,1,22.0,UPI,Female,4.0,4,Mobile Phone,5,Married,10,0,13.0,7.0,8.0,7.0,148.67,0
CUST-55276,8.0,Mobile Phone,1,14.0,Credit Card,Male,3.0,4,Mobile Phone,1,Single,3,0,14.0,1.0,2.0,1.0,154.72,0
CUST-55277,29.0,Mobile Phone,3,33.0,E wallet,Male,3.0,5,Others,1,Married,3,0,,1.0,3.0,14.0,320.86,0
CUST-55278,8.0,Mobile Phone,1,8.0,Debit Card,Male,3.0,4,Laptop & Accessory,1,Married,11,0,18.0,1.0,3.0,2.0,179.84,0
CUST-55279,1.0,Mobile Phone,1,10.0,Debit Card,Female,3.0,4,Mobile Phone,1,Married,3,0,22.0,2.0,2.0,1.0,145.61,0
CUST-55280,12.0,Mobile Phone,3,21.0,Debit Card,Male,4.0,4,Laptop & Accessory,4,Married,2,0,12.0,4.0,8.0,,224.24,0
CUST-55281,12.0,Mobile Phone,3,23.0,Debit Card,Female,3.0,4,Laptop & Accessory,4,Single,4,0,13.0,2.0,2.0,3.0,166.98,0
CUST-55282,10.0,Mobile Phone,3,8.0,Debit Card,Female,4.0,4,Laptop & Accessory,3,Single,8,0,14.0,2.0,2.0,1.0,193.15,0
CUST-55283,3.0,Mobile Phone,1,10.0,Credit Card,Male,3.0,4,Mobile Phone,5,Single,3,1,19.0,1.0,2.0,6.0,172.23,0
CUST-55284,9.0,Mobile Phone,1,17.0,Credit Card,Female,3.0,4,Laptop & Accessory,3,Single,5,1,17.0,1.0,2.0,5.0,186.42,0
CUST-55285,13.0,Mobile Phone,3,13.0,Credit Card,Male,3.0,2,Fashion,3,Married,4,0,12.0,4.0,8.0,7.0,207.37,0
CUST-55286,3.0,Computer,1,9.0,Debit Card,Male,3.0,4,Laptop & Accessory,1,Married,3,0,20.0,2.0,2.0,,213.53,0
CUST-55287,24.0,Mobile Phone,3,16.0,E wallet,Male,3.0,4,Others,3,Married,6,1,,1.0,2.0,1.0,318.31,0
CUST-55288,1.0,Mobile Phone,1,17.0,Cash on Delivery,Male,3.0,2,Mobile Phone,3,Married,4,0,17.0,1.0,3.0,3.0,145.73,0
CUST-55289,10.0,Computer,1,13.0,Debit Card,Male,4.0,2,Laptop & Accessory,5,Married,5,1,14.0,1.0,2.0,3.0,180.62,0
CUST-55290,16.0,Mobile Phone,1,16.0,UPI,Male,4.0,5,Others,1,Single,10,0,,2.0,2.0,2.0,321.13,0
CUST-55291,9.0,Mobile Phone,1,35.0,Debit Card,Male,3.0,2,Laptop & Accessory,3,Married,3,0,18.0,7.0,7.0,9.0,159.07,0
CUST-55292,8.0,Computer,1,17.0,Cash on Delivery,Male,4.0,5,Laptop & Accessory,3,Married,3,0,15.0,2.0,8.0,8.0,175.63,0
CUST-55293,14.0,Mobile Phone,3,21.0,Debit Card,Female,3.0,4,Laptop & Accessory,5,Married,3,0,16.0,1.0,2.0,3.0,171.39,0
CUST-55294,17.0,Mobile Phone,1,34.0,Cash on Delivery,Male,3.0,2,Mobile Phone,4,Married,7,0,13.0,2.0,2.0,3.0,173.76,0
CUST-55295,9.0,Mobile Phone,1,14.0,Debit Card,Male,4.0,5,Mobile Phone,1,Married,3,0,19.0,2.0,2.0,2.0,151.9,0
CUST-55296,20.0,Mobile Phone,3,8.0,Debit Card,Male,3.0,2,Grocery,5,Single,3,0,,1.0,2.0,13.0,300.67,0
CUST-55297,1.0,Mobile Phone,1,31.0,Credit Card,Male,3.0,4,Mobile Phone,4,Married,3,1,18.0,1.0,2.0,1.0,149.08,1
CUST-55298,1.0,Computer,1,33.0,UPI,Female,3.0,5,Mobile Phone,3,Married,3,1,15.0,2.0,2.0,4.0,153.14,0
CUST-55299,24.0,Computer,1,27.0,Credit Card,Male,3.0,4,Grocery,3,Married,4,1,16.0,1.0,,14.0,237.45,0
CUST-55300,6.0,Mobile Phone,1,12.0,UPI,Female,3.0,2,Mobile Phone,1,Married,5,0,18.0,2.0,2.0,3.0,158.12,0
CUST-55301,18.0,Mobile Phone,1,14.0,Credit Card,Female,3.0,4,Others,1,Married,2,1,,1.0,2.0,11.0,315.49,0
CUST-55302,4.0,Mobile Phone,1,14.0,Credit Card,Male,3.0,5,Mobile Phone,4,Married,3,0,13.0,2.0,2.0,2.0,146.41,0
CUST-55303,19.0,Mobile Phone,1,12.0,Credit Card,Female,3.0,6,Laptop & Accessory,5,Single,3,1,15.0,1.0,2.0,5.0,182.69,0
CUST-55304,19.0,Computer,3,33.0,E wallet,Male,3.0,5,Laptop & Accessory,5,Married,3,0,16.0,4.0,5.0,6.0,168.85,0
CUST-55305,5.0,Computer,3,9.0,UPI,Male,3.0,4,Laptop & Accessory,5,Single,9,0,14.0,2.0,2.0,4.0,178.32,0
CUST-55306,10.0,Mobile Phone,1,19.0,Debit Card,Female,4.0,4,Laptop & Accessory,3,Married,11,1,13.0,1.0,2.0,2.0,171.63,0
CUST-55307,8.0,Computer,1,17.0,Debit Card,Male,3.0,2,Laptop & Accessory,1,Married,3,0,14.0,4.0,8.0,3.0,172.24,0
CUST-55308,23.0,Mobile Phone,1,32.0,Debit Card,Female,3.0,4,Mobile Phone,5,Married,3,0,15.0,2.0,2.0,5.0,157.11,0
CUST-55309,13.0,Mobile Phone,1,17.0,Credit Card,Male,4.0,4,Laptop & Accessory,5,Married,4,0,14.0,4.0,8.0,8.0,178.77,0
CUST-55310,1.0,Mobile Phone,1,26.0,UPI,Male,4.0,5,Mobile Phone,5,Married,3,0,12.0,1.0,2.0,8.0,165.66,0
CUST-55311,9.0,Mobile Phone,1,25.0,Debit Card,Male,3.0,2,Laptop & Accessory,5,Married,3,0,12.0,2.0,2.0,11.0,177.08,0
CUST-55312,2.0,Mobile Phone,1,34.0,Credit Card,Female,3.0,6,Laptop & Accessory,5,Married,2,0,22.0,2.0,2.0,1.0,173.77,0
CUST-55313,1.0,Mobile Phone,1,12.0,Credit Card,Male,4.0,4,Mobile Phone,1,Single,3,0,19.0,1.0,3.0,3.0,156.17,0
CUST-55314,1.0,Computer,3,10.0,Credit Card,Female,4.0,4,Mobile Phone,1,Single,3,1,13.0,2.0,2.0,1.0,140.69,1
CUST-55315,21.0,Mobile Phone,2,33.0,Debit Card,Female,4.0,4,Others,3,Married,5,0,,2.0,2.0,1.0,321.58,0
CUST-55316,13.0,Mobile Phone,1,10.0,Credit Card,Male,4.0,5,Laptop & Accessory,3,Married,2,0,16.0,1.0,2.0,8.0,155.69,0
CUST-55317,14.0,Mobile Phone,1,22.0,Debit Card,Female,4.0,5,Fashion,3,Married,3,0,14.0,7.0,15.0,,229.35,0
CUST-55318,9.0,Computer,1,15.0,Debit Card,Female,3.0,4,Laptop & Accessory,3,Married,3,0,13.0,1.0,3.0,10.0,166.48,0
CUST-55319,11.0,Mobile Phone,1,26.0,Debit Card,Male,3.0,4,Laptop & Accessory,3,Married,5,0,18.0,1.0,2.0,3.0,182.68,0
CUST-55320,13.0,Computer,1,11.0,Credit Card,Female,3.0,4,Laptop & Accessory,3,Single,2,0,14.0,4.0,4.0,9.0,175.42,0
CUST-55321,19.0,Mobile Phone,1,9.0,UPI,Female,3.0,5,Laptop & Accessory,1,Married,3,0,20.0,4.0,4.0,10.0,182.7,0
CUST-55322,12.0,Mobile Phone,1,9.0,Credit Card,Female,3.0,5,Fashion,3,Married,5,1,20.0,1.0,2.0,3.0,202.56,0
CUST-55323,1.0,Mobile Phone,3,17.0,Credit Card,Male,3.0,5,Fashion,5,Married,11,0,18.0,1.0,7.0,,228.06,1
CUST-55324,11.0,Mobile Phone,1,17.0,Credit Card,Female,4.0,4,Mobile Phone,4,Married,3,0,12.0,5.0,8.0,8.0,164.36,0
CUST-55325,14.0,Mobile Phone,1,23.0,Debit Card,Female,3.0,4,Fashion,1,Single,8,1,16.0,4.0,4.0,4.0,204.45,0
CUST-55326,18.0,Computer,2,8.0,UPI,Male,3.0,4,Laptop & Accessory,1,Married,6,1,12.0,2.0,2.0,3.0,182.43,0
CUST-55327,22.0,Computer,1,11.0,Credit Card,Male,3.0,5,Grocery,1,Married,4,0,26.0,,3.0,3.0,277.02,0
CUST-55328,1.0,Mobile Phone,3,22.0,Credit Card,Male,3.0,6,Laptop & Accessory,1,Married,8,1,15.0,1.0,3.0,3.0,179.4,1
CUST-55329,1.0,Computer,1,9.0,Cash on Delivery,Female,3.0,4,Mobile Phone,1,Single,3,1,14.0,1.0,2.0,4.0,162.6,0
CUST-55330,1.0,Mobile Phone,1,15.0,Credit Card,Female,3.0,2,Mobile Phone,3,Married,9,0,18.0,1.0,2.0,3.0,160.17,0
CUST-55331,1.0,Computer,1,9.0,Credit Card,Male,3.0,4,Mobile Phone,1,Single,4,0,14.0,1.0,2.0,3.0,150.8,0
CUST-55332,4.0,Mobile Phone,1,14.0,Debit Card,Male,4.0,4,Mobile Phone,5,Single,5,1,15.0,1.0,2.0,4.0,146.66,1
CUST-55333,3.0,Mobile Phone,3,17.0,Credit Card,Male,3.0,5,Laptop & Accessory,3,Single,11,0,12.0,2.0,2.0,5.0,183.69,0
CUST-55334,10.0,Mobile Phone,1,12.0,Debit Card,Female,3.0,4,Fashion,5,Married,6,0,13.0,2.0,2.0,3.0,205.08,0
CUST-55335,1.0,Computer,1,9.0,Debit Card,Male,4.0,2,Laptop & Accessory,3,Married,3,0,18.0,2.0,2.0,8.0,177.06,0
CUST-55336,13.0,Mobile Phone,1,19.0,Credit Card,Male,4.0,4,Laptop & Accessory,4,Married,6,0,22.0,2.0,2.0,1.0,177.95,0
CUST-55337,23.0,Mobile Phone,1,29.0,UPI,Female,4.0,4,Grocery,4,Married,5,0,17.0,,2.0,3.0,289.13,0
CUST-55338,24.0,Mobile Phone,1,24.0,Debit Card,Female,3.0,5,Fashion,5,Married,7,0,16.0,1.0,,12.0,257.69,0
CUST-55339,1.0,Mobile Phone,3,9.0,Credit Card,Female,3.0,4,Mobile Phone,3,Single,3,0,20.0,1.0,3.0,3.0,152.83,0
CUST-55340,8.0,Mobile Phone,1,10.0,Debit Card,Female,4.0,4,Laptop & Accessory,4,Married,3,0,13.0,2.0,8.0,10.0,179.33,0
CUST-55341,10.0,Mobile Phone,1,14.0,Debit Card,Male,4.0,4,Mobile Phone,4,Single,4,0,12.0,1.0,2.0,4.0,145.13,0
CUST-55342,23.0,Mobile Phone,1,13.0,Debit Card,Female,3.0,5,Grocery,3,Married,4,1,20.0,,3.0,13.0,264.66,0
CUST-55343,10.0,Computer,1,8.0,Credit Card,Female,3.0,5,Laptop & Accessory,3,Married,2,0,16.0,1.0,2.0,3.0,168.74,0
CUST-55344,10.0,Mobile Phone,1,10.0,Debit Card,Male,4.0,2,Laptop & Accessory,5,Married,8,0,21.0,1.0,2.0,5.0,193.42,0
CUST-55345,28.0,Mobile Phone,1,29.0,Credit Card,Female,4.0,4,Grocery,3,Married,5,0,,4.0,5.0,8.0,299.26,0
CUST-55346,17.0,Mobile Phone,1,22.0,Debit Card,Male,4.0,5,Grocery,3,Married,3,0,,3.0,7.0,12.0,301.03,0
CUST-55347,1.0,Computer,3,19.0,UPI,Male,3.0,4,Laptop & Accessory,1,Single,5,1,25.0,6.0,7.0,8.0,170.81,1
CUST-55348,12.0,Computer,1,8.0,Debit Card,Male,3.0,4,Laptop & Accessory,1,Married,9,0,16.0,2.0,3.0,10.0,172.35,0
CUST-55349,3.0,Mobile Phone,3,12.0,Credit Card,Male,3.0,5,Laptop & Accessory,4,Married,3,1,14.0,1.0,2.0,10.0,166.87,0
CUST-55350,7.0,Mobile Phone,3,9.0,Credit Card,Male,4.0,4,Laptop & Accessory,1,Married,3,0,15.0,2.0,2.0,5.0,180.05,0
CUST-55351,6.0,Mobile Phone,1,9.0,Credit Card,Male,3.0,4,Laptop & Accessory,4,Married,2,0,14.0,2.0,2.0,7.0,179.7,0
CUST-55352,5.0,Mobile Phone,3,12.0,Debit Card,Female,4.0,4,Laptop & Accessory,1,Married,3,0,12.0,1.0,2.0,3.0,179.76,0
CUST-55353,23.0,Mobile Phone,1,23.0,Credit Card,Female,4.0,4,Mobile Phone,5,Married,6,1,17.0,1.0,3.0,3.0,150.87,0
CUST-55354,12.0,Computer,1,9.0,Credit Card,Female,3.0,5,Mobile Phone,4,Single,3,0,23.0,1.0,4.0,4.0,149.4,0
CUST-55355,21.0,Mobile Phone,3,9.0,Debit Card,Female,3.0,2,Grocery,4,Married,8,0,15.0,,2.0,3.0,284.72,0
CUST-55356,23.0,Mobile Phone,1,8.0,Debit Card,Male,3.0,4,Grocery,3,Single,6,0,15.0,,2.0,1.0,278.79,0
CUST-55357,15.0,Mobile Phone,3,30.0,Debit Card,Male,4.0,4,Fashion,3,Single,5,1,17.0,1.0,2.0,3.0,195.82,0
CUST-55358,1.0,Mobile Phone,3,16.0,Debit Card,Male,3.0,4,Mobile Phone,5,Single,3,0,12.0,1.0,2.0,3.0,152.28,0
CUST-55359,7.0,Computer,3,23.0,Debit Card,Female,3.0,4,Laptop & Accessory,1,Married,3,1,26.0,1.0,2.0,3.0,178.68,0
CUST-55360,10.0,Mobile Phone,1,33.0,Debit Card,Male,4.0,4,Laptop & Accessory,3,Married,8,0,15.0,2.0,2.0,3.0,178.47,0
CUST-55361,18.0,Mobile Phone,2,8.0,Debit Card,Female,3.0,4,Mobile Phone,1,Married,6,1,19.0,3.0,3.0,3.0,156.95,0
CUST-55362,1.0,Mobile Phone,1,15.0,Credit Card,Male,4.0,5,Mobile Phone,3,Single,3,1,12.0,2.0,2.0,3.0,164.89,1
CUST-55363,12.0,Mobile Phone,1,11.0,Credit Card,Female,3.0,4,Mobile Phone,3,Married,9,0,20.0,1.0,2.0,1.0,158.06,0
CUST-55364,27.0,Mobile Phone,1,31.0,Credit Card,Male,3.0,2,Fashion,1,Married,5,0,16.0,1.0,2.0,3.0,195.05,0
CUST-55365,12.0,Computer,3,14.0,Credit Card,Female,4.0,4,Mobile Phone,3,Married,4,1,12.0,2.0,8.0,8.0,151.55,1
CUST-55366,1.0,Mobile Phone,1,9.0,Debit Card,Male,4.0,4,Mobile Phone,4,Single,3,0,13.0,1.0,2.0,1.0,138.93,1
CUST-55367,1.0,Computer,1,14.0,Credit Card,Male,4.0,4,Mobile Phone,1,Single,3,0,21.0,1.0,6.0,8.0,150.7,0
CUST-55368,29.0,Mobile Phone,1,29.0,Cash on Delivery,Male,4.0,5,Mobile Phone,4,Married,7,0,13.0,2.0,2.0,3.0,160.37,0
CUST-55369,8.0,Mobile Phone,1,12.0,Credit Card,Male,3.0,5,Laptop & Accessory,1,Married,3,0,15.0,1.0,5.0,14.0,164.86,0
CUST-55370,31.0,Mobile Phone,1,8.0,Credit Card,Male,4.0,6,Fashion,1,Married,5,0,21.0,2.0,,1.0,233.82999999999998,0
CUST-55371,7.0,Mobile Phone,1,28.0,Credit Card,Male,4.0,2,Mobile Phone,4,Married,3,0,19.0,1.0,3.0,14.0,145.28,0
CUST-55372,11.0,Computer,3,8.0,Credit Card,Male,3.0,6,Laptop & Accessory,1,Married,3,0,15.0,2.0,2.0,,220.25,0
CUST-55373,8.0,Mobile Phone,1,26.0,Debit Card,Female,3.0,5,Mobile Phone,1,Married,3,0,13.0,2.0,9.0,8.0,154.29,0
CUST-55374,1.0,Mobile Phone,3,14.0,Debit Card,Male,4.0,4,Mobile Phone,1,Married,3,1,22.0,2.0,2.0,3.0,147.75,1
CUST-55375,18.0,Mobile Phone,1,9.0,Debit Card,Female,4.0,2,Fashion,1,Married,3,1,20.0,2.0,7.0,8.0,203.79,0
CUST-55376,9.0,Computer,1,9.0,Credit Card,Male,4.0,5,Mobile Phone,1,Single,2,1,15.0,2.0,2.0,5.0,174.3,0
CUST-55377,17.0,Mobile Phone,3,9.0,Credit Card,Male,4.0,4,Laptop & Accessory,1,Married,3,1,18.0,4.0,9.0,9.0,203.47,0
CUST-55378,1.0,Mobile Phone,1,16.0,Credit Card,Male,4.0,2,Mobile Phone,3,Married,3,0,17.0,1.0,2.0,5.0,169.01,0
CUST-55379,15.0,Mobile Phone,3,13.0,E wallet,Male,3.0,4,Fashion,3,Single,3,0,13.0,4.0,9.0,,217.41,0
CUST-55380,3.0,Mobile Phone,1,16.0,Credit Card,Female,3.0,4,Mobile Phone,3,Married,11,0,18.0,1.0,2.0,3.0,154.74,0
CUST-55381,10.0,Mobile Phone,3,9.0,Debit Card,Female,3.0,4,Laptop & Accessory,1,Single,5,0,16.0,7.0,7.0,8.0,170.02,0
CUST-55382,19.0,Computer,1,8.0,Debit Card,Male,4.0,5,Fashion,3,Married,5,0,24.0,5.0,,5.0,232.48000000000002,0
CUST-55383,1.0,Mobile Phone,2,29.0,UPI,Male,3.0,6,Mobile Phone,3,Married,3,0,12.0,1.0,2.0,1.0,140.55,1
CUST-55384,11.0,Computer,3,16.0,Debit Card,Male,3.0,6,Grocery,3,Married,9,0,12.0,7.0,,11.0,254.36,1
CUST-55385,1.0,Mobile Phone,1,24.0,Credit Card,Male,4.0,6,Mobile Phone,3,Married,3,0,16.0,2.0,2.0,3.0,148.05,0
CUST-55386,19.0,Mobile Phone,1,35.0,Cash on Delivery,Female,3.0,5,Grocery,4,Single,3,0,,7.0,9.0,7.0,292.04,0
CUST-55387,6.0,Computer,1,17.0,Debit Card,Male,3.0,4,Mobile Phone,3,Married,8,0,14.0,1.0,2.0,4.0,159.33,0
CUST-55388,5.0,Mobile Phone,1,9.0,Debit Card,Male,4.0,4,Mobile Phone,3,Married,3,0,15.0,2.0,2.0,4.0,159.77,0
CUST-55389,15.0,Computer,2,11.0,UPI,Male,3.0,6,Laptop & Accessory,4,Married,8,0,20.0,1.0,2.0,3.0,189.3,0
CUST-55390,14.0,Mobile Phone,1,15.0,Debit Card,Female,4.0,4,Laptop & Accessory,5,Married,4,1,17.0,2.0,2.0,1.0,190.16,0
CUST-55391,1.0,Mobile Phone,1,36.0,Credit Card,Male,4.0,4,Mobile Phone,5,Married,3,0,14.0,2.0,2.0,3.0,164.07,0
CUST-55392,20.0,Mobile Phone,1,20.0,Debit Card,Male,3.0,4,Laptop & Accessory,4,Single,8,0,15.0,2.0,2.0,10.0,180.62,0
CUST-55393,9.0,Mobile Phone,1,34.0,Debit Card,Male,3.0,4,Laptop & Accessory,3,Married,4,0,17.0,2.0,2.0,8.0,193.83,0
CUST-55394,4.0,Mobile Phone,1,23.0,Debit Card,Male,3.0,4,Mobile Phone,1,Married,3,0,13.0,1.0,2.0,9.0,153.62,0
CUST-55395,21.0,Computer,3,9.0,E wallet,Male,3.0,4,Laptop & Accessory,4,Married,9,0,12.0,1.0,2.0,1.0,174.78,0
CUST-55396,20.0,Mobile Phone,3,9.0,Debit Card,Male,4.0,4,Fashion,1,Married,6,1,13.0,1.0,2.0,,228.68,0
CUST-55397,1.0,Mobile Phone,3,20.0,E wallet,Male,4.0,5,Laptop & Accessory,5,Married,7,1,14.0,2.0,3.0,3.0,186.34,1
CUST-55398,1.0,Mobile Phone,3,8.0,Debit Card,Male,3.0,6,Laptop & Accessory,4,Single,8,0,16.0,1.0,2.0,1.0,192.35,1
CUST-55399,1.0,Mobile Phone,1,11.0,Credit Card,Female,3.0,4,Mobile Phone,4,Single,3,0,14.0,1.0,2.0,3.0,157.95,0
CUST-55400,5.0,Computer,1,31.0,Cash on Delivery,Female,2.0,4,Laptop & Accessory,1,Single,4,0,21.0,1.0,2.0,5.0,177.38,0
CUST-55401,13.0,Computer,1,8.0,Debit Card,Male,4.0,4,Laptop & Accessory,1,Married,3,1,16.0,1.0,6.0,9.0,189.72,0
CUST-55402,6.0,Mobile Phone,3,26.0,Debit Card,Male,4.0,6,Fashion,3,Married,5,0,14.0,1.0,2.0,,221.1,0
CUST-55403,14.0,Mobile Phone,3,14.0,Credit Card,Male,3.0,4,Others,4,Single,3,0,15.0,13.0,13.0,9.0,323.33,0
CUST-55404,19.0,Mobile Phone,2,11.0,Debit Card,Female,3.0,6,Fashion,3,Married,6,0,22.0,2.0,2.0,,222.56,0
CUST-55405,4.0,Computer,1,9.0,Cash on Delivery,Female,4.0,5,Mobile Phone,5,Single,2,0,17.0,1.0,2.0,8.0,174.68,0
CUST-55406,1.0,Computer,2,17.0,Credit Card,Male,3.0,4,Mobile Phone,1,Married,2,0,15.0,1.0,3.0,2.0,146.45,0
CUST-55407,1.0,Computer,2,15.0,UPI,Female,4.0,5,Mobile Phone,1,Married,8,0,12.0,2.0,2.0,3.0,146.8,1
CUST-55408,5.0,Mobile Phone,3,12.0,Cash on Delivery,Male,3.0,4,Laptop & Accessory,3,Married,3,0,20.0,2.0,2.0,3.0,208.46,0
CUST-55409,1.0,Mobile Phone,1,15.0,Credit Card,Female,4.0,4,Mobile Phone,1,Single,3,0,12.0,1.0,2.0,5.0,159.45,0
CUST-55410,1.0,Mobile Phone,3,16.0,E wallet,Female,3.0,6,Mobile Phone,4,Single,3,0,14.0,3.0,3.0,3.0,152.6,1
CUST-55411,3.0,Computer,1,8.0,Debit Card,Male,4.0,2,Laptop & Accessory,3,Single,10,1,13.0,2.0,2.0,3.0,187.94,0
CUST-55412,4.0,Mobile Phone,3,22.0,E wallet,Male,4.0,5,Fashion,5,Married,4,0,12.0,2.0,2.0,8.0,196.4,0
CUST-55413,8.0,Mobile Phone,1,9.0,Credit Card,Male,4.0,2,Mobile Phone,1,Married,2,1,15.0,2.0,2.0,3.0,154.32,0
CUST-55414,7.0,Computer,3,9.0,E wallet,Female,4.0,4,Laptop & Accessory,4,Single,10,0,16.0,2.0,2.0,8.0,176.47,0
CUST-55415,23.0,Mobile Phone,3,18.0,E wallet,Female,4.0,4,Laptop & Accessory,1,Single,5,0,13.0,1.0,2.0,5.0,170.07,0
CUST-55416,1.0,Mobile Phone,3,23.0,Debit Card,Female,4.0,4,Fashion,5,Single,4,1,21.0,2.0,2.0,,210.64,1
CUST-55417,12.0,Computer,1,9.0,Credit Card,Female,4.0,5,Mobile Phone,4,Married,6,0,15.0,1.0,2.0,6.0,149.68,0
CUST-55418,1.0,Mobile Phone,3,23.0,E wallet,Male,4.0,4,Fashion,3,Married,4,0,14.0,1.0,2.0,1.0,206.61,1
CUST-55419,3.0,Mobile Phone,1,11.0,Cash on Delivery,Female,4.0,5,Mobile Phone,5,Married,3,0,14.0,1.0,2.0,1.0,146.09,0
CUST-55420,4.0,Mobile Phone,1,23.0,Debit Card,Male,3.0,2,Laptop & Accessory,3,Married,5,0,17.0,2.0,2.0,8.0,177.94,0
CUST-55421,6.0,Computer,1,12.0,Cash on Delivery,Male,4.0,4,Mobile Phone,4,Single,4,0,15.0,2.0,2.0,8.0,152.18,0
CUST-55422,12.0,Mobile Phone,1,25.0,Credit Card,Male,3.0,6,Laptop & Accessory,1,Married,5,1,17.0,1.0,2.0,1.0,183.11,0
CUST-55423,7.0,Computer,1,24.0,Cash on Delivery,Male,3.0,5,Mobile Phone,3,Married,11,1,17.0,2.0,2.0,1.0,149.37,1
CUST-55424,16.0,Mobile Phone,1,19.0,Credit Card,Male,3.0,4,Mobile Phone,4,Married,10,0,23.0,2.0,2.0,5.0,152.66,0
CUST-55425,29.0,Mobile Phone,1,9.0,Credit Card,Male,3.0,5,Others,5,Married,10,0,,2.0,2.0,1.0,315.38,0
CUST-55426,7.0,Computer,1,11.0,Cash on Delivery,Male,3.0,4,Laptop & Accessory,4,Married,7,0,16.0,1.0,2.0,8.0,155.55,0
CUST-55427,15.0,Mobile Phone,1,16.0,Debit Card,Male,4.0,4,Mobile Phone,5,Married,3,0,21.0,1.0,2.0,5.0,147.89,0
CUST-55428,8.0,Computer,3,17.0,Debit Card,Male,3.0,4,Laptop & Accessory,3,Married,3,1,15.0,2.0,2.0,8.0,165.01,0
CUST-55429,27.0,Computer,1,8.0,Credit Card,Female,3.0,5,Grocery,3,Married,6,1,21.0,2.0,,3.0,254.64999999999998,0
CUST-55430,17.0,Mobile Phone,2,9.0,Debit Card,Male,4.0,4,Mobile Phone,1,Single,2,0,14.0,2.0,2.0,9.0,160.39,0
CUST-55431,8.0,Mobile Phone,3,10.0,Debit Card,Female,3.0,6,Laptop & Accessory,1,Single,7,0,13.0,3.0,3.0,3.0,185.29,0
CUST-55432,1.0,Mobile Phone,3,14.0,E wallet,Male,3.0,4,Mobile Phone,4,Single,3,0,14.0,1.0,2.0,1.0,151.79,1
CUST-55433,12.0,Mobile Phone,1,13.0,UPI,Female,3.0,5,Mobile Phone,3,Married,3,0,12.0,2.0,2.0,5.0,162.02,0
CUST-55434,1.0,Mobile Phone,1,15.0,Credit Card,Female,4.0,4,Mobile Phone,5,Married,3,1,18.0,1.0,2.0,1.0,148.98,1
CUST-55435,5.0,Mobile Phone,3,36.0,E wallet,Female,4.0,5,Laptop & Accessory,1,Married,3,0,15.0,1.0,6.0,8.0,179.68,0
CUST-55436,25.0,Mobile Phone,1,10.0,Cash on Delivery,Female,3.0,4,Fashion,3,Married,4,0,12.0,3.0,,3.0,256.16,0
CUST-55437,11.0,Mobile Phone,3,16.0,E wallet,Male,3.0,5,Laptop & Accessory,4,Married,3,0,15.0,2.0,2.0,4.0,166.89,0
CUST-55438,20.0,Mobile Phone,1,9.0,Credit Card,Male,3.0,4,Others,1,Married,9,1,,3.0,3.0,3.0,318.28,0
CUST-55439,10.0,Mobile Phone,1,17.0,Debit Card,Male,3.0,4,Fashion,5,Married,9,1,14.0,3.0,6.0,8.0,208.21,0
CUST-55440,8.0,Computer,1,8.0,Credit Card,Male,4.0,4,Mobile Phone,4,Married,3,1,13.0,3.0,3.0,4.0,148.42,1
CUST-55441,11.0,Mobile Phone,2,15.0,UPI,Male,3.0,4,Laptop & Accessory,4,Married,4,0,14.0,4.0,5.0,8.0,165.71,0
CUST-55442,1.0,Mobile Phone,3,34.0,Debit Card,Male,3.0,4,Laptop & Accessory,1,Single,3,1,19.0,4.0,8.0,8.0,183.13,1
CUST-55443,7.0,Mobile Phone,1,15.0,Debit Card,Male,3.0,2,Mobile Phone,5,Married,8,0,20.0,4.0,8.0,7.0,156.43,0
CUST-55444,2.0,Mobile Phone,1,8.0,Debit Card,Male,3.0,4,Mobile Phone,1,Married,3,0,12.0,1.0,2.0,4.0,145.44,0
CUST-55445,13.0,Mobile Phone,1,17.0,Credit Card,Male,4.0,4,Fashion,3,Single,9,0,22.0,3.0,,3.0,259.64,0
CUST-55446,20.0,Computer,3,33.0,Debit Card,Male,4.0,5,Laptop & Accessory,4,Single,10,0,16.0,2.0,3.0,3.0,204.91,0
CUST-55447,14.0,Mobile Phone,1,9.0,Debit Card,Female,4.0,4,Mobile Phone,5,Married,6,0,18.0,2.0,2.0,3.0,158.77,0
CUST-55448,16.0,Mobile Phone,1,20.0,Credit Card,Male,4.0,2,Laptop & Accessory,5,Married,7,0,19.0,2.0,2.0,1.0,180.38,0
CUST-55449,9.0,Computer,1,9.0,Credit Card,Male,3.0,4,Laptop & Accessory,1,Married,4,0,15.0,2.0,2.0,8.0,182.62,0
CUST-55450,12.0,Computer,2,9.0,UPI,Male,4.0,4,Mobile Phone,4,Married,7,0,14.0,3.0,4.0,9.0,150.92,0
CUST-55451,1.0,Computer,1,16.0,Debit Card,Male,4.0,4,Laptop & Accessory,5,Married,6,0,18.0,1.0,2.0,8.0,178.46,1
CUST-55452,1.0,Mobile Phone,1,17.0,Credit Card,Male,3.0,4,Laptop & Accessory,5,Single,3,0,16.0,1.0,2.0,9.0,167.13,1
CUST-55453,13.0,Computer,3,27.0,Debit Card,Male,3.0,4,Laptop & Accessory,1,Married,4,0,19.0,2.0,3.0,3.0,166.27,0
CUST-55454,17.0,Computer,1,16.0,Debit Card,Male,3.0,4,Mobile Phone,3,Single,6,0,14.0,2.0,2.0,3.0,149.38,0
CUST-55455,15.0,Mobile Phone,1,12.0,Debit Card,Male,3.0,2,Laptop & Accessory,4,Single,5,0,13.0,1.0,2.0,3.0,193.7,0
CUST-55456,15.0,Mobile Phone,3,11.0,E wallet,Female,3.0,4,Fashion,3,Married,2,1,14.0,6.0,14.0,,229.47,0
CUST-55457,4.0,Mobile Phone,1,17.0,Credit Card,Female,4.0,4,Fashion,3,Single,11,0,15.0,1.0,2.0,,221.67,0
CUST-55458,1.0,Mobile Phone,2,27.0,Credit Card,Female,4.0,4,Mobile Phone,4,Married,2,1,12.0,1.0,2.0,5.0,146.48,1
CUST-55459,10.0,Mobile Phone,1,28.0,Credit Card,Female,4.0,4,Laptop & Accessory,4,Married,6,0,23.0,4.0,4.0,,214.26,1
CUST-55460,14.0,Mobile Phone,1,8.0,Debit Card,Female,3.0,4,Laptop & Accessory,1,Married,6,0,18.0,1.0,2.0,4.0,190.13,0
CUST-55461,8.0,Mobile Phone,3,15.0,Cash on Delivery,Male,4.0,2,Laptop & Accessory,3,Married,3,0,22.0,3.0,5.0,9.0,192.99,0
CUST-55462,31.0,Computer,3,9.0,Credit Card,Male,3.0,4,Grocery,4,Married,6,0,23.0,,15.0,15.0,287.91,0
CUST-55463,9.0,Mobile Phone,1,30.0,Credit Card,Male,4.0,6,Mobile Phone,3,Married,2,0,17.0,1.0,2.0,4.0,152.05,0
CUST-55464,21.0,Mobile Phone,1,11.0,Debit Card,Female,4.0,5,Fashion,4,Married,10,1,13.0,6.0,15.0,,228.33,0
CUST-55465,14.0,Mobile Phone,1,19.0,Debit Card,Female,3.0,4,Laptop & Accessory,5,Married,4,0,13.0,2.0,8.0,8.0,169.48,0
CUST-55466,28.0,Mobile Phone,1,14.0,Credit Card,Female,4.0,4,Laptop & Accessory,1,Married,6,0,16.0,2.0,2.0,8.0,193.54,0
CUST-55467,5.0,Computer,3,14.0,E wallet,Female,4.0,4,Fashion,5,Married,4,0,15.0,3.0,3.0,,221.37,0
CUST-55468,2.0,Mobile Phone,1,8.0,Credit Card,Female,4.0,4,Mobile Phone,5,Married,3,0,26.0,2.0,2.0,3.0,160.91,0
CUST-55469,12.0,Mobile Phone,3,9.0,E wallet,Female,4.0,6,Laptop & Accessory,1,Married,4,1,21.0,1.0,2.0,4.0,179.05,0
CUST-55470,1.0,Mobile Phone,3,17.0,Credit Card,Male,3.0,4,Laptop & Accessory,1,Single,3,0,14.0,2.0,2.0,3.0,171.84,0
CUST-55471,31.0,Computer,1,22.0,Debit Card,Male,3.0,4,Grocery,3,Married,4,1,15.0,,3.0,3.0,282.87,0
CUST-55472,1.0,Computer,1,21.0,Credit Card,Female,3.0,4,Mobile Phone,3,Single,3,0,17.0,2.0,2.0,1.0,140.14,0
CUST-55473,1.0,Mobile Phone,2,25.0,UPI,Male,3.0,2,Mobile Phone,5,Married,2,0,18.0,2.0,2.0,1.0,154.56,1
CUST-55474,1.0,Mobile Phone,2,20.0,UPI,Male,3.0,5,Mobile Phone,5,Married,6,1,16.0,3.0,3.0,1.0,148.35,1
CUST-55475,19.0,Computer,3,9.0,Debit Card,Female,4.0,4,Laptop & Accessory,3,Married,6,0,23.0,4.0,6.0,8.0,176.54,0
CUST-55476,10.0,Mobile Phone,1,9.0,UPI,Female,4.0,4,Laptop & Accessory,4,Married,6,1,23.0,2.0,2.0,1.0,194.62,0
CUST-55477,17.0,Computer,3,9.0,Debit Card,Male,4.0,4,Laptop & Accessory,1,Married,3,0,21.0,8.0,8.0,8.0,181.75,0
CUST-55478,1.0,Computer,1,12.0,Debit Card,Female,3.0,4,Mobile Phone,1,Single,2,1,15.0,2.0,2.0,3.0,148.79,0
CUST-55479,3.0,Computer,1,27.0,Credit Card,Male,3.0,4,Mobile Phone,1,Married,3,0,14.0,2.0,4.0,11.0,163.12,0
CUST-55480,6.0,Computer,3,17.0,E wallet,Male,4.0,4,Laptop & Accessory,1,Single,10,0,14.0,1.0,2.0,1.0,171.48,0
CUST-55481,16.0,Computer,1,17.0,Cash on Delivery,Male,3.0,4,Mobile Phone,3,Married,5,0,23.0,4.0,4.0,4.0,154.36,0
CUST-55482,21.0,Mobile Phone,1,16.0,Debit Card,Female,4.0,4,Mobile Phone,3,Single,6,0,13.0,1.0,3.0,1.0,146.05,0
CUST-55483,20.0,Mobile Phone,1,9.0,Debit Card,Male,3.0,4,Fashion,1,Married,5,0,15.0,1.0,5.0,,210.78,0
CUST-55484,2.0,Computer,2,8.0,Debit Card,Male,3.0,4,Mobile Phone,1,Married,3,0,16.0,2.0,3.0,3.0,152.06,0
CUST-55485,3.0,Mobile Phone,1,36.0,Debit Card,Male,4.0,6,Laptop & Accessory,3,Married,10,0,18.0,1.0,2.0,7.0,188.84,0
CUST-55486,16.0,Mobile Phone,1,15.0,Debit Card,Male,3.0,4,Mobile Phone,3,Single,6,0,14.0,2.0,2.0,1.0,164.68,0
CUST-55487,1.0,Mobile Phone,3,9.0,E wallet,Male,3.0,5,Laptop & Accessory,4,Single,9,1,13.0,2.0,3.0,,224.07,1
CUST-55488,20.0,Mobile Phone,3,10.0,Cash on Delivery,Female,3.0,2,Grocery,5,Married,4,0,13.0,3.0,,9.0,257.25,0
CUST-55489,1.0,Mobile Phone,3,30.0,Credit Card,Female,3.0,5,Laptop & Accessory,3,Married,3,0,22.0,4.0,6.0,9.0,160.4,0
CUST-55490,3.0,Mobile Phone,2,13.0,Credit Card,Male,3.0,5,Mobile Phone,4,Married,3,0,12.0,2.0,2.0,1.0,153.04,0
CUST-55491,17.0,Mobile Phone,1,13.0,Credit Card,Female,3.0,5,Others,3,Married,9,0,,7.0,7.0,15.0,318.92,0
CUST-55492,22.0,Mobile Phone,1,17.0,Debit Card,Male,4.0,5,Others,4,Married,6,0,,4.0,13.0,10.0,321.65,0
CUST-55493,1.0,Computer,1,31.0,Debit Card,Male,4.0,5,Mobile Phone,1,Single,3,1,25.0,2.0,2.0,1.0,149.39,1
CUST-55494,10.0,Mobile Phone,3,17.0,Debit Card,Female,4.0,4,Fashion,4,Married,7,0,22.0,2.0,2.0,8.0,198.14,1
CUST-55495,1.0,Computer,1,22.0,Debit Card,Female,4.0,5,Mobile Phone,5,Married,2,0,20.0,1.0,8.0,4.0,172.74,0
CUST-55496,13.0,Mobile Phone,1,26.0,UPI,Male,3.0,4,Laptop & Accessory,1,Married,10,0,15.0,1.0,3.0,3.0,164.02,0
CUST-55497,29.0,Mobile Phone,1,9.0,Cash on Delivery,Male,4.0,5,Mobile Phone,1,Married,10,0,21.0,2.0,2.0,5.0,151.62,0
CUST-55498,2.0,Mobile Phone,3,10.0,Credit Card,Female,4.0,4,Mobile Phone,4,Married,3,0,20.0,2.0,2.0,1.0,153.56,0
CUST-55499,1.0,Mobile Phone,3,16.0,Credit Card,Male,3.0,4,Mobile Phone,1,Single,3,0,14.0,1.0,2.0,1.0,135.81,1
CUST-55500,1.0,Mobile Phone,1,14.0,Debit Card,Male,4.0,4,Mobile Phone,4,Single,3,1,24.0,2.0,2.0,1.0,149.72,1
CUST-55501,10.0,Mobile Phone,3,17.0,Cash on Delivery,Female,4.0,5,Laptop & Accessory,3,Married,3,1,14.0,1.0,2.0,8.0,181.73,0
CUST-55502,5.0,Mobile Phone,1,27.0,Debit Card,Male,3.0,4,Laptop & Accessory,3,Married,3,0,12.0,1.0,2.0,3.0,166.97,0
CUST-55503,8.0,Mobile Phone,3,11.0,Debit Card,Male,4.0,4,Fashion,1,Married,4,1,14.0,1.0,2.0,,222.13,0
CUST-55504,3.0,Mobile Phone,1,14.0,Debit Card,Male,3.0,4,Mobile Phone,5,Single,5,0,15.0,1.0,2.0,3.0,145.62,0
CUST-55505,11.0,Mobile Phone,1,14.0,Credit Card,Male,4.0,4,Laptop & Accessory,5,Married,7,1,23.0,1.0,2.0,5.0,167.84,0
CUST-55506,9.0,Mobile Phone,1,23.0,UPI,Female,3.0,5,Laptop & Accessory,4,Married,2,1,12.0,1.0,2.0,3.0,172.88,0
CUST-55507,19.0,Mobile Phone,1,32.0,Debit Card,Female,4.0,5,Laptop & Accessory,1,Married,2,0,14.0,1.0,4.0,9.0,184.06,0
CUST-55508,10.0,Computer,2,9.0,UPI,Male,4.0,5,Laptop & Accessory,1,Single,3,0,22.0,2.0,2.0,9.0,163.86,0
CUST-55509,14.0,Mobile Phone,1,8.0,Debit Card,Male,4.0,4,Grocery,5,Married,4,0,,3.0,12.0,17.0,293.23,0
CUST-55510,1.0,Mobile Phone,1,8.0,Debit Card,Female,3.0,5,Mobile Phone,3,Married,3,1,14.0,1.0,2.0,1.0,154.33,0
CUST-55511,1.0,Mobile Phone,3,9.0,Credit Card,Female,3.0,2,Laptop & Accessory,3,Single,2,0,15.0,1.0,2.0,8.0,190.0,0
CUST-55512,22.0,Computer,1,29.0,Credit Card,Female,3.0,4,Grocery,1,Married,5,0,,2.0,5.0,8.0,296.74,0
CUST-55513,18.0,Mobile Phone,1,8.0,Debit Card,Male,4.0,2,Laptop & Accessory,5,Married,4,0,16.0,2.0,3.0,3.0,175.33,0
CUST-55514,1.0,Computer,1,23.0,Cash on Delivery,Male,3.0,6,Mobile Phone,5,Married,3,1,24.0,1.0,4.0,1.0,148.07,1
CUST-55515,20.0,Mobile Phone,1,31.0,Debit Card,Male,4.0,4,Mobile Phone,1,Single,3,0,17.0,1.0,2.0,1.0,150.87,1
CUST-55516,10.0,Mobile Phone,3,24.0,E wallet,Male,3.0,5,Laptop & Accessory,4,Married,4,0,17.0,2.0,2.0,4.0,180.07,0
CUST-55517,15.0,Mobile Phone,3,15.0,E wallet,Female,3.0,4,Laptop & Accessory,4,Married,7,0,22.0,1.0,2.0,5.0,168.93,0
CUST-55518,16.0,Mobile Phone,1,13.0,Credit Card,Male,3.0,4,Fashion,5,Married,11,0,14.0,6.0,,8.0,258.48,0
CUST-55519,5.0,Mobile Phone,3,17.0,Credit Card,Female,3.0,4,Laptop & Accessory,1,Married,4,1,12.0,2.0,2.0,5.0,190.83,0
CUST-55520,8.0,Mobile Phone,3,10.0,Credit Card,Female,4.0,5,Laptop & Accessory,1,Married,5,1,13.0,1.0,2.0,2.0,206.03,0
CUST-55521,5.0,Mobile Phone,1,11.0,Credit Card,Female,4.0,2,Mobile Phone,3,Married,10,0,13.0,2.0,3.0,3.0,164.78,0
CUST-55522,1.0,Computer,1,13.0,UPI,Male,4.0,2,Mobile Phone,1,Married,2,0,19.0,3.0,8.0,8.0,150.44,0
CUST-55523,19.0,Computer,1,8.0,Credit Card,Male,3.0,4,Laptop & Accessory,3,Single,6,0,13.0,1.0,2.0,4.0,178.99,0
CUST-55524,7.0,Mobile Phone,3,17.0,E wallet,Male,3.0,4,Laptop & Accessory,3,Single,3,0,15.0,1.0,2.0,10.0,179.87,0
CUST-55525,2.0,Computer,3,8.0,Debit Card,Male,3.0,5,Laptop & Accessory,1,Married,3,1,13.0,2.0,2.0,8.0,193.34,0
CUST-55526,1.0,Computer,3,31.0,Cash on Delivery,Male,3.0,2,Mobile Phone,5,Single,3,0,18.0,1.0,2.0,1.0,135.91,1
CUST-55527,13.0,Computer,3,28.0,Debit Card,Female,3.0,6,Laptop & Accessory,3,Married,8,0,20.0,1.0,2.0,3.0,182.36,0
CUST-55528,1.0,Mobile Phone,1,9.0,Cash on Delivery,Male,3.0,4,Mobile Phone,4,Married,3,0,12.0,1.0,2.0,3.0,147.26,0
CUST-55529,8.0,Computer,1,29.0,UPI,Male,3.0,5,Laptop & Accessory,1,Married,3,1,16.0,4.0,7.0,12.0,182.47,0
CUST-55530,1.0,Mobile Phone,3,20.0,E wallet,Female,3.0,4,Laptop & Accessory,3,Single,5,1,12.0,1.0,3.0,,223.54,1
CUST-55531,21.0,Computer,1,21.0,Cash on Delivery,Male,4.0,4,Laptop & Accessory,4,Married,10,0,19.0,1.0,2.0,8.0,179.67,0
CUST-55532,30.0,Mobile Phone,3,18.0,E wallet,Female,3.0,5,Laptop & Accessory,5,Married,6,0,17.0,1.0,2.0,1.0,178.8,0
CUST-55533,13.0,Mobile Phone,1,16.0,Credit Card,Male,3.0,4,Laptop & Accessory,5,Married,3,0,26.0,1.0,8.0,10.0,176.51,0
CUST-55534,12.0,Computer,1,15.0,Credit Card,Female,3.0,5,Laptop & Accessory,4,Married,3,1,17.0,2.0,2.0,8.0,146.33,0
CUST-55535,61.0,Mobile Phone,3,28.0,Debit Card,Female,4.0,4,Grocery,1,Married,6,1,,1.0,2.0,1.0,303.75,0
CUST-55536,1.0,Computer,1,12.0,Debit Card,Female,3.0,2,Mobile Phone,3,Single,5,1,15.0,1.0,2.0,4.0,149.32,1
CUST-55537,12.0,Mobile Phone,1,16.0,Debit Card,Male,4.0,4,Mobile Phone,1,Married,4,0,20.0,1.0,2.0,4.0,172.71,0
CUST-55538,23.0,Computer,1,9.0,Debit Card,Male,3.0,4,Others,1,Married,5,0,,5.0,5.0,4.0,316.61,0
CUST-55539,16.0,Mobile Phone,3,19.0,E wallet,Male,4.0,4,Laptop & Accessory,1,Married,5,1,13.0,2.0,2.0,1.0,175.87,0
CUST-55540,1.0,Computer,2,29.0,UPI,Female,3.0,5,Mobile Phone,4,Married,3,0,13.0,2.0,2.0,1.0,153.63,1
CUST-55541,9.0,Mobile Phone,3,25.0,Credit Card,Male,4.0,4,Laptop & Accessory,5,Married,2,0,17.0,2.0,2.0,5.0,180.61,0
CUST-55542,2.0,Computer,1,23.0,Credit Card,Male,3.0,4,Mobile Phone,3,Single,3,0,15.0,1.0,2.0,5.0,146.44,0
CUST-55543,5.0,Computer,1,10.0,Credit Card,Male,3.0,4,Mobile Phone,5,Married,3,1,14.0,3.0,3.0,4.0,155.65,0
CUST-55544,10.0,Computer,1,16.0,Debit Card,Male,4.0,2,Mobile Phone,4,Married,3,0,23.0,2.0,2.0,3.0,153.1,0
CUST-55545,8.0,Mobile Phone,3,8.0,E wallet,Male,3.0,4,Fashion,1,Single,3,0,22.0,3.0,3.0,,223.88,0
CUST-55546,8.0,Mobile Phone,3,20.0,Credit Card,Male,3.0,4,Fashion,3,Married,3,0,19.0,1.0,2.0,,211.28,0
CUST-55547,1.0,Mobile Phone,1,8.0,Credit Card,Male,4.0,4,Mobile Phone,5,Single,2,0,14.0,8.0,8.0,7.0,153.67,0
CUST-55548,3.0,Mobile Phone,1,8.0,Debit Card,Male,3.0,4,Laptop & Accessory,5,Married,2,0,13.0,1.0,2.0,3.0,178.73,0
CUST-55549,6.0,Computer,1,22.0,Credit Card,Female,3.0,4,Laptop & Accessory,1,Married,7,0,19.0,1.0,2.0,3.0,191.67,0
CUST-55550,5.0,Computer,1,8.0,Debit Card,Male,3.0,6,Laptop & Accessory,5,Married,3,0,22.0,7.0,9.0,8.0,175.03,0
CUST-55551,1.0,Mobile Phone,1,24.0,Cash on Delivery,Male,3.0,5,Mobile Phone,1,Married,7,0,13.0,2.0,2.0,4.0,148.67,1
CUST-55552,12.0,Mobile Phone,3,8.0,Debit Card,Male,3.0,5,Mobile Phone,5,Single,6,0,15.0,2.0,2.0,1.0,153.58,0
CUST-55553,9.0,Mobile Phone,3,14.0,Debit Card,Female,3.0,4,Laptop & Accessory,1,Married,3,1,12.0,2.0,2.0,10.0,177.04,0
CUST-55554,1.0,Mobile Phone,3,16.0,E wallet,Male,3.0,4,Laptop & Accessory,1,Single,3,0,15.0,2.0,2.0,8.0,166.05,0
CUST-55555,6.0,Mobile Phone,1,12.0,Debit Card,Male,3.0,5,Laptop & Accessory,1,Single,10,0,25.0,2.0,2.0,,221.79,0
CUST-55556,1.0,Computer,3,33.0,E wallet,Male,4.0,4,Laptop & Accessory,1,Married,3,1,12.0,1.0,2.0,9.0,181.17,1
CUST-55557,17.0,Mobile Phone,3,31.0,Debit Card,Male,4.0,4,Fashion,5,Single,8,1,14.0,1.0,3.0,,229.48,1
CUST-55558,28.0,Mobile Phone,1,16.0,Debit Card,Female,4.0,4,Laptop & Accessory,3,Married,5,0,12.0,2.0,3.0,4.0,153.97,0
CUST-55559,7.0,Computer,1,14.0,Debit Card,Male,3.0,4,Laptop & Accessory,3,Married,3,0,21.0,1.0,3.0,9.0,184.68,0
CUST-55560,17.0,Mobile Phone,1,18.0,Debit Card,Male,2.0,4,Fashion,3,Married,3,0,18.0,2.0,2.0,10.0,200.1,0
CUST-55561,12.0,Computer,2,8.0,UPI,Male,3.0,4,Mobile Phone,4,Married,2,1,12.0,1.0,2.0,3.0,154.91,0
CUST-55562,29.0,Mobile Phone,2,33.0,UPI,Male,4.0,2,Others,4,Married,6,1,,2.0,2.0,5.0,321.36,0
CUST-55563,5.0,Mobile Phone,1,9.0,Credit Card,Female,3.0,6,Mobile Phone,1,Married,3,1,12.0,1.0,2.0,1.0,136.29,0
CUST-55564,13.0,Mobile Phone,3,22.0,E wallet,Male,4.0,4,Grocery,5,Single,2,0,13.0,5.0,,11.0,258.41,0
CUST-55565,16.0,Computer,1,30.0,Debit Card,Male,3.0,5,Laptop & Accessory,3,Single,3,0,13.0,4.0,4.0,8.0,168.32,0
CUST-55566,5.0,Computer,1,17.0,Credit Card,Female,3.0,4,Fashion,3,Married,6,0,21.0,4.0,,9.0,235.31,0
CUST-55567,28.0,Mobile Phone,1,17.0,Credit Card,Female,4.0,4,Laptop & Accessory,5,Single,8,1,20.0,1.0,2.0,5.0,169.4,0
CUST-55568,1.0,Mobile Phone,1,8.0,Debit Card,Male,3.0,5,Laptop & Accessory,3,Single,3,0,13.0,2.0,2.0,3.0,171.17,0
CUST-55569,1.0,Mobile Phone,1,19.0,UPI,Male,4.0,4,Mobile Phone,1,Single,3,0,14.0,2.0,2.0,5.0,151.47,0
CUST-55570,14.0,Computer,1,18.0,Cash on Delivery,Female,4.0,4,Laptop & Accessory,3,Married,3,0,12.0,8.0,10.0,5.0,188.23,0
CUST-55571,14.0,Mobile Phone,3,9.0,E wallet,Female,4.0,4,Laptop & Accessory,4,Married,5,0,15.0,2.0,6.0,11.0,181.77,0
CUST-55572,1.0,Mobile Phone,2,9.0,UPI,Female,3.0,4,Mobile Phone,4,Married,6,0,15.0,1.0,2.0,3.0,146.87,0
CUST-55573,4.0,Mobile Phone,1,8.0,Credit Card,Male,4.0,4,Mobile Phone,4,Married,3,0,14.0,2.0,2.0,8.0,162.48,0
CUST-55574,1.0,Mobile Phone,1,9.0,UPI,Male,3.0,4,Mobile Phone,3,Married,8,1,20.0,1.0,2.0,3.0,164.77,0
CUST-55575,21.0,Mobile Phone,1,32.0,Credit Card,Male,3.0,4,Fashion,3,Single,4,0,24.0,10.0,13.0,,211.33,0
CUST-55576,7.0,Computer,1,8.0,Credit Card,Male,3.0,5,Mobile Phone,3,Married,3,0,13.0,1.0,2.0,1.0,145.08,0
CUST-55577,12.0,Mobile Phone,3,8.0,Debit Card,Male,3.0,4,Laptop & Accessory,4,Married,2,0,16.0,2.0,6.0,9.0,169.4,0
CUST-55578,5.0,Mobile Phone,3,9.0,Debit Card,Male,3.0,4,Mobile Phone,3,Married,2,0,20.0,1.0,2.0,3.0,155.67,0
CUST-55579,12.0,Computer,1,13.0,Debit Card,Male,4.0,5,Laptop & Accessory,3,Married,4,0,12.0,3.0,8.0,8.0,178.21,0
CUST-55580,16.0,Mobile Phone,1,25.0,Debit Card,Male,3.0,4,Laptop & Accessory,5,Married,8,1,18.0,2.0,2.0,3.0,179.1,0
CUST-55581,15.0,Mobile Phone,1,8.0,Debit Card,Male,4.0,4,Mobile Phone,1,Married,5,0,23.0,1.0,2.0,1.0,152.82,0
CUST-55582,21.0,Computer,1,8.0,Credit Card,Female,4.0,4,Fashion,4,Married,2,0,19.0,1.0,,13.0,244.57,0
CUST-55583,9.0,Mobile Phone,1,18.0,Credit Card,Male,3.0,4,Mobile Phone,3,Married,9,1,12.0,3.0,3.0,3.0,151.6,0
CUST-55584,1.0,Mobile Phone,1,8.0,Debit Card,Male,4.0,4,Mobile Phone,3,Single,2,0,13.0,2.0,2.0,3.0,158.75,0
CUST-55585,9.0,Mobile Phone,1,16.0,Credit Card,Male,3.0,4,Laptop & Accessory,3,Single,3,0,20.0,1.0,2.0,9.0,175.98,0
CUST-55586,7.0,Mobile Phone,1,22.0,Credit Card,Female,4.0,4,Laptop & Accessory,1,Married,2,1,14.0,7.0,9.0,2.0,173.78,0
CUST-55587,6.0,Mobile Phone,1,36.0,Debit Card,Female,3.0,5,Mobile Phone,4,Single,3,0,14.0,1.0,5.0,2.0,153.37,0
CUST-55588,14.0,Mobile Phone,1,8.0,Debit Card,Male,3.0,4,Mobile Phone,1,Married,10,0,20.0,2.0,2.0,1.0,149.06,0
CUST-55589,6.0,Mobile Phone,3,8.0,Credit Card,Male,4.0,5,Mobile Phone,4,Married,2,0,15.0,3.0,3.0,3.0,147.69,0
CUST-55590,13.0,Mobile Phone,1,31.0,Debit Card,Male,3.0,4,Laptop & Accessory,1,Single,9,0,14.0,1.0,2.0,8.0,166.08,0
CUST-55591,12.0,Mobile Phone,1,17.0,Credit Card,Female,4.0,6,Fashion,3,Married,5,0,13.0,1.0,,12.0,257.06,0
CUST-55592,6.0,Mobile Phone,3,8.0,E wallet,Female,3.0,4,Fashion,1,Married,3,0,20.0,1.0,6.0,,229.22,0
CUST-55593,11.0,Mobile Phone,1,17.0,Debit Card,Female,3.0,2,Fashion,1,Married,3,1,26.0,,7.0,9.0,262.44,0
CUST-55594,1.0,Mobile Phone,3,15.0,UPI,Female,3.0,4,Laptop & Accessory,3,Married,2,1,23.0,1.0,2.0,5.0,174.07,0
CUST-55595,26.0,Computer,3,36.0,Debit Card,Male,3.0,4,Mobile Phone,1,Married,4,0,16.0,2.0,2.0,1.0,159.82,0
CUST-55596,18.0,Mobile Phone,1,8.0,Credit Card,Male,3.0,4,Mobile Phone,1,Single,8,1,13.0,2.0,2.0,3.0,149.36,0
CUST-55597,1.0,Mobile Phone,3,12.0,Credit Card,Male,3.0,4,Mobile Phone,5,Single,3,1,12.0,2.0,2.0,3.0,148.8,0
CUST-55598,13.0,Computer,1,16.0,Debit Card,Male,3.0,4,Others,1,Single,4,0,,2.0,2.0,4.0,319.31,0
CUST-55599,1.0,Computer,3,16.0,E wallet,Male,3.0,4,Mobile Phone,5,Married,3,0,20.0,2.0,2.0,1.0,142.9,1
CUST-55600,10.0,Mobile Phone,3,10.0,Credit Card,Female,4.0,5,Fashion,1,Married,2,0,20.0,1.0,4.0,5.0,201.44,0
CUST-55601,10.0,Computer,1,11.0,Debit Card,Female,4.0,4,Laptop & Accessory,4,Married,9,0,14.0,1.0,2.0,3.0,176.31,0
CUST-55602,30.0,Computer,1,8.0,Debit Card,Male,3.0,4,Laptop & Accessory,3,Married,3,0,22.0,1.0,2.0,10.0,188.06,0
CUST-55603,1.0,Mobile Phone,1,8.0,Credit Card,Male,3.0,4,Mobile Phone,1,Married,11,1,15.0,3.0,3.0,3.0,172.87,1
CUST-55604,16.0,Mobile Phone,1,9.0,Debit Card,Male,3.0,4,Others,3,Married,7,0,,1.0,5.0,15.0,313.8,0
CUST-55605,20.0,Mobile Phone,1,14.0,Cash on Delivery,Male,4.0,4,Mobile Phone,3,Married,10,0,12.0,7.0,10.0,9.0,148.39,1
CUST-55606,15.0,Mobile Phone,1,35.0,Debit Card,Female,3.0,5,Grocery,4,Married,2,0,24.0,2.0,2.0,11.0,260.7,0
CUST-55607,8.0,Mobile Phone,3,35.0,E wallet,Female,4.0,5,Laptop & Accessory,3,Married,3,0,22.0,2.0,2.0,8.0,192.12,0
CUST-55608,10.0,Computer,3,22.0,E wallet,Male,3.0,6,Laptop & Accessory,1,Married,3,0,25.0,6.0,12.0,12.0,179.06,0
CUST-55609,15.0,Mobile Phone,3,10.0,Debit Card,Male,3.0,5,Laptop & Accessory,4,Married,4,0,12.0,2.0,2.0,,214.38,0
CUST-55610,6.0,Mobile Phone,1,9.0,Cash on Delivery,Male,4.0,4,Mobile Phone,5,Single,3,0,15.0,1.0,2.0,3.0,149.39,0
CUST-55611,9.0,Mobile Phone,2,33.0,Debit Card,Female,3.0,4,Fashion,1,Single,3,1,17.0,2.0,2.0,,213.37,0
CUST-55612,12.0,Mobile Phone,3,17.0,Debit Card,Female,4.0,4,Laptop & Accessory,1,Married,3,0,12.0,1.0,2.0,10.0,178.43,0
CUST-55613,14.0,Computer,3,8.0,Debit Card,Male,4.0,4,Laptop & Accessory,3,Married,9,0,13.0,2.0,2.0,2.0,192.28,1
CUST-55614,10.0,Mobile Phone,3,18.0,E wallet,Female,4.0,5,Laptop & Accessory,1,Married,6,0,14.0,2.0,2.0,1.0,191.52,0
CUST-55615,19.0,Mobile Phone,3,27.0,Debit Card,Female,3.0,4,Laptop & Accessory,3,Single,10,0,16.0,1.0,2.0,2.0,173.5,0
CUST-55616,14.0,Mobile Phone,1,9.0,Debit Card,Male,1.0,5,Mobile Phone,3,Single,4,0,15.0,1.0,3.0,3.0,153.09,0
CUST-55617,9.0,Computer,1,25.0,Debit Card,Male,4.0,4,Laptop & Accessory,3,Married,3,1,15.0,1.0,2.0,3.0,181.89,0
CUST-55618,14.0,Mobile Phone,1,9.0,Credit Card,Female,4.0,4,Mobile Phone,3,Married,4,0,15.0,1.0,2.0,3.0,145.01,0
CUST-55619,9.0,Mobile Phone,1,8.0,Debit Card,Female,4.0,6,Mobile Phone,1,Married,3,0,13.0,2.0,2.0,2.0,154.77,0
CUST-55620,3.0,Mobile Phone,1,20.0,UPI,Male,3.0,5,Laptop & Accessory,4,Married,6,1,14.0,1.0,2.0,4.0,165.25,0
CUST-55621,3.0,Mobile Phone,1,35.0,Credit Card,Female,4.0,5,Mobile Phone,5,Single,3,0,15.0,1.0,2.0,5.0,162.85,0
CUST-55622,14.0,Mobile Phone,3,35.0,E wallet,Male,3.0,5,Fashion,5,Married,6,1,14.0,3.0,,1.0,233.54000000000002,1
CUST-55623,13.0,Mobile Phone,3,31.0,E wallet,Female,3.0,5,Grocery,1,Married,2,0,12.0,4.0,,7.0,245.31,0
CUST-55624,5.0,Computer,1,12.0,Credit Card,Male,4.0,4,Laptop & Accessory,5,Single,2,0,20.0,2.0,2.0,,224.36,0
CUST-55625,1.0,Mobile Phone,3,12.0,UPI,Female,2.0,5,Mobile Phone,3,Single,2,0,19.0,2.0,2.0,1.0,154.66,0
CUST-55626,10.0,Computer,1,30.0,Credit Card,Male,3.0,2,Laptop & Accessory,1,Married,6,0,18.0,1.0,2.0,4.0,150.71,0
CUST-55627,13.0,Mobile Phone,1,13.0,Credit Card,Male,3.0,5,Fashion,5,Married,6,0,16.0,1.0,2.0,,224.91,0
CUST-55628,1.0,Mobile Phone,1,11.0,Debit Card,Male,3.0,2,Laptop & Accessory,4,Married,3,1,21.0,1.0,2.0,4.0,186.42,0
CUST-55629,23.0,Computer,3,9.0,Credit Card,Male,4.0,5,Laptop & Accessory,4,Married,4,0,15.0,2.0,2.0,9.0,178.9,0
CUST-55630,8.0,Mobile Phone,1,15.0,Credit Card,Male,3.0,2,Laptop & Accessory,3,Married,4,0,13.0,2.0,2.0,3.0,169.04,0
